{"type":"FeatureCollection","features":[
{"type":"Feature","id":"n26503196","geometry":{"type":"Point","coordinates":[3.4334612,39.6327791]},"properties":{"toilets:wheelchair":"no","tourism":"viewpoint","wheelchair":"limited"}},
{"type":"Feature","id":"n26731562","geometry":{"type":"Point","coordinates":[2.4946493,39.6158661]},"properties":{"name":"la Reserva","name:ca":"la Reserva","note":"zoo and adventure park","tourism":"zoo","website":"https://www.reservapark.net/","zoo":"enclosure"}},
{"type":"Feature","id":"n26751679","geometry":{"type":"Point","coordinates":[2.6914234,39.797647]},"properties":{"addr:city":"Porto de Soller","fee":"no","name":"Museu de la Mar","name:ca":"Museu de la Mar","opening_hours":"May-Sep: Tu-Sa 10:00-15:00; Su 10:00-14:00; May-Sep: Su 10:00-14:00; Oct-Apr: Tu-Sa 10:00-15:00; Oct-Apr: Su 10:00-14:00","tourism":"museum","website":"http://a-soller.tiscalibiz.com/museudelamar/presentacio/c_index.html","wikidata":"Q17043323","wikimedia_commons":"Category:Museu de la Mar","wikipedia":"ca:Museu de la Mar (Port de Sóller)"}},
{"type":"Feature","id":"n30756068","geometry":{"type":"Point","coordinates":[3.4333739,39.7049398]},"properties":{"tourism":"viewpoint","wheelchair":"no"}},
{"type":"Feature","id":"n35346188","geometry":{"type":"Point","coordinates":[3.4509834,39.6560947]},"properties":{"contact:phone":"+34 971 841 293","contact:website":"https://cuevasdearta.com/","name":"Coves d'Artà","name:ca":"Coves d'Artà","natural":"cave_entrance","opening_hours":"May-Oct: 10:00-18:00; Nov-Apr: 10:00-17:00","tourism":"attraction","wikidata":"Q1138119","wikimedia_commons":"Category:Coves d’Artà","wikipedia":"ca:Coves d'Artà"}},
{"type":"Feature","id":"n142270674","geometry":{"type":"Point","coordinates":[3.2393747,39.3757487]},"properties":{"description":"Plataforma de observación en Cala D","highway":"turning_circle","tourism":"viewpoint"}},
{"type":"Feature","id":"n251801509","geometry":{"type":"Point","coordinates":[2.64158,39.5700093]},"properties":{"created_by":"JOSM","source":"YWMS"}},
{"type":"Feature","id":"n251801510","geometry":{"type":"Point","coordinates":[2.6413161,39.5707541]},"properties":{"source":"YWMS"}},
{"type":"Feature","id":"n251801512","geometry":{"type":"Point","coordinates":[2.6404108,39.5697796]},"properties":{"created_by":"JOSM","source":"YWMS"}},
{"type":"Feature","id":"n251801513","geometry":{"type":"Point","coordinates":[2.64123,39.5695588]},"properties":{"created_by":"JOSM","source":"YWMS"}},
{"type":"Feature","id":"n251801514","geometry":{"type":"Point","coordinates":[2.6413299,39.5697069]},"properties":{"source":"YWMS"}},
{"type":"Feature","id":"n251801515","geometry":{"type":"Point","coordinates":[2.6415372,39.5696296]},"properties":{"created_by":"JOSM","source":"YWMS"}},
{"type":"Feature","id":"n264139835","geometry":{"type":"Point","coordinates":[2.6579082,39.579345]},"properties":{"crossing:barrier":"no","railway":"level_crossing"}},
{"type":"Feature","id":"n268923760","geometry":{"type":"Point","coordinates":[2.7468095,39.6212427]},"properties":{"name":"Museu del fang","name:ca":"Museu del fang","tourism":"museum"}},
{"type":"Feature","id":"n269635555","geometry":{"type":"Point","coordinates":[2.9622367,39.8036708]},"properties":{"name":"Fonts Ufanes","name:ca":"Fonts Ufanes","natural":"spring","tourism":"attraction","wikidata":"Q11922561","wikimedia_commons":"Category:Ses Fonts Ufanes","wikipedia":"ca:Fonts Ufanes"}},
{"type":"Feature","id":"n274070169","geometry":{"type":"Point","coordinates":[3.212287,39.9613679]},"properties":{"man_made":"lighthouse","name":"Far de Formentor","name:ca":"Far de Formentor","name:es":"Faro de Formentor","seamark:light:1:character":"Fl","seamark:light:1:colour":"white","seamark:light:1:group":"4","seamark:light:1:height":"210","seamark:light:1:period":"20","seamark:light:1:range":"21","seamark:light:1:sector_end":"6","seamark:light:1:sector_start":"85","seamark:light:1:sequence":"0.2+(3.1),0.2+(3.1),0.2+(3.1),0.2+(9.9)","seamark:light:reference":"E 0296","seamark:name":"Cabo de Formentor","seamark:type":"light_major","start_date":"1863-04-30","tourism":"attraction","wikidata":"Q5856409","wikimedia_commons":"File:Cap_De_Formentor_Lighthouse.jpg","wikipedia":"es:Faro de Formentor"}},
{"type":"Feature","id":"n288953223","geometry":{"type":"Point","coordinates":[3.1037355,39.7985595]},"properties":{"man_made":"tower","name":"Es Cibollar I","tourism":"viewpoint","tower:construction":"freestanding","tower:type":"observation"}},
{"type":"Feature","id":"n288954080","geometry":{"type":"Point","coordinates":[3.1039442,39.797658]},"properties":{"description":"Turtles","tourism":"viewpoint"}},
{"type":"Feature","id":"n288954441","geometry":{"type":"Point","coordinates":[3.1026645,39.8038881]},"properties":{"fee":"no","man_made":"tower","name":"Es Cibollar II","tourism":"viewpoint","tower:type":"observation","wheelchair":"no"}},
{"type":"Feature","id":"n289525180","geometry":{"type":"Point","coordinates":[2.6192086,39.5633433]},"properties":{"barrier":"kissing_gate","bicycle":"no","foot":"yes","note":"exit only"}},
{"type":"Feature","id":"n289535967","geometry":{"type":"Point","coordinates":[3.3302537,39.5358115]},"properties":{"name":"Coves del Drach","name:ca":"Coves del Drach","name:de":"Drachenhöhlen","name:en":"Drach (Dragon's) Cave","name:es":"Cuevas del Drach","name:he":"מערות דראק","tourism":"attraction","website":"https://www.cuevasdeldrach.com","wheelchair":"no","wikidata":"Q429431","wikimedia_commons":"Category:Coves del Drac","wikipedia":"en:Cuevas del Drach"}},
{"type":"Feature","id":"n291697433","geometry":{"type":"Point","coordinates":[3.1885057,39.4541088]},"properties":{"historic":"monument","name":"Crist rei","name:ca":"Crist rei"}},
{"type":"Feature","id":"n295249157","geometry":{"type":"Point","coordinates":[2.6550431,39.5775226]},"properties":{"level":"0","railway":"switch"}},
{"type":"Feature","id":"n295249160","geometry":{"type":"Point","coordinates":[2.6552035,39.5775659]},"properties":{"crossing:barrier":"no","maxheight:signed":"no","railway":"level_crossing"}},
{"type":"Feature","id":"n295249165","geometry":{"type":"Point","coordinates":[2.6567788,39.5785433]},"properties":{"crossing:barrier":"no","maxheight:signed":"no","railway":"level_crossing"}},
{"type":"Feature","id":"n295249175","geometry":{"type":"Point","coordinates":[2.6581487,39.579584]},"properties":{"crossing:barrier":"no","railway":"level_crossing"}},
{"type":"Feature","id":"n295249200","geometry":{"type":"Point","coordinates":[2.660513,39.5962986]},"properties":{"railway":"level_crossing"}},
{"type":"Feature","id":"n295249206","geometry":{"type":"Point","coordinates":[2.6609239,39.6202646]},"properties":{"name":"Son Sardina","name:ca":"Son Sardina","public_transport":"stop_position","railway":"stop","train":"yes","wheelchair":"no"}},
{"type":"Feature","id":"n295249249","geometry":{"type":"Point","coordinates":[2.6941475,39.6974505]},"properties":{"name":"Bunyola","network":"Transports públics de Mallorca","operator":"Ferrocarril de Sòller","public_transport":"station","railway":"station","train":"yes","wheelchair":"no","wikidata":"Q115756690","wikimedia_commons":"Category:Bunyola train station"}},
{"type":"Feature","id":"n295249261","geometry":{"type":"Point","coordinates":[2.694464,39.7045753]},"properties":{"railway":"level_crossing"}},
{"type":"Feature","id":"n295249299","geometry":{"type":"Point","coordinates":[2.7063551,39.7605908]},"properties":{"name":"Mirador des Pujol d’en Banya","railway":"halt","wheelchair":"no"}},
{"type":"Feature","id":"n295249363","geometry":{"type":"Point","coordinates":[2.7151232,39.7646765]},"properties":{"name":"Sóller","name:ca":"Sóller","public_transport":"station","railway":"station","wheelchair":"no","wikidata":"Q107137148","wikimedia_commons":"Category:Sóller train station"}},
{"type":"Feature","id":"n295249364","geometry":{"type":"Point","coordinates":[2.715535,39.7649062]},"properties":{"railway":"buffer_stop"}},
{"type":"Feature","id":"n296850770","geometry":{"type":"Point","coordinates":[3.46637,39.7196777]},"properties":{"tourism":"viewpoint","wheelchair":"no"}},
{"type":"Feature","id":"n296901567","geometry":{"type":"Point","coordinates":[3.087614,39.5945515]},"properties":{"tourism":"viewpoint"}},
{"type":"Feature","id":"n297351175","geometry":{"type":"Point","coordinates":[2.6851942,39.6741252]},"properties":{"name":"Caubet","public_transport":"halt","railway":"halt","wheelchair":"no"}},
{"type":"Feature","id":"n297356680","geometry":{"type":"Point","coordinates":[2.706282,39.7607804]},"properties":{"name":"Mirador des Pujol d'en Banya","tourism":"viewpoint"}},
{"type":"Feature","id":"n301226798","geometry":{"type":"Point","coordinates":[3.0124837,39.8798496]},"properties":{"crossing":"informal"}},
{"type":"Feature","id":"n301331577","geometry":{"type":"Point","coordinates":[3.0919332,39.7956648]},"properties":{"man_made":"tower","tourism":"viewpoint","tower:type":"observation"}},
{"type":"Feature","id":"n301337647","geometry":{"type":"Point","coordinates":[3.1123889,39.9309795]},"properties":{"name":"Mirador d'es Colomer","tourism":"viewpoint","wheelchair":"no"}},
{"type":"Feature","id":"n302910494","geometry":{"type":"Point","coordinates":[2.9017834,39.7663404]},"properties":{"description:en":"Factory and shop of olive oil producer, Oli Caimari","name":"Oli Caimari","name:ca":"Oli Caimari","product":"olive_oil","shop":"deli","tourism":"attraction","website":"https://www.aceites-olicaimari.com/"}},
{"type":"Feature","id":"n305016597","geometry":{"type":"Point","coordinates":[2.6536235,39.5756018]},"properties":{"artist_name":"Enric Clarasó","artwork_type":"statue","description":"Monument to James I of Aragon 1208 - 1276","historic":"monument","importance":"regional","level":"0","name":"Rei en Jaume I","name:ca":"Rei en Jaume I","name:en":"James I of Aragon","name:es":"Monumento al Rey Jaime I","subject:wikidata":"Q212052","subject:wikipedia":"es:Jaime I de Aragón","tourism":"artwork","wheelchair":"yes"}},
{"type":"Feature","id":"n317811822","geometry":{"type":"Point","coordinates":[2.6195134,39.5641859]},"properties":{"barrier":"gate","note":"The sundays is not supervised","supervised":"yes"}},
{"type":"Feature","id":"n317838683","geometry":{"type":"Point","coordinates":[2.660477,39.5821285]},"properties":{"crossing:barrier":"no","railway":"level_crossing"}},
{"type":"Feature","id":"n319106447","geometry":{"type":"Point","coordinates":[2.8967546,39.8039463]},"properties":{"name":"Mirador des salt de la Bella Dona","tourism":"viewpoint"}},
{"type":"Feature","id":"n322042092","geometry":{"type":"Point","coordinates":[2.6931027,39.7981114]},"properties":{"tourism":"viewpoint"}},
{"type":"Feature","id":"n350564086","geometry":{"type":"Point","coordinates":[3.348368,39.6909653]},"properties":{"name":"Via Verda","name:ca":"Via Verda","name:es":"Vía Verde","tourism":"attraction"}},
{"type":"Feature","id":"n352805371","geometry":{"type":"Point","coordinates":[2.9013499,39.8214552]},"properties":{"name":"Mirador del Centenari del Foment","name:ca":"Mirador del Centenari del Foment","source":"IGN;gabpr05","tourism":"viewpoint"}},
{"type":"Feature","id":"n365951178","geometry":{"type":"Point","coordinates":[3.363841,39.6045792]},"properties":{"tourism":"viewpoint"}},
{"type":"Feature","id":"n366051791","geometry":{"type":"Point","coordinates":[2.7472322,39.7597845]},"properties":{"name":"es Cornador gran","tourism":"viewpoint"}},
{"type":"Feature","id":"n366054175","geometry":{"type":"Point","coordinates":[2.7047303,39.7592485]},"properties":{"name":"Es Pujol d'en Banya","tourism":"viewpoint"}},
{"type":"Feature","id":"n366997154","geometry":{"type":"Point","coordinates":[2.6916513,39.7979749]},"properties":{"name":"La Miranda","source":"PNOA Spain","tourism":"viewpoint"}},
{"type":"Feature","id":"n368247348","geometry":{"type":"Point","coordinates":[2.5944915,39.5658922]},"properties":{"ele":"273","name":"mirador de na Burguesa","tourism":"viewpoint","wheelchair":"yes"}},
{"type":"Feature","id":"n375521803","geometry":{"type":"Point","coordinates":[3.1832097,39.862609]},"properties":{"tourism":"viewpoint"}},
{"type":"Feature","id":"n375542587","geometry":{"type":"Point","coordinates":[3.1694064,39.8732041]},"properties":{"tourism":"viewpoint"}},
{"type":"Feature","id":"n380596497","geometry":{"type":"Point","coordinates":[2.6586289,39.5800994]},"properties":{"crossing:barrier":"no","railway":"crossing"}},
{"type":"Feature","id":"n412215196","geometry":{"type":"Point","coordinates":[3.1547507,39.9289772]},"properties":{"tourism":"viewpoint"}},
{"type":"Feature","id":"n420417937","geometry":{"type":"Point","coordinates":[2.6727888,39.6804698]},"properties":{"fee":"no","name":"Raixa","opening_hours":"Sa,Su 10:00-14:00","tourism":"attraction","website":"http://www.raixa.cat"}},
{"type":"Feature","id":"n434573118","geometry":{"type":"Point","coordinates":[2.792108,39.7339376]},"properties":{"note":"you see Tramuntana mountains","tourism":"viewpoint","wheelchair":"no"}},
{"type":"Feature","id":"n446104846","geometry":{"type":"Point","coordinates":[2.4810899,39.5063432]},"properties":{"description":"Old Cistern"}},
{"type":"Feature","id":"n446105500","geometry":{"type":"Point","coordinates":[2.4825175,39.5079095]},"properties":{"name":"Mirador Puig de na Morisca","name:ca":"Mirador Puig de na Morisca","tourism":"viewpoint","wikidata":"Q6092629","wikimedia_commons":"Category:Puig de la Morisca (parc arqueològic)","wikipedia":"es:Puig de Sa Morisca (Yacimiento arqueológico)"}},
{"type":"Feature","id":"n461796813","geometry":{"type":"Point","coordinates":[2.8351869,39.3612712]},"properties":{"tourism":"viewpoint","wheelchair":"limited"}},
{"type":"Feature","id":"n461796867","geometry":{"type":"Point","coordinates":[2.8251941,39.396909]},"properties":{"amenity":"parking","parking":"surface"}},
{"type":"Feature","id":"n461796868","geometry":{"type":"Point","coordinates":[2.8245405,39.3976431]},"properties":{"name":"Capocorb Vell","name:ca":"Poblat talaiòtic de Capocorb Vell","tourism":"attraction","wikidata":"Q1034758","wikimedia_commons":"Category:Capocorb Vell","wikipedia":"en:Capocorb Vell"}},
{"type":"Feature","id":"n461809944","geometry":{"type":"Point","coordinates":[3.056001,39.33004]},"properties":{"historic":"archaeological_site","name":"Poblat talaiòtic Els Antigors","name:ca":"Poblat talaiòtic Els Antigors","wikidata":"Q21282169","wikimedia_commons":"Category:Es Antigors"}},
{"type":"Feature","id":"n461809985","geometry":{"type":"Point","coordinates":[3.06584,39.3414532]},"properties":{"barrier":"entrance","bicycle":"no","foot":"yes"}},
{"type":"Feature","id":"n461872664","geometry":{"type":"Point","coordinates":[3.0157597,39.3540842]},"properties":{"name":"Banys de sa Font Santa","name:ca":"Banys de sa Font Santa","tourism":"attraction"}},
{"type":"Feature","id":"n463538725","geometry":{"type":"Point","coordinates":[2.6974385,39.8063853]},"properties":{"height":"11","heritage":"3","heritage:operator":"Consell de Mallorca","man_made":"tower","name":"Torre Picada","name:ca":"Torre Picada","tourism":"viewpoint","tower:type":"defensive","wheelchair":"no","wikidata":"Q2444541","wikimedia_commons":"Category:Torre Picada","wikipedia":"ca:Torre Picada"}},
{"type":"Feature","id":"n463629242","geometry":{"type":"Point","coordinates":[2.7156111,39.7587404]},"properties":{"historic":"memorial","image":"https://web.archive.org/web/20161010001802/http://www.panoramio.com/photo/3462569","name":"Ses Tres Creus"}},
{"type":"Feature","id":"n494221382","geometry":{"type":"Point","coordinates":[3.4483842,39.661787]},"properties":{"tourism":"viewpoint"}},
{"type":"Feature","id":"n494221801","geometry":{"type":"Point","coordinates":[3.4488168,39.6620968]},"properties":{"tourism":"viewpoint"}},
{"type":"Feature","id":"n494222559","geometry":{"type":"Point","coordinates":[3.4568176,39.6710631]},"properties":{"name":"punta del Morràs","tourism":"viewpoint","wheelchair":"yes"}},
{"type":"Feature","id":"n494222614","geometry":{"type":"Point","coordinates":[3.4514077,39.6774019]},"properties":{"tourism":"viewpoint"}},
{"type":"Feature","id":"n494222707","geometry":{"type":"Point","coordinates":[3.4378251,39.683776]},"properties":{"historic":"ruins"}},
{"type":"Feature","id":"n497114358","geometry":{"type":"Point","coordinates":[2.6358952,39.5699368]},"properties":{"man_made":"windmill","name":"Molí d'en Garleta","name:de":"Museu dels Molins (Molí d'en Garleta)","tourism":"museum"}},
{"type":"Feature","id":"n501883695","geometry":{"type":"Point","coordinates":[2.6863773,39.7302514]},"properties":{"tourism":"viewpoint"}},
{"type":"Feature","id":"n533899399","geometry":{"type":"Point","coordinates":[2.7124128,39.7613539]},"properties":{"railway":"level_crossing"}},
{"type":"Feature","id":"n541006537","geometry":{"type":"Point","coordinates":[3.354,39.6873213]},"properties":{"description":"Ses Païsses (vollständiger Name Poblat Talaiòtic de Ses Païsses, „Talaiotisches Dorf von Ses Païsses“) ist eine bedeutende archäologische Ausgrabungsstätte einer der bronzezeitlichen Talaiot-Kultur (auch Talayot-Kultur) zugerechneten Siedlung.","historic":"archaeological_site","image":"http://upload.wikimedia.org/wikipedia/commons/thumb/4/49/Sespaisses_portal1.JPEG/800px-Sespaisses_portal1.JPEG","name":"poblat talaiòtic de ses Païsses","name:ca":"Poblat talaiòtic de ses Païsses","ruins":"yes","wikidata":"Q1403219","wikimedia_commons":"Category:Ses Païsses","wikipedia":"de:Ses Païsses"}},
{"type":"Feature","id":"n560015771","geometry":{"type":"Point","coordinates":[2.3895829,39.5415076]},"properties":{"direction":"284-100","noexit":"yes","tourism":"viewpoint"}},
{"type":"Feature","id":"n560041805","geometry":{"type":"Point","coordinates":[2.419065,39.5385989]},"properties":{"name":"Tomás Harris","tourism":"viewpoint"}},
{"type":"Feature","id":"n560043740","geometry":{"type":"Point","coordinates":[2.422232,39.5247695]},"properties":{"name":"Cap Andritxol","name:ca":"Cap Andritxol","tourism":"viewpoint"}},
{"type":"Feature","id":"n564631089","geometry":{"type":"Point","coordinates":[2.8906347,39.8236836]},"properties":{"material":"rock","name":"es Camell","name:ca":"es Camell","note":"Rock seems a camel","tourism":"attraction"}},
{"type":"Feature","id":"n566837533","geometry":{"type":"Point","coordinates":[2.3720953,39.5552082]},"properties":{"ele":"163","name":"Coll des Vent","natural":"saddle","tourism":"viewpoint","wheelchair":"no"}},
{"type":"Feature","id":"n566837551","geometry":{"type":"Point","coordinates":[2.3678621,39.5700622]},"properties":{"tourism":"viewpoint"}},
{"type":"Feature","id":"n571137455","geometry":{"type":"Point","coordinates":[2.8571893,39.8024041]},"properties":{"drinking_water":"yes","intermittent":"yes","name":"Font de s'Avenc","name:ca":"Font de s'Avenc","natural":"spring","tourism":"attraction"}},
{"type":"Feature","id":"n598302928","geometry":{"type":"Point","coordinates":[3.2855661,39.7176484]},"properties":{"ele":"523.4","name":"Bec de Ferrutx","name:ca":"Bec de Ferrutx","natural":"peak","tourism":"viewpoint","wikidata":"Q1293619","wikimedia_commons":"Category:Bec de Ferrutx","wikipedia":"de:Puig de Ferrutx"}},
{"type":"Feature","id":"n600277665","geometry":{"type":"Point","coordinates":[3.1207393,39.3138488]},"properties":{"tourism":"viewpoint"}},
{"type":"Feature","id":"n605574715","geometry":{"type":"Point","coordinates":[2.6484677,39.595192]},"properties":{"amenity":"cinema","check_date":"2025-12-12","name":"Ocimax","wheelchair":"yes"}},
{"type":"Feature","id":"n614104982","geometry":{"type":"Point","coordinates":[2.5407956,39.6805038]},"properties":{"tourism":"viewpoint"}},
{"type":"Feature","id":"n614120709","geometry":{"type":"Point","coordinates":[2.738415,39.4926904]},"properties":{"name":"punta de s'Arenal","tourism":"viewpoint"}},
{"type":"Feature","id":"n614207635","geometry":{"type":"Point","coordinates":[2.8335675,39.3607844]},"properties":{"tourism":"viewpoint"}},
{"type":"Feature","id":"n614223317","geometry":{"type":"Point","coordinates":[2.6243666,39.7208304]},"properties":{"alt_name":"mirador de Son Gual","name":"mirador de sa Regata de les Onze","tourism":"viewpoint"}},
{"type":"Feature","id":"n614223351","geometry":{"type":"Point","coordinates":[2.6253666,39.7213746]},"properties":{"name":"Mirador de ses Basses","tourism":"viewpoint"}},
{"type":"Feature","id":"n655364649","geometry":{"type":"Point","coordinates":[2.6120304,39.7254484]},"properties":{"alt_name":"Mirador de Can Costa","name":"Mirador de ses Puntes","tourism":"viewpoint","wikidata":"Q116977011"}},
{"type":"Feature","id":"n665413469","geometry":{"type":"Point","coordinates":[2.5236579,39.4720005]},"properties":{"name":"punta de Xisclet","tourism":"viewpoint"}},
{"type":"Feature","id":"n665413485","geometry":{"type":"Point","coordinates":[2.5235039,39.4713342]},"properties":{"tourism":"viewpoint"}},
{"type":"Feature","id":"n665430734","geometry":{"type":"Point","coordinates":[2.4626591,39.5293131]},"properties":{"tourism":"viewpoint"}},
{"type":"Feature","id":"n665432197","geometry":{"type":"Point","coordinates":[2.4629599,39.5272533]},"properties":{"amenity":"bench","backrest":"yes","name":"Bella Vista","name:ca":"Bella Vista","seats":"12","tourism":"viewpoint"}},
{"type":"Feature","id":"n665744840","geometry":{"type":"Point","coordinates":[2.7048298,39.7652314]},"properties":{"railway":"crossing"}},
{"type":"Feature","id":"n665749076","geometry":{"type":"Point","coordinates":[2.4821018,39.4774837]},"properties":{"name":"el Clot del Moro","tourism":"viewpoint"}},
{"type":"Feature","id":"n665767125","geometry":{"type":"Point","coordinates":[2.5208925,39.4752843]},"properties":{"tourism":"viewpoint"}},
{"type":"Feature","id":"n665788875","geometry":{"type":"Point","coordinates":[2.4662392,39.512988]},"properties":{"tourism":"viewpoint","wheelchair":"yes"}},
{"type":"Feature","id":"n665906521","geometry":{"type":"Point","coordinates":[2.4567394,39.5051511]},"properties":{"tourism":"viewpoint"}},
{"type":"Feature","id":"n666851309","geometry":{"type":"Point","coordinates":[2.4615042,39.5038758]},"properties":{"tourism":"viewpoint"}},
{"type":"Feature","id":"n666940512","geometry":{"type":"Point","coordinates":[2.424665,39.5290643]},"properties":{"tourism":"viewpoint"}},
{"type":"Feature","id":"n667116096","geometry":{"type":"Point","coordinates":[2.3582843,39.5996008]},"properties":{"name":"Mirador de la Trapa","tourism":"viewpoint"}},
{"type":"Feature","id":"n668011501","geometry":{"type":"Point","coordinates":[2.5214323,39.6897412]},"properties":{"name":"Volta des General","tourism":"viewpoint"}},
{"type":"Feature","id":"n668501233","geometry":{"type":"Point","coordinates":[2.6820485,39.7968284]},"properties":{"tourism":"viewpoint"}},
{"type":"Feature","id":"n668558222","geometry":{"type":"Point","coordinates":[2.6287313,39.7507741]},"properties":{"building":"yes","historic":"monument"}},
{"type":"Feature","id":"n668979416","geometry":{"type":"Point","coordinates":[2.7244194,39.7908695]},"properties":{"tourism":"viewpoint"}},
{"type":"Feature","id":"n669903771","geometry":{"type":"Point","coordinates":[2.3553019,39.5957018]},"properties":{"tourism":"viewpoint"}},
{"type":"Feature","id":"n673456904","geometry":{"type":"Point","coordinates":[2.5739581,39.5323526]},"properties":{"tourism":"viewpoint"}},
{"type":"Feature","id":"n674867084","geometry":{"type":"Point","coordinates":[2.3729598,39.5756706]},"properties":{"tourism":"viewpoint"}},
{"type":"Feature","id":"n676057458","geometry":{"type":"Point","coordinates":[3.4326016,39.6944423]},"properties":{"tourism":"viewpoint"}},
{"type":"Feature","id":"n676879886","geometry":{"type":"Point","coordinates":[2.6687745,39.6385944]},"properties":{"crossing:barrier":"half","railway":"level_crossing"}},
{"type":"Feature","id":"n677578408","geometry":{"type":"Point","coordinates":[3.149155,39.932128]},"properties":{"tourism":"viewpoint"}},
{"type":"Feature","id":"n678832675","geometry":{"type":"Point","coordinates":[3.1821989,39.7549582]},"properties":{"archaeological_site":"necropolis","historic":"archaeological_site","name":"Necròpolis de Son Real","name:ca":"Necròpolis de Son Real","name:es":"Necrópolis de Son Real","name:pl":"Nekropolia Son Real","tourism":"attraction","wikidata":"Q727501","wikimedia_commons":"Category:Necròpolis de Son Real","wikipedia":"ca:Necròpoli de Son Real"}},
{"type":"Feature","id":"n678898204","geometry":{"type":"Point","coordinates":[3.3148361,39.5165829]},"properties":{"tourism":"viewpoint","wheelchair":"no"}},
{"type":"Feature","id":"n678898257","geometry":{"type":"Point","coordinates":[3.3166546,39.5181094]},"properties":{"tourism":"viewpoint"}},
{"type":"Feature","id":"n679412352","geometry":{"type":"Point","coordinates":[2.9272178,39.5189587]},"properties":{"historic":"wayside_cross"}},
{"type":"Feature","id":"n679412355","geometry":{"type":"Point","coordinates":[2.9292094,39.5191235]},"properties":{"tourism":"viewpoint"}},
{"type":"Feature","id":"n680491262","geometry":{"type":"Point","coordinates":[3.1099287,39.9290664]},"properties":{"tourism":"viewpoint"}},
{"type":"Feature","id":"n680491428","geometry":{"type":"Point","coordinates":[3.1898176,39.9542934]},"properties":{"name":"mirador del Racó d’en Tomàs","tourism":"viewpoint"}},
{"type":"Feature","id":"n680491502","geometry":{"type":"Point","coordinates":[3.2117332,39.9613564]},"properties":{"image":"https://photos.app.goo.gl/8g67RYehzvspjmhr8","name":"Cap de Formentor","tourism":"viewpoint"}},
{"type":"Feature","id":"n680491525","geometry":{"type":"Point","coordinates":[3.2123322,39.9612099]},"properties":{"name":"Cap de Formentor","tourism":"viewpoint"}},
{"type":"Feature","id":"n682297706","geometry":{"type":"Point","coordinates":[3.2673131,39.4150577]},"properties":{"name":"mirador de la Cova Foradada","tourism":"viewpoint"}},
{"type":"Feature","id":"n682373612","geometry":{"type":"Point","coordinates":[3.1862223,39.3466269]},"properties":{"historic":"ruins","name":"Barraca de roter"}},
{"type":"Feature","id":"n682373640","geometry":{"type":"Point","coordinates":[3.1877034,39.3511294]},"properties":{"tourism":"viewpoint"}},
{"type":"Feature","id":"n682373697","geometry":{"type":"Point","coordinates":[3.1902571,39.3565274]},"properties":{"name":"Ca na Martina","tourism":"attraction"}},
{"type":"Feature","id":"n683372108","geometry":{"type":"Point","coordinates":[2.9187016,39.8966765]},"properties":{"tourism":"viewpoint"}},
{"type":"Feature","id":"n683544694","geometry":{"type":"Point","coordinates":[3.1151695,39.7844919]},"properties":{"name":"Plataforma de ses Puntes","tourism":"viewpoint"}},
{"type":"Feature","id":"n683544697","geometry":{"type":"Point","coordinates":[3.1114156,39.7963544]},"properties":{"man_made":"tower","name":"s'Ullastrar","name:ca":"s'Ullastrar","tourism":"viewpoint","tower:construction":"freestanding","tower:type":"observation"}},
{"type":"Feature","id":"n683544698","geometry":{"type":"Point","coordinates":[3.1125531,39.7927442]},"properties":{"man_made":"tower","name":"Ses Eres","tourism":"viewpoint","tower:construction":"freestanding","tower:type":"observation"}},
{"type":"Feature","id":"n683544723","geometry":{"type":"Point","coordinates":[3.11469,39.7993727]},"properties":{"name":"Es Canal Gran","tourism":"viewpoint"}},
{"type":"Feature","id":"n683886521","geometry":{"type":"Point","coordinates":[2.6479771,39.5672846]},"properties":{"entrance":"yes","name":"Portal del Mirador (Entrada/Sortido Grupos)","name:de":"Mirador-Portal (Ein-/Ausgang Gruppen)","name:es":"Portal del Mirador (Entrada/Salida Grupos)"}},
{"type":"Feature","id":"n685475995","geometry":{"type":"Point","coordinates":[2.4692134,39.6457554]},"properties":{"name":"Mirador de ses Serveres","tourism":"viewpoint"}},
{"type":"Feature","id":"n685534931","geometry":{"type":"Point","coordinates":[2.7093066,39.7641742]},"properties":{"name":"Museu Balear de Ciències Naturals","name:ca":"Museu Balear de Ciències Naturals","opening_hours":"Tu-Sa 10:00-18:00; Su 10:00-14:00","tourism":"museum","website":"https://www.museucienciesnaturals.org/","wikidata":"Q17043315","wikimedia_commons":"Category:Museu Balear de Ciències Naturals","wikipedia":"ca:Museu Balear de Ciències Naturals"}},
{"type":"Feature","id":"n687002515","geometry":{"type":"Point","coordinates":[2.6241202,39.7517345]},"properties":{"tourism":"viewpoint"}},
{"type":"Feature","id":"n687002706","geometry":{"type":"Point","coordinates":[2.6278472,39.7503067]},"properties":{"name":"Mirador de sa Foradada","tourism":"viewpoint"}},
{"type":"Feature","id":"n687002750","geometry":{"type":"Point","coordinates":[2.6269644,39.7513139]},"properties":{"name":"Mirador des Rotlo Gros","tourism":"viewpoint"}},
{"type":"Feature","id":"n687002781","geometry":{"type":"Point","coordinates":[2.6290935,39.7519742]},"properties":{"name":"Mirador des Galliner","tourism":"viewpoint"}},
{"type":"Feature","id":"n687002802","geometry":{"type":"Point","coordinates":[2.6292434,39.7522437]},"properties":{"name":"Mirador de sa Foradada","tourism":"viewpoint"}},
{"type":"Feature","id":"n687043991","geometry":{"type":"Point","coordinates":[2.4516713,39.6456815]},"properties":{"name":"Mirador Ricardo Roca","tourism":"viewpoint"}},
{"type":"Feature","id":"n687044011","geometry":{"type":"Point","coordinates":[2.724705,39.7909672]},"properties":{"date":"1961","name":"Mirador de ses Barques","operator":"Obras Públicas","tourism":"viewpoint","wheelchair":"no"}},
{"type":"Feature","id":"n687044020","geometry":{"type":"Point","coordinates":[2.7915263,39.7916369]},"properties":{"direction":"180","name":"coll des Xoriguer","tourism":"viewpoint","wheelchair":"yes"}},
{"type":"Feature","id":"n687808647","geometry":{"type":"Point","coordinates":[3.3201169,39.5449827]},"properties":{"description":"Book a time slot online to make sure you can join the guided tour every full hour during opening hours.","fee":"yes","name":"Coves dels Hams","name:ca":"Coves dels Hams","name:de":"Höhlen - Coves dels Hams","natural":"cave_entrance","opening_hours":"We-Su 10:00-17:00","tourism":"attraction","website":"https://cuevasdelshams.com","wikidata":"Q40697","wikimedia_commons":"Category:Coves dels Hams","wikipedia":"en:Coves dels Hams"}},
{"type":"Feature","id":"n692951272","geometry":{"type":"Point","coordinates":[2.5311983,39.5460756]},"properties":{"name":"es Mirador","name:ca":"es Mirador","tourism":"viewpoint"}},
{"type":"Feature","id":"n692951303","geometry":{"type":"Point","coordinates":[2.5368118,39.5483602]},"properties":{"tourism":"viewpoint"}},
{"type":"Feature","id":"n692951446","geometry":{"type":"Point","coordinates":[2.5515477,39.5703346]},"properties":{"name":"Mirador de n'Alzamora","tourism":"viewpoint","wikidata":"Q124152459","wikimedia_commons":"Category:Views from Mirador de n'Alsamora"}},
{"type":"Feature","id":"n692951597","geometry":{"type":"Point","coordinates":[2.5686858,39.5698127]},"properties":{"note":"View to Palma de Mallorca","tourism":"viewpoint"}},
{"type":"Feature","id":"n693608199","geometry":{"type":"Point","coordinates":[2.7296679,39.5320367]},"properties":{"entrance":"yes"}},
{"type":"Feature","id":"n697816260","geometry":{"type":"Point","coordinates":[2.9452942,39.1443211]},"properties":{"ele":"133","name":"s'Observatori","source":"http://reddeparquesnacionales.mma.es/gal/parques/cabrera/guia/img/mapaDonde_popup.jpg","tourism":"viewpoint"}},
{"type":"Feature","id":"n699734514","geometry":{"type":"Point","coordinates":[2.8163032,39.8321307]},"properties":{"tourism":"viewpoint"}},
{"type":"Feature","id":"n700157164","geometry":{"type":"Point","coordinates":[2.4815333,39.6540904]},"properties":{"tourism":"viewpoint"}},
{"type":"Feature","id":"n702784654","geometry":{"type":"Point","coordinates":[2.7743119,39.7904803]},"properties":{"tourism":"viewpoint"}},
{"type":"Feature","id":"n703731317","geometry":{"type":"Point","coordinates":[2.7728033,39.7981754]},"properties":{"tourism":"viewpoint"}},
{"type":"Feature","id":"n707958083","geometry":{"type":"Point","coordinates":[3.1851317,39.8534627]},"properties":{"tourism":"viewpoint"}},
{"type":"Feature","id":"n707970695","geometry":{"type":"Point","coordinates":[3.1772386,39.8712353]},"properties":{"tourism":"viewpoint"}},
{"type":"Feature","id":"n707970726","geometry":{"type":"Point","coordinates":[3.1792222,39.8711039]},"properties":{"tourism":"viewpoint"}},
{"type":"Feature","id":"n708689997","geometry":{"type":"Point","coordinates":[2.5452745,39.6803664]},"properties":{"name":"Era des Moro","tourism":"viewpoint"}},
{"type":"Feature","id":"n710196103","geometry":{"type":"Point","coordinates":[3.0144291,39.8818148]},"properties":{"amenity":"fountain","drinking_water":"no","tourism":"attraction"}},
{"type":"Feature","id":"n710209579","geometry":{"type":"Point","coordinates":[2.9394267,39.8452833]},"properties":{"description":"To store snow for medical purposes and to keep fish fresh","historic":"yes","name":"Cases de Neu","ruins":"yes","tourism":"attraction","wikidata":"Q2247328","wikipedia":"de:Schneehäuser auf Mallorca"}},
{"type":"Feature","id":"n713454398","geometry":{"type":"Point","coordinates":[2.6292493,39.5674506]},"properties":{"addr:city":"Palma","addr:housename":"Auditòrium","addr:housenumber":"18","addr:street":"Avinguda de Gabriel Roca","entrance":"yes"}},
{"type":"Feature","id":"n724401463","geometry":{"type":"Point","coordinates":[2.6403267,39.570864]},"properties":{"historic":"monument","name":"Monumento a los Caídos del Crucero Baleares","wikidata":"Q131581098","wikimedia_commons":"File:Monumento_Feixina_anverso_(2017).jpg"}},
{"type":"Feature","id":"n781360039","geometry":{"type":"Point","coordinates":[2.6534784,39.5767119]},"properties":{"amenity":"cinema","name":"Augusta"}},
{"type":"Feature","id":"n801302120","geometry":{"type":"Point","coordinates":[2.6418065,39.5705472]},"properties":{"tourism":"viewpoint"}},
{"type":"Feature","id":"n810080651","geometry":{"type":"Point","coordinates":[2.6509864,39.5668142]},"properties":{"addr:housenumber":"7","addr:street":"Carrer de Can Serra","fee":"yes","historic":"bath","name":"Banys Àrabs","name:ca":"Banys Àrabs","opening_hours":"Mo-Su 10:00-18:30","phone":"+34 637 04 65 34","tourism":"attraction","wheelchair":"no"}},
{"type":"Feature","id":"n841139607","geometry":{"type":"Point","coordinates":[3.1441947,39.3259981]},"properties":{"name":"Mirador des Pontàs","name:ca":"Mirador des Pontàs","tourism":"viewpoint"}},
{"type":"Feature","id":"n841161538","geometry":{"type":"Point","coordinates":[3.1564091,39.3268112]},"properties":{"tourism":"viewpoint","wheelchair":"limited"}},
{"type":"Feature","id":"n864601522","geometry":{"type":"Point","coordinates":[2.6451284,39.5672377]},"properties":{"artist_name":"Horacio de Heguía","date":"1967","historic":"memorial","material":"bronze","memorial":"statue","name":"Ramon Llull","name:ca":"Ramon Llull","wikidata":"Q140428604"}},
{"type":"Feature","id":"n866638230","geometry":{"type":"Point","coordinates":[2.6562075,39.5665543]},"properties":{"heritage":"3","heritage:operator":"Consell de Mallorca","historic":"wayside_cross","name":"Creu de sa Porta des Camp","name:ca":"Creu de sa Porta des Camp","wikidata":"Q43155779","wikimedia_commons":"Category:Creu de sa Porta des Camp"}},
{"type":"Feature","id":"n884512684","geometry":{"type":"Point","coordinates":[3.1004374,39.6539767]},"properties":{"historic":"wayside_cross","name":"Creu de les Voltes de Son Bonany","name:ca":"Creu de les Voltes de Son Bonany","wikidata":"Q43155022"}},
{"type":"Feature","id":"n884512755","geometry":{"type":"Point","coordinates":[3.1084675,39.6487291]},"properties":{"name":"Mirador de sa Creu","tourism":"viewpoint"}},
{"type":"Feature","id":"n903321459","geometry":{"type":"Point","coordinates":[3.1044768,39.7956143]},"properties":{"name":"turó de sa Roca","name:ca":"turó de sa Roca","tourism":"viewpoint"}},
{"type":"Feature","id":"n903321475","geometry":{"type":"Point","coordinates":[3.1087894,39.7987097]},"properties":{"alt_name":"Es Cibollar II","leisure":"bird_hide","name":"Aguait d'en Bishop II","tourism":"viewpoint"}},
{"type":"Feature","id":"n903321488","geometry":{"type":"Point","coordinates":[3.1060303,39.7958726]},"properties":{"name":"Sa Roca","name:ca":"Sa Roca","tourism":"viewpoint"}},
{"type":"Feature","id":"n903321495","geometry":{"type":"Point","coordinates":[3.1073027,39.7984562]},"properties":{"alt_name":"Es Cibollar I","leisure":"bird_hide","name":"Aguait d'en Bishop I","tourism":"viewpoint"}},
{"type":"Feature","id":"n926571242","geometry":{"type":"Point","coordinates":[2.3310806,39.587918]},"properties":{"name":"Na Miranda","tourism":"viewpoint"}},
{"type":"Feature","id":"n926571346","geometry":{"type":"Point","coordinates":[2.3208684,39.5896533]},"properties":{"tourism":"viewpoint"}},
{"type":"Feature","id":"n930298015","geometry":{"type":"Point","coordinates":[3.3396481,39.5383101]},"properties":{"name":"Punta des Pagell","tourism":"viewpoint"}},
{"type":"Feature","id":"n931716417","geometry":{"type":"Point","coordinates":[3.1359728,39.7728851]},"properties":{"tourism":"viewpoint"}},
{"type":"Feature","id":"n933470148","geometry":{"type":"Point","coordinates":[2.5816563,39.7064999]},"properties":{"ele":"446","name":"Puig de sa Moneda","name:ca":"Puig de sa Moneda","natural":"peak","tourism":"viewpoint"}},
{"type":"Feature","id":"n933470184","geometry":{"type":"Point","coordinates":[2.5816441,39.7064192]},"properties":{"height":"4","historic":"yes","man_made":"tower","name":"Torre del puig de sa Moneda","tourism":"viewpoint","tower:construction":"stone","tower:type":"observation"}},
{"type":"Feature","id":"n937913093","geometry":{"type":"Point","coordinates":[3.4531061,39.6654534]},"properties":{"name":"es Cingle","tourism":"viewpoint"}},
{"type":"Feature","id":"n937913122","geometry":{"type":"Point","coordinates":[3.4532447,39.6572076]},"properties":{"historic":"ruins","name":"Talaia Vella","name:ca":"Talaia Vella","wikidata":"Q43141608"}},
{"type":"Feature","id":"n937913127","geometry":{"type":"Point","coordinates":[3.4532295,39.6571786]},"properties":{"tourism":"viewpoint"}},
{"type":"Feature","id":"n940425639","geometry":{"type":"Point","coordinates":[2.5963207,39.5651079]},"properties":{"tourism":"viewpoint"}},
{"type":"Feature","id":"n941775282","geometry":{"type":"Point","coordinates":[3.4317589,39.6780803]},"properties":{"alt_name":"Poblat prehistòric de s’Heretat","historic":"archaeological_site","name":"es Claper des Gegant","name:ca":"es Claper des Gegant","wikidata":"Q2114757","wikimedia_commons":"Category:Claper des Gegant","wikipedia":"de:Prähistorische Siedlung von S’Heretat"}},
{"type":"Feature","id":"n948488835","geometry":{"type":"Point","coordinates":[2.6805944,39.6600395]},"properties":{"crossing:barrier":"no","railway":"level_crossing"}},
{"type":"Feature","id":"n960710690","geometry":{"type":"Point","coordinates":[2.5593699,39.6858342]},"properties":{"name":"Mirant de Mar","tourism":"viewpoint"}},
{"type":"Feature","id":"n963455398","geometry":{"type":"Point","coordinates":[3.1725244,39.8734977]},"properties":{"historic":"wayside_cross","name":"Ses Tres Creus"}},
{"type":"Feature","id":"n972552381","geometry":{"type":"Point","coordinates":[2.9334174,39.6530697]},"properties":{"archaeological_site":"megalith","historic":"archaeological_site","historic:civilization":"prehistoric","name":"Temple talaiòtic de Son Corró","name:ca":"Temple talaiòtic de Son Corró","opening_hours":"24/7","wikidata":"Q6132048","wikimedia_commons":"Category:Son Corró","wikipedia":"ca:Son Corró"}},
{"type":"Feature","id":"n972552996","geometry":{"type":"Point","coordinates":[2.9119683,39.6586661]},"properties":{"archaeological_site":"megalith","historic":"archaeological_site","name":"talaiot de Son Fred","name:ca":"Talaiot de Son Fred","opening_hours":"24/7","wikidata":"Q18696939","wikimedia_commons":"Category:Talaiot de Son Fred","wikipedia":"ca:Talaiot de Son Fred"}},
{"type":"Feature","id":"n974123385","geometry":{"type":"Point","coordinates":[2.7613773,39.7654192]},"properties":{"tourism":"viewpoint"}},
{"type":"Feature","id":"n976087512","geometry":{"type":"Point","coordinates":[3.1912291,39.8541517]},"properties":{"name":"Cova Tancada des Cap de Menorca","natural":"cave_entrance","tourism":"attraction"}},
{"type":"Feature","id":"n984621860","geometry":{"type":"Point","coordinates":[2.9229229,39.9003127]},"properties":{"name":"Cova de ses Bruixes","name:ca":"Cova de ses Bruixes","tourism":"viewpoint"}},
{"type":"Feature","id":"n987682556","geometry":{"type":"Point","coordinates":[2.9223203,39.9005021]},"properties":{"fee":"no","name":"Cova de ses Bruixes","name:ca":"Cova de ses Bruixes","natural":"cave_entrance","tourism":"attraction"}},
{"type":"Feature","id":"n988942845","geometry":{"type":"Point","coordinates":[2.7319064,39.6337421]},"properties":{"amenity":"cinema","brand":"Cinesa","brand:wikidata":"Q20732115","brand:wikipedia":"es:Cinesa","cinema:3D":"yes","cinema:IMAX":"yes","name":"Cinesa Festival Park 3D","operator":"Cinesa","website":"https://www.cinesa.es/","wheelchair":"yes"}},
{"type":"Feature","id":"n992925790","geometry":{"type":"Point","coordinates":[2.6657196,39.6336205]},"properties":{"crossing:barrier":"half","railway":"level_crossing"}},
{"type":"Feature","id":"n995348167","geometry":{"type":"Point","coordinates":[2.6423412,39.5738576]},"properties":{"amenity":"theatre","name":"Catalina Valls"}},
{"type":"Feature","id":"n999281809","geometry":{"type":"Point","coordinates":[2.7693906,39.559462]},"properties":{"name":"plane spotting","tourism":"viewpoint"}},
{"type":"Feature","id":"n1015198659","geometry":{"type":"Point","coordinates":[2.6925915,39.5499497]},"properties":{"barrier":"gate"}},
{"type":"Feature","id":"n1026484822","geometry":{"type":"Point","coordinates":[2.6245399,39.5888503]},"properties":{"historic":"wayside_cross"}},
{"type":"Feature","id":"n1066553015","geometry":{"type":"Point","coordinates":[3.12032,39.8518475]},"properties":{"charge":"4 EUR","fee":"yes","name":"Museu Monogràfic de Pol·lèntia","name:es":"Museo Monográfico de Pollentia","opening_hours":"Tu-Fr 09:00-14:30; Sa 09:00-14:30","tourism":"museum","wikidata":"Q26822179"}},
{"type":"Feature","id":"n1078773713","geometry":{"type":"Point","coordinates":[2.6556471,39.5749399]},"properties":{"historic":"wayside_cross"}},
{"type":"Feature","id":"n1080542411","geometry":{"type":"Point","coordinates":[2.6533916,39.5758417]},"properties":{"historic":"memorial","memorial:type":"plate","name":"es Racó de Gaspar Bennàssar, \"s'Arquitecte\"","wheelchair":"yes"}},
{"type":"Feature","id":"n1089040705","geometry":{"type":"Point","coordinates":[2.6861174,39.7283237]},"properties":{"note":"This is also a zone for give way","tourism":"viewpoint","type":"informal"}},
{"type":"Feature","id":"n1107334462","geometry":{"type":"Point","coordinates":[2.7136067,39.7665559]},"properties":{"name":"Casal de Cultura","tourism":"museum"}},
{"type":"Feature","id":"n1112862362","geometry":{"type":"Point","coordinates":[3.1787652,39.842964]},"properties":{"addr:city":"Alcúdia","addr:postcode":"07400","addr:street":"Camino del Collbaix","fee":"yes","name":"Sa Bassa Blanca (Fundació Yannick y Ben Jakober)","phone":"+34 971 546915","tourism":"museum","website":"https://msbb.org","wheelchair":"yes"}},
{"type":"Feature","id":"n1116952584","geometry":{"type":"Point","coordinates":[2.6968535,39.7451453]},"properties":{"description":"Monument about Sóller history","description:ca":"Monument sobre la història de Sóller","ele":"207","historic":"monument","note":"Monument al 75 aniversari del ferrocarril de Sóller","source":"survey"}},
{"type":"Feature","id":"n1117002596","geometry":{"type":"Point","coordinates":[2.6852347,39.6744333]},"properties":{"crossing:barrier":"no","crossing:light":"yes","railway":"level_crossing"}},
{"type":"Feature","id":"n1120205378","geometry":{"type":"Point","coordinates":[3.3074039,39.7382759]},"properties":{"tourism":"viewpoint"}},
{"type":"Feature","id":"n1127572425","geometry":{"type":"Point","coordinates":[2.4238996,39.6234858]},"properties":{"tourism":"viewpoint"}},
{"type":"Feature","id":"n1129339488","geometry":{"type":"Point","coordinates":[3.182411,39.7370278]},"properties":{"name":"Son Real","name:ca":"Son Real","place":"locality","tourism":"attraction"}},
{"type":"Feature","id":"n1129379432","geometry":{"type":"Point","coordinates":[3.1856499,39.7334494]},"properties":{"historic":"archaeological_site","name":"poblat pretalaiòtic des Figueral","name:ca":"Poblat pretalaiòtic des Figueral","wikidata":"Q5861900","wikimedia_commons":"Category:Es Figueral de Son Real","wikipedia":"es:Figueral de Son Real"}},
{"type":"Feature","id":"n1135394151","geometry":{"type":"Point","coordinates":[2.6163072,39.7359792]},"properties":{"name":"Mirador dels Tudons","tourism":"viewpoint"}},
{"type":"Feature","id":"n1135394159","geometry":{"type":"Point","coordinates":[2.6241417,39.7341717]},"properties":{"name":"mirador de Son Gallard","tourism":"viewpoint","wikidata":"Q116977031"}},
{"type":"Feature","id":"n1141912785","geometry":{"type":"Point","coordinates":[2.6473984,39.7533227]},"properties":{"name":"Robert Graves","tourism":"museum","website":"http://www.lacasaderobertgraves.org"}},
{"type":"Feature","id":"n1142642172","geometry":{"type":"Point","coordinates":[3.3372128,39.5335793]},"properties":{"tourism":"viewpoint"}},
{"type":"Feature","id":"n1145345064","geometry":{"type":"Point","coordinates":[3.3139154,39.7399434]},"properties":{"tourism":"viewpoint"}},
{"type":"Feature","id":"n1146984971","geometry":{"type":"Point","coordinates":[2.6867487,39.7916374]},"properties":{"tourism":"viewpoint"}},
{"type":"Feature","id":"n1147386350","geometry":{"type":"Point","coordinates":[3.3381286,39.5421993]},"properties":{"historic":"memorial","name":"Marquès del Reguer","name:ca":"Marquès del Reguer"}},
{"type":"Feature","id":"n1151456656","geometry":{"type":"Point","coordinates":[2.7851503,39.7714084]},"properties":{"building":"yes","ele":"1040","historic":"ruins","name":"Casa de neu","name:ca":"Casa de neu","ruins":"yes"}},
{"type":"Feature","id":"n1152038310","geometry":{"type":"Point","coordinates":[2.7901133,39.7344567]},"properties":{"tourism":"viewpoint"}},
{"type":"Feature","id":"n1161951013","geometry":{"type":"Point","coordinates":[2.6180708,39.5850862]},"properties":{"historic":"wayside_cross"}},
{"type":"Feature","id":"n1163138062","geometry":{"type":"Point","coordinates":[3.0480575,39.9150249]},"properties":{"archaeological_site":"necropolis","historic":"archaeological_site","name":"Coves de l'Alzinaret","name:ca":"Coves de l'Alzinaret","natural":"cave_entrance","wikidata":"Q15227363","wikipedia":"en:Hypogeum of Cala Sant Vicenç"}},
{"type":"Feature","id":"n1167810713","geometry":{"type":"Point","coordinates":[2.6256036,39.7104912]},"properties":{"fee":"no","name":"Casa natal de Santa Catalina Thomàs","tourism":"museum","wikidata":"Q111850852","wikimedia_commons":"Category:Casa natal de Santa Catalina Thomàs"}},
{"type":"Feature","id":"n1167810715","geometry":{"type":"Point","coordinates":[2.6222395,39.7100094]},"properties":{"name":"Coll Bardolet","name:ca":"Coll Bardolet","tourism":"museum"}},
{"type":"Feature","id":"n1167810716","geometry":{"type":"Point","coordinates":[2.6229146,39.7092145]},"properties":{"historic":"manor","name":"Palau del Rei Sanç","name:ca":"Palau del Rei Sanç","tourism":"attraction"}},
{"type":"Feature","id":"n1169667799","geometry":{"type":"Point","coordinates":[2.6479489,39.7465574]},"properties":{"name":"Museu Arqueològic","name:ca":"Museu Arqueològic","name:es":"museo arqueológico","opening_hours":"Sa 11:00-13:00; Su 17:00-19:00","tourism":"museum","website":"https://sonfornes.mallorca.museum"}},
{"type":"Feature","id":"n1173127509","geometry":{"type":"Point","coordinates":[3.0173207,39.879188]},"properties":{"addr:housenumber":"14","addr:street":"Carrer de la Roca","fee":"no","name":"Museu Dionís Bennàssar","phone":"+34 676831596","tourism":"museum","website":"https://www.museudionisbennassar.com"}},
{"type":"Feature","id":"n1173127517","geometry":{"type":"Point","coordinates":[3.0140189,39.8786674]},"properties":{"name":"Museu Martí Vicenç","name:ca":"Museu Martí Vicenç","tourism":"museum"}},
{"type":"Feature","id":"n1173242712","geometry":{"type":"Point","coordinates":[2.5993175,39.6101162]},"properties":{"historic":"boundary_stone","name":"coll des Vent","natural":"saddle","source":"survey"}},
{"type":"Feature","id":"n1186640514","geometry":{"type":"Point","coordinates":[3.3273548,39.7497401]},"properties":{"historic":"wayside_cross","name":"Österreicher Kreuz","note:de":"Österreicher Kreuz"}},
{"type":"Feature","id":"n1186641412","geometry":{"type":"Point","coordinates":[3.3248585,39.7428581]},"properties":{"direction":"0-360","tourism":"viewpoint"}},
{"type":"Feature","id":"n1199352408","geometry":{"type":"Point","coordinates":[2.6030252,39.6003786]},"properties":{"historic":"wayside_cross"}},
{"type":"Feature","id":"n1200595991","geometry":{"type":"Point","coordinates":[2.6133563,39.7379719]},"properties":{"historic":"yes","man_made":"tower","name":"Capella d'en Ramon LLull","tourism":"viewpoint","tower:type":"defensive"}},
{"type":"Feature","id":"n1200595994","geometry":{"type":"Point","coordinates":[2.6143966,39.7389184]},"properties":{"historic":"ruins","name":"Mirador des Creuer","tourism":"viewpoint"}},
{"type":"Feature","id":"n1200596000","geometry":{"type":"Point","coordinates":[2.6033528,39.7288819]},"properties":{"alt_name":"mirador de sa Rassa","name":"mirador de s'Erassa","tourism":"viewpoint"}},
{"type":"Feature","id":"n1242612574","geometry":{"type":"Point","coordinates":[2.8159767,39.8323368]},"properties":{"name":"Nus de sa Corbata","name:ca":"Nus de sa Corbata","place":"locality","tourism":"attraction"}},
{"type":"Feature","id":"n1242614114","geometry":{"type":"Point","coordinates":[2.4925244,39.5057825]},"properties":{"name":"Rota d'en Cabell","name:ca":"Rota d'en Cabell","place":"locality"}},
{"type":"Feature","id":"n1242621009","geometry":{"type":"Point","coordinates":[2.3653337,39.5683721]},"properties":{"direction":"100-70","name":"Penyal Vermell","name:ca":"Penyal Vermell","place":"locality","tourism":"viewpoint","wheelchair":"no"}},
{"type":"Feature","id":"n1242625392","geometry":{"type":"Point","coordinates":[2.6157449,39.7165176]},"properties":{"name":"Mirador de na Torta","tourism":"viewpoint","wikidata":"Q116843377"}},
{"type":"Feature","id":"n1242626638","geometry":{"type":"Point","coordinates":[3.182678,39.8797453]},"properties":{"alt_name":"Penya Roja","alt_name:ca":"Penya Roja","ele":"354.38","name":"Penya des Migdia","name:ca":"Penya des Migdia","natural":"peak","note":"There is a canyon of XVII century","place":"locality","tourism":"viewpoint","wikidata":"Q11940816","wikipedia":"ca:Penya Roja"}},
{"type":"Feature","id":"n1242626741","geometry":{"type":"Point","coordinates":[2.7935906,39.7325261]},"properties":{"name":"Castell d'Alaró","name:ca":"Castell d'Alaró","place":"isolated_dwelling","tourism":"attraction"}},
{"type":"Feature","id":"n1242632755","geometry":{"type":"Point","coordinates":[2.8753412,39.4976266]},"properties":{"historic":"memorial","name":"Camp de sa Batalla","name:ca":"Camp de sa Batalla"}},
{"type":"Feature","id":"n1242636791","geometry":{"type":"Point","coordinates":[2.4836955,39.5074196]},"properties":{"name":"Comellar de sa Terra des Gerrers","name:ca":"Comellar de sa Terra des Gerrers","place":"locality"}},
{"type":"Feature","id":"n1247154539","geometry":{"type":"Point","coordinates":[2.575155,39.5314021]},"properties":{"tourism":"viewpoint"}},
{"type":"Feature","id":"n1248625108","geometry":{"type":"Point","coordinates":[2.6279651,39.5727084]},"properties":{"barrier":"gate","fee":"yes","maxwidth:physical":"4","name":"Puerta de Bisagra (reproduction)","supervised":"yes"}},
{"type":"Feature","id":"n1250980992","geometry":{"type":"Point","coordinates":[3.3550852,39.6872856]},"properties":{"amenity":"parking","parking":"surface"}},
{"type":"Feature","id":"n1256743201","geometry":{"type":"Point","coordinates":[2.648934,39.5713067]},"properties":{"display_name":"Antoni Maura","historic":"memorial","memorial":"statue","name":"Antoni Maura","name:ca":"Antoni Maura","source":"survey","wikidata":"Q98126695","wikimedia_commons":"Category:Monument to Antonio Maura, Palma","wikipedia":"en:Monument to Antonio Maura"}},
{"type":"Feature","id":"n1256815227","geometry":{"type":"Point","coordinates":[3.019392,39.7704621]},"properties":{"historic":"wayside_cross","name":"creu de Can Fat","name:ca":"creu de Can Fat","wikidata":"Q43156089","wikimedia_commons":"Category:Creu de Can Fat"}},
{"type":"Feature","id":"n1256815241","geometry":{"type":"Point","coordinates":[3.0195783,39.7699427]},"properties":{"name":"Museu de Sant Antoni i el Dimoni","name:ca":"Museu de Sant Antoni i el Dimoni","tourism":"museum"}},
{"type":"Feature","id":"n1261936167","geometry":{"type":"Point","coordinates":[2.688862,39.7357058]},"properties":{"historic":"memorial","name":"font de la Reina","name:ca":"font de la Reina"}},
{"type":"Feature","id":"n1262388542","geometry":{"type":"Point","coordinates":[3.1712436,39.874568]},"properties":{"name":"Mirador de la Victòria","tourism":"viewpoint"}},
{"type":"Feature","id":"n1262388543","geometry":{"type":"Point","coordinates":[3.1725647,39.8734541]},"properties":{"name":"Ses Tres Creus","tourism":"viewpoint"}},
{"type":"Feature","id":"n1263996480","geometry":{"type":"Point","coordinates":[3.3534501,39.6965596]},"properties":{"entrance":"main","historic":"city_gate"}},
{"type":"Feature","id":"n1265397993","geometry":{"type":"Point","coordinates":[3.0240462,39.8692898]},"properties":{"name":"Mirador del Molí Vell","tourism":"viewpoint"}},
{"type":"Feature","id":"n1266461395","geometry":{"type":"Point","coordinates":[2.7374952,39.4910862]},"properties":{"tourism":"viewpoint"}},
{"type":"Feature","id":"n1268567292","geometry":{"type":"Point","coordinates":[2.6514789,39.732026]},"properties":{"tourism":"viewpoint"}},
{"type":"Feature","id":"n1272885624","geometry":{"type":"Point","coordinates":[3.1894013,39.9545703]},"properties":{"note":"This is not official viewpoint","tourism":"viewpoint"}},
{"type":"Feature","id":"n1273209866","geometry":{"type":"Point","coordinates":[3.1857709,39.7527971]},"properties":{"tourism":"viewpoint"}},
{"type":"Feature","id":"n1273210106","geometry":{"type":"Point","coordinates":[3.1856664,39.7531428]},"properties":{"archaeological_site":"megalith","historic":"archaeological_site","name":"La Cova de davant l'Illa des Porros","tourism":"attraction"}},
{"type":"Feature","id":"n1282042688","geometry":{"type":"Point","coordinates":[3.1885746,39.4540966]},"properties":{"name":"Crist Rei","name:ca":"Crist Rei","toilets:wheelchair":"no","tourism":"viewpoint","wheelchair":"limited"}},
{"type":"Feature","id":"n1304343257","geometry":{"type":"Point","coordinates":[2.68373,39.6677342]},"properties":{"crossing:barrier":"no","crossing:light":"yes","railway":"level_crossing"}},
{"type":"Feature","id":"n1314983628","geometry":{"type":"Point","coordinates":[2.5050422,39.6086832]},"properties":{"name":"ses Timbes","name:ca":"ses Timbes","tourism":"viewpoint"}},
{"type":"Feature","id":"n1317086365","geometry":{"type":"Point","coordinates":[2.5184168,39.6043934]},"properties":{"ele":"614.30","name":"puig de na Bauçana","natural":"peak","tourism":"viewpoint","wikidata":"Q107499209","wikimedia_commons":"Category:Puig de na Bauçà"}},
{"type":"Feature","id":"n1317345286","geometry":{"type":"Point","coordinates":[2.647133,39.5742998]},"properties":{"entrance":"yes","source":"survey"}},
{"type":"Feature","id":"n1321531056","geometry":{"type":"Point","coordinates":[2.3352846,39.5965077]},"properties":{"tourism":"viewpoint"}},
{"type":"Feature","id":"n1322808139","geometry":{"type":"Point","coordinates":[2.9012676,39.7549162]},"properties":{"historic":"monument"}},
{"type":"Feature","id":"n1322808221","geometry":{"type":"Point","coordinates":[2.9020978,39.7552115]},"properties":{"historic":"wayside_cross","name":"creu de Sa Plana","name:ca":"creu de Sa Plana","source":"survey"}},
{"type":"Feature","id":"n1325351978","geometry":{"type":"Point","coordinates":[3.2630138,39.4833486]},"properties":{"information":"guidepost","name":"poblat de s'Hospitalet Vell","name:ca":"poblat de s'Hospitalet Vell","tourism":"information"}},
{"type":"Feature","id":"n1325352203","geometry":{"type":"Point","coordinates":[3.2629094,39.483329]},"properties":{"barrier":"gate","bicycle":"yes","foot":"yes"}},
{"type":"Feature","id":"n1331481558","geometry":{"type":"Point","coordinates":[2.7270821,39.4800118]},"properties":{"tourism":"viewpoint"}},
{"type":"Feature","id":"n1336502951","geometry":{"type":"Point","coordinates":[2.6355128,39.7646079]},"properties":{"name":"Torre de sa Pedrissa","tourism":"viewpoint","wikidata":"Q114071814","wikipedia":"ca:Torre de Sa Pedrissa"}},
{"type":"Feature","id":"n1351154925","geometry":{"type":"Point","coordinates":[3.27548,39.4203316]},"properties":{"tourism":"viewpoint"}},
{"type":"Feature","id":"n1351154945","geometry":{"type":"Point","coordinates":[3.2708174,39.4155742]},"properties":{"tourism":"viewpoint"}},
{"type":"Feature","id":"n1351154953","geometry":{"type":"Point","coordinates":[3.2724494,39.4284136]},"properties":{"tourism":"viewpoint"}},
{"type":"Feature","id":"n1359283238","geometry":{"type":"Point","coordinates":[2.6167052,39.7394189]},"properties":{"name":"mirador de Miramar","tourism":"viewpoint"}},
{"type":"Feature","id":"n1359283270","geometry":{"type":"Point","coordinates":[2.6177389,39.7404871]},"properties":{"name":"mirador de sa Ferradura","tourism":"viewpoint"}},
{"type":"Feature","id":"n1359737605","geometry":{"type":"Point","coordinates":[3.1185312,39.8522175]},"properties":{"addr:city":"Alcúdia","addr:housenumber":"3","addr:postcode":"07400","addr:street":"Plaça de la Porta de Mallorca"}},
{"type":"Feature","id":"n1363545545","geometry":{"type":"Point","coordinates":[2.6480182,39.5704451]},"properties":{"historic":"memorial","inscription":"A Frederic Chopin","memorial":"bust","name":"Frederic Chopin","name:ca":"Frederic Chopin"}},
{"type":"Feature","id":"n1363860411","geometry":{"type":"Point","coordinates":[3.1193794,39.8512822]},"properties":{"historic":"wayside_cross","source":"survey"}},
{"type":"Feature","id":"n1367044817","geometry":{"type":"Point","coordinates":[2.6426275,39.7603062]},"properties":{"tourism":"viewpoint"}},
{"type":"Feature","id":"n1367044847","geometry":{"type":"Point","coordinates":[2.6451835,39.7616485]},"properties":{"tourism":"viewpoint"}},
{"type":"Feature","id":"n1367795752","geometry":{"type":"Point","coordinates":[2.6482583,39.5694267]},"properties":{"historic":"memorial","name":"Juan Crespí Pelaire","note":"Please improve: description and date","wheelchair":"limited"}},
{"type":"Feature","id":"n1367821929","geometry":{"type":"Point","coordinates":[2.6500436,39.5693811]},"properties":{"entrance":"yes"}},
{"type":"Feature","id":"n1367821930","geometry":{"type":"Point","coordinates":[2.6502279,39.5693948]},"properties":{"entrance":"yes"}},
{"type":"Feature","id":"n1368876010","geometry":{"type":"Point","coordinates":[2.6501509,39.569373]},"properties":{"amenity":"clock","check_date":"2023-12-06","date":"1849","display":"analog","historic":"yes","indoor":"no","name":"en Figuera","support":"wall_mounted","visibility":"street"}},
{"type":"Feature","id":"n1374516578","geometry":{"type":"Point","coordinates":[2.6376117,39.5727193]},"properties":{"historic":"monument"}},
{"type":"Feature","id":"n1378793404","geometry":{"type":"Point","coordinates":[2.6491246,39.5669477]},"properties":{"entrance":"yes"}},
{"type":"Feature","id":"n1378796343","geometry":{"type":"Point","coordinates":[2.6491686,39.567086]},"properties":{"artwork_type":"sculpture","description":"Stone carving of a legendary dragon that lived in the nearby sewers!","historic":"yes","name":"es Drac de na Coca","name:ca":"es Drac de na Coca","name:en":"Drac (Dragon) de Na Coca","name:es":"Dragón de na Coca","tourism":"attraction"}},
{"type":"Feature","id":"n1403095167","geometry":{"type":"Point","coordinates":[2.6242459,39.5552463]},"properties":{"description":"Al científico Emil G. Racovitza. Fundador de la Bioespediología en Mallorca. 1904","historic":"memorial","memorial":"bust","name":"Emil G. Racovitza"}},
{"type":"Feature","id":"n1404437737","geometry":{"type":"Point","coordinates":[2.6267983,39.5613315]},"properties":{"addr:city":"Palma","addr:housenumber":"35a","addr:street":"Avinguda de Gabriel Roca","barrier":"gate","gate":"wall;metal","historic":"yes"}},
{"type":"Feature","id":"n1404437825","geometry":{"type":"Point","coordinates":[2.6259885,39.5614599]},"properties":{"barrier":"gate","gate":"wall;metal","historic":"yes"}},
{"type":"Feature","id":"n1406136295","geometry":{"type":"Point","coordinates":[2.6411257,39.5696582]},"properties":{"tourism":"viewpoint"}},
{"type":"Feature","id":"n1406136302","geometry":{"type":"Point","coordinates":[2.6404149,39.5698387]},"properties":{"source":"YWMS"}},
{"type":"Feature","id":"n1406136331","geometry":{"type":"Point","coordinates":[2.6414576,39.5703318]},"properties":{"historic":"city_gate","name":"Porta de Santa Catalina","name:ca":"Porta de Santa Catalina"}},
{"type":"Feature","id":"n1406136334","geometry":{"type":"Point","coordinates":[2.6413676,39.5704425]},"properties":{"entrance":"yes"}},
{"type":"Feature","id":"n1406146723","geometry":{"type":"Point","coordinates":[2.6395698,39.5696528]},"properties":{"historic":"memorial","inscription":"La Ciutat de Palma als que donant òrgans, regalen vida","material":"stone"}},
{"type":"Feature","id":"n1406958225","geometry":{"type":"Point","coordinates":[2.6382748,39.5693889]},"properties":{"tourism":"viewpoint"}},
{"type":"Feature","id":"n1407007932","geometry":{"type":"Point","coordinates":[2.6360737,39.5696059]},"properties":{"amenity":"bench"}},
{"type":"Feature","id":"n1407007938","geometry":{"type":"Point","coordinates":[2.6361741,39.569615]},"properties":{"amenity":"bench"}},
{"type":"Feature","id":"n1407007962","geometry":{"type":"Point","coordinates":[2.6361184,39.5696308]},"properties":{"tourism":"viewpoint"}},
{"type":"Feature","id":"n1407516703","geometry":{"type":"Point","coordinates":[2.6294454,39.5674603]},"properties":{"date":"1984","historic":"memorial","name":"a Marc Ferragut","source":"survey"}},
{"type":"Feature","id":"n1407516705","geometry":{"type":"Point","coordinates":[2.6293123,39.5671645]},"properties":{"entrance":"main","note":"Main gate"}},
{"type":"Feature","id":"n1410976543","geometry":{"type":"Point","coordinates":[2.6154031,39.5539126]},"properties":{"historic":"monument","note:ca":"Una vela. Faltaria anar de camp per saber què diu la inscripció"}},
{"type":"Feature","id":"n1415006811","geometry":{"type":"Point","coordinates":[3.1503358,39.3272176]},"properties":{"tourism":"viewpoint"}},
{"type":"Feature","id":"n1415006830","geometry":{"type":"Point","coordinates":[3.1529268,39.3278815]},"properties":{"tourism":"viewpoint"}},
{"type":"Feature","id":"n1420071410","geometry":{"type":"Point","coordinates":[3.0751073,39.7919389]},"properties":{"man_made":"tower","name":"Es Forcadet","tourism":"viewpoint","tower:construction":"freestanding","tower:type":"observation"}},
{"type":"Feature","id":"n1425495274","geometry":{"type":"Point","coordinates":[3.1099745,39.3042465]},"properties":{"historic":"ruins","name":"punta des Bauç"}},
{"type":"Feature","id":"n1429685512","geometry":{"type":"Point","coordinates":[2.5344437,39.5108191]},"properties":{"fee":"yes","name":"House of Katmandu","opening_hours":"Jun-Aug: Mo-Su,PH 10:05-21:00+; Mar-May,Sep-Oct: Mo-Su,PH 10:05-17:00+","tourism":"museum"}},
{"type":"Feature","id":"n1452343243","geometry":{"type":"Point","coordinates":[2.646379,39.5700827]},"properties":{"historic":"memorial","source":"survey","wheelchair":"yes"}},
{"type":"Feature","id":"n1481230274","geometry":{"type":"Point","coordinates":[2.3918772,39.5459401]},"properties":{"historic":"archaeological_site","name":"Sínia del Hio","tourism":"attraction","wheelchair":"yes"}},
{"type":"Feature","id":"n1481230277","geometry":{"type":"Point","coordinates":[2.3926321,39.5463828]},"properties":{"historic":"archaeological_site","name":"Sínia del Maa","tourism":"attraction","wheelchair":"yes"}},
{"type":"Feature","id":"n1490384779","geometry":{"type":"Point","coordinates":[2.7835019,39.8482675]},"properties":{"entrance":"yes","highway":"steps","step_type":"in_ground"}},
{"type":"Feature","id":"n1510331769","geometry":{"type":"Point","coordinates":[3.0119395,39.8810563]},"properties":{"highway":"turning_circle","tourism":"viewpoint"}},
{"type":"Feature","id":"n1510342276","geometry":{"type":"Point","coordinates":[3.0211124,39.8840441]},"properties":{"denomination":"roman_catholic","historic":"wayside_cross","man_made":"cross","material":"stone","monument":"wayside_cross","name":"creu de na Cantona","religion":"christian","wikidata":"Q43155924"}},
{"type":"Feature","id":"n1542450500","geometry":{"type":"Point","coordinates":[2.6193071,39.5832165]},"properties":{"amenity":"theatre","date":"2011","name":"Trui","source":"survey","website":"https://www.truiteatre.es/"}},
{"type":"Feature","id":"n1550465165","geometry":{"type":"Point","coordinates":[2.6835679,39.6673399]},"properties":{"name":"Sa Coma / Santa Maria","railway":"halt","train":"yes","wheelchair":"no"}},
{"type":"Feature","id":"n1552174430","geometry":{"type":"Point","coordinates":[3.0178396,39.8782243]},"properties":{"name":"Fundació Tabaluga","tourism":"museum"}},
{"type":"Feature","id":"n1569379083","geometry":{"type":"Point","coordinates":[2.5902453,39.6081915]},"properties":{"description":"P23","historic":"boundary_stone","material":"stone","note":"The location is approximate","source":"survey"}},
{"type":"Feature","id":"n1573960501","geometry":{"type":"Point","coordinates":[2.7071885,39.5394335]},"properties":{"description":"Spanish civil war bunkers","historic":"bunker"}},
{"type":"Feature","id":"n1573960504","geometry":{"type":"Point","coordinates":[2.7069731,39.5394433]},"properties":{"description":"Spanish civil war bunkers","historic":"bunker"}},
{"type":"Feature","id":"n1573960508","geometry":{"type":"Point","coordinates":[2.7066416,39.5394902]},"properties":{"description":"Spanish civil war bunkers","historic":"bunker"}},
{"type":"Feature","id":"n1587270862","geometry":{"type":"Point","coordinates":[2.5262377,39.49654]},"properties":{"historic":"archaeological_site","name":"Naveta Alemany","name:ca":"Naveta d'Alemany","wikidata":"Q5558060","wikimedia_commons":"Category:Habitació prehistòrica de Son Massot","wikipedia":"ca:Naveta d'Alemany"}},
{"type":"Feature","id":"n1587270887","geometry":{"type":"Point","coordinates":[2.5278904,39.5199237]},"properties":{"historic":"wayside_cross","name":"Creu dels Montcada","name:ca":"Creu dels Montcada","wikidata":"Q19368914","wikimedia_commons":"Category:Creu dels Montcada","wikipedia":"ca:Creu dels Montcada"}},
{"type":"Feature","id":"n1599799679","geometry":{"type":"Point","coordinates":[2.5877511,39.6045055]},"properties":{"historic":"boundary_stone","source":"survey"}},
{"type":"Feature","id":"n1611593251","geometry":{"type":"Point","coordinates":[2.6968283,39.7687852]},"properties":{"railway":"crossing"}},
{"type":"Feature","id":"n1614204428","geometry":{"type":"Point","coordinates":[2.3688853,39.610159]},"properties":{"alt_name":"Mirador d'es Cap Fabioler","ele":"465","name":"Mirador d'en Josep Sastre","source":"PNOA Spain & visit","tourism":"viewpoint"}},
{"type":"Feature","id":"n1614274299","geometry":{"type":"Point","coordinates":[2.756706,39.727265]},"properties":{"barrier":"stile","ele":"570","mountain_pass":"yes","name":"pas de s'Estaló","natural":"saddle","source":"Joan Riera","tourism":"viewpoint"}},
{"type":"Feature","id":"n1614511714","geometry":{"type":"Point","coordinates":[2.6355564,39.7645889]},"properties":{"entrance":"yes"}},
{"type":"Feature","id":"n1614694508","geometry":{"type":"Point","coordinates":[2.4589545,39.5977764]},"properties":{"name":"sa Vinya","name:ca":"sa Vinya","tourism":"viewpoint"}},
{"type":"Feature","id":"n1615413382","geometry":{"type":"Point","coordinates":[2.8371546,39.8287195]},"properties":{"name":"Mirador de sa Casa Nova","toilets:wheelchair":"no","tourism":"viewpoint","wheelchair":"limited","wheelchair:description":"kein Randstreifen in Rollstuhlbreite, in Kurve gelegen."}},
{"type":"Feature","id":"n1617899928","geometry":{"type":"Point","coordinates":[2.4637617,39.6248879]},"properties":{"historic":"archaeological_site","name":"Naveta de ses Sinies","wikidata":"Q43096374","wikimedia_commons":"Category:Naveta de les Sínies"}},
{"type":"Feature","id":"n1622012492","geometry":{"type":"Point","coordinates":[2.6221521,39.5771928]},"properties":{"designation":"bullfight place","historic":"yes","name":"Plaza de Toros Son Puigdorfila Nou"}},
{"type":"Feature","id":"n1627296499","geometry":{"type":"Point","coordinates":[3.3497725,39.7806758]},"properties":{"seamark:landmark:category":"tower","seamark:landmark:function":"Old Watchtower","seamark:type":"landmark"}},
{"type":"Feature","id":"n1634402016","geometry":{"type":"Point","coordinates":[3.158649,39.7538775]},"properties":{"archaeological_site":"megalith","historic":"archaeological_site","megalith_type":"dolmen","name":"Sepulcre megalític de Son Bauló de Dalt","name:ca":"Sepulcre megalític de Son Bauló de Dalt","wikidata":"Q20986278","wikimedia_commons":"Category:Dolmen de Son Bauló de Dalt","wikipedia":"ca:Dolmen de Son Bauló de Dalt"}},
{"type":"Feature","id":"n1634473061","geometry":{"type":"Point","coordinates":[3.2627084,39.7134515]},"properties":{"historic":"archaeological_site","name":"Talaiot de sa Clova des Xot","name:ca":"Talaiot de sa Clova des Xot","wikidata":"Q18006503","wikimedia_commons":"Category:Talaiot de sa Clova des Xot","wikipedia":"ca:Talaiot de sa Clova des Xot"}},
{"type":"Feature","id":"n1634482472","geometry":{"type":"Point","coordinates":[3.2638834,39.7107586]},"properties":{"historic":"archaeological_site","name":"Talaiot quadrat de ses Llenques","name:ca":"Talaiot quadrat de ses Llenques","wikipedia":"de:Talaiotische Siedlung von Sa Canova#Talaiot de ses Llenques"}},
{"type":"Feature","id":"n1635002008","geometry":{"type":"Point","coordinates":[3.0074025,39.6925614]},"properties":{"historic":"archaeological_site","name":"Talaiot"}},
{"type":"Feature","id":"n1635002009","geometry":{"type":"Point","coordinates":[3.0071933,39.6929143]},"properties":{"historic":"archaeological_site","name":"Talaiot"}},
{"type":"Feature","id":"n1635042215","geometry":{"type":"Point","coordinates":[2.8589969,39.4825888]},"properties":{"archaeological_site":"megalith","historic":"archaeological_site","megalith_type":"talaiot","name":"Talaiot de Son Noguera","name:ca":"Talaiot de Son Noguera","wikidata":"Q11950810","wikimedia_commons":"Category:Talaiot de Son Noguera","wikipedia":"ca:Talaiot de Son Noguera"}},
{"type":"Feature","id":"n1635073534","geometry":{"type":"Point","coordinates":[2.8216766,39.8053665]},"properties":{"archaeological_site":"megalith","fixme":"needs verifcation of exact location and expansion.","historic":"archaeological_site","name":"Santuari d'Almallutx","name:ca":"Jaciment arqueològic d'Almallutx","wikidata":"Q6121489","wikimedia_commons":"Category:Santuaris d'Almallutx","wikipedia":"ca:Jaciment arqueològic talaiòtic d'Almallutx"}},
{"type":"Feature","id":"n1639175563","geometry":{"type":"Point","coordinates":[3.0879155,39.5948697]},"properties":{"tourism":"viewpoint"}},
{"type":"Feature","id":"n1650538569","geometry":{"type":"Point","coordinates":[2.6392049,39.7018588]},"properties":{"tourism":"viewpoint"}},
{"type":"Feature","id":"n1650545891","geometry":{"type":"Point","coordinates":[2.6422005,39.7104348]},"properties":{"tourism":"viewpoint"}},
{"type":"Feature","id":"n1650546136","geometry":{"type":"Point","coordinates":[2.645736,39.71479]},"properties":{"tourism":"viewpoint"}},
{"type":"Feature","id":"n1654288672","geometry":{"type":"Point","coordinates":[2.6173232,39.5849195]},"properties":{"date":"1976","description":"Son Garrit. Oscar d'Or","historic":"memorial","source":"survey"}},
{"type":"Feature","id":"n1656077205","geometry":{"type":"Point","coordinates":[2.5650459,39.5872323]},"properties":{"historic":"boundary_stone"}},
{"type":"Feature","id":"n1675957321","geometry":{"type":"Point","coordinates":[3.372787,39.6215543]},"properties":{"name":"puig de ses Oliveres","tourism":"viewpoint"}},
{"type":"Feature","id":"n1677173057","geometry":{"type":"Point","coordinates":[3.4362156,39.700489]},"properties":{"tourism":"viewpoint"}},
{"type":"Feature","id":"n1680077833","geometry":{"type":"Point","coordinates":[3.0270338,39.7712813]},"properties":{"barrier":"entrance"}},
{"type":"Feature","id":"n1690264628","geometry":{"type":"Point","coordinates":[2.3508578,39.5958801]},"properties":{"entrance":"yes"}},
{"type":"Feature","id":"n1712553327","geometry":{"type":"Point","coordinates":[2.8848308,39.8209481]},"properties":{"description":"Goig del S. XVII","historic":"wayside_cross","name":"creu des Barracar","source":"survey"}},
{"type":"Feature","id":"n1712553391","geometry":{"type":"Point","coordinates":[2.8845397,39.8217179]},"properties":{"historic":"wayside_cross","name":"creu de Ca s'Amitger","name:ca":"creu de Ca s'Amitger","source":"survey","start_date":"C15"}},
{"type":"Feature","id":"n1712572329","geometry":{"type":"Point","coordinates":[2.8835378,39.8235284]},"properties":{"check_date":"2025-04-27","date":"1861","ele":"527","historic":"wayside_cross","material":"concrete","name":"Sa Creu de Lluc","name:ca":"Sa Creu de Lluc","religion":"christian","source":"local knowledge;gabpr05","wikidata":"Q1478640","wikimedia_commons":"Category:Santuari de Lluc","wikipedia":"ca:Santuari de Lluc"}},
{"type":"Feature","id":"n1712577182","geometry":{"type":"Point","coordinates":[2.8847613,39.8218264]},"properties":{"date":"2001","historic":"memorial","memorial":"bust","name":"Antoni Maria Alcover","name:ca":"Antoni Maria Alcover"}},
{"type":"Feature","id":"n1712577185","geometry":{"type":"Point","coordinates":[2.884711,39.8220049]},"properties":{"date":"1984","historic":"memorial","memorial":"bust","name":"Llorenç Riber","name:ca":"Llorenç Riber"}},
{"type":"Feature","id":"n1712577208","geometry":{"type":"Point","coordinates":[2.8846559,39.8221776]},"properties":{"date":"1984","historic":"memorial","memorial":"bust","name":"Maria Costa Llobera"}},
{"type":"Feature","id":"n1712596832","geometry":{"type":"Point","coordinates":[2.8835193,39.8224935]},"properties":{"historic":"memorial","memorial":"obelisk"}},
{"type":"Feature","id":"n1712596833","geometry":{"type":"Point","coordinates":[2.8844187,39.822813]},"properties":{"fee":"yes","level":"1","name":"Museu del Santuari de Lluc","opening_hours":"Jun-Aug 10:00-18:00","tourism":"museum"}},
{"type":"Feature","id":"n1721122298","geometry":{"type":"Point","coordinates":[2.8296714,39.6224992]},"properties":{"man_made":"cross","name":"monument del Sagrat Cor","tourism":"viewpoint"}},
{"type":"Feature","id":"n1721122334","geometry":{"type":"Point","coordinates":[2.8320919,39.6205751]},"properties":{"tourism":"viewpoint"}},
{"type":"Feature","id":"n1721122461","geometry":{"type":"Point","coordinates":[2.8313241,39.6214685]},"properties":{"name":"Es Submarí","tourism":"viewpoint"}},
{"type":"Feature","id":"n1721136559","geometry":{"type":"Point","coordinates":[2.7062774,39.5453484]},"properties":{"tourism":"viewpoint"}},
{"type":"Feature","id":"n1726591953","geometry":{"type":"Point","coordinates":[3.1067539,39.7973861]},"properties":{"tourism":"viewpoint"}},
{"type":"Feature","id":"n1726591955","geometry":{"type":"Point","coordinates":[3.1062607,39.7972687]},"properties":{"tourism":"viewpoint"}},
{"type":"Feature","id":"n1726593320","geometry":{"type":"Point","coordinates":[3.1042892,39.7961681]},"properties":{"tourism":"viewpoint"}},
{"type":"Feature","id":"n1726936351","geometry":{"type":"Point","coordinates":[2.6187513,39.7081298]},"properties":{"access":"no","note":"closed by sign","tourism":"viewpoint"}},
{"type":"Feature","id":"n1727497668","geometry":{"type":"Point","coordinates":[3.0993077,39.7763948]},"properties":{"man_made":"tower","name":"Plataforma de s'Amarador","tourism":"viewpoint","tower:type":"observation"}},
{"type":"Feature","id":"n1732812103","geometry":{"type":"Point","coordinates":[3.3428161,39.7660499]},"properties":{"tourism":"viewpoint"}},
{"type":"Feature","id":"n1741226550","geometry":{"type":"Point","coordinates":[2.5528144,39.6506257]},"properties":{"description":"Casa de Neu","historic":"ruins","name":"Casa de neu","name:ca":"Casa de neu"}},
{"type":"Feature","id":"n1741672081","geometry":{"type":"Point","coordinates":[2.5564567,39.6865106]},"properties":{"tourism":"viewpoint"}},
{"type":"Feature","id":"n1742190775","geometry":{"type":"Point","coordinates":[2.7469844,39.7601242]},"properties":{"name":"mirador d'en Xim Quesada","tourism":"viewpoint"}},
{"type":"Feature","id":"n1744217458","geometry":{"type":"Point","coordinates":[2.7501072,39.7145973]},"properties":{"tourism":"viewpoint"}},
{"type":"Feature","id":"n1745582085","geometry":{"type":"Point","coordinates":[3.0817306,39.9075692]},"properties":{"amenity":"marketplace","opening_hours":"We"}},
{"type":"Feature","id":"n1746873216","geometry":{"type":"Point","coordinates":[2.5189208,39.6768355]},"properties":{"description":"Casa de Neu","historic":"ruins"}},
{"type":"Feature","id":"n1746873219","geometry":{"type":"Point","coordinates":[2.5436898,39.6796581]},"properties":{"description":"Casa de Neu","historic":"ruins"}},
{"type":"Feature","id":"n1749960639","geometry":{"type":"Point","coordinates":[2.6091674,39.7296977]},"properties":{"tourism":"viewpoint"}},
{"type":"Feature","id":"n1787712729","geometry":{"type":"Point","coordinates":[3.1275395,39.3149742]},"properties":{"designation":"gemauerter Sitzplatz","tourism":"viewpoint"}},
{"type":"Feature","id":"n1798550320","geometry":{"type":"Point","coordinates":[2.5223232,39.6881198]},"properties":{"tourism":"viewpoint"}},
{"type":"Feature","id":"n1798550323","geometry":{"type":"Point","coordinates":[2.5194466,39.6878426]},"properties":{"tourism":"viewpoint"}},
{"type":"Feature","id":"n1798550325","geometry":{"type":"Point","coordinates":[2.5041951,39.6848508]},"properties":{"name":"Collet d'en Morera","tourism":"viewpoint"}},
{"type":"Feature","id":"n1798550333","geometry":{"type":"Point","coordinates":[2.409494,39.6068934]},"properties":{"tourism":"viewpoint"}},
{"type":"Feature","id":"n1798550334","geometry":{"type":"Point","coordinates":[2.3691479,39.5318872]},"properties":{"tourism":"viewpoint"}},
{"type":"Feature","id":"n1798550335","geometry":{"type":"Point","coordinates":[2.3791763,39.5361182]},"properties":{"tourism":"viewpoint"}},
{"type":"Feature","id":"n1798550336","geometry":{"type":"Point","coordinates":[2.3798938,39.5341877]},"properties":{"tourism":"viewpoint"}},
{"type":"Feature","id":"n1798550338","geometry":{"type":"Point","coordinates":[2.3840051,39.5415067]},"properties":{"tourism":"viewpoint"}},
{"type":"Feature","id":"n1858894674","geometry":{"type":"Point","coordinates":[2.714351,39.7631124]},"properties":{"railway":"switch"}},
{"type":"Feature","id":"n1862699465","geometry":{"type":"Point","coordinates":[2.9871462,39.5717987]},"properties":{"fee":"yes","name":"Museu Arqueològic de Son Fornés","name:ca":"Museu Arqueològic de Son Fornés","tourism":"museum","wikidata":"Q20968892","wikimedia_commons":"Category:Museu de Son Fornés","wikipedia":"ca:Museu Arqueològic de Son Fornés"}},
{"type":"Feature","id":"n1862700336","geometry":{"type":"Point","coordinates":[2.82384,39.3975351]},"properties":{"historic":"archaeological_site","name":"Capocorb Vell"}},
{"type":"Feature","id":"n1885218776","geometry":{"type":"Point","coordinates":[2.6194525,39.7109331]},"properties":{"display_name":"Adventiat Regnum Tuum","historic":"memorial","name":"Cor de Jesús"}},
{"type":"Feature","id":"n1885218777","geometry":{"type":"Point","coordinates":[2.6233418,39.7090616]},"properties":{"check_date":"2024-03-25","name":"Miranda des Lledoners","tourism":"viewpoint"}},
{"type":"Feature","id":"n1894944998","geometry":{"type":"Point","coordinates":[2.4410839,39.5346288]},"properties":{"tourism":"viewpoint"}},
{"type":"Feature","id":"n1897002245","geometry":{"type":"Point","coordinates":[3.0304028,39.7718666]},"properties":{"historic":"memorial","material":"steel","name":"Monument dels Pagesos"}},
{"type":"Feature","id":"n1917795136","geometry":{"type":"Point","coordinates":[2.3157981,39.5803784]},"properties":{"historic":"ruins","name":"Forn de Calc","name:ca":"Forn de Calc"}},
{"type":"Feature","id":"n1929754071","geometry":{"type":"Point","coordinates":[2.305506,39.5767109]},"properties":{"tourism":"viewpoint"}},
{"type":"Feature","id":"n1949218818","geometry":{"type":"Point","coordinates":[2.5966706,39.6117707]},"properties":{"historic":"boundary_stone","material":"stone","source":"survey"}},
{"type":"Feature","id":"n1993710562","geometry":{"type":"Point","coordinates":[2.8428767,39.830441]},"properties":{"name":"sa Penya foradada","tourism":"viewpoint"}},
{"type":"Feature","id":"n2014137872","geometry":{"type":"Point","coordinates":[2.3785658,39.611356]},"properties":{"name":"les Bardes","name:ca":"les Bardes","tourism":"viewpoint"}},
{"type":"Feature","id":"n2015878774","geometry":{"type":"Point","coordinates":[3.0779875,39.9030859]},"properties":{"tourism":"viewpoint"}},
{"type":"Feature","id":"n2015878782","geometry":{"type":"Point","coordinates":[3.0780814,39.9026394]},"properties":{"tourism":"viewpoint"}},
{"type":"Feature","id":"n2078816849","geometry":{"type":"Point","coordinates":[3.0106273,39.6434021]},"properties":{"fee":"no","name":"Museu / Taller Ricado Gagó","tourism":"museum"}},
{"type":"Feature","id":"n2081167136","geometry":{"type":"Point","coordinates":[2.6188193,39.7081679]},"properties":{"historic":"wayside_cross","material":"stone","source":"survey"}},
{"type":"Feature","id":"n2081407521","geometry":{"type":"Point","coordinates":[2.6211752,39.7092178]},"properties":{"historic":"memorial","memorial":"bust","name":"Frederic Chopin","name:ca":"Frederic Chopin"}},
{"type":"Feature","id":"n2095622991","geometry":{"type":"Point","coordinates":[3.0991492,39.303388]},"properties":{"ele":"42","fee":"no","historic":"archaeological_site","name":"Avenc des Coloms","natural":"cave_entrance","source":"Jose Bermejo"}},
{"type":"Feature","id":"n2116846061","geometry":{"type":"Point","coordinates":[2.5926647,39.6096301]},"properties":{"historic":"boundary_stone","material":"stone","source":"survey"}},
{"type":"Feature","id":"n2117828814","geometry":{"type":"Point","coordinates":[3.3527937,39.625067]},"properties":{"description":"the city wall is visible here","name":"Pont d'en Calet","tourism":"viewpoint"}},
{"type":"Feature","id":"n2119241463","geometry":{"type":"Point","coordinates":[2.3756909,39.5594877]},"properties":{"tourism":"viewpoint"}},
{"type":"Feature","id":"n2119359756","geometry":{"type":"Point","coordinates":[3.210996,39.9565943]},"properties":{"tourism":"viewpoint"}},
{"type":"Feature","id":"n2126784177","geometry":{"type":"Point","coordinates":[2.8424774,39.6891368]},"properties":{"entrance":"yes","source":"survey"}},
{"type":"Feature","id":"n2141394396","geometry":{"type":"Point","coordinates":[3.4512745,39.6559459]},"properties":{"name":"Coves d'Artà","name:ca":"Coves d'Artà","tourism":"viewpoint"}},
{"type":"Feature","id":"n2153416339","geometry":{"type":"Point","coordinates":[2.4464264,39.5356903]},"properties":{"tourism":"viewpoint"}},
{"type":"Feature","id":"n2154861703","geometry":{"type":"Point","coordinates":[2.4421588,39.5349977]},"properties":{"access":"private","tourism":"viewpoint"}},
{"type":"Feature","id":"n2184040728","geometry":{"type":"Point","coordinates":[2.3509676,39.5958472]},"properties":{"tourism":"viewpoint"}},
{"type":"Feature","id":"n2185155984","geometry":{"type":"Point","coordinates":[2.79311,39.7324625]},"properties":{"note":"you see the way to Castell d'Alaró","tourism":"viewpoint","wheelchair":"no"}},
{"type":"Feature","id":"n2189863130","geometry":{"type":"Point","coordinates":[2.5673139,39.6629539]},"properties":{"description":"Sagrado Corazón de Jesús El pueblo de Esporlas está con vos","historic":"monument","name":"es Cor de Jesús","tourism":"viewpoint","wheelchair":"no"}},
{"type":"Feature","id":"n2261694757","geometry":{"type":"Point","coordinates":[2.6109221,39.7350776]},"properties":{"alt_name":"mirador des Pi","name":"Mirador des Niu des Corbs","tourism":"viewpoint"}},
{"type":"Feature","id":"n2261694792","geometry":{"type":"Point","coordinates":[2.6152824,39.7396421]},"properties":{"tourism":"viewpoint"}},
{"type":"Feature","id":"n2262567533","geometry":{"type":"Point","coordinates":[2.4373447,39.531696]},"properties":{"tourism":"viewpoint"}},
{"type":"Feature","id":"n2264507254","geometry":{"type":"Point","coordinates":[2.7144846,39.7637562]},"properties":{"railway":"switch"}},
{"type":"Feature","id":"n2264507261","geometry":{"type":"Point","coordinates":[2.714456,39.7636063]},"properties":{"railway":"switch"}},
{"type":"Feature","id":"n2269723891","geometry":{"type":"Point","coordinates":[2.5200518,39.4581491]},"properties":{"name":"Torre de Cala Figuera","tourism":"viewpoint"}},
{"type":"Feature","id":"n2270566642","geometry":{"type":"Point","coordinates":[2.4886044,39.6657591]},"properties":{"tourism":"viewpoint"}},
{"type":"Feature","id":"n2270847178","geometry":{"type":"Point","coordinates":[2.3807653,39.6099452]},"properties":{"tourism":"viewpoint"}},
{"type":"Feature","id":"n2270865609","geometry":{"type":"Point","coordinates":[2.6214711,39.545669]},"properties":{"historic":"cannon"}},
{"type":"Feature","id":"n2270865610","geometry":{"type":"Point","coordinates":[2.6202022,39.5457127]},"properties":{"historic":"cannon"}},
{"type":"Feature","id":"n2270865611","geometry":{"type":"Point","coordinates":[2.622019,39.5457099]},"properties":{"historic":"cannon"}},
{"type":"Feature","id":"n2270865612","geometry":{"type":"Point","coordinates":[2.6234105,39.545729]},"properties":{"historic":"cannon"}},
{"type":"Feature","id":"n2270865613","geometry":{"type":"Point","coordinates":[2.6238534,39.5457648]},"properties":{"historic":"cannon"}},
{"type":"Feature","id":"n2270865614","geometry":{"type":"Point","coordinates":[2.6225009,39.5457787]},"properties":{"historic":"cannon"}},
{"type":"Feature","id":"n2270865615","geometry":{"type":"Point","coordinates":[2.6224616,39.5460705]},"properties":{"historic":"cannon"}},
{"type":"Feature","id":"n2270865617","geometry":{"type":"Point","coordinates":[2.6220369,39.546131]},"properties":{"historic":"cannon"}},
{"type":"Feature","id":"n2270865666","geometry":{"type":"Point","coordinates":[2.6228878,39.5462241]},"properties":{"entrance":"main"}},
{"type":"Feature","id":"n2271040343","geometry":{"type":"Point","coordinates":[2.6206631,39.545819]},"properties":{"historic":"cannon"}},
{"type":"Feature","id":"n2271040745","geometry":{"type":"Point","coordinates":[2.6225725,39.5460585]},"properties":{"historic":"cannon"}},
{"type":"Feature","id":"n2271040749","geometry":{"type":"Point","coordinates":[2.6221473,39.5461161]},"properties":{"historic":"cannon"}},
{"type":"Feature","id":"n2271040753","geometry":{"type":"Point","coordinates":[2.6219286,39.546548]},"properties":{"historic":"cannon"}},
{"type":"Feature","id":"n2271040756","geometry":{"type":"Point","coordinates":[2.6221335,39.5466183]},"properties":{"historic":"cannon","memorial":"cannon"}},
{"type":"Feature","id":"n2271429352","geometry":{"type":"Point","coordinates":[2.6232084,39.5464468]},"properties":{"historic":"cannon"}},
{"type":"Feature","id":"n2271429353","geometry":{"type":"Point","coordinates":[2.6234413,39.5464985]},"properties":{"historic":"cannon"}},
{"type":"Feature","id":"n2271429354","geometry":{"type":"Point","coordinates":[2.6233989,39.5465346]},"properties":{"historic":"cannon"}},
{"type":"Feature","id":"n2271429355","geometry":{"type":"Point","coordinates":[2.6233645,39.5465624]},"properties":{"historic":"cannon"}},
{"type":"Feature","id":"n2271429356","geometry":{"type":"Point","coordinates":[2.6233354,39.5465869]},"properties":{"historic":"cannon"}},
{"type":"Feature","id":"n2271766527","geometry":{"type":"Point","coordinates":[2.4567032,39.5051307]},"properties":{"historic":"cannon"}},
{"type":"Feature","id":"n2271777379","geometry":{"type":"Point","coordinates":[2.4729699,39.5280329]},"properties":{"tourism":"viewpoint"}},
{"type":"Feature","id":"n2271777380","geometry":{"type":"Point","coordinates":[2.4736315,39.5286829]},"properties":{"tourism":"viewpoint"}},
{"type":"Feature","id":"n2272578049","geometry":{"type":"Point","coordinates":[2.3716792,39.5563447]},"properties":{"description":"visible the port of Port d'Andratx","direction":"134","tourism":"viewpoint"}},
{"type":"Feature","id":"n2275806096","geometry":{"type":"Point","coordinates":[2.9287985,39.5193903]},"properties":{"tourism":"viewpoint"}},
{"type":"Feature","id":"n2282443256","geometry":{"type":"Point","coordinates":[2.7125965,39.702876]},"properties":{"name":"sa Màquina vella","tourism":"viewpoint"}},
{"type":"Feature","id":"n2282507185","geometry":{"type":"Point","coordinates":[2.7192685,39.691583]},"properties":{"addr:housename":"Sa Cova","historic":"house"}},
{"type":"Feature","id":"n2299617132","geometry":{"type":"Point","coordinates":[2.54446,39.5046695]},"properties":{"historic":"ruins","source":"Bing"}},
{"type":"Feature","id":"n2303966293","geometry":{"type":"Point","coordinates":[2.7239013,39.555367]},"properties":{"tourism":"viewpoint"}},
{"type":"Feature","id":"n2303968624","geometry":{"type":"Point","coordinates":[2.7081065,39.5478556]},"properties":{"tourism":"viewpoint"}},
{"type":"Feature","id":"n2303971466","geometry":{"type":"Point","coordinates":[2.7383645,39.5424097]},"properties":{"tourism":"viewpoint"}},
{"type":"Feature","id":"n2303972548","geometry":{"type":"Point","coordinates":[2.7712404,39.5581547]},"properties":{"name":"plane spotting","tourism":"viewpoint"}},
{"type":"Feature","id":"n2303973663","geometry":{"type":"Point","coordinates":[2.7510594,39.5484678]},"properties":{"name":"plane spotting","tourism":"viewpoint"}},
{"type":"Feature","id":"n2306411082","geometry":{"type":"Point","coordinates":[3.3362041,39.7344563]},"properties":{"historic":"archaeological_site","name":"Talaiot del Puig Figuer","name:ca":"Talaiot del Puig Figuer","wikidata":"Q2389829","wikimedia_commons":"Category:Talaiot del puig Figuer","wikipedia":"ca:Talaiot del puig Figuer"}},
{"type":"Feature","id":"n2307064103","geometry":{"type":"Point","coordinates":[2.8070217,39.3671796]},"properties":{"name":"Mirador des Carril","tourism":"viewpoint"}},
{"type":"Feature","id":"n2308887119","geometry":{"type":"Point","coordinates":[3.3850325,39.7509732]},"properties":{"name":"Mirador de sa Senyora","tourism":"viewpoint"}},
{"type":"Feature","id":"n2309762542","geometry":{"type":"Point","coordinates":[2.6521949,39.5700971]},"properties":{"amenity":"theatre","name":"Teatre Sans","name:ca":"Teatre Sans","wikidata":"Q11111029","wikipedia":"ca:Teatre Sans"}},
{"type":"Feature","id":"n2317268443","geometry":{"type":"Point","coordinates":[2.4596187,39.5313606]},"properties":{"tourism":"viewpoint"}},
{"type":"Feature","id":"n2325233375","geometry":{"type":"Point","coordinates":[3.0122723,39.8803683]},"properties":{"historic":"wayside_cross"}},
{"type":"Feature","id":"n2325233378","geometry":{"type":"Point","coordinates":[3.0123429,39.8804215]},"properties":{"historic":"wayside_cross"}},
{"type":"Feature","id":"n2325233380","geometry":{"type":"Point","coordinates":[3.0123911,39.8804565]},"properties":{"historic":"wayside_cross"}},
{"type":"Feature","id":"n2325233383","geometry":{"type":"Point","coordinates":[3.012347,39.8806731]},"properties":{"historic":"wayside_cross"}},
{"type":"Feature","id":"n2372626206","geometry":{"type":"Point","coordinates":[2.6507674,39.5718162]},"properties":{"access":"yes","entrance":"yes","source":"survey","wheelchair":"yes"}},
{"type":"Feature","id":"n2372626207","geometry":{"type":"Point","coordinates":[2.6509329,39.571931]},"properties":{"access":"designated","entrance":"yes","source":"survey"}},
{"type":"Feature","id":"n2381858617","geometry":{"type":"Point","coordinates":[3.4599928,39.7109124]},"properties":{"amenity":"marketplace","name":"Mercat","name:ca":"Mercat","opening_hours":"Sa 08:00-13:00"}},
{"type":"Feature","id":"n2414364537","geometry":{"type":"Point","coordinates":[3.4444865,39.6576129]},"properties":{"tourism":"viewpoint"}},
{"type":"Feature","id":"n2417836151","geometry":{"type":"Point","coordinates":[3.3888287,39.7295531]},"properties":{"tourism":"viewpoint"}},
{"type":"Feature","id":"n2429278630","geometry":{"type":"Point","coordinates":[2.668588,39.7720884]},"properties":{"tourism":"viewpoint"}},
{"type":"Feature","id":"n2429278631","geometry":{"type":"Point","coordinates":[2.6696975,39.7732049]},"properties":{"tourism":"viewpoint"}},
{"type":"Feature","id":"n2435563156","geometry":{"type":"Point","coordinates":[2.6473906,39.5674903]},"properties":{"description":"Entrada Visita","description:de":"Besuchereingang","description:en":"Visitor's entrance","entrance":"yes","opening_hours":"Apr-Sep: 10:00-20:00; Oct-Mar: 10:00-18:00; Jan 01,May 01,Jun 01,Dec 24,Dec 25,Dec 31 off"}},
{"type":"Feature","id":"n2442703023","geometry":{"type":"Point","coordinates":[3.1495335,39.3897229]},"properties":{"tourism":"viewpoint"}},
{"type":"Feature","id":"n2442703134","geometry":{"type":"Point","coordinates":[3.1487826,39.3894743]},"properties":{"tourism":"viewpoint"}},
{"type":"Feature","id":"n2442924323","geometry":{"type":"Point","coordinates":[2.6210159,39.7111523]},"properties":{"amenity":"marketplace","opening_hours":"Su","source":"survey;caib.es"}},
{"type":"Feature","id":"n2442958079","geometry":{"type":"Point","coordinates":[3.1194031,39.3131673]},"properties":{"noexit":"yes","tourism":"viewpoint"}},
{"type":"Feature","id":"n2449764080","geometry":{"type":"Point","coordinates":[2.6492627,39.5759045]},"properties":{"amenity":"marketplace","name":"Mercat Ecològic","name:ca":"Mercat Ecològic","opening_hours":"Sa","wheelchair":"yes"}},
{"type":"Feature","id":"n2466510886","geometry":{"type":"Point","coordinates":[3.1145765,39.7757137]},"properties":{"man_made":"tower","name":"Son Bosc","name:ca":"Son Bosc","tourism":"viewpoint","tower:construction":"freestanding","tower:type":"observation"}},
{"type":"Feature","id":"n2514848284","geometry":{"type":"Point","coordinates":[2.4687895,39.512644]},"properties":{"seamark:small_craft_facility:category":"toilets","seamark:type":"small_craft_facility","tourism":"viewpoint"}},
{"type":"Feature","id":"n2522952418","geometry":{"type":"Point","coordinates":[2.9670666,39.5838097]},"properties":{"entrance":"main"}},
{"type":"Feature","id":"n2547206185","geometry":{"type":"Point","coordinates":[3.4259196,39.7509482]},"properties":{"tourism":"viewpoint"}},
{"type":"Feature","id":"n2588488000","geometry":{"type":"Point","coordinates":[2.7674704,39.7440134]},"properties":{"tourism":"viewpoint"}},
{"type":"Feature","id":"n2604892940","geometry":{"type":"Point","coordinates":[2.9652754,39.7823822]},"properties":{"historic":"memorial"}},
{"type":"Feature","id":"n2608577656","geometry":{"type":"Point","coordinates":[2.8188115,39.806521]},"properties":{"historic":"memorial","material":"stone","name":"Columna de Santuari","note":"memorial=rune_stone is for writted stones","note:2":"This was carried out for preserving of waters of dam in 1969"}},
{"type":"Feature","id":"n2608577657","geometry":{"type":"Point","coordinates":[2.8188368,39.8064735]},"properties":{"date":"1969","description":"Stone plaque reads: Columna de santuario ? / Siglos VI - II A.D.J.C. / transladada a este llugar para preservarla de las aguas del embalse / 1969","information":"board","material":"stone","name":"Columna de Santuari","tourism":"information"}},
{"type":"Feature","id":"n2609826468","geometry":{"type":"Point","coordinates":[2.6609105,39.5878767]},"properties":{"crossing:barrier":"no","maxheight":"default","railway":"level_crossing"}},
{"type":"Feature","id":"n2618691611","geometry":{"type":"Point","coordinates":[3.1171945,39.9287412]},"properties":{"wheelchair":"no"}},
{"type":"Feature","id":"n2619183086","geometry":{"type":"Point","coordinates":[2.4825914,39.5079084]},"properties":{"climbing":"crag","name":"Santa Ponça","sport":"climbing"}},
{"type":"Feature","id":"n2661742303","geometry":{"type":"Point","coordinates":[3.1828875,39.8808879]},"properties":{"entrance":"yes"}},
{"type":"Feature","id":"n2661742310","geometry":{"type":"Point","coordinates":[3.1832447,39.8809086]},"properties":{"entrance":"yes"}},
{"type":"Feature","id":"n2688887034","geometry":{"type":"Point","coordinates":[2.9000828,39.7745466]},"properties":{"name":"Mirador de la quarta volta","note":"Mirador de acceso peatonal, con unas vistas espectaculares.","tourism":"viewpoint"}},
{"type":"Feature","id":"n2713758025","geometry":{"type":"Point","coordinates":[2.6492764,39.6353576]},"properties":{"historic":"memorial","memorial":"statue","name":"Urizen"}},
{"type":"Feature","id":"n2714982079","geometry":{"type":"Point","coordinates":[2.7907199,39.7068647]},"properties":{"entrance":"yes"}},
{"type":"Feature","id":"n2714982146","geometry":{"type":"Point","coordinates":[2.790748,39.7069503]},"properties":{"entrance":"yes"}},
{"type":"Feature","id":"n2717405280","geometry":{"type":"Point","coordinates":[2.7869284,39.7050001]},"properties":{"amenity":"theatre","name":"Teatre d'Alaró","name:ca":"Teatre d'Alaró","operator":"Ajuntament d'Alaró","source":"survey","wikidata":"Q11951033","wikipedia":"ca:Teatre d'Alaró"}},
{"type":"Feature","id":"n2718817975","geometry":{"type":"Point","coordinates":[2.7886612,39.7061345]},"properties":{"historic":"memorial","memorial":"statue","name":"Escultor Llorenç Rosselló","source":"survey"}},
{"type":"Feature","id":"n2725956311","geometry":{"type":"Point","coordinates":[2.783725,39.7076511]},"properties":{"historic":"wayside_chapel","name":"Capella de Cabrit i Bassa","name:ca":"Capella de Cabrit i Bassa","source":"survey","start_date":"C17"}},
{"type":"Feature","id":"n2725956403","geometry":{"type":"Point","coordinates":[2.7838068,39.707612]},"properties":{"drinking_water":"no","historic":"yes","man_made":"water_well"}},
{"type":"Feature","id":"n2725992020","geometry":{"type":"Point","coordinates":[2.7892291,39.7056439]},"properties":{"description":"Creu del s. XVI venerada pels nostres majors. Destruida pel vent a 18 Dec. 1884 fou recollida i conservada per D. Pere Sampol de Son Curt. Restaurada per acord del mag ajuntament, fou beneida el 16 Agost 1959.","historic":"wayside_cross","name":"Creu d'en Cós","name:ca":"Creu d'en Cós","start_date":"C16"}},
{"type":"Feature","id":"n2727936391","geometry":{"type":"Point","coordinates":[2.7917804,39.7067542]},"properties":{"drinking_water":"no","drinking_water:legal":"no","historic":"yes","man_made":"water_well","name":"Manxa de Son Corb","name:ca":"Manxa de Son Corb","name:de":"Förderpumpe vom Son Corb","name:en":"Wheel pump of Son Corb","name:es":"Mancha de Son Corb","source":"survey","tourism":"attraction"}},
{"type":"Feature","id":"n2729251966","geometry":{"type":"Point","coordinates":[2.7836783,39.7094091]},"properties":{"historic":"lavoir","name":"Rentador de Son Rafalet","name:ca":"Rentador de Son Rafalet","source":"Bing,survey","tourism":"attraction"}},
{"type":"Feature","id":"n2729276552","geometry":{"type":"Point","coordinates":[2.7848385,39.7085252]},"properties":{"historic":"lavoir","name":"Rentador de Ca na Fara","source":"Bing,survey"}},
{"type":"Feature","id":"n2731964949","geometry":{"type":"Point","coordinates":[2.7905523,39.7049436]},"properties":{"historic":"yes","man_made":"water_well","name":"Manxa de Can Pintat","name:ca":"Manxa de Can Pintat","source":"survey","tourism":"attraction"}},
{"type":"Feature","id":"n2751511188","geometry":{"type":"Point","coordinates":[2.680944,39.7970499]},"properties":{"tourism":"viewpoint"}},
{"type":"Feature","id":"n2757805186","geometry":{"type":"Point","coordinates":[2.7629668,39.7660814]},"properties":{"historic":"wayside_cross"}},
{"type":"Feature","id":"n2791401377","geometry":{"type":"Point","coordinates":[2.4362562,39.5441824]},"properties":{"tourism":"viewpoint"}},
{"type":"Feature","id":"n2795373918","geometry":{"type":"Point","coordinates":[3.1878164,39.4320235]},"properties":{"castle_type":"castrum","castle_type:ca":"castell roquer","ele":"420.89","historic":"castle","name":"Castell de Santueri","name:ca":"Castell de Santueri","note":"Castell roquer","ruins":"yes","tourism":"attraction","website":"https://www.santueri.org/","wikidata":"Q908268","wikimedia_commons":"Category:Castell de Santueri","wikipedia":"ca:Castell de Santueri"}},
{"type":"Feature","id":"n2819548985","geometry":{"type":"Point","coordinates":[2.747045,39.723843]},"properties":{"name":"Es Salt des Freu","tourism":"attraction","waterway":"waterfall"}},
{"type":"Feature","id":"n2820272445","geometry":{"type":"Point","coordinates":[3.1252362,39.7936527]},"properties":{"historic":"monument","name":"Peilturm Platja de Muro (T02a) 3","source":"survey;bing;https://interfest.de/index.php?option=com_content&view=article&id=382:am-wall-nr-103-mallorcas-obelisken-eine-verspaetete-antwort&catid=101&Itemid=526&lang=de"}},
{"type":"Feature","id":"n2822510795","geometry":{"type":"Point","coordinates":[3.2811704,39.7383158]},"properties":{"historic":"archaeological_site","name":"Sa Cova des Turó des Molí"}},
{"type":"Feature","id":"n2822521269","geometry":{"type":"Point","coordinates":[3.289766,39.7448641]},"properties":{"historic":"monument","name":"Torres de senyals costaneres de Son Viulí","seamark:landmark:category":"tower","seamark:type":"landmark","tower:type":"positioning tower"}},
{"type":"Feature","id":"n2822522521","geometry":{"type":"Point","coordinates":[3.2909086,39.744134]},"properties":{"historic":"monument","name":"Torres de senyals costaneres de Son Viulí","seamark:landmark:category":"tower","seamark:type":"landmark","tower:type":"positioning tower"}},
{"type":"Feature","id":"n2833512417","geometry":{"type":"Point","coordinates":[3.1089159,39.3030009]},"properties":{"historic":"ruins","name":"Megalithic Ruins"}},
{"type":"Feature","id":"n2891294526","geometry":{"type":"Point","coordinates":[2.6482,39.7324522]},"properties":{"tourism":"viewpoint"}},
{"type":"Feature","id":"n2917234501","geometry":{"type":"Point","coordinates":[2.6119416,39.737896]},"properties":{"name":"mirador des Figueral","tourism":"viewpoint"}},
{"type":"Feature","id":"n2917258476","geometry":{"type":"Point","coordinates":[2.616701,39.7387246]},"properties":{"name":"jardí de sa torre des Moro","name:ca":"jardí de sa torre des Moro","tourism":"viewpoint"}},
{"type":"Feature","id":"n2921807708","geometry":{"type":"Point","coordinates":[3.3884126,39.6048579]},"properties":{"historic":"memorial","memorial":"bust","source":"survey"}},
{"type":"Feature","id":"n2953961869","geometry":{"type":"Point","coordinates":[2.6279457,39.586437]},"properties":{"historic":"memorial","source":"survey"}},
{"type":"Feature","id":"n2962977053","geometry":{"type":"Point","coordinates":[2.9059097,39.649378]},"properties":{"historic":"archaeological_site","name":"cova des Camp del Bisbe"}},
{"type":"Feature","id":"n2968149327","geometry":{"type":"Point","coordinates":[2.4793223,39.4891731]},"properties":{"tourism":"viewpoint"}},
{"type":"Feature","id":"n2971473380","geometry":{"type":"Point","coordinates":[2.6222956,39.7098825]},"properties":{"alt_name":"Banco Popular","alt_name:ca":"Banc Popular","alt_name:en":"Popular Bank","alt_name:es":"Banco Popular","atm":"yes","brand":"Banco Santander","brand:en":"Santander Bank","brand:es":"Banco Santander","brand:wikidata":"Q6496310","brand:wikipedia":"es:Banco Santander","name":"Just ART","name:ca":"Just ART","name:en":"Santander Bank","name:es":"Banco Santander","official_name":"Santander Group","old_name":"Banco Popular Español","short_name":"BPPR","tourism":"gallery"}},
{"type":"Feature","id":"n2981741839","geometry":{"type":"Point","coordinates":[2.6947336,39.697634]},"properties":{"crossing:barrier":"no","maxheight":"default","maxheight:signed":"no","railway":"level_crossing"}},
{"type":"Feature","id":"n2990597927","geometry":{"type":"Point","coordinates":[2.6683019,39.6378979]},"properties":{"name":"Son Reus","name:ca":"Son Reus","railway":"halt","train":"yes"}},
{"type":"Feature","id":"n2990602242","geometry":{"type":"Point","coordinates":[2.708789,39.762992]},"properties":{"name":"Can Tambor","name:ca":"Can Tambor","railway":"halt"}},
{"type":"Feature","id":"n2992214120","geometry":{"type":"Point","coordinates":[2.6202657,39.5514149]},"properties":{"addr:city":"Palma de Mallorca","addr:postcode":"07015","amenity":"casino","name":"Casino De Mallorca","tourism":"attraction","website":"https://www.casinodemallorca.com/"}},
{"type":"Feature","id":"n3062728452","geometry":{"type":"Point","coordinates":[3.2337076,39.3667972]},"properties":{"entrance":"main"}},
{"type":"Feature","id":"n3069852245","geometry":{"type":"Point","coordinates":[3.1669887,39.7616625]},"properties":{"historic":"monument","name":"Torre d'Enfilació","name:ca":"Torre d'Enfilació","seamark:landmark:category":"tower","seamark:type":"landmark","tower:type":"positioning","wikidata":"Q8674691","wikimedia_commons":"Category:Peilturm","wikipedia":"de:Peilturm"}},
{"type":"Feature","id":"n3088984705","geometry":{"type":"Point","coordinates":[2.6332706,39.7342698]},"properties":{"tourism":"viewpoint"}},
{"type":"Feature","id":"n3091640332","geometry":{"type":"Point","coordinates":[2.7622225,39.6781502]},"properties":{"historic":"monument","name":"Son Torrella","name:ca":"Son Torrella","place":"locality","ref:bic":"RI-51-0008498"}},
{"type":"Feature","id":"n3091640479","geometry":{"type":"Point","coordinates":[2.7639201,39.6756247]},"properties":{"historic":"monument","name":"Ses Fontanelles","name:ca":"Ses Fontanelles","ref:bic":"RI-51-0002772"}},
{"type":"Feature","id":"n3091640516","geometry":{"type":"Point","coordinates":[2.7738861,39.6509296]},"properties":{"historic":"wayside_cross","name":"Creu del Convent de Nostra Senyora de la Soledat","name:ca":"Creu del Convent de Nostra Senyora de la Soledat","ref:bic":"RI-51-0010393","wikidata":"Q56515000"}},
{"type":"Feature","id":"n3091648407","geometry":{"type":"Point","coordinates":[2.7550703,39.6778132]},"properties":{"historic":"monument","name":"Claper des Doblers","ref:bic":"RI-51-0002761"}},
{"type":"Feature","id":"n3091648408","geometry":{"type":"Point","coordinates":[2.7392981,39.6814455]},"properties":{"historic":"monument","name":"Cova des Moro","ref:bic":"RI-51-0002763"}},
{"type":"Feature","id":"n3091651814","geometry":{"type":"Point","coordinates":[2.7543154,39.673213]},"properties":{"historic":"monument","name":"Tanca des Cabàs Vell","ref:bic":"RI-51-0002765"}},
{"type":"Feature","id":"n3091651851","geometry":{"type":"Point","coordinates":[2.7810448,39.6746164]},"properties":{"historic":"archaeological_site","name":"Basílica de Cas Frares","name:ca":"Basílica de Cas Frares","wikidata":"Q11908696","wikimedia_commons":"Category:Basílica de Cas Frares","wikipedia":"ca:Basílica de Cas Frares"}},
{"type":"Feature","id":"n3091654869","geometry":{"type":"Point","coordinates":[2.7719053,39.6509295]},"properties":{"access":"yes","alt_name":"Sa Sínia de Ca n'Andria","historic":"monument","name":"Sa Sínia","wikidata":"Q18006513","wikipedia":"ca:Sa Sínia"}},
{"type":"Feature","id":"n3111639131","geometry":{"type":"Point","coordinates":[2.7888954,39.7058972]},"properties":{"amenity":"marketplace","name":"Plaça de la Vila","opening_hours":"Sa 05:00-16:00"}},
{"type":"Feature","id":"n3112502731","geometry":{"type":"Point","coordinates":[2.7892202,39.7057688]},"properties":{"amenity":"drinking_water","historic":"fountain","man_made":"water_tap","name":"Font de la Plaça","name:ca":"Font de la Plaça","source":"survey","start_date":"1742","tourism":"attraction"}},
{"type":"Feature","id":"n3115505533","geometry":{"type":"Point","coordinates":[3.4514584,39.7382762]},"properties":{"seamark:landmark:category":"tower","seamark:landmark:function":"Old Watchtower","seamark:type":"landmark"}},
{"type":"Feature","id":"n3118202829","geometry":{"type":"Point","coordinates":[2.7864362,39.7051514]},"properties":{"drinking_water":"no","drinking_water:legal":"no","historic":"water_well","man_made":"water_well","name":"Manxa del Porrossar","source":"survey","tourism":"attraction"}},
{"type":"Feature","id":"n3118203829","geometry":{"type":"Point","coordinates":[2.7840251,39.707123]},"properties":{"addr:housename":"Ca Sa Bastida","addr:street":"Carrer de Sa Bastida","historic":"yes"}},
{"type":"Feature","id":"n3145149010","geometry":{"type":"Point","coordinates":[2.8246856,39.3970419]},"properties":{"barrier":"gate","source":"survey"}},
{"type":"Feature","id":"n3146370863","geometry":{"type":"Point","coordinates":[2.8877819,39.487875]},"properties":{"addr:housenumber":"126","addr:street":"Carrer del Bisbe Taixequet","historic":"memorial","man_made":"windmill","memorial":"statue","name":"Jaume III."}},
{"type":"Feature","id":"n3189047329","geometry":{"type":"Point","coordinates":[2.5806723,39.539067]},"properties":{"historic":"monument","name":"3","name:ca":"3"}},
{"type":"Feature","id":"n3203664917","geometry":{"type":"Point","coordinates":[2.588222,39.5431126]},"properties":{"historic":"monument","name":"2","name:ca":"2"}},
{"type":"Feature","id":"n3203664918","geometry":{"type":"Point","coordinates":[2.5948278,39.546814]},"properties":{"historic":"monument","name":"1","name:ca":"1"}},
{"type":"Feature","id":"n3203684019","geometry":{"type":"Point","coordinates":[2.5516138,39.5292005]},"properties":{"historic":"monument","name":"4","name:ca":"4"}},
{"type":"Feature","id":"n3210672710","geometry":{"type":"Point","coordinates":[2.5477923,39.5286002]},"properties":{"historic":"monument","name":"5","name:ca":"5"}},
{"type":"Feature","id":"n3216447391","geometry":{"type":"Point","coordinates":[2.5644447,39.5320185]},"properties":{"tourism":"viewpoint"}},
{"type":"Feature","id":"n3216574843","geometry":{"type":"Point","coordinates":[2.5776198,39.5323081]},"properties":{"tourism":"viewpoint"}},
{"type":"Feature","id":"n3284002578","geometry":{"type":"Point","coordinates":[2.6738915,39.6972882]},"properties":{"tourism":"viewpoint"}},
{"type":"Feature","id":"n3306422621","geometry":{"type":"Point","coordinates":[2.5656137,39.665621]},"properties":{"name":"es Castellet","name:ca":"es Castellet","tourism":"viewpoint"}},
{"type":"Feature","id":"n3347700783","geometry":{"type":"Point","coordinates":[3.217354,39.5645596]},"properties":{"addr:street":"ronda del Port","amenity":"cinema","name":"Multicines Manacor","name:ca":"Multicines Manacor"}},
{"type":"Feature","id":"n3382548305","geometry":{"type":"Point","coordinates":[3.2110498,39.5685614]},"properties":{"addr:housenumber":"7","addr:street":"plaça del Rector Rubí","entrance":"yes"}},
{"type":"Feature","id":"n3384239926","geometry":{"type":"Point","coordinates":[2.957981,39.6154937]},"properties":{"historic":"memorial","inscription":"Centro geográfico de la isla de Mallorca","material":"stone","memorial":"stone_with_plaque","name":"Centre de Mallorca"}},
{"type":"Feature","id":"n3384243944","geometry":{"type":"Point","coordinates":[3.2385381,39.7294703]},"properties":{"historic":"monument","name":"Torre d'Enfilació","seamark:landmark:category":"tower","seamark:type":"landmark","tower:type":"positioning tower"}},
{"type":"Feature","id":"n3384243958","geometry":{"type":"Point","coordinates":[3.2394274,39.7303242]},"properties":{"historic":"monument","name":"Torre d'Enfilació","seamark:landmark:category":"tower","seamark:type":"landmark","tower:type":"positioning tower"}},
{"type":"Feature","id":"n3384265461","geometry":{"type":"Point","coordinates":[3.2763802,39.4345857]},"properties":{"tourism":"viewpoint"}},
{"type":"Feature","id":"n3384265466","geometry":{"type":"Point","coordinates":[3.2765565,39.4347698]},"properties":{"tourism":"viewpoint"}},
{"type":"Feature","id":"n3384265473","geometry":{"type":"Point","coordinates":[3.2766086,39.4350037]},"properties":{"tourism":"viewpoint"}},
{"type":"Feature","id":"n3388943619","geometry":{"type":"Point","coordinates":[2.8025515,39.7831601]},"properties":{"historic":"ruins","name":"airplane crash"}},
{"type":"Feature","id":"n3392505408","geometry":{"type":"Point","coordinates":[2.7915458,39.6508076]},"properties":{"alt_name":"pou del Beat Gaspar","drinking_water":"no","historic":"yes","man_made":"water_well","name":"pou de Can Cerdó","natural":"spring","wikidata":"Q18005938","wikipedia":"ca:Pou de Can Cerdó"}},
{"type":"Feature","id":"n3393503819","geometry":{"type":"Point","coordinates":[2.5852852,39.5398374]},"properties":{"name":"Jungle Park Junior","tourism":"attraction"}},
{"type":"Feature","id":"n3395923754","geometry":{"type":"Point","coordinates":[3.2175257,39.570795]},"properties":{"addr:housenumber":"4","addr:postcode":"07500","addr:street":"carrer de les Coves dels Hams","entrance":"yes"}},
{"type":"Feature","id":"n3396018382","geometry":{"type":"Point","coordinates":[3.3356095,39.5423297]},"properties":{"addr:city":"PortoCristo","addr:housenumber":"45","addr:postcode":"07680","addr:street":"carrer d’Isabel Montaner","entrance":"yes"}},
{"type":"Feature","id":"n3411207114","geometry":{"type":"Point","coordinates":[2.7405108,39.4818598]},"properties":{"historic":"memorial"}},
{"type":"Feature","id":"n3413847342","geometry":{"type":"Point","coordinates":[3.1866081,39.7517915]},"properties":{"historic":"monument","name":"Torre d'Enfilació","name:ca":"Torre d'Enfilació","seamark:landmark:category":"tower","seamark:type":"landmark","tower:type":"positioning","wikidata":"Q8674691","wikimedia_commons":"Category:Peilturm","wikipedia":"de:Peilturm"}},
{"type":"Feature","id":"n3413847434","geometry":{"type":"Point","coordinates":[3.1874954,39.752642]},"properties":{"historic":"monument","name":"Torre d'Enfilació","name:ca":"Torre d'Enfilació","seamark:landmark:category":"tower","seamark:type":"landmark","tower:type":"positioning","wikidata":"Q8674691","wikimedia_commons":"Category:Peilturm","wikipedia":"de:Peilturm"}},
{"type":"Feature","id":"n3413850704","geometry":{"type":"Point","coordinates":[3.1880345,39.7544936]},"properties":{"archaeological_site":"necropolis","historic":"archaeological_site","name":"Necròpolis de s’Illot des Porros","name:ca":"Necròpolis de s’Illot des Porros","wikidata":"Q2382896","wikimedia_commons":"Category:L'Illot dels Porros","wikipedia":"de:S’Illot des Porros"}},
{"type":"Feature","id":"n3423477727","geometry":{"type":"Point","coordinates":[2.9072812,39.7156513]},"properties":{"entrance":"yes"}},
{"type":"Feature","id":"n3423869683","geometry":{"type":"Point","coordinates":[2.4418004,39.5436811]},"properties":{"tourism":"viewpoint"}},
{"type":"Feature","id":"n3424015563","geometry":{"type":"Point","coordinates":[2.5579537,39.6376631]},"properties":{"name":"mola de Sobremunt","tourism":"viewpoint"}},
{"type":"Feature","id":"n3426553711","geometry":{"type":"Point","coordinates":[2.6321802,39.7578212]},"properties":{"name":"Cingle d'en Visc","tourism":"viewpoint"}},
{"type":"Feature","id":"n3456565911","geometry":{"type":"Point","coordinates":[2.7061655,39.5391956]},"properties":{"name":"Mirador Bartomeu Gomila","tourism":"viewpoint"}},
{"type":"Feature","id":"n3486629588","geometry":{"type":"Point","coordinates":[2.5763342,39.6999742]},"properties":{"alt_name":"Mirador dels Coloms;Mirador del Cable","name":"Mirador de Son Ferrandell","tourism":"viewpoint"}},
{"type":"Feature","id":"n3537752736","geometry":{"type":"Point","coordinates":[3.278892,39.7389547]},"properties":{"historic":"monument","name":"torre d’enfilació","seamark:landmark:category":"tower","seamark:type":"landmark","tower:type":"positioning tower"}},
{"type":"Feature","id":"n3538045577","geometry":{"type":"Point","coordinates":[3.1393592,39.7784517]},"properties":{"historic":"monument","man_made":"tower","name":"Torre d'Enfilació","tower:type":"positioning tower"}},
{"type":"Feature","id":"n3538047024","geometry":{"type":"Point","coordinates":[3.1385451,39.7776601]},"properties":{"historic":"monument","man_made":"tower","name":"Torre d'Enfilació","tower:type":"positioning tower"}},
{"type":"Feature","id":"n3549391493","geometry":{"type":"Point","coordinates":[3.3752617,39.5705161]},"properties":{"name:de":"Strandpromenade","toilets:wheelchair":"yes","tourism":"attraction","wheelchair":"yes","wheelchair:description":"de: Voll rollstuhlgerecht, keine Pflastersteine, Rolliparkplätze vorhanden"}},
{"type":"Feature","id":"n3556519535","geometry":{"type":"Point","coordinates":[2.9402702,39.1397762]},"properties":{"historic":"monument","name":"Monument dels Francesos"}},
{"type":"Feature","id":"n3573983204","geometry":{"type":"Point","coordinates":[2.6216071,39.7093498]},"properties":{"historic":"memorial","memorial":"bust"}},
{"type":"Feature","id":"n3596563122","geometry":{"type":"Point","coordinates":[3.3534571,39.5616291]},"properties":{"historic":"archaeological_site","name":"Talaiot de sa Gruta","name:ca":"Talaiot de sa Gruta"}},
{"type":"Feature","id":"n3602614951","geometry":{"type":"Point","coordinates":[2.9317467,39.1525741]},"properties":{"tourism":"viewpoint","wikimedia_commons":"File:View_of_Isla_de_Cabrera_National_Park,_Mallorca_(Spain)_(23351162771).jpg"}},
{"type":"Feature","id":"n3608990297","geometry":{"type":"Point","coordinates":[2.5539057,39.5286547]},"properties":{"tourism":"viewpoint"}},
{"type":"Feature","id":"n3623084190","geometry":{"type":"Point","coordinates":[2.5992203,39.7186076]},"properties":{"name":"mirador des Barranc","tourism":"viewpoint"}},
{"type":"Feature","id":"n3623085493","geometry":{"type":"Point","coordinates":[2.5990729,39.7207078]},"properties":{"name":"mirador del Port","name:ca":"mirador del Port","tourism":"viewpoint"}},
{"type":"Feature","id":"n3623085500","geometry":{"type":"Point","coordinates":[2.602182,39.723396]},"properties":{"name":"mirador de sa Font Figuera","tourism":"viewpoint"}},
{"type":"Feature","id":"n3623085507","geometry":{"type":"Point","coordinates":[2.6003894,39.7218805]},"properties":{"name":"mirador de sa Volta de s’Escolta","tourism":"viewpoint"}},
{"type":"Feature","id":"n3623394430","geometry":{"type":"Point","coordinates":[2.6607745,39.5907144]},"properties":{"railway":"crossing"}},
{"type":"Feature","id":"n3623394432","geometry":{"type":"Point","coordinates":[2.6606707,39.5929277]},"properties":{"railway":"level_crossing"}},
{"type":"Feature","id":"n3623679815","geometry":{"type":"Point","coordinates":[2.5974386,39.6866687]},"properties":{"tourism":"viewpoint"}},
{"type":"Feature","id":"n3623679830","geometry":{"type":"Point","coordinates":[2.5996378,39.687613]},"properties":{"tourism":"viewpoint"}},
{"type":"Feature","id":"n3623679841","geometry":{"type":"Point","coordinates":[2.5986196,39.6880759]},"properties":{"historic":"ruins"}},
{"type":"Feature","id":"n3623679842","geometry":{"type":"Point","coordinates":[2.6002889,39.690744]},"properties":{"historic":"ruins"}},
{"type":"Feature","id":"n3623679843","geometry":{"type":"Point","coordinates":[2.5987869,39.692097]},"properties":{"historic":"ruins"}},
{"type":"Feature","id":"n3623679854","geometry":{"type":"Point","coordinates":[2.6040351,39.6996267]},"properties":{"tourism":"viewpoint"}},
{"type":"Feature","id":"n3623679855","geometry":{"type":"Point","coordinates":[2.60267,39.7009427]},"properties":{"historic":"ruins"}},
{"type":"Feature","id":"n3623679856","geometry":{"type":"Point","coordinates":[2.6026594,39.7010123]},"properties":{"tourism":"viewpoint"}},
{"type":"Feature","id":"n3623679857","geometry":{"type":"Point","coordinates":[2.603574,39.7010434]},"properties":{"tourism":"viewpoint"}},
{"type":"Feature","id":"n3623679858","geometry":{"type":"Point","coordinates":[2.6047318,39.7012211]},"properties":{"tourism":"viewpoint"}},
{"type":"Feature","id":"n3623679859","geometry":{"type":"Point","coordinates":[2.6071207,39.7013071]},"properties":{"description:de":"Blick auf Palma","description:en":"View of Palma","tourism":"viewpoint"}},
{"type":"Feature","id":"n3623679863","geometry":{"type":"Point","coordinates":[2.6137897,39.7044577]},"properties":{"historic":"ruins"}},
{"type":"Feature","id":"n3623679866","geometry":{"type":"Point","coordinates":[2.6153184,39.7056735]},"properties":{"description:de":"Blick auf Valldemossa","description:en":"View of Valldemossa","tourism":"viewpoint"}},
{"type":"Feature","id":"n3623777447","geometry":{"type":"Point","coordinates":[2.8945806,39.4910635]},"properties":{"historic":"memorial","name":"estàtua de s’Espigolera"}},
{"type":"Feature","id":"n3634668341","geometry":{"type":"Point","coordinates":[2.3589817,39.5977515]},"properties":{"tourism":"viewpoint"}},
{"type":"Feature","id":"n3637887997","geometry":{"type":"Point","coordinates":[3.4333632,39.7040485]},"properties":{"entrance":"main"}},
{"type":"Feature","id":"n3660139334","geometry":{"type":"Point","coordinates":[3.354124,39.696379]},"properties":{"name":"Torre d'es Mirador","tourism":"viewpoint","wheelchair":"yes"}},
{"type":"Feature","id":"n3677951641","geometry":{"type":"Point","coordinates":[3.3562103,39.5836218]},"properties":{"historic":"archaeological_site","name":"Na Gatera","name:ca":"Na Gatera"}},
{"type":"Feature","id":"n3677951750","geometry":{"type":"Point","coordinates":[2.6037122,39.7143784]},"properties":{"historic":"archaeological_site","name":"Son Mas","name:ca":"Son Mas"}},
{"type":"Feature","id":"n3677961452","geometry":{"type":"Point","coordinates":[2.4854831,39.5052609]},"properties":{"historic":"archaeological_site","name":"Talaiot de Son Miralles","name:ca":"Talaiot de Son Miralles","wikidata":"Q98096580"}},
{"type":"Feature","id":"n3677961453","geometry":{"type":"Point","coordinates":[2.4862555,39.5053602]},"properties":{"archaeological_site":"tumulus","historic":"archaeological_site","name":"Túmul de Son Miralles","name:ca":"Túmul de Son Miralles"}},
{"type":"Feature","id":"n3678668135","geometry":{"type":"Point","coordinates":[2.6322353,39.6921073]},"properties":{"historic":"archaeological_site","name":"Balma de Son Matge","name:ca":"Balma de Son Matge","wikidata":"Q19843480","wikimedia_commons":"Category:Balma de Son Matge","wikipedia":"es:Yacimiento Son Matge"}},
{"type":"Feature","id":"n3680775825","geometry":{"type":"Point","coordinates":[2.9262035,39.599157]},"properties":{"name":"Baixos de Pina","name:ca":"Baixos de Pina","tourism":"viewpoint"}},
{"type":"Feature","id":"n3729748058","geometry":{"type":"Point","coordinates":[2.4241304,39.5276924]},"properties":{"tourism":"viewpoint"}},
{"type":"Feature","id":"n3729883046","geometry":{"type":"Point","coordinates":[2.4256639,39.5311779]},"properties":{"tourism":"viewpoint"}},
{"type":"Feature","id":"n3733690330","geometry":{"type":"Point","coordinates":[2.6060232,39.7295535]},"properties":{"alt_name":"mirador Blanc","name":"mirador Nou","tourism":"viewpoint"}},
{"type":"Feature","id":"n3739699850","geometry":{"type":"Point","coordinates":[2.8452788,39.6865625]},"properties":{"name":"Llorenç Villalonga","name:ca":"Museu Llorenç Villalonga","tourism":"museum","wikidata":"Q17578639"}},
{"type":"Feature","id":"n3739699851","geometry":{"type":"Point","coordinates":[3.0373718,39.5980757]},"properties":{"name":"Pare Rafel Ginard","tourism":"museum"}},
{"type":"Feature","id":"n3740983895","geometry":{"type":"Point","coordinates":[3.0521866,39.7397332]},"properties":{"historic":"memorial","name":"Trencador de marès","name:ca":"Trencador de marès"}},
{"type":"Feature","id":"n3744505899","geometry":{"type":"Point","coordinates":[3.1207761,39.8509521]},"properties":{"access":"customers","barrier":"gate"}},
{"type":"Feature","id":"n3744505902","geometry":{"type":"Point","coordinates":[3.1266816,39.8478805]},"properties":{"access":"no","barrier":"gate"}},
{"type":"Feature","id":"n3760837637","geometry":{"type":"Point","coordinates":[2.6557223,39.577821]},"properties":{"crossing:barrier":"no","maxheight:signed":"no","railway":"level_crossing"}},
{"type":"Feature","id":"n3760841973","geometry":{"type":"Point","coordinates":[2.6586803,39.5801542]},"properties":{"crossing:barrier":"no","railway":"level_crossing"}},
{"type":"Feature","id":"n3760841975","geometry":{"type":"Point","coordinates":[2.659413,39.5809591]},"properties":{"railway":"level_crossing"}},
{"type":"Feature","id":"n3760841978","geometry":{"type":"Point","coordinates":[2.6599664,39.5815603]},"properties":{"crossing:barrier":"no","railway":"level_crossing"}},
{"type":"Feature","id":"n3760841981","geometry":{"type":"Point","coordinates":[2.660697,39.5824655]},"properties":{"crossing:barrier":"no","railway":"level_crossing"}},
{"type":"Feature","id":"n3763437771","geometry":{"type":"Point","coordinates":[2.6487939,39.5666389]},"properties":{"fee":"no","name":"Museu Marítim","tourism":"museum"}},
{"type":"Feature","id":"n3778154598","geometry":{"type":"Point","coordinates":[3.1567043,39.7662921]},"properties":{"historic":"monument","name":"Torre d'Enfilació","name:ca":"Torre d'Enfilació","seamark:landmark:category":"tower","seamark:type":"landmark","tower:type":"positioning","wikidata":"Q8674691","wikimedia_commons":"Category:Peilturm","wikipedia":"de:Peilturm"}},
{"type":"Feature","id":"n3781277875","geometry":{"type":"Point","coordinates":[2.9260693,39.5276292]},"properties":{"tourism":"museum","wheelchair":"yes"}},
{"type":"Feature","id":"n3784965182","geometry":{"type":"Point","coordinates":[3.1103804,39.929266]},"properties":{"historic":"memorial","inscription":"Al Ingeniero Antonio Parietti Coll Por Su Capacidad Creadora Iniciada Con Esta Carretera A Formentor / Ano 1968","memorial":"stone","name":"Antonio Parietti Coll","name:ca":"Antoni Parietti Coll","start_date":"1968","subject:wikidata":"Q604027","subject:wikipedia":"de:Antonio Parietti","wikimedia_commons":"Category:Antoni Parietti Coll"}},
{"type":"Feature","id":"n3789033401","geometry":{"type":"Point","coordinates":[2.8972512,39.747389]},"properties":{"tourism":"viewpoint"}},
{"type":"Feature","id":"n3794592104","geometry":{"type":"Point","coordinates":[2.8247722,39.3970866]},"properties":{"amenity":"cafe","name":"Talaiot"}},
{"type":"Feature","id":"n3794622081","geometry":{"type":"Point","coordinates":[2.8247376,39.3968484]},"properties":{"amenity":"parking"}},
{"type":"Feature","id":"n3801855155","geometry":{"type":"Point","coordinates":[3.3907119,39.6355114]},"properties":{"historic":"archaeological_site","name":"talaiot de Mestre Ramon","name:ca":"Talaiot de Mestre Ramon","wikidata":"Q21077315","wikimedia_commons":"Category:Archaeological site of Mestre Ramon","wikipedia":"ca:Jaciment arqueològic de Mestre Ramon"}},
{"type":"Feature","id":"n3807477284","geometry":{"type":"Point","coordinates":[2.8977762,39.8308319]},"properties":{"historic":"ruins","name":"Forn de calç","name:ca":"Forn de calç","source":"survey;knowledge"}},
{"type":"Feature","id":"n3840569239","geometry":{"type":"Point","coordinates":[2.6224681,39.7092137]},"properties":{"check_date":"2025-10-16","fee":"yes","name":"Frederic Chopin","name:ca":"Frederic Chopin","opening_hours":"Mo-Su 10:00-17:30","tourism":"museum"}},
{"type":"Feature","id":"n3844932751","geometry":{"type":"Point","coordinates":[2.6477691,39.5905203]},"properties":{"historic":"ruins","name":"Molí den Carreres","wikidata":"Q108722904","wikimedia_commons":"Category:Molí d'en Carreres"}},
{"type":"Feature","id":"n3867584775","geometry":{"type":"Point","coordinates":[2.6629427,39.5788358]},"properties":{"historic":"memorial","name":"els Marxaires"}},
{"type":"Feature","id":"n3869839256","geometry":{"type":"Point","coordinates":[2.6529689,39.5734984]},"properties":{"historic":"memorial","memorial":"statue","name":"El darrer vestit a l'ampla"}},
{"type":"Feature","id":"n3869868752","geometry":{"type":"Point","coordinates":[2.6524383,39.5729138]},"properties":{"artwork_subject":"figurative","artwork_type":"sculpture","historic":"memorial","material":"bronze","memorial":"bust","name":"Dona cosint","tourism":"artwork"}},
{"type":"Feature","id":"n3869876584","geometry":{"type":"Point","coordinates":[2.6635578,39.5764583]},"properties":{"historic":"memorial"}},
{"type":"Feature","id":"n3869887222","geometry":{"type":"Point","coordinates":[2.6286786,39.5677246]},"properties":{"artwork_subject":"figurative","artwork_type":"bust","historic":"memorial","material":"bronze","memorial":"bust","name":"Santiago Rusiñol","tourism":"artwork"}},
{"type":"Feature","id":"n3869916065","geometry":{"type":"Point","coordinates":[2.7306642,39.545504]},"properties":{"historic":"memorial","name":"Àmfora"}},
{"type":"Feature","id":"n3869963567","geometry":{"type":"Point","coordinates":[2.6738708,39.6009273]},"properties":{"historic":"memorial","name":"Encuentros"}},
{"type":"Feature","id":"n3869963568","geometry":{"type":"Point","coordinates":[2.6509257,39.5766301]},"properties":{"historic":"memorial","memorial":"sculpture","name":"Balladors"}},
{"type":"Feature","id":"n3869963569","geometry":{"type":"Point","coordinates":[2.6461827,39.5674437]},"properties":{"artist_name":"Lorenzo Roselló","artwork_subject":"figurative","artwork_type":"statue","historic":"memorial","material":"bronze","memorial":"statue","name":"es Foner","tourism":"artwork","wikidata":"Q116210467","wikimedia_commons":"Category:Es Foner (Hort del Rei)"}},
{"type":"Feature","id":"n3888084798","geometry":{"type":"Point","coordinates":[3.1552141,39.7648447]},"properties":{"historic":"monument","name":"Torre d'Enfilació","seamark:landmark:category":"tower","seamark:type":"landmark"}},
{"type":"Feature","id":"n3891599387","geometry":{"type":"Point","coordinates":[2.5275861,39.4974234]},"properties":{"historic":"archaeological_site","name":"sa Barraca de l'Amo"}},
{"type":"Feature","id":"n3893691579","geometry":{"type":"Point","coordinates":[2.9097896,39.811352]},"properties":{"historic":"ruins","source":"local knowledge"}},
{"type":"Feature","id":"n3899203054","geometry":{"type":"Point","coordinates":[2.9160864,39.4781862]},"properties":{"historic":"memorial","memorial":"sculpture","name":"Frontisses"}},
{"type":"Feature","id":"n3923199084","geometry":{"type":"Point","coordinates":[2.6180788,39.7352463]},"properties":{"name":"mirador del Pla de l’Ullastre","tourism":"viewpoint"}},
{"type":"Feature","id":"n3925290889","geometry":{"type":"Point","coordinates":[2.3736978,39.5638769]},"properties":{"description":"apparently nothing visible on the ground","fixme":"is there really a arcaeological site here? What is the source?","historic":"archaeological_site"}},
{"type":"Feature","id":"n3929126317","geometry":{"type":"Point","coordinates":[2.4049843,39.5330099]},"properties":{"tourism":"viewpoint"}},
{"type":"Feature","id":"n3929137763","geometry":{"type":"Point","coordinates":[2.3919455,39.5280455]},"properties":{"tourism":"viewpoint"}},
{"type":"Feature","id":"n3930200014","geometry":{"type":"Point","coordinates":[3.3623378,39.6894806]},"properties":{"historic":"wayside_cross","name":"creu del camí de Son Servera","name:ca":"Creu del camí de Son Servera","wikidata":"Q43155038","wikimedia_commons":"Category:Creu del camí de Son Servera"}},
{"type":"Feature","id":"n3941303371","geometry":{"type":"Point","coordinates":[3.1315037,39.3524127]},"properties":{"historic":"wayside_cross","name":"creu de sa Cala","name:ca":"Creu de sa Cala","wikidata":"Q43156156","wikimedia_commons":"Category:Creu de sa Cala"}},
{"type":"Feature","id":"n3941325899","geometry":{"type":"Point","coordinates":[3.0068819,39.6407242]},"properties":{"historic":"wayside_cross","name":"creu d'en Pastor","name:ca":"creu d'en Pastor"}},
{"type":"Feature","id":"n3941325900","geometry":{"type":"Point","coordinates":[3.0102566,39.6403913]},"properties":{"historic":"wayside_cross","name":"creu d'en Rabassa","name:ca":"creu d'en Rabassa"}},
{"type":"Feature","id":"n3941325902","geometry":{"type":"Point","coordinates":[3.009975,39.6437199]},"properties":{"alt_name":"creu dels Morts","alt_name:ca":"creu dels Morts","historic":"wayside_cross","name":"placeta d'en Radó","name:ca":"placeta d'en Radó"}},
{"type":"Feature","id":"n3950079515","geometry":{"type":"Point","coordinates":[2.6499929,39.5716537]},"properties":{"entrance":"yes"}},
{"type":"Feature","id":"n3977036757","geometry":{"type":"Point","coordinates":[2.6082167,39.733043]},"properties":{"name":"mirador de ses Pites","tourism":"viewpoint"}},
{"type":"Feature","id":"n3993885883","geometry":{"type":"Point","coordinates":[3.0217715,39.763659]},"properties":{"historic":"memorial","memorial":"stone","source":"survey"}},
{"type":"Feature","id":"n4016143145","geometry":{"type":"Point","coordinates":[2.9007967,39.4950247]},"properties":{"historic":"wayside_cross","name":"Creu de ses Dones","name:ca":"Creu de ses Dones","wikidata":"Q11680938","wikimedia_commons":"Category:Creu de ses Dones","wikipedia":"ca:Creu de ses Dones"}},
{"type":"Feature","id":"n4016146518","geometry":{"type":"Point","coordinates":[2.912748,39.5008017]},"properties":{"historic":"wayside_cross","name":"creu des Homes o des Gegants"}},
{"type":"Feature","id":"n4016246652","geometry":{"type":"Point","coordinates":[2.5980129,39.685787]},"properties":{"description":"sitja","historic":"ruins"}},
{"type":"Feature","id":"n4016863764","geometry":{"type":"Point","coordinates":[2.6360368,39.7389863]},"properties":{"description":"sitja","historic":"ruins"}},
{"type":"Feature","id":"n4016863765","geometry":{"type":"Point","coordinates":[2.634376,39.738605]},"properties":{"description":"sitja","historic":"ruins"}},
{"type":"Feature","id":"n4016863771","geometry":{"type":"Point","coordinates":[2.6350875,39.7388523]},"properties":{"tourism":"viewpoint"}},
{"type":"Feature","id":"n4016919164","geometry":{"type":"Point","coordinates":[2.8163055,39.7935495]},"properties":{"historic":"ruins"}},
{"type":"Feature","id":"n4016919165","geometry":{"type":"Point","coordinates":[2.8248886,39.7893448]},"properties":{"description":"sitja","historic":"ruins"}},
{"type":"Feature","id":"n4016919166","geometry":{"type":"Point","coordinates":[2.8741656,39.8193137]},"properties":{"description":"sitja","historic":"ruins"}},
{"type":"Feature","id":"n4016919168","geometry":{"type":"Point","coordinates":[2.8289763,39.788306]},"properties":{"description":"sitja","historic":"ruins"}},
{"type":"Feature","id":"n4016919169","geometry":{"type":"Point","coordinates":[2.874863,39.8215138]},"properties":{"description":"sitja","historic":"ruins"}},
{"type":"Feature","id":"n4016919171","geometry":{"type":"Point","coordinates":[2.8605083,39.8167096]},"properties":{"description":"sitja","historic":"ruins"}},
{"type":"Feature","id":"n4042256848","geometry":{"type":"Point","coordinates":[2.9000564,39.6454759]},"properties":{"historic":"wayside_cross","name":"Creu des Rafal","name:ca":"Creu des Rafal","wikidata":"Q56073172","wikimedia_commons":"Category:Creu des Rafal"}},
{"type":"Feature","id":"n4049125168","geometry":{"type":"Point","coordinates":[2.8918192,39.8187153]},"properties":{"tourism":"viewpoint"}},
{"type":"Feature","id":"n4049182928","geometry":{"type":"Point","coordinates":[2.8920861,39.8186591]},"properties":{"name":"mirador des molí","tourism":"viewpoint"}},
{"type":"Feature","id":"n4065496289","geometry":{"type":"Point","coordinates":[3.183032,39.937913]},"properties":{"amenity":"bench","backrest":"no","tourism":"viewpoint"}},
{"type":"Feature","id":"n4077192477","geometry":{"type":"Point","coordinates":[2.582758,39.7113793]},"properties":{"name":"mirador de s'Escaleta","tourism":"viewpoint"}},
{"type":"Feature","id":"n4078339487","geometry":{"type":"Point","coordinates":[3.1503745,39.9333139]},"properties":{"tourism":"viewpoint"}},
{"type":"Feature","id":"n4078940500","geometry":{"type":"Point","coordinates":[3.1215582,39.8552561]},"properties":{"amenity":"theatre","check_date":"2025-10-21","name":"auditori del fossar","name:ca":"auditori del fossar"}},
{"type":"Feature","id":"n4083503236","geometry":{"type":"Point","coordinates":[2.5763511,39.7028583]},"properties":{"name":"mirador de Sa Cova","tourism":"viewpoint"}},
{"type":"Feature","id":"n4084521284","geometry":{"type":"Point","coordinates":[2.9628784,39.8051911]},"properties":{"archaeological_site":"megalith","description":"Site connected wtih talayot culture .","historic":"archaeological_site","name":"Claper des Doblers"}},
{"type":"Feature","id":"n4095404933","geometry":{"type":"Point","coordinates":[2.7078351,39.7725951]},"properties":{"historic":"wayside_cross"}},
{"type":"Feature","id":"n4112596601","geometry":{"type":"Point","coordinates":[3.1311736,39.9379732]},"properties":{"name":"Cuina del Moro","name:ca":"Cuina del Moro","tourism":"viewpoint"}},
{"type":"Feature","id":"n4112767547","geometry":{"type":"Point","coordinates":[2.8175253,39.8562507]},"properties":{"name":"Mirador des Pare Rafel","tourism":"viewpoint"}},
{"type":"Feature","id":"n4129782689","geometry":{"type":"Point","coordinates":[3.4355402,39.6354571]},"properties":{"tourism":"viewpoint"}},
{"type":"Feature","id":"n4130329275","geometry":{"type":"Point","coordinates":[2.9503634,39.6545024]},"properties":{"historic":"wayside_cross","name":"Creu de sa Garriga","name:ca":"Creu de sa Garriga"}},
{"type":"Feature","id":"n4143707195","geometry":{"type":"Point","coordinates":[3.0169289,39.6425581]},"properties":{"historic":"wayside_cross","name":"el Calvari","name:ca":"el Calvari"}},
{"type":"Feature","id":"n4165668475","geometry":{"type":"Point","coordinates":[2.6537606,39.5740963]},"properties":{"amenity":"parking","fee":"yes","layer":"-1","parking":"underground"}},
{"type":"Feature","id":"n4165912387","geometry":{"type":"Point","coordinates":[2.8892463,39.7748798]},"properties":{"name":"l'Esquena de l'Ermita","tourism":"viewpoint"}},
{"type":"Feature","id":"n4170418461","geometry":{"type":"Point","coordinates":[2.6450548,39.5706132]},"properties":{"tourism":"gallery","wheelchair":"yes"}},
{"type":"Feature","id":"n4184363370","geometry":{"type":"Point","coordinates":[2.6463248,39.7134278]},"properties":{"tourism":"viewpoint"}},
{"type":"Feature","id":"n4184396689","geometry":{"type":"Point","coordinates":[3.0554329,39.3291965]},"properties":{"historic":"archaeological_site","historic:period":"talaiòtic","name":"Talaia Joana","name:ca":"Talaia Joana"}},
{"type":"Feature","id":"n4197873282","geometry":{"type":"Point","coordinates":[2.7995899,39.8452933]},"properties":{"tourism":"viewpoint"}},
{"type":"Feature","id":"n4211438091","geometry":{"type":"Point","coordinates":[3.2481748,39.3867405]},"properties":{"historic":"monument"}},
{"type":"Feature","id":"n4211513990","geometry":{"type":"Point","coordinates":[3.2493972,39.3904177]},"properties":{"tourism":"viewpoint"}},
{"type":"Feature","id":"n4212125991","geometry":{"type":"Point","coordinates":[3.1179106,39.3126913]},"properties":{"tourism":"viewpoint"}},
{"type":"Feature","id":"n4212165589","geometry":{"type":"Point","coordinates":[3.1910616,39.3504903]},"properties":{"tourism":"viewpoint"}},
{"type":"Feature","id":"n4212165689","geometry":{"type":"Point","coordinates":[3.122606,39.3131798]},"properties":{"tourism":"viewpoint"}},
{"type":"Feature","id":"n4213802833","geometry":{"type":"Point","coordinates":[2.9671621,39.7688298]},"properties":{"alt_name":"sa Creu nova","historic":"wayside_cross","name":"Creu de Son Massanet"}},
{"type":"Feature","id":"n4213895943","geometry":{"type":"Point","coordinates":[2.9669551,39.7621796]},"properties":{"historic":"wayside_cross","name":"creu de Menestralia","name:ca":"Creu de Menestralia","wikidata":"Q43155187","wikimedia_commons":"Category:Creu de Menestralia"}},
{"type":"Feature","id":"n4213996891","geometry":{"type":"Point","coordinates":[2.9628897,39.7736144]},"properties":{"denomination":"roman_catholic","historic":"wayside_cross","man_made":"cross","name":"Creu del Carrer Major","religion":"christian","wikidata":"Q43155181"}},
{"type":"Feature","id":"n4214079589","geometry":{"type":"Point","coordinates":[3.0170002,39.4321315]},"properties":{"historic":"memorial","name":"donants de sang","name:ca":"donants de sang"}},
{"type":"Feature","id":"n4217753489","geometry":{"type":"Point","coordinates":[3.3487604,39.6917783]},"properties":{"addr:street":"carrer Ciutat","amenity":"marketplace","name":"Streetmarket","opening_hours":"Tu 08:00-13:00","wheelchair":"yes"}},
{"type":"Feature","id":"n4222651124","geometry":{"type":"Point","coordinates":[2.650961,39.5894213]},"properties":{"historic":"memorial","name":"Gran ocell"}},
{"type":"Feature","id":"n4222651125","geometry":{"type":"Point","coordinates":[2.6490196,39.5664394]},"properties":{"historic":"memorial","name":"gran cercle negre"}},
{"type":"Feature","id":"n4222651127","geometry":{"type":"Point","coordinates":[2.6527675,39.5717141]},"properties":{"historic":"memorial","name":"la colcada","wheelchair":"no"}},
{"type":"Feature","id":"n4222657655","geometry":{"type":"Point","coordinates":[2.602227,39.5580878]},"properties":{"historic":"memorial","memorial":"sculpture","name":"la Copa"}},
{"type":"Feature","id":"n4222664756","geometry":{"type":"Point","coordinates":[2.6509873,39.5850561]},"properties":{"historic":"memorial","memorial":"sculpture","name":"la casa del gato i l'illot"}},
{"type":"Feature","id":"n4222693353","geometry":{"type":"Point","coordinates":[2.6554055,39.6074486]},"properties":{"historic":"memorial","name":"pèndol"}},
{"type":"Feature","id":"n4225207293","geometry":{"type":"Point","coordinates":[2.642484,39.7588106]},"properties":{"name":"mirador de Son Bujosa","tourism":"viewpoint"}},
{"type":"Feature","id":"n4226221868","geometry":{"type":"Point","coordinates":[3.0220166,39.4270574]},"properties":{"historic":"wayside_cross","name":"creu d'en Valero","name:ca":"Creu d'en Valero","wikidata":"Q19367903","wikimedia_commons":"Category:Creu d'en Valero","wikipedia":"ca:Creu d'en Valero"}},
{"type":"Feature","id":"n4226221869","geometry":{"type":"Point","coordinates":[3.0208039,39.4285262]},"properties":{"alt_name":"Creu d'en Palleta;Creu de s'hort d'En Xeli","alt_name:ca":"Creu d'en Palleta;Creu de s'hort d'En Xeli","historic":"wayside_cross","name":"creu d'en Noreta","name:ca":"Creu d'en Noreta","wikidata":"Q19367902","wikimedia_commons":"Category:Creu d'en Palleta","wikipedia":"ca:Creu d'en Palleta"}},
{"type":"Feature","id":"n4226221870","geometry":{"type":"Point","coordinates":[3.0157132,39.4313309]},"properties":{"historic":"wayside_cross","name":"creu d'en Verdera","name:ca":"Creu d'en Verdera","wikidata":"Q19367904","wikimedia_commons":"Category:Creu d'en Verdera","wikipedia":"ca:Creu d'en Verdera"}},
{"type":"Feature","id":"n4226527364","geometry":{"type":"Point","coordinates":[2.5277361,39.6946209]},"properties":{"name":"observatori de ses Planes","name:ca":"observatori de ses Planes","tourism":"viewpoint"}},
{"type":"Feature","id":"n4241576173","geometry":{"type":"Point","coordinates":[3.1155126,39.8516747]},"properties":{"historic":"wayside_cross"}},
{"type":"Feature","id":"n4242418995","geometry":{"type":"Point","coordinates":[2.6609057,39.5879962]},"properties":{"crossing:barrier":"no","railway":"crossing"}},
{"type":"Feature","id":"n4255425077","geometry":{"type":"Point","coordinates":[2.9505798,39.6586335]},"properties":{"historic":"wayside_cross"}},
{"type":"Feature","id":"n4262396168","geometry":{"type":"Point","coordinates":[2.9436149,39.8691995]},"properties":{"tourism":"viewpoint"}},
{"type":"Feature","id":"n4271561497","geometry":{"type":"Point","coordinates":[2.6463908,39.7486644]},"properties":{"noexit":"yes","tourism":"viewpoint"}},
{"type":"Feature","id":"n4271575114","geometry":{"type":"Point","coordinates":[2.6290924,39.7512287]},"properties":{"entrance":"yes"}},
{"type":"Feature","id":"n4271575116","geometry":{"type":"Point","coordinates":[2.6292176,39.7511733]},"properties":{"entrance":"main"}},
{"type":"Feature","id":"n4273568001","geometry":{"type":"Point","coordinates":[3.3110525,39.7376193]},"properties":{"tourism":"viewpoint"}},
{"type":"Feature","id":"n4275618924","geometry":{"type":"Point","coordinates":[3.4332138,39.7044742]},"properties":{"check_date:opening_hours":"2022-09-04","fee":"no","name":"el Castella de Capdepera, exhibition","opening_hours:signed":"no","tourism":"museum"}},
{"type":"Feature","id":"n4284949764","geometry":{"type":"Point","coordinates":[2.8445212,39.3661909]},"properties":{"tourism":"viewpoint"}},
{"type":"Feature","id":"n4285569247","geometry":{"type":"Point","coordinates":[2.9073216,39.7195014]},"properties":{"historic":"memorial","material":"metal","memorial":"statue","name":"Sabaters","name:ca":"Sabaters"}},
{"type":"Feature","id":"n4285677821","geometry":{"type":"Point","coordinates":[2.9204632,39.7176277]},"properties":{"historic":"wayside_cross","name":"Creu d’en Roca","name:ca":"Creu d’en Roca","wikidata":"Q43155420"}},
{"type":"Feature","id":"n4297394364","geometry":{"type":"Point","coordinates":[3.3785966,39.6448993]},"properties":{"historic":"archaeological_site","name":"Talaiot de Pula","name:ca":"Talaiot de Pula","wikidata":"Q26208868","wikimedia_commons":"Category:Talaiot de Pula"}},
{"type":"Feature","id":"n4300591704","geometry":{"type":"Point","coordinates":[2.9325507,39.5271434]},"properties":{"name":"Morro d'en Moll","tourism":"viewpoint"}},
{"type":"Feature","id":"n4302820831","geometry":{"type":"Point","coordinates":[3.0282287,39.4096071]},"properties":{"historic":"wayside_cross","name":"Creu de Sant Blai","name:ca":"Creu de Sant Blai","wikidata":"Q19367906","wikimedia_commons":"Category:Creu de Sant Blai","wikipedia":"ca:Creu de Sant Blai"}},
{"type":"Feature","id":"n4309172547","geometry":{"type":"Point","coordinates":[3.3552568,39.6873201]},"properties":{"barrier":"gate"}},
{"type":"Feature","id":"n4309172548","geometry":{"type":"Point","coordinates":[3.3551299,39.6873533]},"properties":{"leisure":"picnic_table"}},
{"type":"Feature","id":"n4309172549","geometry":{"type":"Point","coordinates":[3.3551619,39.6873457]},"properties":{"leisure":"picnic_table"}},
{"type":"Feature","id":"n4309172550","geometry":{"type":"Point","coordinates":[3.3551884,39.687338]},"properties":{"leisure":"picnic_table"}},
{"type":"Feature","id":"n4309172551","geometry":{"type":"Point","coordinates":[3.3544339,39.68702]},"properties":{"historic":"memorial","name":"Monolit a Miquel Costa i Llobera"}},
{"type":"Feature","id":"n4309172552","geometry":{"type":"Point","coordinates":[3.3535889,39.6873091]},"properties":{"historic":"archaeological_site","name":"Talaiot central","name:ca":"Talaiot central","name:de":"Talayot"}},
{"type":"Feature","id":"n4309172553","geometry":{"type":"Point","coordinates":[3.3543858,39.6871005]},"properties":{"historic":"archaeological_site","name":"entrada al poblat","name:de":"Steintor"}},
{"type":"Feature","id":"n4309172564","geometry":{"type":"Point","coordinates":[3.3530922,39.6872825]},"properties":{"historic":"ruins","name":"Habitacions","name:de":"Wohnhäuser"}},
{"type":"Feature","id":"n4309172607","geometry":{"type":"Point","coordinates":[3.3537296,39.6873674]},"properties":{"historic":"ruins","name":"Sala Hipòstila","name:de":"Hypostylos-Saal"}},
{"type":"Feature","id":"n4309205457","geometry":{"type":"Point","coordinates":[3.35302,39.6875037]},"properties":{"historic":"archaeological_site","name":"Porta NW"}},
{"type":"Feature","id":"n4309205458","geometry":{"type":"Point","coordinates":[3.3531637,39.6869045]},"properties":{"historic":"archaeological_site","name":"Porta dell aqua"}},
{"type":"Feature","id":"n4313282717","geometry":{"type":"Point","coordinates":[2.8987723,39.7082168]},"properties":{"historic":"wayside_cross","name":"Creu d’en Barona"}},
{"type":"Feature","id":"n4331205514","geometry":{"type":"Point","coordinates":[2.9755607,39.617548]},"properties":{"historic":"wayside_cross"}},
{"type":"Feature","id":"n4343581965","geometry":{"type":"Point","coordinates":[2.9193669,39.7150664]},"properties":{"historic":"memorial","material":"metal","memorial":"sculpture","name":"Senalla"}},
{"type":"Feature","id":"n4343745203","geometry":{"type":"Point","coordinates":[3.0071539,39.7036296]},"properties":{"historic":"wayside_cross"}},
{"type":"Feature","id":"n4343745204","geometry":{"type":"Point","coordinates":[3.0019486,39.6981656]},"properties":{"historic":"wayside_cross"}},
{"type":"Feature","id":"n4343745205","geometry":{"type":"Point","coordinates":[3.0100401,39.6996312]},"properties":{"historic":"wayside_cross","name":"creu des Born"}},
{"type":"Feature","id":"n4343745468","geometry":{"type":"Point","coordinates":[3.0256024,39.7145002]},"properties":{"historic":"wayside_cross","name":"creu de Son Setrill","name:ca":"creu de Son Setrill"}},
{"type":"Feature","id":"n4345102476","geometry":{"type":"Point","coordinates":[2.7601353,39.5039306]},"properties":{"historic":"archaeological_site","name":"es Castellet","name:ca":"es Castellet"}},
{"type":"Feature","id":"n4346041719","geometry":{"type":"Point","coordinates":[2.7515306,39.5189279]},"properties":{"name":"Forestal park","phone":"+34 606816249","tourism":"attraction","website":"http://www.forestalparkmallorca.com"}},
{"type":"Feature","id":"n4360176303","geometry":{"type":"Point","coordinates":[3.0037664,39.4777163]},"properties":{"historic":"archaeological_site","name":"Pou de Son Cota"}},
{"type":"Feature","id":"n4366226112","geometry":{"type":"Point","coordinates":[3.187133,39.3491869]},"properties":{"tourism":"viewpoint"}},
{"type":"Feature","id":"n4366226124","geometry":{"type":"Point","coordinates":[3.1872831,39.3453579]},"properties":{"historic":"ruins"}},
{"type":"Feature","id":"n4370948318","geometry":{"type":"Point","coordinates":[3.2551525,39.5057417]},"properties":{"name":"Aquest Àngel protegeix Cas Manescal","tourism":"viewpoint"}},
{"type":"Feature","id":"n4383823273","geometry":{"type":"Point","coordinates":[2.3867346,39.544527]},"properties":{"historic":"memorial","memorial":"sculpture"}},
{"type":"Feature","id":"n4392741790","geometry":{"type":"Point","coordinates":[3.1360407,39.3770507]},"properties":{"historic":"archaeological_site","name":"Talaiot de Can Jordi","name:ca":"Talaiot de Can Jordi","note":"Has some pictures on wikimedia commons."}},
{"type":"Feature","id":"n4395051071","geometry":{"type":"Point","coordinates":[2.6100007,39.7030221]},"properties":{"tourism":"viewpoint"}},
{"type":"Feature","id":"n4395074125","geometry":{"type":"Point","coordinates":[3.096967,39.9271075]},"properties":{"tourism":"viewpoint"}},
{"type":"Feature","id":"n4403051257","geometry":{"type":"Point","coordinates":[2.540579,39.6978817]},"properties":{"tourism":"viewpoint"}},
{"type":"Feature","id":"n4404099089","geometry":{"type":"Point","coordinates":[3.2174125,39.5736272]},"properties":{"name":"Via Verda","name:ca":"Via Verda","name:en":"Vía Verde Bike Trail","name:es":"Vía Verde","tourism":"attraction"}},
{"type":"Feature","id":"n4425381839","geometry":{"type":"Point","coordinates":[2.7128396,39.8134147]},"properties":{"tourism":"viewpoint"}},
{"type":"Feature","id":"n4425885618","geometry":{"type":"Point","coordinates":[3.0649622,39.5862476]},"properties":{"barrier":"gate"}},
{"type":"Feature","id":"n4425885654","geometry":{"type":"Point","coordinates":[3.0649203,39.5863731]},"properties":{"barrier":"gate"}},
{"type":"Feature","id":"n4425892550","geometry":{"type":"Point","coordinates":[3.0647461,39.5866657]},"properties":{"barrier":"entrance"}},
{"type":"Feature","id":"n4425892572","geometry":{"type":"Point","coordinates":[3.064752,39.5867616]},"properties":{"barrier":"gate"}},
{"type":"Feature","id":"n4444038922","geometry":{"type":"Point","coordinates":[2.9571076,39.7289875]},"properties":{"tourism":"viewpoint"}},
{"type":"Feature","id":"n4447945037","geometry":{"type":"Point","coordinates":[3.1099162,39.3038548]},"properties":{"historic":"ruins","name":"Megalithic Ruins"}},
{"type":"Feature","id":"n4459112403","geometry":{"type":"Point","coordinates":[2.8938511,39.5573888]},"properties":{"historic":"wayside_cross","name":"creu del Colomer","name:ca":"creu del Colomer"}},
{"type":"Feature","id":"n4494302669","geometry":{"type":"Point","coordinates":[2.7392958,39.7808237]},"properties":{"denomination":"catholic","historic":"wayside_cross","religion":"christian"}},
{"type":"Feature","id":"n4500259630","geometry":{"type":"Point","coordinates":[3.0159732,39.5123098]},"properties":{"historic":"wayside_cross"}},
{"type":"Feature","id":"n4501811788","geometry":{"type":"Point","coordinates":[2.8975957,39.7762434]},"properties":{"name":"mirador de ses Rotes","tourism":"viewpoint"}},
{"type":"Feature","id":"n4502728190","geometry":{"type":"Point","coordinates":[3.0849317,39.9270159]},"properties":{"tourism":"viewpoint"}},
{"type":"Feature","id":"n4503688160","geometry":{"type":"Point","coordinates":[2.6530107,39.5735158]},"properties":{"entrance":"yes"}},
{"type":"Feature","id":"n4503688161","geometry":{"type":"Point","coordinates":[2.6532214,39.5743295]},"properties":{"entrance":"yes"}},
{"type":"Feature","id":"n4507702151","geometry":{"type":"Point","coordinates":[2.9256187,39.7642164]},"properties":{"historic":"wayside_cross","name":"es Sant"}},
{"type":"Feature","id":"n4518190547","geometry":{"type":"Point","coordinates":[2.8307234,39.7084129]},"properties":{"name":"sa Panada","tourism":"viewpoint"}},
{"type":"Feature","id":"n4541973129","geometry":{"type":"Point","coordinates":[2.5072266,39.6815259]},"properties":{"addr:city":"Banyalbufar","addr:place":"Els Bandejats","direction":"W","name":"mirador des Rafal","tourism":"viewpoint"}},
{"type":"Feature","id":"n4549769481","geometry":{"type":"Point","coordinates":[2.4673252,39.4953089]},"properties":{"tourism":"viewpoint"}},
{"type":"Feature","id":"n4597271241","geometry":{"type":"Point","coordinates":[3.0629868,39.9196434]},"properties":{"tourism":"viewpoint"}},
{"type":"Feature","id":"n4598689913","geometry":{"type":"Point","coordinates":[3.1103665,39.9293033]},"properties":{"tourism":"viewpoint"}},
{"type":"Feature","id":"n4606913926","geometry":{"type":"Point","coordinates":[2.6299887,39.6153159]},"properties":{"historic":"wayside_cross","name":"Creu d'Establiments","name:ca":"Creu d'Establiments","wikidata":"Q43155865"}},
{"type":"Feature","id":"n4637583289","geometry":{"type":"Point","coordinates":[3.2132741,39.5725051]},"properties":{"addr:housenumber":"28","addr:postcode":"07500","addr:street":"carrer des Barracar","name":"Can Barceló","name:ca":"Can Barceló","tourism":"attraction","website":"http://nerea.cat"}},
{"type":"Feature","id":"n4639557368","geometry":{"type":"Point","coordinates":[2.7893894,39.708156]},"properties":{"description":"Asturià, alaroner i miner.","historic":"memorial","memorial":"plaque","name":"A Miguel Gorgoso Camoira","start_date":"2012-11"}},
{"type":"Feature","id":"n4665610623","geometry":{"type":"Point","coordinates":[3.1124649,39.9309385]},"properties":{"ele":"232","historic":"memorial","inscription":"Obras Publicas","start_date":"1961","wheelchair":"no"}},
{"type":"Feature","id":"n4686332391","geometry":{"type":"Point","coordinates":[2.9900779,39.3382344]},"properties":{"check_date":"2024-03-26","name":"Platja d'es Trenc","name:es":"Playa de Es Trenc","tourism":"attraction"}},
{"type":"Feature","id":"n4707933723","geometry":{"type":"Point","coordinates":[2.9791728,39.5659318]},"properties":{"historic":"wayside_cross","name":"creu de ses Monges","name:ca":"Creu de ses Monges","wikidata":"Q43155640"}},
{"type":"Feature","id":"n4722914793","geometry":{"type":"Point","coordinates":[2.8886887,39.8286928]},"properties":{"direction":"0","tourism":"viewpoint"}},
{"type":"Feature","id":"n4722914802","geometry":{"type":"Point","coordinates":[2.8977074,39.8304744]},"properties":{"historic":"wayside_cross","name":"creu de Menut","name:ca":"creu de Menut"}},
{"type":"Feature","id":"n4728543021","geometry":{"type":"Point","coordinates":[2.874639,39.7494858]},"properties":{"historic":"wayside_cross"}},
{"type":"Feature","id":"n4743443921","geometry":{"type":"Point","coordinates":[3.0597946,39.7328678]},"properties":{"historic":"wayside_cross","name":"creu de l'Alba","name:ca":"creu de l'Alba"}},
{"type":"Feature","id":"n4743443922","geometry":{"type":"Point","coordinates":[3.0588336,39.7330722]},"properties":{"historic":"wayside_cross"}},
{"type":"Feature","id":"n4743453222","geometry":{"type":"Point","coordinates":[3.1100818,39.6140239]},"properties":{"historic":"wayside_cross"}},
{"type":"Feature","id":"n4753227935","geometry":{"type":"Point","coordinates":[3.0245521,39.5178592]},"properties":{"historic":"wayside_cross","name":"Creu des Pont","wikidata":"Q43155983"}},
{"type":"Feature","id":"n4753292029","geometry":{"type":"Point","coordinates":[3.0247764,39.5170877]},"properties":{"historic":"wayside_cross","name":"creu nova","name:ca":"creu nova","wikidata":"Q43156044","wikimedia_commons":"Category:Creu des Racó"}},
{"type":"Feature","id":"n4783201873","geometry":{"type":"Point","coordinates":[2.982371,39.5696382]},"properties":{"historic":"wayside_cross"}},
{"type":"Feature","id":"n4785218420","geometry":{"type":"Point","coordinates":[3.0137971,39.7723607]},"properties":{"historic":"wayside_cross","material":"concrete","name":"creu de Son Palou","name:ca":"Creu de Son Palou","wikidata":"Q43156066","wikimedia_commons":"Category:Creu de Son Palou"}},
{"type":"Feature","id":"n4788440279","geometry":{"type":"Point","coordinates":[3.0857979,39.5936747]},"properties":{"tourism":"viewpoint"}},
{"type":"Feature","id":"n4795692592","geometry":{"type":"Point","coordinates":[2.9510507,39.6408197]},"properties":{"historic":"archaeological_site","name":"poblat naviforme des Turassot"}},
{"type":"Feature","id":"n4795692594","geometry":{"type":"Point","coordinates":[2.9380092,39.6396198]},"properties":{"historic":"archaeological_site","name":"talaiot de Binifat"}},
{"type":"Feature","id":"n4795693029","geometry":{"type":"Point","coordinates":[2.7673825,39.6407966]},"properties":{"historic":"yes","name":"Potada des Cavall del Rei en Jaume"}},
{"type":"Feature","id":"n4799450123","geometry":{"type":"Point","coordinates":[3.0018053,39.3104733]},"properties":{"historic":"archaeological_site","wikidata":"Q9048368","wikimedia_commons":"Category:Na Guardis","wikipedia":"ca:Na Guardis"}},
{"type":"Feature","id":"n4799559686","geometry":{"type":"Point","coordinates":[2.4891507,39.509861]},"properties":{"historic":"archaeological_site","name":"Turó de ses Abelles","name:ca":"Turó de ses Abelles","wikidata":"Q16643230","wikipedia":"ca:Turó de ses Abelles"}},
{"type":"Feature","id":"n4799940687","geometry":{"type":"Point","coordinates":[3.2615299,39.4815751]},"properties":{"archaeological_site":"megalith","historic":"archaeological_site","megalith_type":"talayot"}},
{"type":"Feature","id":"n4806917081","geometry":{"type":"Point","coordinates":[3.0447856,39.5969455]},"properties":{"historic":"wayside_cross","inscription":"Creu Den Revuel Inaugurada 22 - V - 1941 Reinstallada 24 - III - 1990 Ajuntament De Sant Joan","name":"Creu d'en Reüll","name:ca":"Creu d'en Reüll","wikidata":"Q43156126"}},
{"type":"Feature","id":"n4806919860","geometry":{"type":"Point","coordinates":[3.0347238,39.5960091]},"properties":{"historic":"memorial","memorial":"plaque"}},
{"type":"Feature","id":"n4815305656","geometry":{"type":"Point","coordinates":[3.0161539,39.8754897]},"properties":{"fee":"no","name":"Museu de Pollença","name:ca":"Museu de Pollença","name:en":"Pollença Museum","name:es":"Museo de Pollença","opening_hours":"Tu-Sa 11:00-13:00; Jun-Sep: 10:00-13:00,17:30-20:30; Mo off, PH off","phone":"+34 971531166","tourism":"museum","wikidata":"Q11938079","wikipedia":"ca:Museu de Pollença"}},
{"type":"Feature","id":"n4821359511","geometry":{"type":"Point","coordinates":[2.9819067,39.5859428]},"properties":{"archaeological_site":"megalith","historic":"archaeological_site","name":"Campanari des Moros","name:ca":"Campanar des Moros","wikidata":"Q25378926","wikipedia":"de:Campanari des Moros"}},
{"type":"Feature","id":"n4821368122","geometry":{"type":"Point","coordinates":[3.3737283,39.633732]},"properties":{"historic":"archaeological_site","name":"Termes Romanes de Son Sard","name:de":"Archäologischer Fundplatz bei Font des Molins de Son Sard","wikidata":"Q636765","wikimedia_commons":"Category:Son Sard","wikipedia":"de:Archäologischer Fundplatz bei Font des Molins de Son Sard"}},
{"type":"Feature","id":"n4821376370","geometry":{"type":"Point","coordinates":[2.7600991,39.5372719]},"properties":{"historic":"archaeological_site","name":"Necròpolis de Son Sunyer","name:ca":"Necròpolis de Son Sunyer","wikidata":"Q20182912","wikimedia_commons":"Category:Son Sunyer Necropolis","wikipedia":"de:Nekropole von Son Sunyer"}},
{"type":"Feature","id":"n4821387263","geometry":{"type":"Point","coordinates":[2.7621975,39.6156653]},"properties":{"archaeological_site":"megalith","historic":"archaeological_site","name":"Son Caulelles","name:ca":"Son Caulelles","wikidata":"Q20182909","wikipedia":"de:Son Caulelles"}},
{"type":"Feature","id":"n4822538105","geometry":{"type":"Point","coordinates":[2.782751,39.499667]},"properties":{"archaeological_site":"ruins","historic":"archaeological_site","name":"Conjunt prehistòric d'es Puigderrós - Sa Pleta","name:ca":"Conjunt prehistòric des Puigderrós - Sa Pleta","wikidata":"Q11915281","wikipedia":"ca:Conjunt prehistòric des Puigderrós - Sa Pleta"}},
{"type":"Feature","id":"n4822555769","geometry":{"type":"Point","coordinates":[2.881372,39.407747]},"properties":{"historic":"archaeological_site","name":"Conjunt prehistòric de Garonda","name:ca":"Conjunt prehistòric de Garonda","wikidata":"Q11915280","wikipedia":"ca:Conjunt prehistòric de Garonda"}},
{"type":"Feature","id":"n4822556136","geometry":{"type":"Point","coordinates":[2.8309627,39.4114077]},"properties":{"fixme":"needs ground survey","historic":"archaeological_site","name":"Conjunt prehistòric de Gomera Vell","name:ca":"Conjunt prehistòric de Gomera Vell","wikidata":"Q11915279","wikipedia":"ca:Conjunt prehistòric de Gomera Vell"}},
{"type":"Feature","id":"n4822561160","geometry":{"type":"Point","coordinates":[2.800241,39.423053]},"properties":{"fixme":"needs ground survey","historic":"archaeological_site","name":"Conjunt prehistòric de Sa Caseta","name:ca":"Conjunt prehistòric de sa Caseta","wikidata":"Q11915278","wikipedia":"ca:Conjunt prehistòric de Sa Caseta"}},
{"type":"Feature","id":"n4822582080","geometry":{"type":"Point","coordinates":[2.836111,39.365278]},"properties":{"archaeological_site":"necropolis","fixme":"needs ground survey","historic":"archaeological_site","name":"Cova de Cala Pi","name:ca":"Cova de Cala Pi","wikidata":"Q11915918","wikimedia_commons":"Category:Cova de Cala Pi","wikipedia":"ca:Cova de Cala Pi"}},
{"type":"Feature","id":"n4822591947","geometry":{"type":"Point","coordinates":[3.1808552,39.3354921]},"properties":{"access":"yes","archaeological_site":"tumulus","historic":"archaeological_site","historic:civilization":"prehistoric","name":"Cova de s'Estret des Temps","name:ca":"Cova de s'Estret des Temps","wikidata":"Q11915950","wikipedia":"ca:Cova de s'Estret des Temps"}},
{"type":"Feature","id":"n4822593808","geometry":{"type":"Point","coordinates":[2.755392,39.495278]},"properties":{"fixme":"needs ground survey","historic":"archaeological_site","name":"Coves de Son Verí de Baix","name:ca":"Coves de Son Verí de Baix","wikidata":"Q11915988","wikimedia_commons":"Category:Coves de Son Verí de Baix","wikipedia":"ca:Coves de Son Verí de Baix"}},
{"type":"Feature","id":"n4822623237","geometry":{"type":"Point","coordinates":[2.869797,39.379621]},"properties":{"archaeological_site":"ruins","fixme":"needs ground survey","historic":"archaeological_site","name":"Restes de Vallgornera Vell","name:ca":"Restes de Vallgornera Vell","wikidata":"Q11945338","wikimedia_commons":"Category:Restes de Vallgornera Vell","wikipedia":"ca:Restes de Vallgornera Vell"}},
{"type":"Feature","id":"n4822653147","geometry":{"type":"Point","coordinates":[2.852648,39.367782]},"properties":{"archaeological_site":"megalith","historic":"archaeological_site","name":"Recinte cerimonial de ses Talaies de Cala Pi","name:ca":"Recinte cerimonial de ses Talaies de Cala Pi","name:en":"Ceremonial enclosure of Ses Talaies de Cala Pi","wikidata":"Q11949492","wikimedia_commons":"Category:Ses Talaies de Cala Pi","wikipedia":"ca:Ses Talaies de Cala Pi"}},
{"type":"Feature","id":"n4822668021","geometry":{"type":"Point","coordinates":[2.9176484,39.6364478]},"properties":{"archaeological_site":"megalith","description":"Two talayots - see wikipedia","fixme":"needs ground survey","historic":"archaeological_site","megalith_type":"talaiot","name":"Ses Talaies de Can Xim","name:ca":"Ses Talaies de Can Xim","wikidata":"Q11949493","wikimedia_commons":"Category:Ses Talaies de Can Xim","wikipedia":"ca:Ses Talaies de Can Xim"}},
{"type":"Feature","id":"n4822685152","geometry":{"type":"Point","coordinates":[2.8275,39.4]},"properties":{"archaeological_site":"megalith","historic":"archaeological_site","megalith_type":"talaiot","name":"Talaiot de Capocorb d'en Jaquetó","name:ca":"Talaiot de Capocorb d'en Jaquetó","wikidata":"Q17615218","wikimedia_commons":"Category:Talaiot de Capocorb d'en Jaquetó","wikipedia":"ca:Talaiot de Capocorb d'en Jaquetó"}},
{"type":"Feature","id":"n4822697655","geometry":{"type":"Point","coordinates":[2.8271795,39.3992062]},"properties":{"archaeological_site":"megalith","comment":"website suggests that the objects outside C.V. are in alignment. Needs verification.","fixme":"needs ground survey","historic":"archaeological_site","website":"https://www.talayots.es/mallorca/talacirc/jaquetes.htm"}},
{"type":"Feature","id":"n4822697656","geometry":{"type":"Point","coordinates":[2.8267128,39.3990238]},"properties":{"archaeological_site":"megalith","comment":"website suggests that the objects outside C.V. are in alignment. Needs verification.","fixme":"needs ground survey","historic":"archaeological_site","website":"https://www.talayots.es/mallorca/talacirc/jaquetes.htm"}},
{"type":"Feature","id":"n4822718539","geometry":{"type":"Point","coordinates":[2.7805395,39.7588487]},"properties":{"archaeological_site":"megalith","historic":"archaeological_site","megalith_type":"talaiot","name":"Talaiot de Coma-sema","name:ca":"Talaiot de Coma-sema","wikidata":"Q19368287","wikimedia_commons":"Category:Talaiot de Coma-sema","wikipedia":"ca:Talaiot de Coma-sema"}},
{"type":"Feature","id":"n4822724918","geometry":{"type":"Point","coordinates":[2.854047,39.4598095]},"properties":{"archaeological_site":"megalith","historic":"archaeological_site","megalith_type":"talaiot","name":"Talaiot de Son Taixaquet d'en Ramonell","name:ca":"Talaiot de Son Taixaquet d'en Ramonell","wikidata":"Q11950811","wikimedia_commons":"Category:Talaiot de Son Taixaquet d'en Ramonell","wikipedia":"ca:Talaiot de Son Taixaquet d'en Ramonell"}},
{"type":"Feature","id":"n4822856770","geometry":{"type":"Point","coordinates":[2.584399,39.7066064]},"properties":{"fixme":"Determine location for 4th talayot"}},
{"type":"Feature","id":"n4823035145","geometry":{"type":"Point","coordinates":[2.6006797,39.7126275]},"properties":{"archaeological_site":"megalith","comment":"See wikipedia article on Son Oleza, or c.f. relationship. This site featured in a Time Team programme (Channel 4, UK).","historic":"archaeological_site","name":"The Maze Site"}},
{"type":"Feature","id":"n4823467582","geometry":{"type":"Point","coordinates":[2.8499707,39.4240532]},"properties":{"archaeological_site":"megalith","fixme":"Needs verification","historic":"archaeological_site","megalith_type":"talaiot","name":"Talaiot de Can Mòger","name:ca":"Talaiot de Can Mòger","wikidata":"Q17590634","wikipedia":"ca:Talaiot de Can Mòger"}},
{"type":"Feature","id":"n4823770421","geometry":{"type":"Point","coordinates":[2.54225,39.56126]},"properties":{"archaeological_site":"megalith","historic":"archaeological_site","megalith_type":"necropolis","name":"Son Boronat (yacimiento)","wikidata":"Q6132042","wikipedia":"es:Son Boronat (yacimiento)"}},
{"type":"Feature","id":"n4825964477","geometry":{"type":"Point","coordinates":[2.846389,39.438056]},"properties":{"archaeological_site":"settlement","historic":"archaeological_site","name":"Restes prehistòriques de Ses Males Cases","name:ca":"Restes prehistòriques de ses Males Cases","wikidata":"Q11945341","wikipedia":"ca:Restes prehistòriques de Ses Males Cases"}},
{"type":"Feature","id":"n4825964478","geometry":{"type":"Point","coordinates":[2.846667,39.437092]},"properties":{"archaeological_site":"settlement","historic":"archaeological_site","name":"Habitacions prehistòriques de Ses Males Cases","name:ca":"Habitacions prehistòriques de ses Males Cases","wikidata":"Q17606326","wikipedia":"ca:Habitacions prehistòriques de Ses Males Cases"}},
{"type":"Feature","id":"n4825969635","geometry":{"type":"Point","coordinates":[2.7914584,39.4112677]},"properties":{"archaeological_site":"settlement","historic":"archaeological_site","name":"Habitacions prehistòriques de Llucamet - Ses Cases","name:ca":"Habitacions prehistòriques de Llucamet - Ses Cases","wikidata":"Q11925100","wikipedia":"ca:Habitacions prehistòriques de Llucamet - Ses Cases"}},
{"type":"Feature","id":"n4825969636","geometry":{"type":"Point","coordinates":[2.8601535,39.4843673]},"properties":{"archaeological_site":"megalith","historic":"archaeological_site","megalith_type":"building","name":"Habitacions de Son Noguera - Pleta des Forn de Calç","name:ca":"Habitacions de Son Noguera - Pleta des Forn de Calç","wikidata":"Q17606318","wikipedia":"ca:Habitacions de Son Noguera - Pleta des Forn de Calç"}},
{"type":"Feature","id":"n4825973298","geometry":{"type":"Point","coordinates":[2.786111,39.393056]},"properties":{"archaeological_site":"settlement","historic":"archaeological_site","name":"Habitacions prehistòriques de S'Àguila d'en Tomeu - Ses Cases","name:ca":"Habitacions prehistòriques de s'Àguila d'en Tomeu - ses Cases","wikidata":"Q17606322","wikipedia":"ca:Habitacions prehistòriques de S'Àguila d'en Tomeu - Ses Cases"}},
{"type":"Feature","id":"n4825989795","geometry":{"type":"Point","coordinates":[2.821944,39.448333]},"properties":{"archaeological_site":"settlement","historic":"archaeological_site","name":"Restes prehistòriques de Son Mut Vell - Es Figueral de Moro","name:ca":"Restes prehistòriques de Son Mut Vell - Es Figueral de Moro","wikidata":"Q11945343","wikipedia":"ca:Restes prehistòriques de Son Mut Vell - Es Figueral de Moro"}},
{"type":"Feature","id":"n4825989796","geometry":{"type":"Point","coordinates":[2.820278,39.448333]},"properties":{"archaeological_site":"settlement","historic":"archaeological_site","name":"Habitacions prehistòriques de Son Mut Vell - Darrera ses Cases","name:ca":"Habitacions prehistòriques de Son Mut Vell - Darrera ses Cases","wikidata":"Q11925101","wikipedia":"ca:Habitacions prehistòriques de Son Mut Vell - Darrera ses Cases"}},
{"type":"Feature","id":"n4825994063","geometry":{"type":"Point","coordinates":[2.854509,39.422854]},"properties":{"archaeological_site":"settlement","historic":"archaeological_site","name":"Habitacions prehistòriques de Son Vidal - Pleta de sa Barraca","name:ca":"Habitacions prehistòriques de Son Vidal - Pleta de sa Barraca","wikidata":"Q17606330","wikipedia":"ca:Habitacions prehistòriques de Son Vidal - Pleta de sa Barraca"}},
{"type":"Feature","id":"n4825995612","geometry":{"type":"Point","coordinates":[2.794278,39.482579]},"properties":{"archaeological_site":"settlement","historic":"archaeological_site","name":"Habitació prehistòrica de Son Verí de Dalt","name:ca":"Habitació prehistòrica de Son Verí de Dalt","wikidata":"Q17606311","wikipedia":"ca:Habitació prehistòrica de Son Verí de Dalt"}},
{"type":"Feature","id":"n4825997723","geometry":{"type":"Point","coordinates":[2.794894,39.482222]},"properties":{"archaeological_site":"settlement","historic":"archaeological_site","name":"Restes prehistòriques de Son Verí de Dalt","name:ca":"Restes prehistòriques de Son Verí de Dalt","wikidata":"Q18006256","wikipedia":"ca:Restes prehistòriques de Son Verí de Dalt"}},
{"type":"Feature","id":"n4826033484","geometry":{"type":"Point","coordinates":[3.05571,39.3297973]},"properties":{"archaeological_site":"megalith","historic":"archaeological_site"}},
{"type":"Feature","id":"n4826217680","geometry":{"type":"Point","coordinates":[2.85363,39.454111]},"properties":{"archaeological_site":"megalith","historic":"archaeological_site","megalith_type":"talaiot","name":"Talaiot de Son Taixaquet des Llobets","name:ca":"Talaiot de Son Taixaquet des Llobets","source":"wikipedia","wikidata":"Q18008214","wikipedia":"ca:Talaiot de Son Taixaquet des Llobets"}},
{"type":"Feature","id":"n4831027120","geometry":{"type":"Point","coordinates":[3.1857358,39.7526473]},"properties":{"archaeological_site":"megalith","historic":"archaeological_site","name":"Dolmen de Son Real","name:ca":"Dolmen de Son Real","wikidata":"Q29478582","wikipedia":"ca:Dolmen de Son Real"}},
{"type":"Feature","id":"n4894941352","geometry":{"type":"Point","coordinates":[3.3156833,39.7361199]},"properties":{"historic":"memorial"}},
{"type":"Feature","id":"n4934476024","geometry":{"type":"Point","coordinates":[2.5185159,39.6930501]},"properties":{"tourism":"viewpoint"}},
{"type":"Feature","id":"n4955284722","geometry":{"type":"Point","coordinates":[3.1596064,39.7647086]},"properties":{"description":"First person born at Can Picafort 1915","historic":"memorial","memorial":"bust","name":"Bust de Jaume Mandilego Buchens","name:es":"Busto de Jaume Mandilego Buchens","start_date":"2003-08-15"}},
{"type":"Feature","id":"n4986826929","geometry":{"type":"Point","coordinates":[2.6498854,39.5688]},"properties":{"addr:housenumber":"7","addr:street":"Carrer de l'Almudaina","tourism":"attraction"}},
{"type":"Feature","id":"n5033643322","geometry":{"type":"Point","coordinates":[3.1846742,39.8599016]},"properties":{"tourism":"viewpoint"}},
{"type":"Feature","id":"n5041985136","geometry":{"type":"Point","coordinates":[2.4174955,39.5762134]},"properties":{"historic":"wayside_cross","name":"creu de l'Ullastre","name:ca":"creu de l'Ullastre"}},
{"type":"Feature","id":"n5086669299","geometry":{"type":"Point","coordinates":[3.0363572,39.8157905]},"properties":{"tourism":"viewpoint"}},
{"type":"Feature","id":"n5111795264","geometry":{"type":"Point","coordinates":[2.5342703,39.5153968]},"properties":{"amenity":"theatre","name":"Sala Palmanova"}},
{"type":"Feature","id":"n5155722621","geometry":{"type":"Point","coordinates":[2.6684106,39.7902068]},"properties":{"ele":"132","name":"punta de Sóller","tourism":"viewpoint"}},
{"type":"Feature","id":"n5155722622","geometry":{"type":"Point","coordinates":[2.6683675,39.7843854]},"properties":{"name":"sa Falconera","tourism":"viewpoint"}},
{"type":"Feature","id":"n5160961051","geometry":{"type":"Point","coordinates":[3.0286235,39.824432]},"properties":{"historic":"wayside_cross","name":"Creu de Terme","name:ca":"Creu de Terme","wikidata":"Q43156083","wikimedia_commons":"Category:Creu de sa Costa de Son Vila"}},
{"type":"Feature","id":"n5160961055","geometry":{"type":"Point","coordinates":[3.0340637,39.8534767]},"properties":{"historic":"wayside_cross","name":"Creu del revolt de La Salve","name:ca":"Creu del revolt de La Salve"}},
{"type":"Feature","id":"n5198340522","geometry":{"type":"Point","coordinates":[3.1895068,39.344005]},"properties":{"tourism":"viewpoint"}},
{"type":"Feature","id":"n5212613323","geometry":{"type":"Point","coordinates":[3.389993,39.5767924]},"properties":{"description":"old bunkers","tourism":"attraction"}},
{"type":"Feature","id":"n5212746659","geometry":{"type":"Point","coordinates":[3.3757351,39.6245131]},"properties":{"tourism":"viewpoint"}},
{"type":"Feature","id":"n5212746673","geometry":{"type":"Point","coordinates":[3.3595688,39.6208471]},"properties":{"barrier":"gate","entrance":"main","foot":"permissive"}},
{"type":"Feature","id":"n5215974824","geometry":{"type":"Point","coordinates":[2.6540464,39.576884]},"properties":{"access":"yes","entrance":"yes","level":"0","wheelchair":"limited"}},
{"type":"Feature","id":"n5215974840","geometry":{"type":"Point","coordinates":[2.6551201,39.577545]},"properties":{"access":"private","barrier":"gate","bicycle":"yes","level":"0","motor_vehicle":"yes"}},
{"type":"Feature","id":"n5215974880","geometry":{"type":"Point","coordinates":[2.6537307,39.5767024]},"properties":{"level":"0","railway":"switch"}},
{"type":"Feature","id":"n5215974893","geometry":{"type":"Point","coordinates":[2.653546,39.5765767]},"properties":{"level":"0","railway":"buffer_stop"}},
{"type":"Feature","id":"n5215974896","geometry":{"type":"Point","coordinates":[2.6548924,39.5774559]},"properties":{"level":"0","railway":"switch"}},
{"type":"Feature","id":"n5216013157","geometry":{"type":"Point","coordinates":[2.6544327,39.5771887]},"properties":{"name":"Palma","network":"Ferrocarril de Sóller","operator":"Ferrocarril de Sóller","public_transport":"stop_position","railway":"stop","tactile_paving":"no","train":"yes"}},
{"type":"Feature","id":"n5216013158","geometry":{"type":"Point","coordinates":[2.6538742,39.5768033]},"properties":{"name":"Palma","network":"Ferrocarril de Sóller","operator":"Ferrocarril de Sóller","public_transport":"station","railway":"station","tactile_paving":"no","train":"yes","wheelchair":"yes"}},
{"type":"Feature","id":"n5262662291","geometry":{"type":"Point","coordinates":[3.1419713,39.4776084]},"properties":{"historic":"wayside_cross"}},
{"type":"Feature","id":"n5318891246","geometry":{"type":"Point","coordinates":[2.6265267,39.7154566]},"properties":{"tourism":"viewpoint"}},
{"type":"Feature","id":"n5318891549","geometry":{"type":"Point","coordinates":[2.6284132,39.7161353]},"properties":{"tourism":"viewpoint"}},
{"type":"Feature","id":"n5332680721","geometry":{"type":"Point","coordinates":[2.6286309,39.7123446]},"properties":{"description:de":"Aussicht auf Valldemossa","description:es":"Vista a la ciudad de Valldemossa","description:ru":"Вид на город Вальдемос","tourism":"viewpoint"}},
{"type":"Feature","id":"n5333621824","geometry":{"type":"Point","coordinates":[3.3188762,39.693054]},"properties":{"name:ru":"На город Арта","tourism":"viewpoint"}},
{"type":"Feature","id":"n5333623022","geometry":{"type":"Point","coordinates":[3.1767525,39.9496277]},"properties":{"tourism":"viewpoint"}},
{"type":"Feature","id":"n5333623023","geometry":{"type":"Point","coordinates":[3.1729892,39.9488971]},"properties":{"tourism":"viewpoint"}},
{"type":"Feature","id":"n5333623024","geometry":{"type":"Point","coordinates":[3.1717375,39.949149]},"properties":{"tourism":"viewpoint"}},
{"type":"Feature","id":"n5333623025","geometry":{"type":"Point","coordinates":[3.4341234,39.7043659]},"properties":{"tourism":"viewpoint"}},
{"type":"Feature","id":"n5360499757","geometry":{"type":"Point","coordinates":[2.441522,39.547193]},"properties":{"direction":"180","tourism":"viewpoint"}},
{"type":"Feature","id":"n5403453905","geometry":{"type":"Point","coordinates":[3.2641233,39.4128229]},"properties":{"tourism":"viewpoint"}},
{"type":"Feature","id":"n5418150193","geometry":{"type":"Point","coordinates":[3.1084866,39.3029076]},"properties":{"historic":"ruins","name":"Megalithic Ruins"}},
{"type":"Feature","id":"n5436721210","geometry":{"type":"Point","coordinates":[2.7462632,39.4337743]},"properties":{"name":"Mirador des Balconet o del Pujador des Frares","tourism":"viewpoint"}},
{"type":"Feature","id":"n5464033765","geometry":{"type":"Point","coordinates":[3.0934157,39.4064384]},"properties":{"historic":"archaeological_site","name":"poblat talaiòtic des Rossells"}},
{"type":"Feature","id":"n5472772674","geometry":{"type":"Point","coordinates":[3.3562596,39.6932094]},"properties":{"name":"M. Sarasate","tourism":"gallery"}},
{"type":"Feature","id":"n5523321093","geometry":{"type":"Point","coordinates":[3.001481,39.3825483]},"properties":{"entrance":"main"}},
{"type":"Feature","id":"n5584894698","geometry":{"type":"Point","coordinates":[3.4462845,39.7312467]},"properties":{"historic":"ruins","man_made":"kiln","product":"lime"}},
{"type":"Feature","id":"n5584894703","geometry":{"type":"Point","coordinates":[3.4419541,39.7330805]},"properties":{"historic":"ruins","man_made":"kiln","product":"lime"}},
{"type":"Feature","id":"n5588029514","geometry":{"type":"Point","coordinates":[3.475207,39.7170301]},"properties":{"seamark:landmark:category":"tower","seamark:landmark:function":"Old Watchtower","seamark:type":"landmark"}},
{"type":"Feature","id":"n5596656809","geometry":{"type":"Point","coordinates":[2.643031,39.5820501]},"properties":{"historic":"memorial"}},
{"type":"Feature","id":"n5617587834","geometry":{"type":"Point","coordinates":[3.1249188,39.7919227]},"properties":{"amenity":"theatre","check_date":"2025-09-23","name":"Außenbühne"}},
{"type":"Feature","id":"n5632793172","geometry":{"type":"Point","coordinates":[3.1110818,39.9289392]},"properties":{"tourism":"viewpoint"}},
{"type":"Feature","id":"n5632793190","geometry":{"type":"Point","coordinates":[3.2119734,39.9611158]},"properties":{"tourism":"viewpoint"}},
{"type":"Feature","id":"n5633232355","geometry":{"type":"Point","coordinates":[3.3786912,39.577228]},"properties":{"name":"Horse to Castle","tourism":"attraction"}},
{"type":"Feature","id":"n5633633433","geometry":{"type":"Point","coordinates":[3.3722659,39.5687777]},"properties":{"tourism":"viewpoint"}},
{"type":"Feature","id":"n5633634252","geometry":{"type":"Point","coordinates":[3.372054,39.5696365]},"properties":{"amenity":"marketplace","name":"Auskunft Flohmärkte","tourism":"yes"}},
{"type":"Feature","id":"n5645790036","geometry":{"type":"Point","coordinates":[2.6044548,39.7246677]},"properties":{"name":"Mirador de sa Vorera","tourism":"viewpoint"}},
{"type":"Feature","id":"n5648132226","geometry":{"type":"Point","coordinates":[2.3683948,39.570216]},"properties":{"tourism":"viewpoint"}},
{"type":"Feature","id":"n5724115360","geometry":{"type":"Point","coordinates":[3.1097939,39.9061882]},"properties":{"historic":"fort"}},
{"type":"Feature","id":"n5724115361","geometry":{"type":"Point","coordinates":[3.1943261,39.8850359]},"properties":{"historic":"fort"}},
{"type":"Feature","id":"n5724157882","geometry":{"type":"Point","coordinates":[2.7452451,39.4102815]},"properties":{"historic":"fort"}},
{"type":"Feature","id":"n5726319066","geometry":{"type":"Point","coordinates":[2.5217658,39.459552]},"properties":{"historic":"fort"}},
{"type":"Feature","id":"n5726319067","geometry":{"type":"Point","coordinates":[2.4977855,39.4731171]},"properties":{"historic":"fort"}},
{"type":"Feature","id":"n5726319459","geometry":{"type":"Point","coordinates":[2.7069867,39.5392568]},"properties":{"historic":"fort","name":"bateria antiaèria de Son Mosson"}},
{"type":"Feature","id":"n5736109138","geometry":{"type":"Point","coordinates":[3.200813,39.9554881]},"properties":{"name":"mirador del Puat","tourism":"viewpoint"}},
{"type":"Feature","id":"n5747111660","geometry":{"type":"Point","coordinates":[2.6868774,39.7841144]},"properties":{"tourism":"viewpoint"}},
{"type":"Feature","id":"n5751184658","geometry":{"type":"Point","coordinates":[2.9247552,39.5981244]},"properties":{"historic":"wayside_cross"}},
{"type":"Feature","id":"n5754387835","geometry":{"type":"Point","coordinates":[3.123896,39.8528791]},"properties":{"historic":"wayside_cross"}},
{"type":"Feature","id":"n5754420492","geometry":{"type":"Point","coordinates":[3.1237792,39.8533911]},"properties":{"artwork_subject":"figurative","artwork_type":"sculpture","historic":"memorial","inscription":"LA FIDELISIMA CIUDAD DE ALCUDIA AL EMPERADOR CARLOS MDXXIII - MCMLXXIII","material":"bronze","memorial":"stele","tourism":"artwork"}},
{"type":"Feature","id":"n5756571200","geometry":{"type":"Point","coordinates":[3.1309676,39.7848156]},"properties":{"historic":"monument","man_made":"tower","name":"Torre d'Enfilació","name:de":"Peilturm Dunes d’es Comú de Muro (T03b) 6","source":"https://interfest.de/index.php?option=com_content&view=article&id=382:am-wall-nr-103-mallorcas-obelisken-eine-verspaetete-antwort&catid=101&Itemid=526&lang=de","tower:type":"positioning tower"}},
{"type":"Feature","id":"n5761809930","geometry":{"type":"Point","coordinates":[2.8873488,39.4875673]},"properties":{"historic":"memorial","memorial":"statue","name":"Jaume III"}},
{"type":"Feature","id":"n5765453597","geometry":{"type":"Point","coordinates":[2.6561675,39.5708214]},"properties":{"amenity":"theatre","name":"Delirious"}},
{"type":"Feature","id":"n5780439809","geometry":{"type":"Point","coordinates":[3.1736667,39.3280255]},"properties":{"tourism":"viewpoint"}},
{"type":"Feature","id":"n5814427746","geometry":{"type":"Point","coordinates":[2.8918215,39.5602087]},"properties":{"historic":"wayside_cross","name":"Creu de Can Vicó","name:ca":"Creu de Can Vicó","wikidata":"Q43154951","wikimedia_commons":"Category:Creu des Molí des Sant"}},
{"type":"Feature","id":"n5814441256","geometry":{"type":"Point","coordinates":[2.8953012,39.5607749]},"properties":{"historic":"wayside_cross","name":"Creu d’en Massot","name:ca":"Creu d’en Massot","wikidata":"Q43154899","wikimedia_commons":"Category:Creu d'en Massot"}},
{"type":"Feature","id":"n5818635635","geometry":{"type":"Point","coordinates":[2.9029534,39.5668386]},"properties":{"historic":"wayside_cross","name":"Creu des Traginers"}},
{"type":"Feature","id":"n5825543961","geometry":{"type":"Point","coordinates":[2.9252194,39.5272963]},"properties":{"tourism":"viewpoint"}},
{"type":"Feature","id":"n5838969922","geometry":{"type":"Point","coordinates":[2.9166448,39.5255838]},"properties":{"alt_name":"Creu del Coremer","historic":"wayside_cross","inscription":"Creu de Terme de Randa.","name":"Creu de Randa","name:ca":"Creu de Randa","wikidata":"Q43154971","wikimedia_commons":"Category:Creu de Randa"}},
{"type":"Feature","id":"n5842462557","geometry":{"type":"Point","coordinates":[2.9391133,39.5980623]},"properties":{"historic":"watermill","man_made":"watermill","name":"Sínia de Son Ribes","name:ca":"Sínia de Son Ribes"}},
{"type":"Feature","id":"n5846188955","geometry":{"type":"Point","coordinates":[2.9394434,39.5523008]},"properties":{"historic":"yes","name":"Talaiot de Son Coll Nou","name:ca":"Talaiot de Son Coll Nou","wikidata":"Q43095250","wikimedia_commons":"Category:Talaiot de Son Coll nou"}},
{"type":"Feature","id":"n5846446172","geometry":{"type":"Point","coordinates":[2.9361295,39.5685955]},"properties":{"historic":"ruins","name":"Sínia d'en Bodegó","name:ca":"Sínia d'en Bodegó"}},
{"type":"Feature","id":"n5851285096","geometry":{"type":"Point","coordinates":[2.8927964,39.5273835]},"properties":{"historic":"watermill","man_made":"watermill","name":"Sínia de Son Doi","name:ca":"Sínia de Son Doi"}},
{"type":"Feature","id":"n5922422386","geometry":{"type":"Point","coordinates":[3.3510317,39.6944759]},"properties":{"addr:housenumber":"4","addr:postcode":"07570","addr:street":"Carrer d'Antoni Blanes Joan","check_date":"2023-12-05","name":"Joan Peix","tourism":"gallery"}},
{"type":"Feature","id":"n5951065040","geometry":{"type":"Point","coordinates":[3.0737677,39.8903256]},"properties":{"building:material":"stone","historic":"noria","man_made":"water_well","moved":"yes","name":"Sínia"}},
{"type":"Feature","id":"n6015301378","geometry":{"type":"Point","coordinates":[2.3723704,39.5327202]},"properties":{"tourism":"viewpoint"}},
{"type":"Feature","id":"n6031600291","geometry":{"type":"Point","coordinates":[2.4210104,39.5772032]},"properties":{"historic":"wayside_cross"}},
{"type":"Feature","id":"n6047585965","geometry":{"type":"Point","coordinates":[2.3920091,39.5782734]},"properties":{"abandoned:man_made":"water_well","description":"apparently an old water well","historic":"yes"}},
{"type":"Feature","id":"n6047585979","geometry":{"type":"Point","coordinates":[2.362681,39.598431]},"properties":{"tourism":"viewpoint"}},
{"type":"Feature","id":"n6047586025","geometry":{"type":"Point","coordinates":[2.4419009,39.5491198]},"properties":{"tourism":"viewpoint"}},
{"type":"Feature","id":"n6051348106","geometry":{"type":"Point","coordinates":[2.3674203,39.5698581]},"properties":{"tourism":"viewpoint"}},
{"type":"Feature","id":"n6051348107","geometry":{"type":"Point","coordinates":[2.368516,39.5711402]},"properties":{"direction":"230-80","tourism":"viewpoint"}},
{"type":"Feature","id":"n6051348108","geometry":{"type":"Point","coordinates":[2.3676677,39.5718166]},"properties":{"name":"collet de sa Barrera","tourism":"viewpoint"}},
{"type":"Feature","id":"n6051348109","geometry":{"type":"Point","coordinates":[2.3687409,39.572351]},"properties":{"direction":"250-70","tourism":"viewpoint"}},
{"type":"Feature","id":"n6051557972","geometry":{"type":"Point","coordinates":[2.6414564,39.5696597]},"properties":{"access":"private","barrier":"gate","entrance":"no"}},
{"type":"Feature","id":"n6051557981","geometry":{"type":"Point","coordinates":[2.6436117,39.566447]},"properties":{"direction":"0-360","note":"nothing marked here, but the view is remarkable","tourism":"viewpoint"}},
{"type":"Feature","id":"n6051558489","geometry":{"type":"Point","coordinates":[2.6532499,39.5739427]},"properties":{"entrance":"yes","source:position":"estimated, somewhere here , +- 20 m"}},
{"type":"Feature","id":"n6102740218","geometry":{"type":"Point","coordinates":[2.6513888,39.5732154]},"properties":{"name":"López-Fuseya","tourism":"gallery"}},
{"type":"Feature","id":"n6112684537","geometry":{"type":"Point","coordinates":[2.6189547,39.7302794]},"properties":{"name":"mirador des Garriguer","tourism":"viewpoint"}},
{"type":"Feature","id":"n6113562590","geometry":{"type":"Point","coordinates":[2.6216096,39.7087643]},"properties":{"fee":"yes","name":"Cartoixa de Valldemossa","name:ca":"Cartoixa de Valldemossa","name:de":"Kartause von Valldemossa","name:en":"Valldemossa Charterhouse","name:es":"Cartuja de Valldemosa","name:it":"Certosa di Valldemossa","opening_hours":"Mo-Fr 10:00-17:00; Sa 10:00-16:00","tourism":"museum","website":"https://www.cartoixadevalldemossa.com/","wikipedia":"es:Cartuja de Valldemosa"}},
{"type":"Feature","id":"n6135405710","geometry":{"type":"Point","coordinates":[2.9581037,39.7100631]},"properties":{"craft":"olive_oil","description":"Olive oil tasting and guided tours","name":"Son Catiu","shop":"craft","tourism":"attraction","website":"https://www.soncatiu.com/tienda.php","wheelchair":"yes"}},
{"type":"Feature","id":"n6141021531","geometry":{"type":"Point","coordinates":[2.6382094,39.5705406]},"properties":{"addr:city":"Palma","addr:housenumber":"24","addr:postcode":"07013","addr:street":"Carrer de Sant Magí","historic":"memorial","inscription":"8M Dia internacional de les dones 2018","memorial":"plaque","memorial:addr":"Carrer de Sant Magí 24, 07013, Palma, Illes Balears, ES","name":"8M Dia internacional de les dones 2018","name:ca":"8M Dia internacional de les dones 2018","name:es":"8M Día internacional de la mujer 2018","name:gl":"8M Día internacional da muller 2018","operator":"Ajuntament de Palma","operator:url":"https://www.palma.cat","start_date":"2018-12-15","wheelchair":"yes"}},
{"type":"Feature","id":"n6152270485","geometry":{"type":"Point","coordinates":[2.8057232,39.85226]},"properties":{"name":"Torrent de Pareis","tourism":"viewpoint","wheelchair":"limited"}},
{"type":"Feature","id":"n6190948280","geometry":{"type":"Point","coordinates":[2.6101053,39.5551062]},"properties":{"entrance":"main"}},
{"type":"Feature","id":"n6266909024","geometry":{"type":"Point","coordinates":[2.9124095,39.7198529]},"properties":{"archaeological_site":"city","historic":"yes","historic:civilization":"medieval","inscription":"Jewish Quarter - Barrio Judio","name":"Jewish Quarter"}},
{"type":"Feature","id":"n6282470724","geometry":{"type":"Point","coordinates":[2.6371057,39.5794644]},"properties":{"addr:city":"Palma","addr:housenumber":"21","addr:street":"Avinguda de Sant Ferran","amenity":"arts_centre","name":"Casa Planas","wikidata":"Q117354407","wikipedia":"ca:Casa Planas (Palma)"}},
{"type":"Feature","id":"n6317994678","geometry":{"type":"Point","coordinates":[2.9820097,39.7568311]},"properties":{"alt_name":"creu des Pou nou","historic":"wayside_cross","name":"creu de Can Monavi"}},
{"type":"Feature","id":"n6345054863","geometry":{"type":"Point","coordinates":[2.8221424,39.8002824]},"properties":{"archaeological_site":"settlement","historic":"archaeological_site","historic:civilization":"arab","name":"Almallutx","name:ca":"Almallutx"}},
{"type":"Feature","id":"n6345929125","geometry":{"type":"Point","coordinates":[3.1941333,39.3517845]},"properties":{"fee":"no","name":"Sa Covassa","natural":"cave_entrance"}},
{"type":"Feature","id":"n6357008181","geometry":{"type":"Point","coordinates":[3.0999121,39.3013962]},"properties":{"ele":"53","fee":"no","historic":"archaeological_site","name":"Cova des Drac del Rafal des Porcs","natural":"cave_entrance","source":"Jose Bermejo"}},
{"type":"Feature","id":"n6357010213","geometry":{"type":"Point","coordinates":[2.5227886,39.4717619]},"properties":{"ele":"10","fee":"no","historic":"archaeological_site","name":"Cova de la Mare de Déu de Portals Vells","name:ca":"Cova de la Mare de Déu de Portals Vells","natural":"cave_entrance","source":"Jose Bermejo"}},
{"type":"Feature","id":"n6359214788","geometry":{"type":"Point","coordinates":[2.6168506,39.7400813]},"properties":{"name":"Mirador des Guix","tourism":"viewpoint"}},
{"type":"Feature","id":"n6380924185","geometry":{"type":"Point","coordinates":[3.0575066,39.9213009]},"properties":{"name":"el Maressar","tourism":"viewpoint"}},
{"type":"Feature","id":"n6392100708","geometry":{"type":"Point","coordinates":[3.283332,39.6098613]},"properties":{"historic":"memorial","inscription":"Conmemoración a los fallecidos el 9 de Octubre del año 2018 por el desbordamiento del Torrent de Ses Planes.","name":"9-10-2018"}},
{"type":"Feature","id":"n6394947173","geometry":{"type":"Point","coordinates":[3.2869864,39.6067936]},"properties":{"artist_name":"Joan Lacomba","description":"Recorda i commemora les víctimes de la Guerra Civil espanyola","historic":"memorial","material":"concrete","memorial":"war_memorial"}},
{"type":"Feature","id":"n6408507555","geometry":{"type":"Point","coordinates":[2.5462237,39.6378941]},"properties":{"tourism":"viewpoint"}},
{"type":"Feature","id":"n6409081817","geometry":{"type":"Point","coordinates":[2.7070165,39.5347508]},"properties":{"access":"yes","archaeological_site":"ruins","historic":"archaeological_site","historic:civilization":"phoenician","name":"Jaciment púnic de l'Illot de Sa Galera","name:ca":"Jaciment púnic de l'Illot de Sa Galera"}},
{"type":"Feature","id":"n6436205623","geometry":{"type":"Point","coordinates":[2.9088463,39.7249332]},"properties":{"historic":"wayside_cross"}},
{"type":"Feature","id":"n6438189704","geometry":{"type":"Point","coordinates":[3.1211673,39.8552088]},"properties":{"direction":"0-360","tourism":"viewpoint"}},
{"type":"Feature","id":"n6462008212","geometry":{"type":"Point","coordinates":[3.2073365,39.5691861]},"properties":{"historic":"wayside_cross"}},
{"type":"Feature","id":"n6478116487","geometry":{"type":"Point","coordinates":[2.6939269,39.8014867]},"properties":{"tourism":"viewpoint"}},
{"type":"Feature","id":"n6487755286","geometry":{"type":"Point","coordinates":[2.5261165,39.4796475]},"properties":{"tourism":"viewpoint"}},
{"type":"Feature","id":"n6503114933","geometry":{"type":"Point","coordinates":[3.1857112,39.4581308]},"properties":{"historic":"wayside_cross","material":"stone","name":"creu del Picot","name:ca":"creu del Picot"}},
{"type":"Feature","id":"n6520615350","geometry":{"type":"Point","coordinates":[2.6086442,39.7264426]},"properties":{"historic":"wayside_cross","name":"Creu de de l'ermità Nofre","name:ca":"Creu de de l'ermità Nofre"}},
{"type":"Feature","id":"n6529115154","geometry":{"type":"Point","coordinates":[2.6610547,39.5849911]},"properties":{"railway":"crossing"}},
{"type":"Feature","id":"n6529115155","geometry":{"type":"Point","coordinates":[2.6610556,39.5834903]},"properties":{"crossing:barrier":"no","crossing:chicane":"yes","railway":"crossing"}},
{"type":"Feature","id":"n6529115156","geometry":{"type":"Point","coordinates":[2.6610755,39.5842952]},"properties":{"railway":"crossing"}},
{"type":"Feature","id":"n6529115157","geometry":{"type":"Point","coordinates":[2.6609672,39.5865126]},"properties":{"railway":"crossing"}},
{"type":"Feature","id":"n6529115158","geometry":{"type":"Point","coordinates":[2.6609953,39.5857949]},"properties":{"railway":"crossing"}},
{"type":"Feature","id":"n6529225730","geometry":{"type":"Point","coordinates":[2.6607719,39.5907705]},"properties":{"railway":"level_crossing"}},
{"type":"Feature","id":"n6535634039","geometry":{"type":"Point","coordinates":[3.0962836,39.8352137]},"properties":{"direction":"E","tourism":"viewpoint"}},
{"type":"Feature","id":"n6539444078","geometry":{"type":"Point","coordinates":[2.5003187,39.6836047]},"properties":{"tourism":"viewpoint"}},
{"type":"Feature","id":"n6539531885","geometry":{"type":"Point","coordinates":[3.4767777,39.7156214]},"properties":{"tourism":"viewpoint"}},
{"type":"Feature","id":"n6539531887","geometry":{"type":"Point","coordinates":[3.1860024,39.4556122]},"properties":{"tourism":"viewpoint"}},
{"type":"Feature","id":"n6540621731","geometry":{"type":"Point","coordinates":[2.6460241,39.5729691]},"properties":{"building":"yes","historic":"manor","name":"Can Forteza del Sitjar"}},
{"type":"Feature","id":"n6540621735","geometry":{"type":"Point","coordinates":[2.653009,39.5698559]},"properties":{"building":"yes","historic":"manor","name":"Can Dameto de la Quartera","name:ca":"Can Dameto de la Quartera","wikidata":"Q108049614"}},
{"type":"Feature","id":"n6540621739","geometry":{"type":"Point","coordinates":[2.6518064,39.5678747]},"properties":{"alt_name":"Can Lloseta","building":"yes","historic":"manor","name":"Can Lloeta","wikidata":"Q105872474","wikimedia_commons":"Category:Can Lloeta"}},
{"type":"Feature","id":"n6540621741","geometry":{"type":"Point","coordinates":[2.6527333,39.5687861]},"properties":{"historic":"memorial","memorial":"statue","name":"Fra Juníper Serra"}},
{"type":"Feature","id":"n6583272089","geometry":{"type":"Point","coordinates":[2.4769547,39.6617636]},"properties":{"tourism":"viewpoint"}},
{"type":"Feature","id":"n6594581015","geometry":{"type":"Point","coordinates":[3.1019106,39.6917959]},"properties":{"historic":"yes","man_made":"water_well","name":"Pou d'Hero"}},
{"type":"Feature","id":"n6603627885","geometry":{"type":"Point","coordinates":[3.1043958,39.7877418]},"properties":{"tourism":"attraction"}},
{"type":"Feature","id":"n6608915322","geometry":{"type":"Point","coordinates":[3.4271458,39.646371]},"properties":{"tourism":"viewpoint"}},
{"type":"Feature","id":"n6694661509","geometry":{"type":"Point","coordinates":[2.6292692,39.7510799]},"properties":{"entrance":"yes"}},
{"type":"Feature","id":"n6694661518","geometry":{"type":"Point","coordinates":[2.6286949,39.7507607]},"properties":{"tourism":"viewpoint"}},
{"type":"Feature","id":"n6715772987","geometry":{"type":"Point","coordinates":[2.4869419,39.6446423]},"properties":{"tourism":"viewpoint"}},
{"type":"Feature","id":"n6733341386","geometry":{"type":"Point","coordinates":[3.3825119,39.5959209]},"properties":{"addr:city":"Cala Millor","addr:housenumber":"3","addr:postcode":"07560","addr:street":"Carrer de l'Olivar","name":"Buggy 4 Fun Cala Millor","name:en":"Buggy 4 Fun","operator":"Christian Bauer","tourism":"attraction","website":"https://www.buggy4fun.com/"}},
{"type":"Feature","id":"n6804092305","geometry":{"type":"Point","coordinates":[2.5264124,39.6937655]},"properties":{"name":"Penyal de s'Heura","name:ca":"Penyal de s'Heura","tourism":"viewpoint"}},
{"type":"Feature","id":"n6823026239","geometry":{"type":"Point","coordinates":[2.648416,39.5677886]},"properties":{"access":"yes","entrance":"yes"}},
{"type":"Feature","id":"n6823048500","geometry":{"type":"Point","coordinates":[2.6488834,39.5677319]},"properties":{"entrance":"exit","name":"Sortida Visita","name:ca":"Sortida Visita","name:de":"Besucherausgang","name:es":"Salida Visita"}},
{"type":"Feature","id":"n6823048501","geometry":{"type":"Point","coordinates":[2.6477515,39.5676956]},"properties":{"entrance":"main","name":"Portal Major","name:de":"Hauptportal","name:es":"Portal Mayor"}},
{"type":"Feature","id":"n6823065458","geometry":{"type":"Point","coordinates":[2.6478141,39.5689063]},"properties":{"indoor":"room","name":"Capella del Sant Crist de les Ànimes","name:ca":"Capella del Sant Crist de les Ànimes","name:de":"Kapelle des Heiligen Christus der Seelen","name:es":"Capilla del Santo Cristo de las Ánimas","room":"chapel"}},
{"type":"Feature","id":"n6856640242","geometry":{"type":"Point","coordinates":[2.6470474,39.5676855]},"properties":{"description":"Entrada Capella","description:de":"Treppenaufgang Kapelle","description:en":"Entrance and staircase to chappel","entrance":"yes"}},
{"type":"Feature","id":"n6856640243","geometry":{"type":"Point","coordinates":[2.6470178,39.5676382]},"properties":{"description":"Entrada Palau","description:de":"Eingang Palast","description:en":"Entrance to Palace","entrance":"yes"}},
{"type":"Feature","id":"n6870974494","geometry":{"type":"Point","coordinates":[2.6256099,39.7099705]},"properties":{"historic":"wayside_cross","name":"creu d'avall","name:ca":"creu d'avall"}},
{"type":"Feature","id":"n6870974495","geometry":{"type":"Point","coordinates":[2.6224233,39.7103034]},"properties":{"historic":"wayside_cross","name":"creu de dalt","name:ca":"creu de dalt"}},
{"type":"Feature","id":"n6873208693","geometry":{"type":"Point","coordinates":[2.6161983,39.7337041]},"properties":{"name":"mirador dels Ermitans","tourism":"viewpoint"}},
{"type":"Feature","id":"n6874332874","geometry":{"type":"Point","coordinates":[2.6357834,39.6933971]},"properties":{"name":"mirador de Son Morro","tourism":"viewpoint"}},
{"type":"Feature","id":"n6883567956","geometry":{"type":"Point","coordinates":[3.0204685,39.4304649]},"properties":{"barrier":"gate","bicycle":"no","entrance":"main","foot":"yes","horse":"no","motor_vehicle":"no"}},
{"type":"Feature","id":"n6900538888","geometry":{"type":"Point","coordinates":[2.6519556,39.5678731]},"properties":{"historic":"wayside_shrine","name":"Via Crucis"}},
{"type":"Feature","id":"n6910760431","geometry":{"type":"Point","coordinates":[3.1286952,39.3543473]},"properties":{"addr:city":"Santanyí","addr:postcode":"07650","addr:street":"Plaça Major","amenity":"marketplace","name":"Mercat de Santanyí","name:ca":"Mercat de Santanyí","name:en":"Santanyí Market","name:es":"Mercadillo de Santanyí","opening_hours":"We, Sa 09:00-13:00","operator":"Ajuntament de Santanyí","website":"https://mercadillos.org/mercadillo-santanyi"}},
{"type":"Feature","id":"n6913540888","geometry":{"type":"Point","coordinates":[3.0123208,39.6435882]},"properties":{"addr:city":"Sineu","addr:housenumber":"160","addr:postcode":"07510","addr:street":"es Fossar","amenity":"marketplace","name":"Mercat de Sineu","name:ca":"Mercat de Sineu","opening_hours":"We 08:00-14:00"}},
{"type":"Feature","id":"n6939252585","geometry":{"type":"Point","coordinates":[3.1627974,39.7645645]},"properties":{"historic":"monument","name":"Búnquer","name:ca":"Búnquer","name:de":"Bunker","name:es":"Bunker","name:ru":"Бункер"}},
{"type":"Feature","id":"n6949337767","geometry":{"type":"Point","coordinates":[3.1325753,39.3573747]},"properties":{"historic":"wayside_cross","name":"creu d'en Llaneres","name:ca":"Creu d'en Llaneres","wikidata":"Q43156139","wikimedia_commons":"Category:Creu d'en Llaneres (Santanyí)"}},
{"type":"Feature","id":"n6968842885","geometry":{"type":"Point","coordinates":[2.9726559,39.3529734]},"properties":{"name":"Platja des Freu","name:ca":"Platja des Freu","tourism":"viewpoint"}},
{"type":"Feature","id":"n7017760614","geometry":{"type":"Point","coordinates":[2.646196,39.5672919]},"properties":{"entrance":"yes"}},
{"type":"Feature","id":"n7053693972","geometry":{"type":"Point","coordinates":[2.7914644,39.7338085]},"properties":{"barrier":"sally_port"}},
{"type":"Feature","id":"n7053700472","geometry":{"type":"Point","coordinates":[2.7913862,39.7338095]},"properties":{"barrier":"sally_port"}},
{"type":"Feature","id":"n7053919276","geometry":{"type":"Point","coordinates":[2.7935569,39.7328257]},"properties":{"name":"Mirador de l'Orengar","tourism":"viewpoint","wheelchair":"no"}},
{"type":"Feature","id":"n7070710128","geometry":{"type":"Point","coordinates":[3.037003,39.7784279]},"properties":{"historic":"wayside_cross","name":"creu d'en Martí Seguí","name:ca":"Creu d'en Martí Seguí","wikidata":"Q43156074","wikimedia_commons":"Category:Creu d'en Martí Seguí"}},
{"type":"Feature","id":"n7070749865","geometry":{"type":"Point","coordinates":[3.0465709,39.7321535]},"properties":{"historic":"wayside_cross","name":"creu del camí de Ciutat","name:ca":"creu del camí de Ciutat"}},
{"type":"Feature","id":"n7116491168","geometry":{"type":"Point","coordinates":[2.5088508,39.6732936]},"properties":{"name":"penyals des Boixar","tourism":"viewpoint"}},
{"type":"Feature","id":"n7198235313","geometry":{"type":"Point","coordinates":[2.5642878,39.6569179]},"properties":{"tourism":"viewpoint"}},
{"type":"Feature","id":"n7207140354","geometry":{"type":"Point","coordinates":[2.9079956,39.7219]},"properties":{"historic":"wayside_shrine","name":"capelleta"}},
{"type":"Feature","id":"n7230282532","geometry":{"type":"Point","coordinates":[2.5782029,39.6680267]},"properties":{"date":"2005","historic":"memorial","inscription":"Pau als qui reposaren aqui del seu treball pau I esperança als qui guardam la seva memoria"}},
{"type":"Feature","id":"n7234674339","geometry":{"type":"Point","coordinates":[3.0938173,39.5706598]},"properties":{"historic":"wayside_cross"}},
{"type":"Feature","id":"n7249596697","geometry":{"type":"Point","coordinates":[2.6340213,39.7042627]},"properties":{"name":"mirador d'Es Mirabò","tourism":"viewpoint"}},
{"type":"Feature","id":"n7249896693","geometry":{"type":"Point","coordinates":[2.6529838,39.5695981]},"properties":{"historic":"manor","name":"Can Ribas de Pina","wikidata":"Q108049594","wikimedia_commons":"Category:Can Ribes de Pina"}},
{"type":"Feature","id":"n7288075647","geometry":{"type":"Point","coordinates":[2.6224663,39.7095586]},"properties":{"historic":"yes","man_made":"water_well","pump":"no"}},
{"type":"Feature","id":"n7292449561","geometry":{"type":"Point","coordinates":[3.0523252,39.7392504]},"properties":{"historic":"wayside_cross","name":"creu de Marjal","name:ca":"Creu de Marjal","wikidata":"Q43155665","wikimedia_commons":"Category:Creu de Marjal"}},
{"type":"Feature","id":"n7293368539","geometry":{"type":"Point","coordinates":[2.7194539,39.767902]},"properties":{"addr:city":"Sóller","addr:housenumber":"127","addr:street":"Carrer de sa Lluna","amenity":"arts_centre","name":"B2","name:ca":"B2"}},
{"type":"Feature","id":"n7294089426","geometry":{"type":"Point","coordinates":[2.6436201,39.5686537]},"properties":{"historic":"cannon"}},
{"type":"Feature","id":"n7294089431","geometry":{"type":"Point","coordinates":[2.6435282,39.5687178]},"properties":{"historic":"cannon"}},
{"type":"Feature","id":"n7294089433","geometry":{"type":"Point","coordinates":[2.6434725,39.5687177]},"properties":{"historic":"anchor"}},
{"type":"Feature","id":"n7294173577","geometry":{"type":"Point","coordinates":[2.6474214,39.5675062]},"properties":{"historic":"cannon"}},
{"type":"Feature","id":"n7294173578","geometry":{"type":"Point","coordinates":[2.6473914,39.5674434]},"properties":{"historic":"cannon"}},
{"type":"Feature","id":"n7296341367","geometry":{"type":"Point","coordinates":[2.6438415,39.5710191]},"properties":{"name":"Maior","tourism":"gallery"}},
{"type":"Feature","id":"n7296369918","geometry":{"type":"Point","coordinates":[2.6548577,39.5675897]},"properties":{"name":"MA","tourism":"gallery"}},
{"type":"Feature","id":"n7296375140","geometry":{"type":"Point","coordinates":[2.6445484,39.5708338]},"properties":{"tourism":"gallery","wheelchair":"no"}},
{"type":"Feature","id":"n7296399483","geometry":{"type":"Point","coordinates":[2.6511703,39.5836624]},"properties":{"name":"Pascual de Cabo","tourism":"gallery"}},
{"type":"Feature","id":"n7350252678","geometry":{"type":"Point","coordinates":[2.7612676,39.7348269]},"properties":{"heritage":"2","heritage:operator":"mecd","heritage:website":"https://www.culturaydeporte.gob.es/cultura/patrimonio/bienes-culturales-protegidos.html","historic":"wayside_cross","name":"Creu dels Llevadossos","note":"Bé d'interès cultural: RI-51-0010264","protection_title":"Bien de Interés Cultural","protection_title:category":"Monumento","ref:bic":"RI-51-0010264","wikidata":"Q43155135"}},
{"type":"Feature","id":"n7352734963","geometry":{"type":"Point","coordinates":[3.122447,39.847132]},"properties":{"historic":"wayside_cross"}},
{"type":"Feature","id":"n7376299789","geometry":{"type":"Point","coordinates":[2.6284838,39.5975081]},"properties":{"amenity":"theatre","name":"sala Dante"}},
{"type":"Feature","id":"n7377426488","geometry":{"type":"Point","coordinates":[2.6564009,39.56409]},"properties":{"tourism":"viewpoint"}},
{"type":"Feature","id":"n7397672353","geometry":{"type":"Point","coordinates":[2.659114,39.6029764]},"properties":{"addr:housenumber":"4","addr:street":"Carrer del Gremi de Velluters","amenity":"arts_centre","name":"sa Possessió"}},
{"type":"Feature","id":"n7460547917","geometry":{"type":"Point","coordinates":[2.5642785,39.6575164]},"properties":{"name":"mirador de Son Poquet","tourism":"viewpoint"}},
{"type":"Feature","id":"n7514520156","geometry":{"type":"Point","coordinates":[2.6598623,39.6095108]},"properties":{"railway":"crossing"}},
{"type":"Feature","id":"n7566089269","geometry":{"type":"Point","coordinates":[2.4641097,39.6221597]},"properties":{"tourism":"viewpoint"}},
{"type":"Feature","id":"n7568155246","geometry":{"type":"Point","coordinates":[2.6551516,39.6172873]},"properties":{"historic":"wayside_cross"}},
{"type":"Feature","id":"n7611931652","geometry":{"type":"Point","coordinates":[3.1009326,39.7030375]},"properties":{"tourism":"viewpoint"}},
{"type":"Feature","id":"n7637563204","geometry":{"type":"Point","coordinates":[2.902178,39.7687376]},"properties":{"historic":"wayside_cross","wikidata":"Q43156197"}},
{"type":"Feature","id":"n7639984970","geometry":{"type":"Point","coordinates":[2.7015021,39.6947444]},"properties":{"historic":"wayside_shrine","name":"creu d'en Borralló"}},
{"type":"Feature","id":"n7700668353","geometry":{"type":"Point","coordinates":[2.9560168,39.6151966]},"properties":{"access":"yes","alt_name":"Cova de sa Comuna","alt_name:ca":"Cova de sa Comuna","archaeological_site":"cueva","historic":"archaeological_site","historic:civilization":"talaiotic","inscription":"Hallazgo arqueológico donde se hallaron enterramientos colectivos datados entre 1500-1200 aC","name":"Cova d'en Deinat","name:ca":"Cova d'en Deinat","wikidata":"Q43099515"}},
{"type":"Feature","id":"n7704563204","geometry":{"type":"Point","coordinates":[2.710979,39.7625654]},"properties":{"historic":"wayside_cross"}},
{"type":"Feature","id":"n7727382185","geometry":{"type":"Point","coordinates":[3.1084806,39.6487414]},"properties":{"historic":"wayside_cross"}},
{"type":"Feature","id":"n7732313429","geometry":{"type":"Point","coordinates":[3.0853906,39.9091509]},"properties":{"historic":"memorial","inscription":"H. ANGLADA CAMARASA","memorial":"bust","start_date":"1974"}},
{"type":"Feature","id":"n7752001185","geometry":{"type":"Point","coordinates":[2.6421741,39.7612374]},"properties":{"tourism":"viewpoint"}},
{"type":"Feature","id":"n7770290585","geometry":{"type":"Point","coordinates":[2.8303023,39.3588772]},"properties":{"name":"Cala Beltran","tourism":"viewpoint"}},
{"type":"Feature","id":"n7825338360","geometry":{"type":"Point","coordinates":[3.0593069,39.7370086]},"properties":{"historic":"wayside_cross","name":"creu del Comtat","name:ca":"creu del Comtat"}},
{"type":"Feature","id":"n7825418441","geometry":{"type":"Point","coordinates":[3.0708821,39.7327342]},"properties":{"historic":"wayside_cross","name":"creu de Morell","name:ca":"Creu de Morell","wikidata":"Q43155713"}},
{"type":"Feature","id":"n7825498708","geometry":{"type":"Point","coordinates":[3.0607997,39.7399485]},"properties":{"historic":"wayside_cross","name":"creu des Fiters"}},
{"type":"Feature","id":"n7827777372","geometry":{"type":"Point","coordinates":[3.352939,39.7105922]},"properties":{"historic":"wayside_cross","name":"sa Creu nova"}},
{"type":"Feature","id":"n7832316648","geometry":{"type":"Point","coordinates":[2.8322234,39.3596214]},"properties":{"historic":"archaeological_site"}},
{"type":"Feature","id":"n7837927339","geometry":{"type":"Point","coordinates":[3.2824221,39.7336]},"properties":{"historic":"wayside_cross","name":"creu de la Colònia","name:ca":"creu de la Colònia"}},
{"type":"Feature","id":"n7842789465","geometry":{"type":"Point","coordinates":[2.6464233,39.567692]},"properties":{"entrance":"yes"}},
{"type":"Feature","id":"n7858747289","geometry":{"type":"Point","coordinates":[2.6871043,39.6872905]},"properties":{"crossing:barrier":"no","railway":"level_crossing"}},
{"type":"Feature","id":"n7863100455","geometry":{"type":"Point","coordinates":[2.8400208,39.6868678]},"properties":{"historic":"wayside_cross"}},
{"type":"Feature","id":"n7863107034","geometry":{"type":"Point","coordinates":[2.8483383,39.6821119]},"properties":{"historic":"wayside_cross"}},
{"type":"Feature","id":"n7865255541","geometry":{"type":"Point","coordinates":[2.9839785,39.7584113]},"properties":{"alt_name":"creu del Sant Crist","historic":"wayside_cross","name":"Creu de Can Perico","wikidata":"Q43155097"}},
{"type":"Feature","id":"n7865255542","geometry":{"type":"Point","coordinates":[2.9845022,39.7585769]},"properties":{"alt_name":"creu de la Mare de Déu del Roser","historic":"wayside_cross","name":"Creu de Cas Mestre","wikidata":"Q43155091"}},
{"type":"Feature","id":"n7872741418","geometry":{"type":"Point","coordinates":[2.6983556,39.6971005]},"properties":{"alt_name":"Sa Creu","heritage":"2","heritage:operator":"mecd","heritage:website":"https://www.culturaydeporte.gob.es/cultura/patrimonio/bienes-culturales-protegidos.html","historic":"wayside_cross","name":"creu d'en Garau","note":"Bé d'interès cultural: RI-51-0010265","protection_title":"Bien de Interés Cultural","protection_title:category":"Monumento","ref:bic":"RI-51-0010265","wikidata":"Q43155143"}},
{"type":"Feature","id":"n7876147456","geometry":{"type":"Point","coordinates":[2.5101109,39.5662312]},"properties":{"historic":"wayside_cross"}},
{"type":"Feature","id":"n7954134933","geometry":{"type":"Point","coordinates":[2.7044354,39.7653995]},"properties":{"railway":"level_crossing"}},
{"type":"Feature","id":"n7994651371","geometry":{"type":"Point","coordinates":[2.7241344,39.7685381]},"properties":{"historic":"wayside_cross","name":"creu de l’Alqueria del Comte"}},
{"type":"Feature","id":"n8039066554","geometry":{"type":"Point","coordinates":[3.0551462,39.9023557]},"properties":{"tourism":"viewpoint"}},
{"type":"Feature","id":"n8044656691","geometry":{"type":"Point","coordinates":[2.6533098,39.5706548]},"properties":{"tourism":"attraction"}},
{"type":"Feature","id":"n8044656692","geometry":{"type":"Point","coordinates":[2.6533098,39.5705266]},"properties":{"tourism":"attraction"}},
{"type":"Feature","id":"n8044656693","geometry":{"type":"Point","coordinates":[2.6533098,39.5704007]},"properties":{"tourism":"attraction"}},
{"type":"Feature","id":"n8044677985","geometry":{"type":"Point","coordinates":[2.6531429,39.5703298]},"properties":{"tourism":"attraction"}},
{"type":"Feature","id":"n8050400296","geometry":{"type":"Point","coordinates":[2.7156274,39.7840942]},"properties":{"tourism":"viewpoint"}},
{"type":"Feature","id":"n8123730901","geometry":{"type":"Point","coordinates":[2.6506998,39.5699203]},"properties":{"fee":"no","name":"Mensing","tourism":"gallery"}},
{"type":"Feature","id":"n8155286662","geometry":{"type":"Point","coordinates":[2.5064413,39.6095092]},"properties":{"name":"Roca de s'Encantament","tourism":"viewpoint"}},
{"type":"Feature","id":"n8157891462","geometry":{"type":"Point","coordinates":[3.2337846,39.3669143]},"properties":{"tourism":"viewpoint"}},
{"type":"Feature","id":"n8157891463","geometry":{"type":"Point","coordinates":[3.2340001,39.3668594]},"properties":{"tourism":"viewpoint"}},
{"type":"Feature","id":"n8157891464","geometry":{"type":"Point","coordinates":[3.233935,39.3666944]},"properties":{"tourism":"viewpoint"}},
{"type":"Feature","id":"n8158542771","geometry":{"type":"Point","coordinates":[2.6147845,39.5580511]},"properties":{"historic":"wayside_shrine","name":"capelleta 5"}},
{"type":"Feature","id":"n8182638148","geometry":{"type":"Point","coordinates":[2.4698869,39.6468712]},"properties":{"tourism":"viewpoint"}},
{"type":"Feature","id":"n8190048174","geometry":{"type":"Point","coordinates":[3.1189685,39.8533909]},"properties":{"barrier":"entrance"}},
{"type":"Feature","id":"n8197577535","geometry":{"type":"Point","coordinates":[3.0216249,39.7930207]},"properties":{"historic":"wayside_cross"}},
{"type":"Feature","id":"n8223959417","geometry":{"type":"Point","coordinates":[2.7676998,39.7592383]},"properties":{"description":"telescope w/o optics","tourism":"viewpoint"}},
{"type":"Feature","id":"n8242645717","geometry":{"type":"Point","coordinates":[2.7231954,39.8080183]},"properties":{"tourism":"viewpoint"}},
{"type":"Feature","id":"n8268185891","geometry":{"type":"Point","coordinates":[2.7443274,39.426766]},"properties":{"name":"Mirador de Pedrafort","tourism":"viewpoint"}},
{"type":"Feature","id":"n8268185895","geometry":{"type":"Point","coordinates":[2.7439544,39.4260635]},"properties":{"tourism":"viewpoint"}},
{"type":"Feature","id":"n8268185898","geometry":{"type":"Point","coordinates":[2.7433669,39.4246617]},"properties":{"tourism":"viewpoint"}},
{"type":"Feature","id":"n8268185900","geometry":{"type":"Point","coordinates":[2.7432453,39.4237184]},"properties":{"tourism":"viewpoint"}},
{"type":"Feature","id":"n8281172667","geometry":{"type":"Point","coordinates":[2.7759679,39.5556872]},"properties":{"historic":"wayside_cross","name":"creu de Sant Jordi","name:ca":"creu de Sant Jordi","wikidata":"Q43155820"}},
{"type":"Feature","id":"n8283685539","geometry":{"type":"Point","coordinates":[2.9088493,39.7125712]},"properties":{"historic":"wayside_cross"}},
{"type":"Feature","id":"n8302513496","geometry":{"type":"Point","coordinates":[2.8965914,39.8053897]},"properties":{"tourism":"viewpoint"}},
{"type":"Feature","id":"n8302578804","geometry":{"type":"Point","coordinates":[2.8890796,39.7962652]},"properties":{"historic":"memorial","memorial":"plaque","name":"Isabel Morell"}},
{"type":"Feature","id":"n8302644588","geometry":{"type":"Point","coordinates":[2.575824,39.6997339]},"properties":{"tourism":"viewpoint"}},
{"type":"Feature","id":"n8302644597","geometry":{"type":"Point","coordinates":[2.5664786,39.692651]},"properties":{"tourism":"viewpoint"}},
{"type":"Feature","id":"n8346180617","geometry":{"type":"Point","coordinates":[3.048578,39.9309623]},"properties":{"name":"Mirador d'en Pistatxo","name:ca":"Mirador d'en Pistatxo","tourism":"viewpoint"}},
{"type":"Feature","id":"n8370934517","geometry":{"type":"Point","coordinates":[3.2213485,39.4635615]},"properties":{"historic":"monument","name":"cruz"}},
{"type":"Feature","id":"n8396279082","geometry":{"type":"Point","coordinates":[2.4094925,39.5792329]},"properties":{"direction":"90","tourism":"viewpoint"}},
{"type":"Feature","id":"n8405467331","geometry":{"type":"Point","coordinates":[2.6773887,39.5798507]},"properties":{"historic":"memorial","memorial":"plaque"}},
{"type":"Feature","id":"n8423189316","geometry":{"type":"Point","coordinates":[2.646364,39.6046172]},"properties":{"historic":"archaeological_site"}},
{"type":"Feature","id":"n8434099381","geometry":{"type":"Point","coordinates":[2.6706417,39.7719713]},"properties":{"name":"mirador de Son Mico","tourism":"viewpoint"}},
{"type":"Feature","id":"n8445255612","geometry":{"type":"Point","coordinates":[2.8943246,39.6451628]},"properties":{"historic":"wayside_cross","name":"creu de sa Cometa","name:ca":"creu de sa Cometa","wikidata":"Q56073100","wikimedia_commons":"Category:Creu de sa Cometa"}},
{"type":"Feature","id":"n8445258453","geometry":{"type":"Point","coordinates":[2.9007842,39.6489342]},"properties":{"historic":"wayside_cross","name":"creu de Can Maví","wikidata":"Q56073050","wikimedia_commons":"Category:Creu de Can Mavi"}},
{"type":"Feature","id":"n8445258523","geometry":{"type":"Point","coordinates":[2.8975157,39.6497005]},"properties":{"historic":"wayside_cross","name":"creu de s'Era d'en Pelat","name:ca":"creu de s'Era d'en Pelat","wikidata":"Q56073139","wikimedia_commons":"Category:Creu d'en Pelat"}},
{"type":"Feature","id":"n8454402698","geometry":{"type":"Point","coordinates":[2.9358797,39.6232762]},"properties":{"historic":"wayside_cross"}},
{"type":"Feature","id":"n8477283375","geometry":{"type":"Point","coordinates":[2.8230265,39.7325349]},"properties":{"historic":"ruins","name":"claper des Gegant"}},
{"type":"Feature","id":"n8477340648","geometry":{"type":"Point","coordinates":[2.9242435,39.7363904]},"properties":{"historic":"ruins","name":"talaiot de s'Ermita","name:ca":"talaiot de s'Ermita"}},
{"type":"Feature","id":"n8477392320","geometry":{"type":"Point","coordinates":[2.8985783,39.7524341]},"properties":{"historic":"wayside_cross","name":"creu de Valella","wikidata":"Q43156180"}},
{"type":"Feature","id":"n8486681563","geometry":{"type":"Point","coordinates":[3.0606594,39.7270395]},"properties":{"historic":"wayside_cross","name":"creu dels Jueus","name:ca":"creu dels Jueus","wikidata":"Q43155728"}},
{"type":"Feature","id":"n8496607689","geometry":{"type":"Point","coordinates":[2.7740868,39.6143593]},"properties":{"denomination":"roman_catholic","historic":"wayside_shrine","name":"la Trinitat","name:ca":"la Trinitat","religion":"christian"}},
{"type":"Feature","id":"n8500765353","geometry":{"type":"Point","coordinates":[2.9838175,39.7572882]},"properties":{"historic":"wayside_cross","name":"creu de sa Tafona","name:ca":"creu de sa Tafona","wikidata":"Q43155124"}},
{"type":"Feature","id":"n8500765367","geometry":{"type":"Point","coordinates":[2.9826921,39.7590128]},"properties":{"historic":"wayside_cross","name":"creu de Son Paulo"}},
{"type":"Feature","id":"n8514383305","geometry":{"type":"Point","coordinates":[2.7026132,39.6867408]},"properties":{"historic":"wayside_cross"}},
{"type":"Feature","id":"n8574433732","geometry":{"type":"Point","coordinates":[2.7937749,39.8060504]},"properties":{"historic":"memorial","memorial":"plaque"}},
{"type":"Feature","id":"n8589451547","geometry":{"type":"Point","coordinates":[3.0154442,39.8978192]},"properties":{"tourism":"viewpoint"}},
{"type":"Feature","id":"n8589451565","geometry":{"type":"Point","coordinates":[3.0111288,39.8974973]},"properties":{"tourism":"viewpoint"}},
{"type":"Feature","id":"n8625099644","geometry":{"type":"Point","coordinates":[3.051735,39.9214534]},"properties":{"historic":"memorial","memorial":"plaque","name":"En record dels presos republicans"}},
{"type":"Feature","id":"n8635310208","geometry":{"type":"Point","coordinates":[2.5639941,39.6560979]},"properties":{"tourism":"viewpoint"}},
{"type":"Feature","id":"n8637661800","geometry":{"type":"Point","coordinates":[2.5046755,39.5666046]},"properties":{"historic":"memorial","memorial":"plaque","name":"Pere Josep Cañellas Jaume"}},
{"type":"Feature","id":"n8693031747","geometry":{"type":"Point","coordinates":[2.9366413,39.7649763]},"properties":{"historic":"wayside_cross"}},
{"type":"Feature","id":"n8769447181","geometry":{"type":"Point","coordinates":[2.4760393,39.6485332]},"properties":{"name":"mirador de sa Senyora","tourism":"viewpoint"}},
{"type":"Feature","id":"n8775729164","geometry":{"type":"Point","coordinates":[2.5914017,39.7112504]},"properties":{"name":"mirador des Pi","tourism":"viewpoint"}},
{"type":"Feature","id":"n8779561169","geometry":{"type":"Point","coordinates":[2.7107214,39.5430897]},"properties":{"historic":"aircraft"}},
{"type":"Feature","id":"n8806668343","geometry":{"type":"Point","coordinates":[3.1834156,39.881006]},"properties":{"direction":"NE","tourism":"viewpoint"}},
{"type":"Feature","id":"n8808675244","geometry":{"type":"Point","coordinates":[2.6965159,39.805759]},"properties":{"direction":"180-45","tourism":"viewpoint"}},
{"type":"Feature","id":"n8834382585","geometry":{"type":"Point","coordinates":[3.1245229,39.9195046]},"properties":{"tourism":"viewpoint"}},
{"type":"Feature","id":"n8841497018","geometry":{"type":"Point","coordinates":[2.7785821,39.733371]},"properties":{"tourism":"viewpoint"}},
{"type":"Feature","id":"n8841544920","geometry":{"type":"Point","coordinates":[2.7827918,39.7341787]},"properties":{"tourism":"viewpoint"}},
{"type":"Feature","id":"n8901051416","geometry":{"type":"Point","coordinates":[2.6404257,39.5698316]},"properties":{"source":"YWMS"}},
{"type":"Feature","id":"n8913351020","geometry":{"type":"Point","coordinates":[2.6336248,39.5828925]},"properties":{"addr:city":"Palma","addr:housenumber":"5","addr:postcode":"07011","addr:street":"carrer de Joan Muntaner i Bujosa","addr:unit":"12","amenity":"arts_centre","name":"Nannerl","website":"https://nannerl.org/"}},
{"type":"Feature","id":"n8922419841","geometry":{"type":"Point","coordinates":[2.9073957,39.7155636]},"properties":{"entrance":"yes"}},
{"type":"Feature","id":"n8944959316","geometry":{"type":"Point","coordinates":[2.8941885,39.5583387]},"properties":{"tourism":"gallery"}},
{"type":"Feature","id":"n9000982618","geometry":{"type":"Point","coordinates":[3.4005252,39.5819849]},"properties":{"tourism":"viewpoint"}},
{"type":"Feature","id":"n9034870572","geometry":{"type":"Point","coordinates":[3.0448624,39.6821119]},"properties":{"historic":"ruins","historic:civilization":"talaiotic","name":"Cova de Son Fiol","name:ca":"Cova de Son Fiol","ruins":"dwelling"}},
{"type":"Feature","id":"n9037900605","geometry":{"type":"Point","coordinates":[2.9228265,39.5227649]},"properties":{"historic":"ruins","name":"Barraques de trencadors de pedra","name:ca":"Barraques de trencadors de pedra"}},
{"type":"Feature","id":"n9064058871","geometry":{"type":"Point","coordinates":[3.1702832,39.3313257]},"properties":{"tourism":"viewpoint"}},
{"type":"Feature","id":"n9067732195","geometry":{"type":"Point","coordinates":[2.4818888,39.6529162]},"properties":{"name":"s'Arraval","name:de":"Historische Oberstadt","tourism":"attraction"}},
{"type":"Feature","id":"n9067732196","geometry":{"type":"Point","coordinates":[2.4835818,39.6533584]},"properties":{"name":"Rentadors","name:ca":"Rentadors","name:de":"Historisches Waschhaus","name:es":"lavadero público","tourism":"attraction"}},
{"type":"Feature","id":"n9071086192","geometry":{"type":"Point","coordinates":[3.0560192,39.338789]},"properties":{"name":"No.1 Galería Sea Salines","tourism":"gallery"}},
{"type":"Feature","id":"n9074461020","geometry":{"type":"Point","coordinates":[2.3463434,39.5842185]},"properties":{"tourism":"viewpoint"}},
{"type":"Feature","id":"n9082392530","geometry":{"type":"Point","coordinates":[2.6507659,39.5699453]},"properties":{"fee":"no","name":"Galerie Mensing","tourism":"gallery"}},
{"type":"Feature","id":"n9083467328","geometry":{"type":"Point","coordinates":[2.625477,39.7103557]},"properties":{"historic":"memorial","material":"metal","memorial":"statue"}},
{"type":"Feature","id":"n9083470198","geometry":{"type":"Point","coordinates":[2.6242675,39.7103866]},"properties":{"historic":"memorial","memorial":"stone"}},
{"type":"Feature","id":"n9129451598","geometry":{"type":"Point","coordinates":[2.9118486,39.5523919]},"properties":{"historic":"wayside_cross","name":"creu des cementeri vell"}},
{"type":"Feature","id":"n9130325877","geometry":{"type":"Point","coordinates":[2.6887687,39.7360519]},"properties":{"historic":"wayside_cross","name":"creu des Coll","wikidata":"Q56524990"}},
{"type":"Feature","id":"n9142956255","geometry":{"type":"Point","coordinates":[3.4754804,39.720234]},"properties":{"check_date":"2024-09-25","direction":"0-360","tourism":"viewpoint"}},
{"type":"Feature","id":"n9169542343","geometry":{"type":"Point","coordinates":[3.3492729,39.6922905]},"properties":{"fee":"no","name":"Studio 25","tourism":"gallery"}},
{"type":"Feature","id":"n9193263418","geometry":{"type":"Point","coordinates":[2.6456024,39.5697452]},"properties":{"name":"Sybillium","tourism":"gallery"}},
{"type":"Feature","id":"n9210688122","geometry":{"type":"Point","coordinates":[2.5794309,39.557023]},"properties":{"historic":"boundary_stone"}},
{"type":"Feature","id":"n9233016996","geometry":{"type":"Point","coordinates":[2.3583989,39.5932576]},"properties":{"tourism":"viewpoint"}},
{"type":"Feature","id":"n9254699313","geometry":{"type":"Point","coordinates":[2.3904247,39.5455128]},"properties":{"tourism":"gallery"}},
{"type":"Feature","id":"n9300093923","geometry":{"type":"Point","coordinates":[3.1692876,39.3305205]},"properties":{"amenity":"arts_centre","check_date":"2024-10-09","name":"Atelier Camargo"}},
{"type":"Feature","id":"n9300179019","geometry":{"type":"Point","coordinates":[3.1274674,39.3543988]},"properties":{"amenity":"arts_centre","name":"Guiem Vicens","wheelchair":"no"}},
{"type":"Feature","id":"n9300437520","geometry":{"type":"Point","coordinates":[3.3531221,39.6961726]},"properties":{"historic":"memorial","inscription":"A Totes Les Victimes De La Guerra Civil"}},
{"type":"Feature","id":"n9332577571","geometry":{"type":"Point","coordinates":[2.5854158,39.5989587]},"properties":{"historic":"ruins","name":"Forn de calç del torrent de Son Serra","name:ca":"Forn de calç del torrent de Son Serra"}},
{"type":"Feature","id":"n9357525577","geometry":{"type":"Point","coordinates":[2.7678665,39.6483435]},"properties":{"historic":"memorial","inscription":"Camí vell de Lluc a peu per Santa Maria del Camí. Des Güell a Lluc a peu 2004","material":"stone","memorial":"plaque","name":"Des Güell a Lluc a Peu"}},
{"type":"Feature","id":"n9357561665","geometry":{"type":"Point","coordinates":[2.7794277,39.6472278]},"properties":{"historic":"memorial","inscription":"En aquesta casa, posada de Puntiró, hi va néixer Josep Calafat i Mesquida (Santa Maria del Camí 1887 - Sant Jordi 1918), Sacerdot i poeta.","material":"stone","memorial":"plaque"}},
{"type":"Feature","id":"n9357561667","geometry":{"type":"Point","coordinates":[2.7795605,39.6474787]},"properties":{"historic":"memorial","inscription":"Per la bona memòria del Rector Caldentey pare del poble qui regí esta parroquia de MDCCCLIII FINS A MDCCCLXXXVII.","material":"stone","memorial":"plaque"}},
{"type":"Feature","id":"n9357639661","geometry":{"type":"Point","coordinates":[2.771526,39.6492214]},"properties":{"fixme":"Revisar la inscripció de la placa","historic":"memorial","inscription":"Donants de sang","material":"stone","memorial":"plaque"}},
{"type":"Feature","id":"n9374485087","geometry":{"type":"Point","coordinates":[2.8984573,39.8073414]},"properties":{"name":"mirador de la Pedra en sec","tourism":"viewpoint"}},
{"type":"Feature","id":"n9404862207","geometry":{"type":"Point","coordinates":[2.5971235,39.5489002]},"properties":{"tourism":"viewpoint"}},
{"type":"Feature","id":"n9413675238","geometry":{"type":"Point","coordinates":[2.5845049,39.5618527]},"properties":{"historic":"boundary_stone"}},
{"type":"Feature","id":"n9432575693","geometry":{"type":"Point","coordinates":[2.4629121,39.5272663]},"properties":{"tourism":"viewpoint"}},
{"type":"Feature","id":"n9434461409","geometry":{"type":"Point","coordinates":[2.5321806,39.5052688]},"properties":{"historic":"monument","name":"Rotonda dels Foners","name:ca":"Rotonda dels Foners","source":"survey"}},
{"type":"Feature","id":"n9480564849","geometry":{"type":"Point","coordinates":[2.6507091,39.568494]},"properties":{"historic":"memorial","memorial":"plaque","name":"impremta Guasp","name:ca":"impremta Guasp"}},
{"type":"Feature","id":"n9502416254","geometry":{"type":"Point","coordinates":[3.1067397,39.7971318]},"properties":{"amenity":"exhibition_centre","check_date":"2024-12-28","name":"Centre de Recepció del Parc natural de s'Albufera"}},
{"type":"Feature","id":"n9510269235","geometry":{"type":"Point","coordinates":[2.6507918,39.5674863]},"properties":{"name":"6A","tourism":"gallery"}},
{"type":"Feature","id":"n9521351238","geometry":{"type":"Point","coordinates":[2.694086,39.5986662]},"properties":{"highway":"street_lamp","lamp_mount":"wall","lamp_type":"electric"}},
{"type":"Feature","id":"n9521351239","geometry":{"type":"Point","coordinates":[2.6940252,39.5987312]},"properties":{"highway":"street_lamp","lamp_mount":"wall","lamp_type":"electric"}},
{"type":"Feature","id":"n9521351240","geometry":{"type":"Point","coordinates":[2.6939615,39.5987993]},"properties":{"highway":"street_lamp","lamp_mount":"wall","lamp_type":"electric"}},
{"type":"Feature","id":"n9521351241","geometry":{"type":"Point","coordinates":[2.6939001,39.598865]},"properties":{"highway":"street_lamp","lamp_mount":"wall","lamp_type":"electric"}},
{"type":"Feature","id":"n9521579886","geometry":{"type":"Point","coordinates":[2.7153181,39.7647894]},"properties":{"railway":"switch"}},
{"type":"Feature","id":"n9545898277","geometry":{"type":"Point","coordinates":[2.7126432,39.6932735]},"properties":{"direction":"200","name":"sa Cuina","tourism":"viewpoint"}},
{"type":"Feature","id":"n9549263688","geometry":{"type":"Point","coordinates":[2.730257,39.6609963]},"properties":{"historic":"memorial","memorial":"plaque","name":"els Norats"}},
{"type":"Feature","id":"n9550689642","geometry":{"type":"Point","coordinates":[3.1724159,39.329401]},"properties":{"tourism":"viewpoint"}},
{"type":"Feature","id":"n9553716931","geometry":{"type":"Point","coordinates":[2.6471208,39.7221087]},"properties":{"historic":"ruins","name":"Lime kiln"}},
{"type":"Feature","id":"n9553719375","geometry":{"type":"Point","coordinates":[2.6498757,39.7241537]},"properties":{"historic":"ruins","name":"Charcoal pile"}},
{"type":"Feature","id":"n9553730852","geometry":{"type":"Point","coordinates":[2.654203,39.7275197]},"properties":{"historic":"ruins"}},
{"type":"Feature","id":"n9581327071","geometry":{"type":"Point","coordinates":[2.6410496,39.5730451]},"properties":{"name":"Horrach Moyà","tourism":"gallery"}},
{"type":"Feature","id":"n9586573116","geometry":{"type":"Point","coordinates":[2.749172,39.4386092]},"properties":{"name":"Mirador del Davallador de Can Climent","tourism":"viewpoint"}},
{"type":"Feature","id":"n9623358001","geometry":{"type":"Point","coordinates":[2.6975831,39.8056881]},"properties":{"tourism":"viewpoint"}},
{"type":"Feature","id":"n9649392791","geometry":{"type":"Point","coordinates":[3.182709,39.7371638]},"properties":{"entrance":"main"}},
{"type":"Feature","id":"n9651329220","geometry":{"type":"Point","coordinates":[2.7091515,39.8099724]},"properties":{"direction":"W","tourism":"viewpoint"}},
{"type":"Feature","id":"n9653646625","geometry":{"type":"Point","coordinates":[2.717993,39.7940197]},"properties":{"direction":"S","tourism":"viewpoint"}},
{"type":"Feature","id":"n9753718018","geometry":{"type":"Point","coordinates":[2.615721,39.7039001]},"properties":{"tourism":"viewpoint"}},
{"type":"Feature","id":"n9760182063","geometry":{"type":"Point","coordinates":[2.6913697,39.7151152]},"properties":{"name":"Alfàbia","railway":"halt","train":"yes"}},
{"type":"Feature","id":"n9763646623","geometry":{"type":"Point","coordinates":[2.9045872,39.7209556]},"properties":{"addr:city":"Inca","addr:housenumber":"59","addr:postcode":"07300","addr:street":"carrer d'Antoni Torrandell","email":"ameib@dgpice.caib.es","museum":"history","name":"Arxiu i Museu d'educació de les Illes Balears","name:ca":"Arxiu i Museu d'educació de les Illes Balears","operator":"Conselleria d'Educació i Formació Professional, Govern de les Illes Balears","operator:type":"government","phone":"+34 971 504 279","ref":"07509017","source":"knowledge;Conselleria d'Educació i Formació Professional;Registro Estatal de Centros Docentes no Universitarios","source:date":"2021-09-21","source:name":"Llistat de centres educatius de les Illes Balears","source:ref":"Registro Estatal de Centros Docentes no Universitarios","subject":"education","tourism":"museum"}},
{"type":"Feature","id":"n9865886399","geometry":{"type":"Point","coordinates":[2.6423843,39.7586483]},"properties":{"tourism":"viewpoint"}},
{"type":"Feature","id":"n9877717610","geometry":{"type":"Point","coordinates":[2.8563085,39.4810495]},"properties":{"historic":"wayside_cross","name":"Creu del camí de sa Torre o de son Noguera","name:ca":"Creu del camí de sa Torre o de son Noguera","wikidata":"Q11916075","wikipedia":"ca:Creu del Camí de Sa Torre"}},
{"type":"Feature","id":"n9894869531","geometry":{"type":"Point","coordinates":[2.7746901,39.648667]},"properties":{"access":"yes","entrance":"main","level":"0","wheelchair":"yes"}},
{"type":"Feature","id":"n9894869532","geometry":{"type":"Point","coordinates":[2.7744781,39.6485816]},"properties":{"access":"yes","entrance":"secondary","wheelchair":"yes"}},
{"type":"Feature","id":"n9894869536","geometry":{"type":"Point","coordinates":[2.7746483,39.6488343]},"properties":{"door":"manual","entrance":"service","level":"0"}},
{"type":"Feature","id":"n9905776843","geometry":{"type":"Point","coordinates":[2.5778718,39.6453697]},"properties":{"historic":"archaeological_site","name":"talaiot des Caragol"}},
{"type":"Feature","id":"n9919547119","geometry":{"type":"Point","coordinates":[2.4935696,39.6174024]},"properties":{"name":"#11 s'Entrefors","tourism":"viewpoint"}},
{"type":"Feature","id":"n9919573348","geometry":{"type":"Point","coordinates":[2.4943886,39.6188861]},"properties":{"name":"#9 Es Refugi","tourism":"viewpoint"}},
{"type":"Feature","id":"n9919602918","geometry":{"type":"Point","coordinates":[2.4937768,39.6193004]},"properties":{"name":"#10 Vall de les sis Fonts","tourism":"viewpoint"}},
{"type":"Feature","id":"n9929645894","geometry":{"type":"Point","coordinates":[3.3506812,39.5445846]},"properties":{"historic":"archaeological_site","wikidata":"Q43101050","wikipedia":"ca:Sa Ferradura"}},
{"type":"Feature","id":"n9945933320","geometry":{"type":"Point","coordinates":[2.5670553,39.6938064]},"properties":{"tourism":"viewpoint"}},
{"type":"Feature","id":"n9945933405","geometry":{"type":"Point","coordinates":[2.5784657,39.707024]},"properties":{"tourism":"viewpoint"}},
{"type":"Feature","id":"n9945933406","geometry":{"type":"Point","coordinates":[2.5801291,39.709566]},"properties":{"name":"mirador de Son Olesa","tourism":"viewpoint"}},
{"type":"Feature","id":"n9949025138","geometry":{"type":"Point","coordinates":[2.7452764,39.7334805]},"properties":{"historic":"archaeological_site","name":"Talaiot d'Es Pujol","note":"Bé d'interès cultural: RI-51-0001827","protection_title":"Bien de Interés Cultural","protection_title:category":"Zona arqueológica","ref:bic":"RI-51-0001827","wikidata":"Q43096187"}},
{"type":"Feature","id":"n9949044283","geometry":{"type":"Point","coordinates":[2.7353017,39.7331856]},"properties":{"historic":"archaeological_site","name":"Talaiot de Son Perot (Sa Llegitima)","note":"Bé d'interès cultural: RI-51-0001830","protection_title":"Bien de Interés Cultural","protection_title:category":"Zona arqueológica","ref:bic":"RI-51-0001830","wikidata":"Q43096217"}},
{"type":"Feature","id":"n9949147633","geometry":{"type":"Point","coordinates":[2.6533142,39.7656769]},"properties":{"heritage":"2","heritage:operator":"mecd","heritage:website":"https://www.culturaydeporte.gob.es/cultura/patrimonio/bienes-culturales-protegidos.html","historic":"monument","name":"Can Poloni","name:ca":"Can Poloni","protection_title":"Bien de Interés Cultural","protection_title:category":"Monumento","ref:bic":"RI-51-0008403-00000","wikidata":"Q43141673"}},
{"type":"Feature","id":"n9952459930","geometry":{"type":"Point","coordinates":[3.1847411,39.4575099]},"properties":{"tourism":"viewpoint"}},
{"type":"Feature","id":"n9971941900","geometry":{"type":"Point","coordinates":[3.432685,39.7024431]},"properties":{"addr:city":"Capdepera","addr:housenumber":"10","addr:postcode":"07580","addr:street":"Carrer Major","name":"Espai Gustavo","opening_hours":"Mo-Fr 10:30-13:00,18:00-20:00; Sa 11:00-13:00","tourism":"gallery"}},
{"type":"Feature","id":"n9971983358","geometry":{"type":"Point","coordinates":[3.4334223,39.702426]},"properties":{"museum":"history","name":"Centre Melis Cursach","opening_hours":"Mo 08:00-15:00; Tu-Fr 08:00-15:00,19:00-21:00; Sa-Su 19:00-21:00","tourism":"museum"}},
{"type":"Feature","id":"n9972811537","geometry":{"type":"Point","coordinates":[3.1237966,39.3204203]},"properties":{"historic":"archaeological_site","name":"talaiot de na Nova","name:ca":"talaiot de na Nova","wikidata":"Q43104528","wikimedia_commons":"Category:Na Nova","wikipedia":"ca:Poblat talaiòtic de na Nova"}},
{"type":"Feature","id":"n9979639643","geometry":{"type":"Point","coordinates":[3.1774683,39.8756758]},"properties":{"tourism":"viewpoint"}},
{"type":"Feature","id":"n9979639644","geometry":{"type":"Point","coordinates":[3.1818063,39.8789889]},"properties":{"tourism":"viewpoint"}},
{"type":"Feature","id":"n10031071835","geometry":{"type":"Point","coordinates":[3.1525501,39.4624327]},"properties":{"historic":"wayside_cross","name":"creu de Son Quelles","wikidata":"Q43155319","wikimedia_commons":"Category:Creu del Cementiri (Felanitx)"}},
{"type":"Feature","id":"n10052996738","geometry":{"type":"Point","coordinates":[2.8276923,39.6756243]},"properties":{"historic":"wayside_cross","name":"creu de Pedaç","name:ca":"creu de Pedaç"}},
{"type":"Feature","id":"n10126440069","geometry":{"type":"Point","coordinates":[2.644123,39.5669559]},"properties":{"historic":"yes"}},
{"type":"Feature","id":"n10126446174","geometry":{"type":"Point","coordinates":[2.6161652,39.5624201]},"properties":{"historic":"yes"}},
{"type":"Feature","id":"n10162738716","geometry":{"type":"Point","coordinates":[2.4437056,39.5469242]},"properties":{"direction":"90","tourism":"viewpoint"}},
{"type":"Feature","id":"n10166128232","geometry":{"type":"Point","coordinates":[2.5647594,39.5335742]},"properties":{"historic":"monument","name":"Apisonadora"}},
{"type":"Feature","id":"n10168654617","geometry":{"type":"Point","coordinates":[2.4600165,39.4994109]},"properties":{"name":"Mirador de les Malgrats","tourism":"viewpoint"}},
{"type":"Feature","id":"n10170205658","geometry":{"type":"Point","coordinates":[2.9561399,39.5794632]},"properties":{"historic":"boundary_stone"}},
{"type":"Feature","id":"n10181482332","geometry":{"type":"Point","coordinates":[2.6257573,39.7336285]},"properties":{"tourism":"viewpoint"}},
{"type":"Feature","id":"n10185500905","geometry":{"type":"Point","coordinates":[3.1331375,39.8689244]},"properties":{"amenity":"bench","backrest":"yes","tourism":"viewpoint"}},
{"type":"Feature","id":"n10185501746","geometry":{"type":"Point","coordinates":[3.1307556,39.8685333]},"properties":{"amenity":"bench","backrest":"yes","tourism":"viewpoint"}},
{"type":"Feature","id":"n10215726791","geometry":{"type":"Point","coordinates":[3.0864963,39.5695902]},"properties":{"addr:city":"Vilafranca de Bonany","addr:housenumber":"7","addr:postcode":"07250","addr:street":"carrer de Bonany","museum":"art","name":"Korkenzieher Museum Mallorca","opening_hours":"We 10:00-15:00","operator":"Hanne Holze","operator:type":"private_non_profit","phone":"+34 601 980012","tourism":"museum","website":"https://dasanderemallorca.com"}},
{"type":"Feature","id":"n10255801693","geometry":{"type":"Point","coordinates":[2.6006534,39.7326027]},"properties":{"name":"sa Punta Seca","tourism":"viewpoint"}},
{"type":"Feature","id":"n10262640900","geometry":{"type":"Point","coordinates":[2.8075103,39.6692226]},"properties":{"historic":"memorial"}},
{"type":"Feature","id":"n10271613311","geometry":{"type":"Point","coordinates":[2.8168142,39.6698441]},"properties":{"historic":"memorial"}},
{"type":"Feature","id":"n10277991731","geometry":{"type":"Point","coordinates":[2.8155566,39.8322651]},"properties":{"tourism":"viewpoint"}},
{"type":"Feature","id":"n10277991989","geometry":{"type":"Point","coordinates":[3.1183978,39.9296754]},"properties":{"tourism":"viewpoint"}},
{"type":"Feature","id":"n10278005329","geometry":{"type":"Point","coordinates":[2.6519938,39.5721936]},"properties":{"addr:city":"Palma","addr:housenumber":"11","addr:postcode":"07002","addr:street":"carrer de Sant Miquel","name":"Museu Fundación Juan March","operator":"Fundación Juan March","operator:type":"private","tourism":"museum"}},
{"type":"Feature","id":"n10278005332","geometry":{"type":"Point","coordinates":[3.209214,39.959328]},"properties":{"description:en":"view on the lighthouse","tourism":"viewpoint"}},
{"type":"Feature","id":"n10298625608","geometry":{"type":"Point","coordinates":[2.6411773,39.6031236]},"properties":{"historic":"wayside_cross"}},
{"type":"Feature","id":"n10299352093","geometry":{"type":"Point","coordinates":[2.6012783,39.6514997]},"properties":{"historic":"boundary_stone"}},
{"type":"Feature","id":"n10303338077","geometry":{"type":"Point","coordinates":[2.9176766,39.5173024]},"properties":{"tourism":"viewpoint"}},
{"type":"Feature","id":"n10303338085","geometry":{"type":"Point","coordinates":[2.9285861,39.5273027]},"properties":{"tourism":"viewpoint"}},
{"type":"Feature","id":"n10539582668","geometry":{"type":"Point","coordinates":[3.0134885,39.4950587]},"properties":{"historic":"wayside_cross"}},
{"type":"Feature","id":"n10539779040","geometry":{"type":"Point","coordinates":[3.0153766,39.4980288]},"properties":{"historic":"wayside_cross"}},
{"type":"Feature","id":"n10539779041","geometry":{"type":"Point","coordinates":[3.0137351,39.4977505]},"properties":{"historic":"wayside_cross"}},
{"type":"Feature","id":"n10572403126","geometry":{"type":"Point","coordinates":[2.9098486,39.7372843]},"properties":{"historic":"wayside_cross"}},
{"type":"Feature","id":"n10591456035","geometry":{"type":"Point","coordinates":[2.9158793,39.7193516]},"properties":{"historic":"wayside_cross","name":"creu del Batliu"}},
{"type":"Feature","id":"n10593835571","geometry":{"type":"Point","coordinates":[2.9158278,39.7160345]},"properties":{"historic":"wayside_cross"}},
{"type":"Feature","id":"n10676565020","geometry":{"type":"Point","coordinates":[2.4058294,39.5786161]},"properties":{"tourism":"viewpoint"}},
{"type":"Feature","id":"n10689021645","geometry":{"type":"Point","coordinates":[2.3704905,39.5870641]},"properties":{"direction":"225","tourism":"viewpoint"}},
{"type":"Feature","id":"n10689021649","geometry":{"type":"Point","coordinates":[2.3713645,39.5876499]},"properties":{"direction":"240","tourism":"viewpoint"}},
{"type":"Feature","id":"n10712774170","geometry":{"type":"Point","coordinates":[3.01171,39.872276]},"properties":{"denomination":"roman_catholic","historic":"wayside_cross","man_made":"cross","material":"stone","name":"Creu de l'Oratori del Roser Vell","religion":"christian","wikidata":"Q43155933","wikimedia_commons":"Category:Creu de l'Oratori del Roser Vell"}},
{"type":"Feature","id":"n10723204367","geometry":{"type":"Point","coordinates":[2.9642123,39.7928921]},"properties":{"denomination":"roman_catholic","historic":"wayside_cross","man_made":"cross","material":"stone","name":"Creu de Son Pocos","religion":"christian","wikidata":"Q43155161"}},
{"type":"Feature","id":"n10723204380","geometry":{"type":"Point","coordinates":[2.9676001,39.7735135]},"properties":{"amenity":"place_of_worship","denomination":"roman_catholic","historic":"wayside_shrine","material":"stone","name":"Beat Ramon Llull","religion":"christian","wikidata":"Q43155171"}},
{"type":"Feature","id":"n10726105992","geometry":{"type":"Point","coordinates":[3.0235476,39.879055]},"properties":{"denomination":"roman_catholic","historic":"wayside_cross","man_made":"cross","material":"stone","name":"Cruz del Camino","religion":"christian","wikidata":"Q43155953"}},
{"type":"Feature","id":"n10726105993","geometry":{"type":"Point","coordinates":[3.022228,39.8773296]},"properties":{"denomination":"roman_catholic","historic":"wayside_cross","man_made":"cross","material":"stone","name":"Crus de la entrada de Pollença","religion":"christian","wikidata":"Q43155974"}},
{"type":"Feature","id":"n10731626578","geometry":{"type":"Point","coordinates":[2.645931,39.7493806]},"properties":{"name":"Can Corraca","tourism":"viewpoint"}},
{"type":"Feature","id":"n10743482028","geometry":{"type":"Point","coordinates":[2.6498578,39.5789161]},"properties":{"addr:city":"Palma","addr:housenumber":"25","addr:street":"Carrer d'Antoni Marquès","amenity":"cinema","check_date":"2026-07-21","name":"Rívoli Aficine"}},
{"type":"Feature","id":"n10763929108","geometry":{"type":"Point","coordinates":[3.1470652,39.8355501]},"properties":{"historic":"monument","name":"Torre Major","name:de":"Peilturm Alcudia Hafen (T01a) 1","source":"https://interfest.de/index.php?option=com_content&view=article&id=382:am-wall-nr-103-mallorcas-obelisken-eine-verspaetete-antwort&catid=101&Itemid=526&lang=de"}},
{"type":"Feature","id":"n10778239599","geometry":{"type":"Point","coordinates":[3.0245796,39.8666489]},"properties":{"archaeological_site":"fortification","fortification_type":"tower","historic":"archaeological_site","ruins":"yes"}},
{"type":"Feature","id":"n10788885249","geometry":{"type":"Point","coordinates":[2.6195279,39.7430205]},"properties":{"name":"barranc de Son Gallard","tourism":"viewpoint"}},
{"type":"Feature","id":"n10800268597","geometry":{"type":"Point","coordinates":[2.7151308,39.7649059]},"properties":{"fee":"no","museum":"art","tourism":"museum"}},
{"type":"Feature","id":"n10845729265","geometry":{"type":"Point","coordinates":[2.4861557,39.6447169]},"properties":{"tourism":"viewpoint"}},
{"type":"Feature","id":"n10860222559","geometry":{"type":"Point","coordinates":[3.4037965,39.7636193]},"properties":{"tourism":"viewpoint"}},
{"type":"Feature","id":"n10864524456","geometry":{"type":"Point","coordinates":[2.5965667,39.7098611]},"properties":{"tourism":"viewpoint"}},
{"type":"Feature","id":"n10898667391","geometry":{"type":"Point","coordinates":[2.9402328,39.8531353]},"properties":{"historic":"ruins","name":"Charcoal hut"}},
{"type":"Feature","id":"n10899486423","geometry":{"type":"Point","coordinates":[2.5633152,39.5330675]},"properties":{"access":"customers","entrance":"main"}},
{"type":"Feature","id":"n10899486426","geometry":{"type":"Point","coordinates":[2.5630302,39.5330902]},"properties":{"access":"customers","barrier":"full-height_turnstile","entrance":"exit"}},
{"type":"Feature","id":"n10902358857","geometry":{"type":"Point","coordinates":[3.0556919,39.7377532]},"properties":{"historic":"monument","name":"Monument als donants de sang"}},
{"type":"Feature","id":"n10902358886","geometry":{"type":"Point","coordinates":[3.0568523,39.7369981]},"properties":{"historic":"monument"}},
{"type":"Feature","id":"n10981319778","geometry":{"type":"Point","coordinates":[3.2084058,39.5684112]},"properties":{"addr:housenumber":"12","addr:postcode":"07500","addr:street":"carrer del Pare Andreu Fernández"}},
{"type":"Feature","id":"n11022732138","geometry":{"type":"Point","coordinates":[3.0826532,39.7800457]},"properties":{"man_made":"tower","name":"Camí des Polls","name:ca":"Camí des Polls","tourism":"viewpoint","tower:construction":"freestanding","tower:type":"observation"}},
{"type":"Feature","id":"n11034106154","geometry":{"type":"Point","coordinates":[3.0161869,39.8758395]},"properties":{"historic":"cannon"}},
{"type":"Feature","id":"n11040343877","geometry":{"type":"Point","coordinates":[3.3506219,39.6948275]},"properties":{"addr:housenumber":"14","addr:postcode":"07570","addr:street":"Carrer de Rafel Blanes"}},
{"type":"Feature","id":"n11079274729","geometry":{"type":"Point","coordinates":[3.1719905,39.3303039]},"properties":{"fee":"no","name":"Galería Minrath","opening_hours":"\"Con cita previa.\"","tourism":"gallery"}},
{"type":"Feature","id":"n11084012786","geometry":{"type":"Point","coordinates":[2.9936405,39.3170236]},"properties":{"tourism":"gallery"}},
{"type":"Feature","id":"n11084154600","geometry":{"type":"Point","coordinates":[3.1648143,39.8393405]},"properties":{"historic":"ruins"}},
{"type":"Feature","id":"n11137822914","geometry":{"type":"Point","coordinates":[2.6483222,39.5677073]},"properties":{"addr:city":"Palma","addr:housenumber":"5","addr:place":"Plaça La Seu"}},
{"type":"Feature","id":"n11137824172","geometry":{"type":"Point","coordinates":[2.6508683,39.5719596]},"properties":{"addr:city":"Palma","addr:housenumber":"2A","addr:street":"carrer de la Riera","entrance":"yes"}},
{"type":"Feature","id":"n11140372635","geometry":{"type":"Point","coordinates":[2.6257017,39.6182565]},"properties":{"addr:city":"Palma","addr:housenumber":"47A","addr:street":"Carrer del Molí del Comte","name":"LA BIBI GALLERY","opening_hours":"Tu-Sa 11:00-15:00","tourism":"gallery","website":"https://labibigallery.com/"}},
{"type":"Feature","id":"n11168823637","geometry":{"type":"Point","coordinates":[2.6271325,39.7074217]},"properties":{"tourism":"viewpoint"}},
{"type":"Feature","id":"n11168823737","geometry":{"type":"Point","coordinates":[2.6275983,39.7086581]},"properties":{"tourism":"viewpoint"}},
{"type":"Feature","id":"n11177629217","geometry":{"type":"Point","coordinates":[2.9757342,39.4720177]},"properties":{"historic":"memorial","memorial":"plaque","name":"Monument del Caçador"}},
{"type":"Feature","id":"n11207576786","geometry":{"type":"Point","coordinates":[2.748234,39.4446262]},"properties":{"tourism":"viewpoint"}},
{"type":"Feature","id":"n11208784187","geometry":{"type":"Point","coordinates":[2.9871028,39.427526]},"properties":{"historic":"memorial","memorial":"plaque","name":"Joan Vadell"}},
{"type":"Feature","id":"n11208784440","geometry":{"type":"Point","coordinates":[2.9980515,39.4162406]},"properties":{"historic":"memorial","memorial":"plaque","name":"Onofre Garcías"}},
{"type":"Feature","id":"n11229903181","geometry":{"type":"Point","coordinates":[3.1459045,39.4678466]},"properties":{"historic":"memorial","material":"stone","memorial":"stele","tourism":"artwork","wikimedia_commons":"File:Plaza España, en Felanich (Baleares, España).jpg"}},
{"type":"Feature","id":"n11229989913","geometry":{"type":"Point","coordinates":[3.1522752,39.4707121]},"properties":{"addr:city":"Felanitx","name":"Col·lecció Museogràfica Fundació Cosme Bauçà","tourism":"museum","website":"http://cloby.es/ca/administracio/felanitx/llocs-dinteres/colleccio-museografica-fundacio-cosme-baua/169956.html"}},
{"type":"Feature","id":"n11230641093","geometry":{"type":"Point","coordinates":[3.392565,39.6216362]},"properties":{"access":"customers","amenity":"theatre","name":"Bar Salon","wheelchair":"yes"}},
{"type":"Feature","id":"n11256396961","geometry":{"type":"Point","coordinates":[2.7281287,39.5296145]},"properties":{"historic":"wreck","historic:civilization":"ancient_roman","name":"San Fontanelles Shipwreck","seamark:type":"wreck"}},
{"type":"Feature","id":"n11268792314","geometry":{"type":"Point","coordinates":[3.0046776,39.8007176]},"properties":{"tourism":"viewpoint"}},
{"type":"Feature","id":"n11268794076","geometry":{"type":"Point","coordinates":[3.0011373,39.8052697]},"properties":{"tourism":"viewpoint"}},
{"type":"Feature","id":"n11293230618","geometry":{"type":"Point","coordinates":[3.3499412,39.6933138]},"properties":{"name":"Frank Krüger","tourism":"gallery"}},
{"type":"Feature","id":"n11304252096","geometry":{"type":"Point","coordinates":[2.5879303,39.6008228]},"properties":{"description":"Forns de guix de baix de les pedreres de Son Quint. Antics forns descrits per Damià Vicens. Endins, núm. 27. 2005","historic":"ruins","name":"Forns de guix de baix"}},
{"type":"Feature","id":"n11396121257","geometry":{"type":"Point","coordinates":[2.6496962,39.5720037]},"properties":{"historic":"wayside_shrine","name":"capelleta de San Vicenç Ferrer","religion":"christian"}},
{"type":"Feature","id":"n11503341870","geometry":{"type":"Point","coordinates":[3.2179868,39.55805]},"properties":{"museum":"history","name":"Museu d'Història de Manacor","name:de":"Geschichtsmuseum Manacor","name:es":"Museo de Historia de Manacor","name:fr":"Musée d'histoire de Manacor","tourism":"museum","website":"https://museudemanacor.com/es","wikidata":"Q1031052","wikimedia_commons":"Category:Museu d’Història de Manacor","wikipedia":"es:Museo de Historia de Manacor"}},
{"type":"Feature","id":"n11523755540","geometry":{"type":"Point","coordinates":[2.5756489,39.5416002]},"properties":{"historic":"wayside_shrine","name":"capelleta de Lourdes"}},
{"type":"Feature","id":"n11548252869","geometry":{"type":"Point","coordinates":[3.014597,39.766676]},"properties":{"historic":"memorial","material":"steel","name":"Dimoni de Sant Antoni","name:ca":"Dimoni de Sant Antoni"}},
{"type":"Feature","id":"n11548266569","geometry":{"type":"Point","coordinates":[3.0640274,39.7752327]},"properties":{"alt_name":"Camí Gran de Son Amer","check_date":"2025-06-14","description":"Precaución, cerca de la carretera!\nCaution, near the road!","ele":"13","name":"Camí Gran de Son Amer","name:ca":"Camí Gran de Son Amer","source":"gabpr05","tourism":"viewpoint"}},
{"type":"Feature","id":"n11549446369","geometry":{"type":"Point","coordinates":[3.028104,39.7748738]},"properties":{"historic":"memorial","memorial":"stone","name":"Pont de Son Carbonell","note":"Pont Antic de s'Albufera (Ma-3433)."}},
{"type":"Feature","id":"n11549476670","geometry":{"type":"Point","coordinates":[3.110508,39.8219436]},"properties":{"check_date":"2025-06-19","name":"Estany des Ponts (Sur-Oeste)","name:ca":"Estany des Ponts (Sud-Oest)","source":"gabpr05;UIB;WWFEspaña;IDEIB","tourism":"viewpoint"}},
{"type":"Feature","id":"n11587849119","geometry":{"type":"Point","coordinates":[2.5682522,39.5434813]},"properties":{"tourism":"viewpoint"}},
{"type":"Feature","id":"n11599387967","geometry":{"type":"Point","coordinates":[2.6509638,39.5668023]},"properties":{"entrance":"main"}},
{"type":"Feature","id":"n11650393398","geometry":{"type":"Point","coordinates":[2.5412186,39.6275125]},"properties":{"historic":"archaeological_site","name":"Sa Casa des Gegant","wikidata":"Q43104221","wikimedia_commons":"Category:La Casa del Gegant de Son Puig"}},
{"type":"Feature","id":"n11650393435","geometry":{"type":"Point","coordinates":[2.5431232,39.6164291]},"properties":{"historic":"archaeological_site","name":"Talaiot de ses Abelles"}},
{"type":"Feature","id":"n11688663183","geometry":{"type":"Point","coordinates":[2.7247107,39.7910164]},"properties":{"name":"Mirador de ses Barques","tourism":"viewpoint"}},
{"type":"Feature","id":"n11702269649","geometry":{"type":"Point","coordinates":[3.1523013,39.4750435]},"properties":{"addr:city":"Felanitx","addr:housenumber":"37","addr:postcode":"07200","addr:street":"passeig de la República Argentina","amenity":"marketplace","name":"Agromart Felanitx","opening_hours":"Mo-Sa 08:00-21:00; Su 08:00-14:00","phone":"+34 692 96 26 28","website":"https://www.agromart.es/"}},
{"type":"Feature","id":"n11725116531","geometry":{"type":"Point","coordinates":[2.5334172,39.5479588]},"properties":{"direction":"330","tourism":"viewpoint"}},
{"type":"Feature","id":"n11794168669","geometry":{"type":"Point","coordinates":[2.6522537,39.5697069]},"properties":{"historic":"monument","name":"Can Catlar de Llorer"}},
{"type":"Feature","id":"n11806518746","geometry":{"type":"Point","coordinates":[2.7510546,39.5044116]},"properties":{"direction":"-80","tourism":"viewpoint"}},
{"type":"Feature","id":"n11853763155","geometry":{"type":"Point","coordinates":[2.5998908,39.6938889]},"properties":{"tourism":"viewpoint"}},
{"type":"Feature","id":"n11907186822","geometry":{"type":"Point","coordinates":[3.124354,39.7927959]},"properties":{"historic":"monument","name":"Peilturm Platja de Muro (T02b) 4","source":"https://interfest.de/index.php?option=com_content&view=article&id=382:am-wall-nr-103-mallorcas-obelisken-eine-verspaetete-antwort&catid=101&Itemid=526&lang=de","tower:type":"peilturm"}},
{"type":"Feature","id":"n11920528540","geometry":{"type":"Point","coordinates":[3.1859724,39.455424]},"properties":{"historic":"memorial","memorial":"plaque"}},
{"type":"Feature","id":"n11926710313","geometry":{"type":"Point","coordinates":[3.3302213,39.5356517]},"properties":{"historic":"memorial","memorial":"bust"}},
{"type":"Feature","id":"n11926793040","geometry":{"type":"Point","coordinates":[3.3309848,39.533791]},"properties":{"historic":"memorial","memorial":"bust"}},
{"type":"Feature","id":"n11928379084","geometry":{"type":"Point","coordinates":[3.1890269,39.351337]},"properties":{"tourism":"viewpoint","wheelchair":"no"}},
{"type":"Feature","id":"n11931706007","geometry":{"type":"Point","coordinates":[3.0124017,39.5252741]},"properties":{"historic":"memorial"}},
{"type":"Feature","id":"n11953832001","geometry":{"type":"Point","coordinates":[2.6194868,39.5581715]},"properties":{"historic":"wayside_shrine","name":"capelleta 1"}},
{"type":"Feature","id":"n11953832002","geometry":{"type":"Point","coordinates":[2.6186742,39.5583553]},"properties":{"historic":"wayside_shrine","name":"capelleta 2"}},
{"type":"Feature","id":"n11953832003","geometry":{"type":"Point","coordinates":[2.6172344,39.5581213]},"properties":{"historic":"wayside_shrine","name":"capelleta 3"}},
{"type":"Feature","id":"n11953832004","geometry":{"type":"Point","coordinates":[2.6163628,39.5578779]},"properties":{"historic":"wayside_shrine","name":"capelleta 4"}},
{"type":"Feature","id":"n11969312617","geometry":{"type":"Point","coordinates":[2.7892946,39.6997913]},"properties":{"amenity":"place_of_worship","denomination":"roman_catholic","historic":"wayside_shrine","name":"Mare de Déu de la Cova","religion":"christian","start_date":"2024-02-14"}},
{"type":"Feature","id":"n11971616240","geometry":{"type":"Point","coordinates":[2.791389,39.7050294]},"properties":{"amenity":"arts_centre","contact:email":"elruscec@gmail.com","contact:phone":"+34 600 75 90 53","contact:website":"https://elrusc.co","name":"El Rusc","opening_hours":"Mo-Fr 16:30-20:00; PH off","source":"survey","training":"art"}},
{"type":"Feature","id":"n11976626958","geometry":{"type":"Point","coordinates":[2.9571523,39.7214057]},"properties":{"historic":"wayside_shrine"}},
{"type":"Feature","id":"n11978560665","geometry":{"type":"Point","coordinates":[2.7911194,39.7048328]},"properties":{"historic":"memorial","inscription":"Aquí visqué el batle Pere Rosselló Oliver Sa Maquineta/Nascut 1890/Detingut i assassinat 4.12.1936 Palma","material":"metal","memorial":"plaque","name":"Pere Roselló Oliver Sa Maquineta"}},
{"type":"Feature","id":"n12017279547","geometry":{"type":"Point","coordinates":[3.0134745,39.6465422]},"properties":{"name":"Cova del Molí d'en Gaspar","tourism":"attraction"}},
{"type":"Feature","id":"n12056247190","geometry":{"type":"Point","coordinates":[2.7033794,39.7441392]},"properties":{"tourism":"viewpoint"}},
{"type":"Feature","id":"n12170356824","geometry":{"type":"Point","coordinates":[3.0581418,39.9197827]},"properties":{"tourism":"viewpoint"}},
{"type":"Feature","id":"n12173788960","geometry":{"type":"Point","coordinates":[2.4092094,39.5614701]},"properties":{"tourism":"viewpoint"}},
{"type":"Feature","id":"n12215072082","geometry":{"type":"Point","coordinates":[3.1440685,39.4731772]},"properties":{"amenity":"theatre","name":"Auditori"}},
{"type":"Feature","id":"n12260481741","geometry":{"type":"Point","coordinates":[2.9019597,39.7576552]},"properties":{"fee":"no","name":"Schuhmuseum","operator":"Kollflex","tourism":"museum"}},
{"type":"Feature","id":"n12260531163","geometry":{"type":"Point","coordinates":[2.8047757,39.8523943]},"properties":{"tourism":"viewpoint"}},
{"type":"Feature","id":"n12260577860","geometry":{"type":"Point","coordinates":[2.8840908,39.8236948]},"properties":{"fixme":"Hola, es esto la virgen de Lluc del exterior? O se encuentra en el otro lado. ¡Gracias!","historic":"memorial","memorial":"statue"}},
{"type":"Feature","id":"n12260640736","geometry":{"type":"Point","coordinates":[2.8742415,39.5702474]},"properties":{"name":"Glasmuseum","operator":"Gordiola","tourism":"museum"}},
{"type":"Feature","id":"n12304937531","geometry":{"type":"Point","coordinates":[2.5661885,39.5374125]},"properties":{"historic":"memorial","name":"50 anys de Costa d'en Blanes"}},
{"type":"Feature","id":"n12376836846","geometry":{"type":"Point","coordinates":[3.0188295,39.4329759]},"properties":{"amenity":"marketplace"}},
{"type":"Feature","id":"n12376836850","geometry":{"type":"Point","coordinates":[3.0157818,39.4373379]},"properties":{"amenity":"theatre"}},
{"type":"Feature","id":"n12409902823","geometry":{"type":"Point","coordinates":[3.1325285,39.5613354]},"properties":{"historic":"archaeological_site","name":"Son Pou vell"}},
{"type":"Feature","id":"n12409990994","geometry":{"type":"Point","coordinates":[3.1826841,39.8797156]},"properties":{"historic":"cannon","name":"canó del Moro"}},
{"type":"Feature","id":"n12474063785","geometry":{"type":"Point","coordinates":[2.7725096,39.7151172]},"properties":{"tourism":"viewpoint"}},
{"type":"Feature","id":"n12483469953","geometry":{"type":"Point","coordinates":[2.646183,39.5679396]},"properties":{"barrier":"gate","foot":"yes"}},
{"type":"Feature","id":"n12557365553","geometry":{"type":"Point","coordinates":[2.8641039,39.720737]},"properties":{"historic":"memorial","memorial":"plaque"}},
{"type":"Feature","id":"n12566485315","geometry":{"type":"Point","coordinates":[3.0596015,39.5004977]},"properties":{"historic":"archaeological_site"}},
{"type":"Feature","id":"n12607124326","geometry":{"type":"Point","coordinates":[2.8143907,39.3618545]},"properties":{"historic":"ruins"}},
{"type":"Feature","id":"n12607145314","geometry":{"type":"Point","coordinates":[2.8142752,39.3617334]},"properties":{"tourism":"viewpoint"}},
{"type":"Feature","id":"n12612449943","geometry":{"type":"Point","coordinates":[2.8240518,39.5182862]},"properties":{"addr:street":"Camí de Son Conill","name":"Fresópolis","opening_hours":"Sa-Su 09:00-15:00; PH closed","toilets":"yes","toilets:access":"customers","tourism":"zoo","website":"https://www.fresopolis-mallorca.com","wheelchair":"limited","zoo":"petting_zoo"}},
{"type":"Feature","id":"n12672712162","geometry":{"type":"Point","coordinates":[3.4076891,39.6374302]},"properties":{"addr:city":"Son Servera","addr:street":"Avinguda del Pinar","image":"https://www.kayaktripmallorca.com/gallery-mallorca-kayak-trip/","kayak_tour":"Kayak Excursion","name":"Kayak Trip Mallorca","operator":"kayaktripmallorca.com","tourism":"attraction"}},
{"type":"Feature","id":"n12676959261","geometry":{"type":"Point","coordinates":[2.5961864,39.6106675]},"properties":{"direction":"180;100;0","ele":"320","tourism":"viewpoint"}},
{"type":"Feature","id":"n12697403101","geometry":{"type":"Point","coordinates":[2.6512713,39.5715674]},"properties":{"addr:housenumber":"3","addr:postcode":"07002","addr:street":"Plaça Major","name":"Fantasy Museum","tourism":"attraction"}},
{"type":"Feature","id":"n12710745393","geometry":{"type":"Point","coordinates":[3.1137433,39.8239515]},"properties":{"alt_name":"Mirador Lago Esperanza","direction":"315","ele":"1","name":"Mirador Estany des Ponts (Centro)","name:ca":"Mirador Estany des Ponts (Centre)","tourism":"viewpoint"}},
{"type":"Feature","id":"n12731366121","geometry":{"type":"Point","coordinates":[3.0278132,39.7747575]},"properties":{"check_date":"2025-04-13","historic":"memorial","material":"metal","memorial":"plaque","name":"Pont Antic de s'Albufera","name:ca":"Pont Antic de s'Albufera","note":"La información de que contenía de conmemoración al Puente ha sido eliminada gradualmente con el paso del tiempo."}},
{"type":"Feature","id":"n12734152121","geometry":{"type":"Point","coordinates":[3.0282079,39.7698393]},"properties":{"historic":"memorial","memorial":"sculpture"}},
{"type":"Feature","id":"n12735362724","geometry":{"type":"Point","coordinates":[3.0277171,39.7696387]},"properties":{"historic":"memorial","inscription":"Antiguo Centro de Guardia Civil","memorial":"plaque"}},
{"type":"Feature","id":"n12735363012","geometry":{"type":"Point","coordinates":[3.0170097,39.7741638]},"properties":{"historic":"memorial","material":"concrete","memorial":"plaque","name":"Simó Andreu","name:ca":"Simó Andreu","subject:wikidata":"Q948417","subject:wikimedia_commons":"File:Simón_Andreu_-_Forbidden_Photos_of_a_Lady_Above_Suspicion_(1970).png","subject:wikipedia":"es:Simón Andreu"}},
{"type":"Feature","id":"n12737101665","geometry":{"type":"Point","coordinates":[2.6518075,39.5809754]},"properties":{"amenity":"theatre","name":"Sala Random"}},
{"type":"Feature","id":"n12741113967","geometry":{"type":"Point","coordinates":[2.9853225,39.7595583]},"properties":{"direction":"70;310","tourism":"viewpoint"}},
{"type":"Feature","id":"n12752089981","geometry":{"type":"Point","coordinates":[3.0241857,39.7739413]},"properties":{"amenity":"theatre"}},
{"type":"Feature","id":"n12753675558","geometry":{"type":"Point","coordinates":[2.4240737,39.5372931]},"properties":{"tourism":"viewpoint"}},
{"type":"Feature","id":"n12772733757","geometry":{"type":"Point","coordinates":[3.1599519,39.5710788]},"properties":{"amenity":"arts_centre","name":"Suralita","website":"https://www.suralita.com/"}},
{"type":"Feature","id":"n12777123525","geometry":{"type":"Point","coordinates":[2.4322583,39.5403977]},"properties":{"historic":"memorial"}},
{"type":"Feature","id":"n12778626638","geometry":{"type":"Point","coordinates":[2.6920598,39.7978199]},"properties":{"tourism":"viewpoint"}},
{"type":"Feature","id":"n12791629400","geometry":{"type":"Point","coordinates":[3.0326717,39.771483]},"properties":{"historic":"ruins"}},
{"type":"Feature","id":"n12791641996","geometry":{"type":"Point","coordinates":[3.0312481,39.7774214]},"properties":{"historic":"ruins"}},
{"type":"Feature","id":"n12791659345","geometry":{"type":"Point","coordinates":[3.0272151,39.77891]},"properties":{"historic":"ruins"}},
{"type":"Feature","id":"n12794402699","geometry":{"type":"Point","coordinates":[3.0137866,39.7756268]},"properties":{"amenity":"theatre","note":"Teatro al exterior, no añadir superficie interior.","source":"Bing WMS;Catastro;aerial imagery;local knowledge;gabpr05"}},
{"type":"Feature","id":"n12813056085","geometry":{"type":"Point","coordinates":[2.7848011,39.3790035]},"properties":{"historic":"cannon"}},
{"type":"Feature","id":"n12813056090","geometry":{"type":"Point","coordinates":[2.7821512,39.3790325]},"properties":{"historic":"cannon"}},
{"type":"Feature","id":"n12814041851","geometry":{"type":"Point","coordinates":[2.7992685,39.8512526]},"properties":{"direction":"NE","tourism":"viewpoint"}},
{"type":"Feature","id":"n12816193565","geometry":{"type":"Point","coordinates":[2.8832555,39.8234474]},"properties":{"historic":"memorial","material":"stone","memorial":"stele"}},
{"type":"Feature","id":"n12816236441","geometry":{"type":"Point","coordinates":[2.8823817,39.8230144]},"properties":{"historic":"memorial","material":"stone","memorial":"stele"}},
{"type":"Feature","id":"n12816237055","geometry":{"type":"Point","coordinates":[2.8844348,39.8244279]},"properties":{"historic":"memorial","material":"stone","memorial":"stele"}},
{"type":"Feature","id":"n12817917175","geometry":{"type":"Point","coordinates":[2.599611,39.7216857]},"properties":{"tourism":"viewpoint"}},
{"type":"Feature","id":"n12833491597","geometry":{"type":"Point","coordinates":[3.0087921,39.8048961]},"properties":{"historic":"archaeological_site"}},
{"type":"Feature","id":"n12838477670","geometry":{"type":"Point","coordinates":[3.1102177,39.6083905]},"properties":{"historic":"memorial","memorial":"plaque","name":"es Peu des Bon Jesús"}},
{"type":"Feature","id":"n12860525351","geometry":{"type":"Point","coordinates":[2.9848212,39.6047073]},"properties":{"name":"Turó de Son Daviu","tourism":"viewpoint"}},
{"type":"Feature","id":"n12905618889","geometry":{"type":"Point","coordinates":[3.1122078,39.826023]},"properties":{"check_date":"2025-06-11","name":"Estany des Ponts (Norte)","name:ca":"Estany des Ponts (Nord)","source":"gabpr05;UIB;WWFEspaña;IDEIB","tourism":"viewpoint"}},
{"type":"Feature","id":"n12922169176","geometry":{"type":"Point","coordinates":[2.8906823,39.8235377]},"properties":{"tourism":"viewpoint"}},
{"type":"Feature","id":"n12925883560","geometry":{"type":"Point","coordinates":[3.1109877,39.8175886]},"properties":{"check_date":"2025-06-19","name":"Estany des Ponts (Sur)","name:ca":"Estany des Ponts (Sud)","source":"gabpr05;UIB;WWFEspaña;IDEIB","tourism":"viewpoint"}},
{"type":"Feature","id":"n13019877570","geometry":{"type":"Point","coordinates":[2.6851107,39.673392]},"properties":{"railway":"crossing"}},
{"type":"Feature","id":"n13030317690","geometry":{"type":"Point","coordinates":[3.0356228,39.9196402]},"properties":{"tourism":"viewpoint"}},
{"type":"Feature","id":"n13073988960","geometry":{"type":"Point","coordinates":[2.6965645,39.7447063]},"properties":{"railway":"crossing"}},
{"type":"Feature","id":"n13084814671","geometry":{"type":"Point","coordinates":[2.9203965,39.7177008]},"properties":{"historic":"ruins"}},
{"type":"Feature","id":"n13167795416","geometry":{"type":"Point","coordinates":[2.627443,39.5727006]},"properties":{"entrance":"yes"}},
{"type":"Feature","id":"n13172220301","geometry":{"type":"Point","coordinates":[3.3349442,39.5410156]},"properties":{"addr:postcode":"07680","addr:street":"passeig de la Sirena","amenity":"marketplace","opening_hours":"Su 09:00-14:00","website":"https://mercadillos.org/mercadillo-porto-cristo ;https://mallorca-touristguide.co.uk/markets/porto-cristo; https://mallorcapoints.com/mercadillo-porto-cristo"}},
{"type":"Feature","id":"n13265583282","geometry":{"type":"Point","coordinates":[3.0924257,39.9252187]},"properties":{"historic":"ruins","name":"Forn de Calc"}},
{"type":"Feature","id":"n13329905215","geometry":{"type":"Point","coordinates":[3.0583815,39.7353363]},"properties":{"addr:city":"MURO","addr:housenumber":"17","addr:postcode":"07440","addr:street":"Carrer Jesús","name":"Si Déu Vol","tourism":"gallery","website":"https://www.instagram.com/sideuvolga/?hl=es"}},
{"type":"Feature","id":"n13334859056","geometry":{"type":"Point","coordinates":[2.7310772,39.7548308]},"properties":{"tourism":"viewpoint"}},
{"type":"Feature","id":"n13361154896","geometry":{"type":"Point","coordinates":[2.9065403,39.7161803]},"properties":{"historic":"memorial","inscription":"A Inca visqué Pablo Ferrer Madariaga | Nascut 1896 | Detingut 17.7.1936 | Assassinat 4.12.1936 | Melilla","memorial":"stolperstein","name":"Pablo Ferrer Madariaga","person:date_of_birth":"1896","person:date_of_death":"1936-12-04"}},
{"type":"Feature","id":"n13369898751","geometry":{"type":"Point","coordinates":[3.1484643,39.4682845]},"properties":{"historic":"memorial","memorial":"plaque","name":"Sa Timba"}},
{"type":"Feature","id":"n13448731720","geometry":{"type":"Point","coordinates":[2.6197459,39.5667683]},"properties":{"description":"Rotary Club","historic":"monument"}},
{"type":"Feature","id":"n13477213615","geometry":{"type":"Point","coordinates":[2.5999314,39.6890363]},"properties":{"description":"Ruïnes d'estructures de pedra de cabanes de carboners","historic":"ruins"}},
{"type":"Feature","id":"n13540000893","geometry":{"type":"Point","coordinates":[2.7433946,39.5588336]},"properties":{"historic":"aircraft"}},
{"type":"Feature","id":"n13593915276","geometry":{"type":"Point","coordinates":[3.0186329,39.876128]},"properties":{"addr:city":"Pollença","addr:housenumber":"11","addr:postcode":"07460","addr:street":"Carrer d'en Philip Newman","amenity":"exhibition_centre","name":"Fundació Rotger Villalonga","phone":"+34 971 533 712","website":"https://fundacionrotgervillalonga.com/"}},
{"type":"Feature","id":"n13595669600","geometry":{"type":"Point","coordinates":[2.8534206,39.778988]},"properties":{"tourism":"viewpoint"}},
{"type":"Feature","id":"n13614266447","geometry":{"type":"Point","coordinates":[3.349392,39.69323]},"properties":{"amenity":"marketplace","building":"warehouse","check_date":"2026-03-03"}},
{"type":"Feature","id":"n13695880755","geometry":{"type":"Point","coordinates":[3.1030638,39.8555208]},"properties":{"tourism":"viewpoint"}},
{"type":"Feature","id":"n13722093239","geometry":{"type":"Point","coordinates":[2.6559142,39.564889]},"properties":{"tourism":"viewpoint"}},
{"type":"Feature","id":"n13722093240","geometry":{"type":"Point","coordinates":[2.6554822,39.5650685]},"properties":{"name":"Baluard del Príncep","tourism":"attraction"}},
{"type":"Feature","id":"n13722167890","geometry":{"type":"Point","coordinates":[3.1633166,39.7634693]},"properties":{"tourism":"viewpoint"}},
{"type":"Feature","id":"n13722167891","geometry":{"type":"Point","coordinates":[3.1627738,39.7643478]},"properties":{"tourism":"viewpoint"}},
{"type":"Feature","id":"n13722167892","geometry":{"type":"Point","coordinates":[3.1674489,39.7613069]},"properties":{"tourism":"viewpoint"}},
{"type":"Feature","id":"n13722167893","geometry":{"type":"Point","coordinates":[3.1577412,39.7654019]},"properties":{"tourism":"viewpoint"}},
{"type":"Feature","id":"n13722606730","geometry":{"type":"Point","coordinates":[3.1114328,39.6115214]},"properties":{"historic":"memorial","name":"Junipero Serra"}},
{"type":"Feature","id":"n13723074147","geometry":{"type":"Point","coordinates":[3.1090053,39.6484093]},"properties":{"tourism":"viewpoint"}},
{"type":"Feature","id":"n13727339686","geometry":{"type":"Point","coordinates":[2.6582776,39.5836455]},"properties":{"amenity":"theatre","name":"Plaça de Toros de Palma","theatre:type":"amphi"}},
{"type":"Feature","id":"n13727396891","geometry":{"type":"Point","coordinates":[2.6535216,39.5765521]},"properties":{"name":"Tòfol es Moix","tourism":"attraction"}},
{"type":"Feature","id":"n13727410601","geometry":{"type":"Point","coordinates":[2.6416585,39.5713765]},"properties":{"name":"Pont de la Porta de Santa Catalina","tourism":"attraction"}},
{"type":"Feature","id":"n13727410602","geometry":{"type":"Point","coordinates":[2.6419082,39.5725278]},"properties":{"name":"Pont d'en Moranta","tourism":"attraction"}},
{"type":"Feature","id":"n13727410603","geometry":{"type":"Point","coordinates":[2.6437605,39.5743341]},"properties":{"name":"Pont de la Policia Nacional","tourism":"attraction"}},
{"type":"Feature","id":"n13727410604","geometry":{"type":"Point","coordinates":[2.6442971,39.5760452]},"properties":{"name":"Pont del Fortí","tourism":"attraction"}},
{"type":"Feature","id":"n13727410605","geometry":{"type":"Point","coordinates":[2.6442911,39.5771141]},"properties":{"name":"Pont del Tirador","tourism":"attraction"}},
{"type":"Feature","id":"n13835254242","geometry":{"type":"Point","coordinates":[2.7902512,39.704595]},"properties":{"artwork_type":"stolperstein","historic":"memorial","image":"File:Remembrance Stone für Pere Rossello Oliver Sa Maquineta (Alaro).jpg","inscription":"AQUÍ VISQUÉ | EL BATLE | PERE ROSSELLÓ | OLIVER | SA MAQUINETA | NASCUT 1890 | DETINGUT I ASSASSINAT | 4.12.1936 | PALMA","material":"stainless_steel","memorial":"remembrance_stone","memorial:addr":"Alaró, Carrer de Can Barbut, 9","name":"Pere Rosselló Oliver Sa Maquineta","object:city":"Alaró","object:country":"ES","object:housenumber":"9","object:postcode":"07340","object:street":"Carrer de Can Barbut","person:date_of_birth":"1890","person:date_of_death":"1936-12-04","tourism":"artwork","wikimedia_commons":"File:Remembrance Stone für Pere Rossello Oliver Sa Maquineta (Alaro).jpg"}},
{"type":"Feature","id":"n13839268945","geometry":{"type":"Point","coordinates":[2.7126551,39.7657895]},"properties":{"artwork_type":"stolperstein","historic":"memorial","image":"File:Remembrance Stone für Pere Rossello Oliver Sa Maquineta (Alaro).jpg","inscription":"AQUÍ VISQUÉ | EL BATLE |LLORENÇ | ROSES BERMEJO | NASCUT 1895 | DETINGUT 20.7.1936 I PRESÓ DE CAN MIR |ASSASSINAT 19.10.1936 | PALMA","material":"stainless_steel","memorial":"remembrance_stone","memorial:addr":"Carrer de Josep Maria Quadreado 9, Soller","name":"Llorenç Roses Bermejo","object:city":"Soller","object:country":"ES","object:housenumber":"9","object:postcode":"07100","object:street":"Carrer de Josep Maria Quadrado","person:date_of_birth":"1895","person:date_of_death":"1936-10-19","tourism":"artwork","wikimedia_commons":"File:Remembrance Stone für Llorenc Roses Bermejo (Soller).jpg"}},
{"type":"Feature","id":"n13850384622","geometry":{"type":"Point","coordinates":[3.0801209,39.8999213]},"properties":{"historic":"wreck"}},
{"type":"Feature","id":"n13860614101","geometry":{"type":"Point","coordinates":[2.6172537,39.7010626]},"properties":{"tourism":"viewpoint"}},
{"type":"Feature","id":"n13860632803","geometry":{"type":"Point","coordinates":[2.6167044,39.7018016]},"properties":{"tourism":"viewpoint"}},
{"type":"Feature","id":"n13939106188","geometry":{"type":"Point","coordinates":[2.6401412,39.5698273]},"properties":{"name":"Pont d'Andratx","tourism":"attraction"}},
{"type":"Feature","id":"n13961276515","geometry":{"type":"Point","coordinates":[3.1227102,39.8474214]},"properties":{"barrier":"gate"}},
{"type":"Feature","id":"n14058897481","geometry":{"type":"Point","coordinates":[2.4249503,39.630856]},"properties":{"direction":"275","tourism":"viewpoint"}},
{"type":"Feature","id":"n14075679478","geometry":{"type":"Point","coordinates":[2.7117348,39.7628922]},"properties":{"historic":"wayside_shrine","name":"capelleta del via crucis"}},
{"type":"Feature","id":"n14075679479","geometry":{"type":"Point","coordinates":[2.7176398,39.7677034]},"properties":{"historic":"wayside_shrine","name":"Sant Crist"}},
{"type":"Feature","id":"n14075679480","geometry":{"type":"Point","coordinates":[2.7122161,39.7634339]},"properties":{"historic":"wayside_shrine","name":"capelleta del via crucis"}},
{"type":"Feature","id":"n14075679481","geometry":{"type":"Point","coordinates":[2.7129714,39.7639069]},"properties":{"historic":"wayside_shrine","name":"capelleta del via crucis"}},
{"type":"Feature","id":"n14075679482","geometry":{"type":"Point","coordinates":[2.7133353,39.764242]},"properties":{"historic":"wayside_shrine","name":"capelleta del via crucis"}},
{"type":"Feature","id":"n14075679483","geometry":{"type":"Point","coordinates":[2.7142411,39.7650592]},"properties":{"historic":"wayside_shrine","name":"capelleta del via crucis"}},
{"type":"Feature","id":"n14075679484","geometry":{"type":"Point","coordinates":[2.7150161,39.7656254]},"properties":{"historic":"wayside_shrine","name":"capelleta del via crucis"}},
{"type":"Feature","id":"n14075679485","geometry":{"type":"Point","coordinates":[2.7177947,39.7677626]},"properties":{"historic":"wayside_shrine","name":"Sant Sebastià"}},
{"type":"Feature","id":"n14112485102","geometry":{"type":"Point","coordinates":[2.7298986,39.5325204]},"properties":{"name":"Snorkel with rays","tourism":"attraction"}},
{"type":"Feature","id":"n14113719601","geometry":{"type":"Point","coordinates":[2.7298036,39.5319065]},"properties":{"addr:housenumber":"21","addr:street":"Carrer Manuela de los Herreros","name":"3D Cinema Aquadome","tourism":"attraction"}},
{"type":"Feature","id":"n14129489489","geometry":{"type":"Point","coordinates":[2.4594114,39.5363304]},"properties":{"historic":"memorial","memorial":"plaque"}},
{"type":"Feature","id":"n14141362396","geometry":{"type":"Point","coordinates":[3.2071891,39.576792]},"properties":{"historic":"wayside_cross"}},
{"type":"Feature","id":"w23267466","geometry":{"type":"LineString","coordinates":[[2.64158,39.5700093],[2.6416385,39.5702352],[2.6416776,39.5703875],[2.6418698,39.5705946],[2.6417658,39.5706482],[2.6415583,39.5702886],[2.6414576,39.5703318],[2.6414032,39.5703487],[2.641598,39.5706503],[2.6413161,39.5707541],[2.6412704,39.5707014],[2.6404149,39.5698387],[2.6404108,39.5697796],[2.64123,39.5695588],[2.6413299,39.5697069],[2.6414564,39.5696597],[2.6415372,39.5696296],[2.64158,39.5700093]]},"properties":{"building":"yes","historic":"yes","name":"Bastió de Sant Pere","name:ca":"Bastió de Sant Pere","name:es":"Bastión de San Pedro"}},
{"type":"Feature","id":"w23282751","geometry":{"type":"LineString","coordinates":[[2.6440276,39.5684036],[2.6442578,39.5685923],[2.6446052,39.5683401],[2.6443752,39.568151],[2.6440276,39.5684036]]},"properties":{"addr:housenumber":"5","addr:place":"Plaça de la Llotja","alt_name":"Llotja de Palma","architect":"Guillem Sagrera","building":"yes","description:en":"1400s gothic building for merchants to trade at.","heritage":"3","heritage:operator":"Consell de Mallorca","historic":"yes","name":"Sa Llotja","name:ca":"Sa Llotja","official_name":"La Llotja dels Mercaders de Palma","opening_hours":"Apr-Oct 10:30-13:30,16:00-21:00; Nov-Mar 10:30-13:30,16:00-19:00; Dec 24,Dec 31 10:30-13:30; Dec 25,Jan 01 off","source:opening_hours":"https://www.caib.es/sites/consolatdemar/ca/horaris_dobertura/","tourism":"attraction","wikimedia_commons":"Category:Llotja de Palma"}},
{"type":"Feature","id":"w25883629","geometry":{"type":"LineString","coordinates":[[2.6475738,39.5674586],[2.6476372,39.5674256],[2.647669,39.5674367],[2.6479771,39.5672846],[2.6484082,39.567078],[2.6485236,39.5670787],[2.6487917,39.5670528],[2.6488864,39.5670909],[2.648932,39.5671464],[2.6489404,39.56722],[2.6487646,39.5673149],[2.6488018,39.5673709],[2.6488017,39.5674058],[2.6487264,39.5674456],[2.6487634,39.5674877],[2.648716,39.5675118],[2.648744,39.5675527],[2.6487739,39.5675418],[2.6488048,39.5675954],[2.6488744,39.5677163],[2.6488834,39.5677319],[2.6488917,39.5677464],[2.6488788,39.5677506],[2.6488585,39.5677582],[2.6487704,39.5677894],[2.6487081,39.5678133],[2.6486902,39.5678208],[2.6486626,39.5677725],[2.648635,39.5677921],[2.6486204,39.5677927],[2.6486083,39.5677894],[2.6485728,39.5677786],[2.648429,39.5678245],[2.648416,39.5677886],[2.6484051,39.5677584],[2.6483658,39.5676853],[2.6483222,39.5677073],[2.6480034,39.5678686],[2.6480199,39.5678877],[2.6479568,39.5679197],[2.6479199,39.5678796],[2.6479308,39.5678583],[2.6478665,39.5677826],[2.6478251,39.5678009],[2.6477827,39.5677547],[2.6477915,39.5677447],[2.6477515,39.5676956],[2.6477042,39.5676377],[2.6476901,39.5676439],[2.6476633,39.5676064],[2.6476702,39.5675895],[2.6476932,39.567575],[2.6476365,39.5674945],[2.6476089,39.567503],[2.6475738,39.5674586]]},"properties":{"addr:place":"Plaça La Seu","addr:postcode":"07001","alt_name":"Catedral de Mallorca","amenity":"place_of_worship","basilica":"minor","building":"cathedral","building:architecture":"gothic","check_date":"2025-12-17","denomination":"catholic","height":"44","heritage":"3","heritage:operator":"Consell de Mallorca","historic":"church","image":"https://photos.app.goo.gl/tYybDRWVK3y285os9","name":"La Seu","name:ca":"La Seu","name:de":"Kathedrale der Heiligen Maria von Palma de Mallorca","name:en":"Palma Cathedral","name:es":"Catedral de Santa María de Palma de Mallorca","name:fr":"Cathédrale Santa María de Palma de Mallorque","opening_hours":"Apr-Oct Mo-Fr 10:00-17:15; Nov-Mar Mo-Fr 10:00-15:15; Sa 10:00-14:15","religion":"christian","toilets:wheelchair":"yes","tourism":"attraction","url":"https://www.youtube.com/c/CatedralMallorca","url:0":"https://youtu.be/uHkyJslzA_U","website":"https://catedraldemallorca.org","wheelchair":"yes","wheelchair:description":"Der Zugang für Rollstuhlfahrer ist über den Ausgang des Souvenir Shops. Toilette sogleich im Laubengang.","wikidata":"Q1298819","wikimedia_commons":"Category:Cathedral of Palma de Mallorca","wikipedia":"es:Catedral de Santa María de Palma de Mallorca"}},
{"type":"Feature","id":"w26945960","geometry":{"type":"LineString","coordinates":[[2.653546,39.5765767],[2.6537307,39.5767024],[2.6538742,39.5768033],[2.6544327,39.5771887],[2.6546104,39.5773113],[2.6546548,39.5773399],[2.6547043,39.5773692],[2.6547627,39.5773969],[2.6548924,39.5774559],[2.6550431,39.5775226],[2.6551201,39.577545],[2.6552035,39.5775659]]},"properties":{"electrified":"contact_line","frequency":"0","gauge":"914","name":"Tren de Sóller","name:ca":"Tren de Sóller","passenger_lines":"1","railway":"narrow_gauge","usage":"branch","voltage":"1200"}},
{"type":"Feature","id":"w27102078","geometry":{"type":"LineString","coordinates":[[2.6955407,39.7006956],[2.6953492,39.7011208],[2.6951683,39.7015433],[2.6949548,39.7020646]]},"properties":{"electrified":"contact_line","frequency":"0","gauge":"914","name":"Tren de Sóller","name:ca":"Tren de Sóller","passenger_lines":"1","railway":"narrow_gauge","usage":"branch","voltage":"1200"}},
{"type":"Feature","id":"w27102079","geometry":{"type":"LineString","coordinates":[[2.6947386,39.7026809],[2.6946717,39.7030375],[2.694464,39.7045753],[2.694374,39.7052271],[2.6943083,39.7056048],[2.6942672,39.7058181],[2.6941798,39.7060307],[2.693969,39.7064199],[2.6938443,39.7066004],[2.693684,39.7067894],[2.6934766,39.706988],[2.6931727,39.7072255],[2.6928511,39.7074113]]},"properties":{"electrified":"contact_line","frequency":"0","gauge":"914","name":"Tren de Sóller","name:ca":"Tren de Sóller","passenger_lines":"1","railway":"narrow_gauge","usage":"branch","voltage":"1200"}},
{"type":"Feature","id":"w27102178","geometry":{"type":"LineString","coordinates":[[2.6906072,39.7176754],[2.6962567,39.7433581]]},"properties":{"electrified":"contact_line","frequency":"0","gauge":"914","layer":"-1","length":"2876","name":"Tren de Sóller","name:ca":"Tren de Sóller","passenger_lines":"1","railway":"narrow_gauge","tunnel":"yes","tunnel:name":"Túnel Major","usage":"branch","voltage":"1200"}},
{"type":"Feature","id":"w27102179","geometry":{"type":"LineString","coordinates":[[2.6962567,39.7433581],[2.6963415,39.7438134],[2.6963827,39.7439891]]},"properties":{"electrified":"contact_line","frequency":"0","gauge":"914","name":"Tren de Sóller","name:ca":"Tren de Sóller","passenger_lines":"1","railway":"narrow_gauge","usage":"branch","voltage":"1200"}},
{"type":"Feature","id":"w27102180","geometry":{"type":"LineString","coordinates":[[2.7072795,39.7580881],[2.7073388,39.7582301],[2.7073882,39.7584125],[2.7073995,39.7586399],[2.7073755,39.7589795],[2.7073326,39.7591295],[2.7072788,39.759285],[2.7072052,39.7594151],[2.7071154,39.759554]]},"properties":{"electrified":"contact_line","frequency":"0","gauge":"914","name":"Tren de Sóller","name:ca":"Tren de Sóller","note":"position estimated due to tangential beginings","passenger_lines":"1","railway":"narrow_gauge","tunnel":"yes","usage":"branch","voltage":"1200"}},
{"type":"Feature","id":"w27102181","geometry":{"type":"LineString","coordinates":[[2.7071154,39.759554],[2.7068765,39.7598799],[2.7063551,39.7605908],[2.7061907,39.7608249],[2.7060066,39.7610754],[2.7056234,39.7616341]]},"properties":{"electrified":"contact_line","frequency":"0","gauge":"914","name":"Tren de Sóller","name:ca":"Tren de Sóller","passenger_lines":"1","railway":"narrow_gauge","usage":"branch","voltage":"1200"}},
{"type":"Feature","id":"w27102318","geometry":{"type":"LineString","coordinates":[[2.6968579,39.7694205],[2.6967829,39.7697283],[2.6965988,39.7700065],[2.6964165,39.7702103],[2.6961136,39.7704185],[2.6956558,39.7706707],[2.6953696,39.7707778],[2.6950977,39.7708369],[2.6947505,39.7708946],[2.6942935,39.7709484],[2.6940711,39.7710053],[2.6937675,39.7711085],[2.6935312,39.771233],[2.6933258,39.7714071],[2.6931259,39.7716664],[2.693031,39.7718921],[2.6929838,39.7721711],[2.692984,39.7724059],[2.6930535,39.7727006]]},"properties":{"electrified":"contact_line","frequency":"0","gauge":"914","layer":"-1","name":"Tren de Sóller","name:ca":"Tren de Sóller","passenger_lines":"1","railway":"narrow_gauge","tunnel":"yes","tunnel:name":"túnel Cinc-cents","usage":"branch","voltage":"1200"}},
{"type":"Feature","id":"w27102319","geometry":{"type":"LineString","coordinates":[[2.6930535,39.7727006],[2.6931608,39.7730447],[2.6932989,39.7733446],[2.6934849,39.7735527],[2.6939293,39.7739346],[2.6942907,39.7740869],[2.6945921,39.7741678],[2.6949124,39.7742286],[2.6952741,39.7742536],[2.695555,39.7742347],[2.6957953,39.7741927],[2.6961699,39.7740842],[2.6965811,39.7739156],[2.6969587,39.7737302],[2.6976409,39.7733776],[2.6980837,39.773139],[2.6984383,39.7729265],[2.6986433,39.7727561],[2.6988135,39.7725893],[2.6989616,39.7724218],[2.6990703,39.7722548],[2.6991633,39.7720844],[2.6992285,39.7719112],[2.6992957,39.7716453],[2.6993238,39.7713807],[2.6992819,39.7710234],[2.699169,39.7707342],[2.6988989,39.7701656],[2.6982676,39.7689676]]},"properties":{"electrified":"contact_line","frequency":"0","gauge":"914","name":"Tren de Sóller","name:ca":"Tren de Sóller","passenger_lines":"1","railway":"narrow_gauge","usage":"branch","voltage":"1200"}},
{"type":"Feature","id":"w27102320","geometry":{"type":"LineString","coordinates":[[2.6982676,39.7689676],[2.6981022,39.7686362],[2.6980234,39.7682853],[2.6980059,39.767953]]},"properties":{"electrified":"contact_line","frequency":"0","gauge":"914","layer":"-1","name":"Tren de Sóller","name:ca":"Tren de Sóller","passenger_lines":"1","railway":"narrow_gauge","tunnel":"yes","usage":"branch","voltage":"1200"}},
{"type":"Feature","id":"w27102322","geometry":{"type":"LineString","coordinates":[[2.6980059,39.767953],[2.6980242,39.7677532],[2.6980727,39.7675215],[2.6981366,39.7673714],[2.6982691,39.7672067],[2.6985748,39.7669611],[2.6991563,39.7666396]]},"properties":{"electrified":"contact_line","frequency":"0","gauge":"914","name":"Tren de Sóller","name:ca":"Tren de Sóller","passenger_lines":"1","railway":"narrow_gauge","usage":"branch","voltage":"1200"}},
{"type":"Feature","id":"w27102323","geometry":{"type":"LineString","coordinates":[[2.7002369,39.7664145],[2.7007705,39.7664758],[2.7011307,39.7665519],[2.7013729,39.7665939],[2.7015607,39.7666044],[2.7018353,39.7665976],[2.702147,39.7665461],[2.7023463,39.7664917]]},"properties":{"electrified":"contact_line","frequency":"0","gauge":"914","layer":"-1","name":"Tren de Sóller","name:ca":"Tren de Sóller","passenger_lines":"1","railway":"narrow_gauge","tunnel":"yes","usage":"branch","voltage":"1200"}},
{"type":"Feature","id":"w27102324","geometry":{"type":"LineString","coordinates":[[2.7023463,39.7664917],[2.702705,39.7663795],[2.702981,39.7662546],[2.7032862,39.7660975],[2.7040488,39.7656287],[2.7044146,39.7654084],[2.7044354,39.7653995],[2.7048298,39.7652314],[2.7051521,39.7651348],[2.7055692,39.7650467],[2.706403,39.7648836],[2.7068956,39.7647776],[2.7070904,39.7647086],[2.7072124,39.7646564],[2.7073448,39.7645919],[2.7075425,39.7644765],[2.7077874,39.7642954],[2.7079601,39.764124],[2.7080777,39.7639789],[2.708789,39.762992],[2.7089995,39.7627003]]},"properties":{"electrified":"contact_line","frequency":"0","gauge":"914","name":"Tren de Sóller","name:ca":"Tren de Sóller","passenger_lines":"1","railway":"narrow_gauge","usage":"branch","voltage":"1200"}},
{"type":"Feature","id":"w27102325","geometry":{"type":"LineString","coordinates":[[2.7089995,39.7627003],[2.7091397,39.7624387],[2.7094684,39.7620079],[2.7097057,39.7617676],[2.7099274,39.7615955],[2.7101632,39.7614546],[2.7104366,39.7613507],[2.7108802,39.7612616],[2.711278,39.7612208],[2.7117191,39.7612258]]},"properties":{"electrified":"contact_line","frequency":"0","gauge":"914","layer":"-1","name":"túnel de Can Tambor","name:ca":"túnel de Can Tambor","note":"position estimated due to tangential beginings","passenger_lines":"1","railway":"narrow_gauge","tunnel":"yes","usage":"branch","voltage":"1200"}},
{"type":"Feature","id":"w27102326","geometry":{"type":"LineString","coordinates":[[2.7117191,39.7612258],[2.7119076,39.7612456],[2.711971,39.7612534],[2.7120949,39.7612761],[2.7122746,39.7613137]]},"properties":{"electrified":"contact_line","frequency":"0","gauge":"914","name":"Tren de Sóller","name:ca":"Tren de Sóller","passenger_lines":"1","railway":"narrow_gauge","usage":"branch","voltage":"1200"}},
{"type":"Feature","id":"w27102559","geometry":{"type":"LineString","coordinates":[[2.6965853,39.7661162],[2.6965434,39.7663254],[2.6965199,39.7666169],[2.6965265,39.7667945],[2.6965279,39.7669192]]},"properties":{"electrified":"contact_line","frequency":"0","gauge":"914","layer":"-1","name":"Tren de Sóller","name:ca":"Tren de Sóller","passenger_lines":"1","railway":"narrow_gauge","tunnel":"yes","usage":"branch","voltage":"1200"}},
{"type":"Feature","id":"w27102560","geometry":{"type":"LineString","coordinates":[[2.6965279,39.7669192],[2.6965437,39.7670866],[2.6965821,39.7673165],[2.6966495,39.7677099],[2.6968235,39.7687571],[2.6968283,39.7687852],[2.6968931,39.7691023],[2.6968579,39.7694205]]},"properties":{"electrified":"contact_line","frequency":"0","gauge":"914","name":"Tren de Sóller","name:ca":"Tren de Sóller","passenger_lines":"1","railway":"narrow_gauge","usage":"branch","voltage":"1200"}},
{"type":"Feature","id":"w27102561","geometry":{"type":"LineString","coordinates":[[2.7011575,39.7646555],[2.7009785,39.7647149],[2.7006478,39.7647918],[2.7001334,39.7648425],[2.6996696,39.7648467],[2.6991241,39.7648145]]},"properties":{"electrified":"contact_line","frequency":"0","gauge":"914","name":"Tren de Sóller","name:ca":"Tren de Sóller","passenger_lines":"1","railway":"narrow_gauge","tunnel":"yes","usage":"branch","voltage":"1200"}},
{"type":"Feature","id":"w27102562","geometry":{"type":"LineString","coordinates":[[2.6991241,39.7648145],[2.6988535,39.7648112],[2.6986304,39.764812],[2.6983745,39.764831],[2.6982538,39.7648481]]},"properties":{"electrified":"contact_line","frequency":"0","gauge":"914","name":"Tren de Sóller","name:ca":"Tren de Sóller","passenger_lines":"1","railway":"narrow_gauge","usage":"branch","voltage":"1200"}},
{"type":"Feature","id":"w27102563","geometry":{"type":"LineString","coordinates":[[2.7056234,39.7616341],[2.7051441,39.7621195],[2.7047627,39.7624468],[2.7045771,39.7625764],[2.7043421,39.7627164],[2.7040883,39.7628521]]},"properties":{"electrified":"contact_line","frequency":"0","gauge":"914","name":"Tren de Sóller","name:ca":"Tren de Sóller","passenger_lines":"1","railway":"narrow_gauge","tunnel":"yes","usage":"branch","voltage":"1200"}},
{"type":"Feature","id":"w27102564","geometry":{"type":"LineString","coordinates":[[2.7040883,39.7628521],[2.7038178,39.7629815],[2.7036328,39.7630512],[2.7033541,39.7631891],[2.7030731,39.7633097],[2.7027921,39.7634795],[2.7025897,39.7636211],[2.7023939,39.7637807],[2.702046,39.764077],[2.7017079,39.76434],[2.7014073,39.764536],[2.7011575,39.7646555]]},"properties":{"electrified":"contact_line","frequency":"0","gauge":"914","name":"Tren de Sóller","name:ca":"Tren de Sóller","passenger_lines":"1","railway":"narrow_gauge","usage":"branch","voltage":"1200"}},
{"type":"Feature","id":"w27102565","geometry":{"type":"LineString","coordinates":[[2.7033588,39.7520878],[2.7041299,39.7535273]]},"properties":{"electrified":"contact_line","frequency":"0","gauge":"914","layer":"-1","name":"Tren de Sóller","name:ca":"Tren de Sóller","passenger_lines":"1","railway":"narrow_gauge","tunnel":"yes","usage":"branch","voltage":"1200"}},
{"type":"Feature","id":"w27102566","geometry":{"type":"LineString","coordinates":[[2.7041299,39.7535273],[2.7049379,39.7550519],[2.70496,39.7550955],[2.705285,39.755737],[2.7057067,39.7564361],[2.7059628,39.75673],[2.7069414,39.7576434],[2.7071114,39.7578547],[2.7072795,39.7580881]]},"properties":{"electrified":"contact_line","frequency":"0","gauge":"914","name":"Tren de Sóller","name:ca":"Tren de Sóller","passenger_lines":"1","railway":"narrow_gauge","usage":"branch","voltage":"1200"}},
{"type":"Feature","id":"w27102567","geometry":{"type":"LineString","coordinates":[[2.7010056,39.7492876],[2.701303,39.7494779]]},"properties":{"electrified":"contact_line","frequency":"0","gauge":"914","name":"Palma - Sóller (Red Lightning)","oneway":"no","railway":"narrow_gauge","tunnel":"yes","voltage":"1200"}},
{"type":"Feature","id":"w27102568","geometry":{"type":"LineString","coordinates":[[2.701303,39.7494779],[2.7017079,39.7497271],[2.7019296,39.7499137],[2.7020671,39.7500556],[2.7023975,39.7503965],[2.7026272,39.7507486],[2.7030978,39.7515877],[2.7033588,39.7520878]]},"properties":{"electrified":"contact_line","frequency":"0","gauge":"914","name":"Tren de Sóller","name:ca":"Tren de Sóller","passenger_lines":"1","railway":"narrow_gauge","usage":"branch","voltage":"1200"}},
{"type":"Feature","id":"w27211195","geometry":{"type":"LineString","coordinates":[[3.0145035,39.8781266],[3.0144648,39.8781725],[3.0141709,39.8784109],[3.0135446,39.8789656],[3.0132006,39.879251],[3.0128586,39.8795393],[3.0124837,39.8798496],[3.0122889,39.8800056],[3.012146,39.8801481]]},"properties":{"foot":"yes","handrail":"no","highway":"steps","incline":"up","lit":"no","name":"Carrer del Calvari","name:ca":"Carrer del Calvari","name:en":"Calvari Steps","ramp":"no","step_count":"365","surface":"sett","tactile_paving":"no","tourism":"attraction","wheelchair":"no","wikidata":"Q18018993"}},
{"type":"Feature","id":"w27445650","geometry":{"type":"LineString","coordinates":[[3.1235874,39.853278],[3.1235556,39.8532056],[3.123524,39.8531339],[3.1235849,39.8531182],[3.1236162,39.8531895],[3.1236482,39.8532622],[3.1235874,39.853278]]},"properties":{"alt_name":"Porta de Xara","building":"yes","historic":"city_gate","name":"Porta des Moll","name:es":"Puerta del Muelle","tourism":"attraction"}},
{"type":"Feature","id":"w27457822","geometry":{"type":"LineString","coordinates":[[3.1189509,39.8527758],[3.1189035,39.8527729],[3.1189001,39.8526987],[3.1190358,39.8527021],[3.1190984,39.8527701],[3.1190552,39.8528062],[3.1190502,39.8528741],[3.1190344,39.852983],[3.1189915,39.8529817],[3.1189374,39.8529792],[3.1189402,39.8529267],[3.119003,39.8529286],[3.1190113,39.8528072],[3.1189501,39.8528051],[3.1189509,39.8527758]]},"properties":{"alt_name":"Porta de Sant Sebastià","building":"yes","historic":"city_gate","name":"Porta de Mallorca","name:es":"Puerta de Mallorca"}},
{"type":"Feature","id":"w28474609","geometry":{"type":"LineString","coordinates":[[2.6461655,39.567238],[2.646157,39.5672411],[2.6461786,39.5672766],[2.6461532,39.5672858],[2.6461394,39.56729],[2.6461257,39.5672941],[2.6460491,39.5673204],[2.645984,39.5673426],[2.6458606,39.5673854],[2.646183,39.5679396],[2.6465173,39.568514],[2.6465795,39.5685288],[2.6465815,39.5685272],[2.6466102,39.5685337],[2.6466094,39.5685361],[2.6466462,39.5685464],[2.646649,39.5685431],[2.6467104,39.5685579],[2.646709,39.5685602],[2.646843,39.568593],[2.646838,39.5686063],[2.6469494,39.568632],[2.646955,39.5686195],[2.6469549,39.56861],[2.6469477,39.5686035],[2.6468567,39.5683967],[2.6465867,39.5677625],[2.6464801,39.5677921],[2.6464305,39.5677047],[2.6464233,39.567692],[2.646196,39.5672919],[2.6461655,39.567238]]},"properties":{"addr:housenumber":"18","addr:street":"Avinguda d'Antoni Maura","historic":"yes","leisure":"park","name":"s'Hort del Rei","name:ca":"s'Hort del Rei","name:es":"Huerto del Rey","wikidata":"Q20796005","wikimedia_commons":"Category:Hort del Rei","wikipedia":"ca:Hort del Rei"}},
{"type":"Feature","id":"w28636103","geometry":{"type":"LineString","coordinates":[[2.6639287,39.5748786],[2.6640348,39.5749358],[2.6640807,39.574884],[2.6641978,39.5749441],[2.6641522,39.5749961],[2.6642577,39.5750531],[2.6646651,39.5745903],[2.6645604,39.5745343],[2.6645151,39.5745867],[2.6643974,39.5745245],[2.6644424,39.574472],[2.6643367,39.5744162],[2.6641342,39.5746474],[2.6639287,39.5748786]]},"properties":{"addr:street":"Plaça de Pere Garau","amenity":"marketplace","building":"yes","name":"Mercat de Pere Garau","opening_hours":"Mo-Sa 08:00-14:00","wikidata":"Q111895516","wikimedia_commons":"Category:Mercat de Pere Garau","wikipedia":"ca:Mercat de Pere Garau"}},
{"type":"Feature","id":"w28915472","geometry":{"type":"LineString","coordinates":[[2.6586803,39.5801542],[2.6590974,39.5805984],[2.659413,39.5809591],[2.6599664,39.5815603],[2.660477,39.5821285],[2.660697,39.5824655],[2.6607279,39.5825257]]},"properties":{"electrified":"contact_line","frequency":"0","gauge":"914","name":"Tren de Sóller","name:ca":"Tren de Sóller","passenger_lines":"1","railway":"narrow_gauge","usage":"branch","voltage":"1200"}},
{"type":"Feature","id":"w32691583","geometry":{"type":"LineString","coordinates":[[2.6607279,39.5825257],[2.6609168,39.5828759],[2.6610308,39.5832965],[2.6610556,39.5834903],[2.6610844,39.5837162],[2.6610755,39.5842952],[2.6610683,39.5847604],[2.6610547,39.5849911],[2.6610512,39.5850514],[2.6610041,39.5856381],[2.6609953,39.5857949],[2.6609672,39.5865126],[2.6609341,39.5871911],[2.6609174,39.5875465],[2.6609105,39.5878767]]},"properties":{"electrified":"contact_line","frequency":"0","gauge":"914","name":"Tren de Sóller","name:ca":"Tren de Sóller","passenger_lines":"1","railway":"narrow_gauge","usage":"branch","voltage":"1200"}},
{"type":"Feature","id":"w32694627","geometry":{"type":"LineString","coordinates":[[2.6552035,39.5775659],[2.6553316,39.5776069],[2.6553918,39.5776294],[2.6554897,39.5776822],[2.6557223,39.577821],[2.6559825,39.5779912],[2.6567788,39.5785433],[2.657759,39.5792325],[2.6579082,39.579345],[2.6581487,39.579584],[2.6586289,39.5800994],[2.6586803,39.5801542]]},"properties":{"electrified":"contact_line","frequency":"0","gauge":"914","name":"Tren de Sóller","name:ca":"Tren de Sóller","passenger_lines":"1","railway":"narrow_gauge","usage":"branch","voltage":"1200"}},
{"type":"Feature","id":"w32728988","geometry":{"type":"LineString","coordinates":[[2.6609105,39.5878767],[2.6609057,39.5879962],[2.6608331,39.5894685],[2.6607745,39.5907144],[2.6607719,39.5907705],[2.6607395,39.5914947],[2.6607195,39.5918948],[2.6607012,39.5923037],[2.6606707,39.5929277],[2.6606686,39.5929778],[2.6605748,39.5951936],[2.660513,39.5962986],[2.6603525,39.5996844]]},"properties":{"electrified":"contact_line","frequency":"0","gauge":"914","name":"Tren de Sóller","name:ca":"Tren de Sóller","passenger_lines":"1","railway":"narrow_gauge","usage":"branch","voltage":"1200"}},
{"type":"Feature","id":"w33845347","geometry":{"type":"LineString","coordinates":[[2.6528119,39.573712],[2.6529317,39.5737627],[2.6529232,39.5737747],[2.6529742,39.5737958],[2.6532664,39.5739195],[2.6532499,39.5739427],[2.6532405,39.5739553],[2.6532859,39.573974],[2.6531552,39.5741601],[2.6531538,39.5741635],[2.6531738,39.5741709],[2.6531756,39.5741688],[2.6532013,39.5741797],[2.6531513,39.5742513],[2.6531664,39.574258],[2.6531403,39.5742956],[2.6532214,39.5743295],[2.6532779,39.5743538],[2.6532949,39.5743604],[2.6532501,39.574423],[2.6533699,39.5744733],[2.6534368,39.5743795],[2.6535205,39.5742612],[2.653622,39.5741173],[2.6536479,39.5740797],[2.6537432,39.57412],[2.6537606,39.5740963],[2.6538247,39.574004],[2.6537819,39.5739864],[2.6539167,39.5737944],[2.6539598,39.5738116],[2.6540341,39.5737074],[2.6540407,39.5736971],[2.6532198,39.5733517],[2.6532122,39.5733636],[2.6530926,39.5733128],[2.6530253,39.5734089],[2.6530716,39.5734291],[2.6530107,39.5735158],[2.6529259,39.573636],[2.6528793,39.5736163],[2.6528119,39.573712]]},"properties":{"addr:housenumber":"4","addr:postcode":"07002","addr:street":"Plaça de l'Olivar","amenity":"marketplace","building":"yes","name":"Mercat de l'Olivar","name:ca":"Mercat de l'Olivar","name:en":"Central Market Olivar","name:es":"Mercado del Olivar","opening_hours":"Mo-Th 07:00-14:30; Fr 07:00-20:00; Sa 07:00-15:00","website":"https://mercatolivar.com/","wheelchair":"yes","wikidata":"Q105934986","wikimedia_commons":"Category:Mercat de l'Olivar","wikipedia":"ca:Mercat de l'Olivar"}},
{"type":"Feature","id":"w35961613","geometry":{"type":"LineString","coordinates":[[3.4334099,39.7050208],[3.433332,39.704983],[3.4333388,39.7049748],[3.4332523,39.7049369],[3.4332638,39.7049235],[3.4332445,39.7049156],[3.4332547,39.704902],[3.4330842,39.7048273],[3.4330021,39.704737],[3.4325501,39.7044221],[3.4324087,39.7042831],[3.4328944,39.7041465],[3.4328752,39.7041061],[3.4329432,39.7040867],[3.4329638,39.7041282],[3.4332658,39.7040394],[3.4332712,39.7040033],[3.433328,39.7039896],[3.4333238,39.7040262],[3.4333632,39.7040485],[3.4335302,39.7041415],[3.4335816,39.7041238],[3.4335794,39.7041707],[3.4335293,39.7041872],[3.4335078,39.7043622],[3.4334768,39.7045296],[3.4335235,39.7045331],[3.4335196,39.7045781],[3.4334706,39.704572],[3.4334243,39.7048225],[3.43349,39.7048324],[3.4334702,39.704904],[3.433474,39.7049039],[3.4334521,39.7049672],[3.4334458,39.7049821],[3.4334099,39.7050208]]},"properties":{"barrier":"wall","castle_type":"defensive","historic":"castle","name":"Castell de Capdepera","name:ca":"Castell de Capdepera","tourism":"attraction","website":"https://www.capdeperacastell.com/","wheelchair":"no","wikidata":"Q1048676","wikipedia":"es:Castillo de Capdepera"}},
{"type":"Feature","id":"w35968157","geometry":{"type":"LineString","coordinates":[[2.7088612,39.7647403],[2.7092525,39.7637965],[2.7093588,39.7638911],[2.7098302,39.7643103],[2.7101203,39.764633],[2.7101723,39.7648085],[2.7101766,39.7649091],[2.710134,39.7652602],[2.7098109,39.7653743],[2.709501,39.7651489],[2.7091967,39.7649341],[2.7088612,39.7647403]]},"properties":{"email":"jbs@jardibotanicdesoller.org","leisure":"garden","name":"jardí botànic","name:ca":"jardí botànic","opening_hours":"Mo-Sa 10:00-18:00; Su 10:00-14:00","phone":"+34 971634014","tourism":"attraction","website":"https://www.jardibotanicdesoller.org/","wikidata":"Q3162407","wikipedia":"ca:Jardí Botànic de Sóller"}},
{"type":"Feature","id":"w37982424","geometry":{"type":"LineString","coordinates":[[2.4826777,39.5073578],[2.4826445,39.50726],[2.4825635,39.5072346],[2.4825056,39.507036],[2.4824255,39.5070124],[2.4823082,39.5070305],[2.4822818,39.5070802],[2.4821959,39.5071202],[2.482289,39.5072103],[2.4822315,39.5072703],[2.4820643,39.5072582],[2.4820341,39.5074047],[2.4819861,39.5074104],[2.481832,39.5074842],[2.4817509,39.5075617],[2.4816939,39.507573],[2.4816238,39.5074894],[2.4816393,39.5073961],[2.4815967,39.5073672],[2.4815046,39.5074104],[2.4814083,39.5074163],[2.4813438,39.50759],[2.4812705,39.5076417],[2.4811697,39.5076389],[2.4811009,39.5076501],[2.4809562,39.5075801],[2.4808594,39.5075712],[2.4807565,39.5075981],[2.4807341,39.5075616],[2.4806691,39.5074557],[2.4806093,39.5074557]]},"properties":{"highway":"footway","vehicle":"no"}},
{"type":"Feature","id":"w37982474","geometry":{"type":"LineString","coordinates":[[2.4826777,39.5073578],[2.482557,39.5073978],[2.4825024,39.5074601],[2.4822445,39.507587],[2.482274,39.5076292],[2.4823025,39.5076245],[2.4823088,39.5077243],[2.4823445,39.5077703],[2.4824,39.5077726],[2.4825091,39.5078794]]},"properties":{"highway":"footway","surface":"unpaved"}},
{"type":"Feature","id":"w38827140","geometry":{"type":"LineString","coordinates":[[2.9906282,39.333935],[2.9908322,39.334315],[2.9910151,39.3344797],[2.9910032,39.3345895],[2.9909678,39.3349418],[2.9909914,39.335166],[2.9911915,39.3354687],[2.9911186,39.33577],[2.9907045,39.3368956],[2.9901661,39.3378656],[2.9899063,39.3381969],[2.9894613,39.3383794],[2.9893233,39.3385606],[2.9893274,39.3389068],[2.9892103,39.3391947],[2.988997,39.3394826],[2.9885577,39.3399712],[2.9882398,39.3402397],[2.9878592,39.3406085],[2.9875914,39.3405826],[2.987389,39.3409787],[2.9872234,39.3412075],[2.9872438,39.3413261],[2.9870191,39.3415276],[2.9866926,39.3418294],[2.9864957,39.3421408],[2.9862608,39.3425653],[2.9858331,39.3427447],[2.9855373,39.3431748],[2.9848038,39.3440715],[2.983451,39.3453181],[2.9830517,39.3457651],[2.9823716,39.3462766],[2.9818685,39.3468448],[2.9809101,39.3476133],[2.9802002,39.3482355],[2.9786147,39.3497269],[2.9770902,39.3508728],[2.9749026,39.3523275],[2.9741889,39.3529077],[2.9744588,39.3530151],[2.9746724,39.3531033],[2.9750854,39.3528203],[2.9757175,39.3523077],[2.9763701,39.3518225],[2.9771208,39.3512962],[2.9781479,39.3505706],[2.979011,39.3497998],[2.9801934,39.3486262],[2.9811933,39.3477078],[2.9819059,39.3470778],[2.9824704,39.3465956],[2.9830277,39.3461658],[2.9834548,39.3458989],[2.9837615,39.3455694],[2.9842261,39.3450584],[2.9845085,39.3448509],[2.9852781,39.3439655],[2.9863666,39.3427942],[2.986814,39.3422385],[2.986897,39.3419806],[2.9873829,39.3416006],[2.9879602,39.3408177],[2.9887735,39.3401017],[2.9888977,39.3398871],[2.9891563,39.3396434],[2.9895349,39.3391446],[2.9897982,39.3387191],[2.9902199,39.3383939],[2.990954,39.3370552],[2.9913341,39.3357195],[2.9912676,39.33517],[2.9912062,39.334747],[2.9910546,39.3341222],[2.9909851,39.3336537],[2.9909847,39.333532],[2.9907845,39.3335872],[2.9906282,39.333935]]},"properties":{"name":"Platja d'es Trenc","name:ca":"Platja d'es Trenc","name:en":"Es Trenc Beach","name:es":"Playa de es Trenc","natural":"beach","nudism":"yes","opening_hours":"24/7","surface":"sand","tourism":"attraction","wheelchair":"limited","wikidata":"Q11919677","wikimedia_commons":"Category:Es Trenc","wikipedia":"en:Es Trenc"}},
{"type":"Feature","id":"w38875741","geometry":{"type":"LineString","coordinates":[[3.0621868,39.3415183],[3.0620259,39.3433503],[3.0665374,39.3435557],[3.0677712,39.3422219],[3.0683237,39.3417801],[3.0687858,39.3410198],[3.0695763,39.34072],[3.0683132,39.3407814],[3.0667815,39.3402906],[3.0665615,39.3403404],[3.0662286,39.3408484],[3.0659261,39.340974],[3.0659477,39.3414552],[3.06584,39.3414532],[3.0649428,39.3415571],[3.0647467,39.3408152],[3.0653985,39.3411357],[3.0655637,39.3408859],[3.0659543,39.3407664],[3.0663258,39.3402403],[3.066259,39.3401331],[3.0658165,39.3399972],[3.0651961,39.3398647],[3.0645059,39.339936],[3.064814,39.3413888],[3.0646328,39.3415741],[3.0638968,39.3415367],[3.0631868,39.3415006],[3.0626877,39.3414752],[3.0621868,39.3415183]]},"properties":{"leisure":"garden","name":"Botanicactus","name:ca":"Botanicactus","opening_hours":"Mo-Su 09:00-18:00; Nov-Jan: 10:30-16:30; Jun-Aug: Sa-Su 09:00-14:00","phone":"+34 971649494","tourism":"attraction","website":"https://www.botanicactussalines.com/","wikidata":"Q429533","wikimedia_commons":"Category:Botanicactus (Mallorca)","wikipedia":"es:Botanicactus"}},
{"type":"Feature","id":"w41958602","geometry":{"type":"LineString","coordinates":[[3.3507282,39.6933075],[3.3507758,39.693289],[3.3508216,39.6932712],[3.3508708,39.6932521],[3.3509179,39.6932345],[3.3509596,39.6932189],[3.3509452,39.6931973],[3.3508985,39.693127],[3.3508752,39.6930919],[3.3508517,39.6930565],[3.3508262,39.6930182],[3.3508009,39.6929802],[3.3507781,39.6929458],[3.3507572,39.6929144],[3.3507362,39.6928828],[3.3505057,39.6929735],[3.3505454,39.6930331],[3.3507282,39.6933075]]},"properties":{"amenity":"theatre","building":"yes","building:levels":"2","height":"9","roof:shape":"flat","wheelchair":"yes","wheelchair:description":"voll Rollstuhlgerecht"}},
{"type":"Feature","id":"w42673563","geometry":{"type":"LineString","coordinates":[[3.0549103,39.3293568],[3.0555239,39.3296821],[3.0555987,39.3298064],[3.0556541,39.3298715],[3.0557855,39.3299972],[3.0559126,39.3301649],[3.0560434,39.3302314],[3.0561967,39.330266],[3.0562677,39.3302024],[3.056249,39.3300926],[3.0561967,39.3300203],[3.0560584,39.3299423],[3.0559799,39.3299162],[3.0556541,39.3298715]]},"properties":{"bicycle":"no","foot":"yes","highway":"path"}},
{"type":"Feature","id":"w42691132","geometry":{"type":"LineString","coordinates":[[2.7143351,39.7630347],[2.714351,39.7631124],[2.714456,39.7636063],[2.7144846,39.7637562],[2.7145384,39.7640353],[2.7145835,39.7641618],[2.714619,39.7642354],[2.7146577,39.7642949],[2.7146993,39.7643438],[2.7147712,39.7644168],[2.714854,39.7644905],[2.7149891,39.7645932],[2.7150524,39.7646344],[2.7151232,39.7646765],[2.715214,39.7647305]]},"properties":{"electrified":"contact_line","frequency":"0","gauge":"914","name":"Tren de Sóller","name:ca":"Tren de Sóller","passenger_lines":"1","railway":"narrow_gauge","usage":"branch","voltage":"1200"}},
{"type":"Feature","id":"w42691134","geometry":{"type":"LineString","coordinates":[[2.7143152,39.762954],[2.7143351,39.7630347]]},"properties":{"bridge":"yes","electrified":"contact_line","frequency":"0","gauge":"914","layer":"1","name":"Tren de Sóller","name:ca":"Tren de Sóller","passenger_lines":"1","railway":"narrow_gauge","usage":"branch","voltage":"1200"}},
{"type":"Feature","id":"w42691143","geometry":{"type":"LineString","coordinates":[[2.7122746,39.7613137],[2.7123937,39.7613469]]},"properties":{"bridge":"yes","electrified":"contact_line","frequency":"0","gauge":"914","layer":"1","name":"Tren de Sóller","name:ca":"Tren de Sóller","passenger_lines":"1","railway":"narrow_gauge","usage":"branch","voltage":"1200"}},
{"type":"Feature","id":"w42692253","geometry":{"type":"LineString","coordinates":[[2.7123937,39.7613469],[2.7124128,39.7613539],[2.7125805,39.7614206],[2.7126906,39.7614679],[2.712789,39.7615196],[2.7130091,39.7616454],[2.7132249,39.7617772],[2.7137866,39.7621519],[2.714013,39.7623686],[2.7141078,39.7624863],[2.7141793,39.7626086],[2.7142546,39.7627566],[2.7142958,39.7628878],[2.7143152,39.762954]]},"properties":{"electrified":"contact_line","frequency":"0","gauge":"914","name":"Tren de Sóller","name:ca":"Tren de Sóller","passenger_lines":"1","railway":"narrow_gauge","usage":"branch","voltage":"1200"}},
{"type":"Feature","id":"w44641511","geometry":{"type":"LineString","coordinates":[[2.9504309,39.6424027],[2.9504845,39.6423712],[2.9505163,39.642315],[2.9504916,39.6422534],[2.9504247,39.6422188],[2.950185,39.6422236],[2.9501884,39.6423247],[2.9501912,39.6424075],[2.9504309,39.6424027]]},"properties":{"building":"yes","name":"Planetarium","tourism":"attraction"}},
{"type":"Feature","id":"w47280926","geometry":{"type":"LineString","coordinates":[[2.4696565,39.6071204],[2.4699454,39.6071429],[2.469945,39.6071723],[2.4703038,39.6071995],[2.470332,39.6070568],[2.4703896,39.6070642],[2.4704053,39.6069917],[2.4703432,39.6069866],[2.4703656,39.606888],[2.4695505,39.6068246],[2.4695166,39.6071357],[2.4695901,39.607123],[2.4695937,39.607079],[2.4696593,39.6070844],[2.4696565,39.6071204]]},"properties":{"building":"yes","layer":"1","name":"Galatzó","opening_hours":"Mo-Su 07:00-19:00","tourism":"museum"}},
{"type":"Feature","id":"w47293988","geometry":{"type":"LineString","coordinates":[[2.6603525,39.5996844],[2.6602545,39.6015562],[2.6602503,39.6018823],[2.6602041,39.6025475],[2.6601989,39.6027027],[2.6600958,39.604864],[2.6599718,39.6073762],[2.6599626,39.6075752],[2.6599569,39.6077486],[2.6599296,39.6082578],[2.6598623,39.6095108],[2.6598205,39.6101355],[2.6598271,39.6108702],[2.659937,39.6115861],[2.6604927,39.6145382],[2.6606558,39.6153184],[2.6607137,39.6157851],[2.660736,39.6163254],[2.6607295,39.6169613],[2.6607197,39.6180108],[2.6607123,39.618782],[2.6607178,39.6188874],[2.6607248,39.6189737],[2.6607352,39.6190702],[2.6607441,39.6191555],[2.6607545,39.619234],[2.6607693,39.619324],[2.660818,39.6196268],[2.6609239,39.6202646],[2.6610598,39.6210706],[2.6610771,39.6211662],[2.661094,39.6212533],[2.6611153,39.6213402],[2.6611731,39.6215499],[2.6612566,39.6218067],[2.6613398,39.6220344],[2.6621399,39.6241405]]},"properties":{"electrified":"contact_line","frequency":"0","gauge":"914","name":"Tren de Sóller","name:ca":"Tren de Sóller","passenger_lines":"1","railway":"narrow_gauge","start_date":"1912","usage":"branch","voltage":"1200"}},
{"type":"Feature","id":"w48977497","geometry":{"type":"LineString","coordinates":[[2.6112696,39.5502014],[2.6113456,39.5501966],[2.6113476,39.5502123],[2.6116949,39.5501971],[2.6116871,39.5500806],[2.6117226,39.5500759],[2.6117166,39.5499806],[2.6116093,39.5499863],[2.6116139,39.5500826],[2.611448,39.5500892],[2.6114393,39.5500132],[2.6113497,39.5500177],[2.6113555,39.5500949],[2.6113409,39.550096],[2.6113398,39.5501081],[2.611264,39.5501136],[2.6112696,39.5502014]]},"properties":{"building":"public","historic":"manor","name":"Palau de Marivent","name:ca":"Palau de Marivent","name:es":"Palacio de Marivent","source":"http://www.mallorcaweb.com/fotos-de-mallorca/palma/lugares-interes-cultural/palacio-de-marivent/"}},
{"type":"Feature","id":"w49196899","geometry":{"type":"LineString","coordinates":[[2.6380175,39.5714552],[2.6380319,39.5714668],[2.638049,39.5714748],[2.6380628,39.5714748],[2.6380731,39.5714747],[2.6386016,39.5713468],[2.6386166,39.5713383],[2.6386275,39.5713236],[2.6386319,39.5713087],[2.6386269,39.5712928],[2.6385146,39.5710153],[2.6385006,39.5710049],[2.6384761,39.5709983],[2.6384551,39.5710017],[2.6379282,39.5711281],[2.6379108,39.5711412],[2.6379031,39.5711578],[2.6379043,39.5711686],[2.6380175,39.5714552]]},"properties":{"addr:postcode":"07013","addr:street":"Plaça de la Navegació","amenity":"marketplace","building":"yes","name":"Mercat de Santa Catalina","name:ca":"Mercat de Santa Catalina","name:es":"Mercado de Santa Catalina","opening_hours":"Mo-Sa 07:00-17:00","phone":"+34 971 73 07 10","website":"https://mercatdesantacatalina.com/","wikidata":"Q11936532","wikipedia":"ca:Mercat de Santa Catalina"}},
{"type":"Feature","id":"w52480384","geometry":{"type":"LineString","coordinates":[[2.3606945,39.5997876],[2.3607708,39.5998312],[2.3608485,39.5997505],[2.3607722,39.5997069],[2.3606945,39.5997876]]},"properties":{"amenity":"place_of_worship","building":"yes","denomination":"catholic","historic":"ruins","name":"antic monestir de La Trapa","name:ca":"antic monestir de La Trapa","religion":"christian"}},
{"type":"Feature","id":"w52480385","geometry":{"type":"LineString","coordinates":[[2.3602488,39.6002867],[2.36033,39.6002996],[2.3603462,39.6002392],[2.360265,39.6002263],[2.3602488,39.6002867]]},"properties":{"building":"yes","description":"Oil Mill Sa Trapa","historic":"monument","man_made":"works","name":"Molí de Sang","operator":"GOB (Grup Ornitològic de Mallorca)","product":"oil","source":"Official documentation (http://www.gobmallorca.com/trapa/index.htm) and ideib.cat"}},
{"type":"Feature","id":"w52646678","geometry":{"type":"LineString","coordinates":[[2.629174,39.7514591],[2.6290382,39.7514124],[2.6290275,39.7514299],[2.628871,39.751376],[2.6290906,39.751013],[2.6292692,39.7510799],[2.6293839,39.7511228],[2.6293066,39.7512559],[2.629227,39.7512272],[2.6292483,39.7511875],[2.6292176,39.7511733],[2.6291405,39.7511482],[2.6290924,39.7512287],[2.6290439,39.7513217],[2.6291617,39.7513591],[2.6291791,39.7513381],[2.6292381,39.7513567],[2.629174,39.7514591]]},"properties":{"addr:housename":"Son Marroig","addr:housenumber":"Cr, 13","addr:postcode":"07179","addr:street":"Diseminado Valldemossa","building":"house","fee":"yes","name":"Son Marroig","name:ca":"Son Marroig","opening_hours":"Mo-Sa 09:30-14:00, 15:30-18:00","phone":"+34 971 63 91 58","tourism":"museum","website":"https://sonmarroig.com/","wikidata":"Q2300784","wikimedia_commons":"Category:Son Marroig","wikipedia":"ca:Son Marroig"}},
{"type":"Feature","id":"w54732541","geometry":{"type":"LineString","coordinates":[[3.1231888,39.8522066],[3.1231977,39.8521945],[3.1230854,39.8521317],[3.1231059,39.8521001],[3.1230491,39.8520807],[3.1230266,39.852123],[3.1230784,39.8521469],[3.1231888,39.8522066]]},"properties":{"barrier":"city_wall","historic":"citywalls"}},
{"type":"Feature","id":"w55170685","geometry":{"type":"LineString","coordinates":[[2.7294599,39.5322881],[2.7294603,39.5322983],[2.7294786,39.5323031],[2.7294919,39.5323154],[2.7295321,39.5323128],[2.7295616,39.5323101],[2.7295955,39.5323018],[2.729632,39.5322799],[2.7296489,39.5322572],[2.7296637,39.5322334],[2.7296786,39.5321985],[2.7296818,39.5321744],[2.7296748,39.5321483],[2.7296539,39.5321272],[2.7296266,39.5321172],[2.7296066,39.5320982],[2.7296292,39.5320675],[2.7296679,39.5320367],[2.729777,39.5320001],[2.7297853,39.5320139],[2.7298029,39.5320212],[2.7298224,39.5320172],[2.7298335,39.5320038],[2.7298356,39.5319831],[2.7298298,39.5319676],[2.7298716,39.5319637],[2.7299167,39.5319451],[2.7299512,39.5319214],[2.7299822,39.5318914],[2.7299999,39.5318563],[2.7298826,39.5317395],[2.7297997,39.5316232],[2.7297708,39.5315848],[2.7297258,39.5315695],[2.7296636,39.5314588],[2.7296547,39.5314501],[2.7296411,39.5314367],[2.7295485,39.5313456],[2.7294983,39.5313217],[2.7294402,39.531311],[2.7293765,39.5313155],[2.7292998,39.5313369],[2.7292568,39.5313657],[2.7292318,39.531406],[2.7292276,39.5314384],[2.7291546,39.5314768],[2.729033,39.531524],[2.7289946,39.5315544],[2.7289528,39.5316046],[2.7289413,39.5316361],[2.7289529,39.5316692],[2.7289886,39.5317003],[2.7290391,39.5317178],[2.7290896,39.5317251],[2.7291108,39.531767],[2.7291427,39.5318193],[2.7291189,39.5318763],[2.7292868,39.5320832],[2.729305,39.5320853],[2.7293839,39.5321836],[2.7294546,39.5322348],[2.7294645,39.532243],[2.7294599,39.5322881]]},"properties":{"addr:city":"Palma","addr:housenumber":"21","addr:postcode":"07610","addr:street":"Carrer Manuela de los Herreros","building":"yes","building:levels":"2","check_date":"2026-07-30","fee":"yes","internet_access":"wlan","name":"Palma Aquarium","name:ca":"Palma Aquarium","opening_hours":"Mo-Su 09:30-17:00","phone":"+34 902 702902","source":"Bing + knowledge","tourism":"aquarium","website":"https://palmaaquarium.com/","wheelchair":"yes","wikidata":"Q1656431","wikimedia_commons":"Category:Palma Aquarium","wikipedia":"es:Palma Aquarium"}},
{"type":"Feature","id":"w55170686","geometry":{"type":"LineString","coordinates":[[2.7304639,39.5322522],[2.7297331,39.5331278],[2.7291375,39.5334439],[2.727886,39.5320569],[2.7287894,39.5315442],[2.7292861,39.5312622],[2.7295922,39.5310518],[2.7296758,39.5311183],[2.7298242,39.5312327],[2.7299436,39.5311405],[2.7299934,39.5311796],[2.7300049,39.5314017],[2.7299132,39.5316307],[2.7304639,39.5322522]]},"properties":{"tourism":"zoo","wheelchair":"yes"}},
{"type":"Feature","id":"w56463321","geometry":{"type":"LineString","coordinates":[[3.1736596,39.865853],[3.1735467,39.8658414],[3.1735528,39.865803],[3.1735906,39.8658067],[3.1736056,39.8658082],[3.1736657,39.8658142],[3.1736596,39.865853]]},"properties":{"historic":"ruins"}},
{"type":"Feature","id":"w57380160","geometry":{"type":"LineString","coordinates":[[2.6289493,39.5676208],[2.6287298,39.5674237],[2.6287623,39.5674025],[2.6287774,39.5673926],[2.6288027,39.5673761],[2.6290014,39.5672275],[2.6292184,39.5670699],[2.6293123,39.5671645],[2.6294831,39.5673267],[2.6292493,39.5674506],[2.6292755,39.5674868],[2.629094,39.5676173],[2.629125,39.5676325],[2.6290901,39.5676736],[2.6290667,39.5677011],[2.6289493,39.5676208]]},"properties":{"amenity":"theatre","building":"yes","name":"Auditòrium","name:ca":"Auditòrium","wikidata":"Q17587295","wikipedia":"ca:Auditòrium de Palma"}},
{"type":"Feature","id":"w57741817","geometry":{"type":"LineString","coordinates":[[2.6391175,39.574037],[2.6392083,39.574111],[2.6393239,39.5740266],[2.639233,39.5739527],[2.6391175,39.574037]]},"properties":{"building":"yes","historic":"yes"}},
{"type":"Feature","id":"w57741819","geometry":{"type":"LineString","coordinates":[[2.6388805,39.5742163],[2.6389711,39.5742883],[2.6390954,39.5741954],[2.6390048,39.5741234],[2.6388805,39.5742163]]},"properties":{"building":"yes","historic":"yes"}},
{"type":"Feature","id":"w57741820","geometry":{"type":"LineString","coordinates":[[2.638377,39.5745855],[2.6384771,39.5746727],[2.6385976,39.5745906],[2.6384974,39.5745033],[2.638377,39.5745855]]},"properties":{"building":"yes","historic":"yes"}},
{"type":"Feature","id":"w57741822","geometry":{"type":"LineString","coordinates":[[2.6386314,39.5743883],[2.6387329,39.5744724],[2.6388671,39.5743763],[2.6387656,39.5742921],[2.6386314,39.5743883]]},"properties":{"building":"yes","historic":"yes"}},
{"type":"Feature","id":"w62364628","geometry":{"type":"LineString","coordinates":[[3.1086858,39.6492131],[3.1089039,39.6490964],[3.1088801,39.6490701],[3.1088489,39.6490868],[3.1087897,39.6490212],[3.1088212,39.6490044],[3.1088043,39.6489857],[3.1087488,39.6490154],[3.1086686,39.6489267],[3.1086473,39.6489031],[3.1086203,39.6489176],[3.1086023,39.6488977],[3.1085176,39.648943],[3.1085393,39.6489671],[3.1085132,39.6489811],[3.1086123,39.6490909],[3.1085875,39.6491042],[3.1086858,39.6492131]]},"properties":{"amenity":"place_of_worship","building":"yes","denomination":"catholic","historic":"yes","name":"Nostra Senyora d'Atotxa","religion":"christian"}},
{"type":"Feature","id":"w72671073","geometry":{"type":"LineString","coordinates":[[2.6957472,39.7002231],[2.6955407,39.7006956]]},"properties":{"electrified":"contact_line","frequency":"0","gauge":"914","layer":"-1","name":"Tren de Sóller","name:ca":"Tren de Sóller","passenger_lines":"1","railway":"narrow_gauge","tunnel":"yes","usage":"branch","voltage":"1200"}},
{"type":"Feature","id":"w72851662","geometry":{"type":"LineString","coordinates":[[2.6439417,39.5687889],[2.6438845,39.5687357],[2.6438426,39.5687627],[2.6437729,39.5687015],[2.643888,39.5686273],[2.6438055,39.5685545],[2.6435558,39.568748],[2.6435768,39.5687652],[2.6434947,39.5688313],[2.6435763,39.5689519],[2.6436102,39.5689984],[2.6436874,39.5689503],[2.6436824,39.5689463],[2.6439417,39.5687889]]},"properties":{"addr:housenumber":"3","addr:street":"Carrer de la Llotja","building":"yes","heritage":"3","heritage:operator":"Consell de Mallorca","historic":"building","name":"Consolat de Mar","name:ca":"Consolat de Mar","office":"government","wikimedia_commons":"Category:Consolat de Mar de Palma"}},
{"type":"Feature","id":"w73039791","geometry":{"type":"LineString","coordinates":[[2.6470798,39.5687667],[2.6470715,39.5686945],[2.647363,39.5685551],[2.6473705,39.5685643],[2.6473969,39.5685507],[2.6476729,39.5686331],[2.647914,39.5687071],[2.6478141,39.5689063],[2.6477843,39.5689657],[2.647783,39.5689683],[2.6477683,39.5689648],[2.6477657,39.5689691],[2.647637,39.5689306],[2.6476395,39.5689259],[2.6476298,39.5689228],[2.6476308,39.5689155],[2.6475251,39.5688845],[2.6475192,39.5688944],[2.6470798,39.5687667]]},"properties":{"name":"Fundación Bartolomé March Servera (Museo Palau March)","source":"ideib.cat","tourism":"museum","website":"https://www.fundacionbmarch.es/es/museo-palau-march/"}},
{"type":"Feature","id":"w73043459","geometry":{"type":"LineString","coordinates":[[2.649944,39.5716524],[2.6499302,39.5717024],[2.6499163,39.5717562],[2.6498667,39.5719509],[2.6498769,39.5719538],[2.6499386,39.5719471],[2.6500072,39.5719404],[2.6501258,39.5719344],[2.6501266,39.5719252],[2.6501798,39.5719257],[2.6502523,39.5719274],[2.6502551,39.5718259],[2.6504245,39.5718196],[2.6504216,39.5717853],[2.650413,39.5717134],[2.6504192,39.5717129],[2.6504169,39.5716689],[2.650416,39.5716588],[2.6503519,39.5716596],[2.650355,39.5717179],[2.6503658,39.5717184],[2.6503693,39.5717777],[2.6502972,39.5717819],[2.6502843,39.571783],[2.6502677,39.5717831],[2.6502562,39.571784],[2.6502556,39.5718001],[2.6502136,39.5717987],[2.6501981,39.5717981],[2.6501786,39.5717975],[2.6501814,39.5717579],[2.6501667,39.5717584],[2.6501795,39.5716667],[2.65018,39.5716602],[2.6500841,39.5716572],[2.6499929,39.5716537],[2.649944,39.5716524]]},"properties":{"addr:housenumber":"3","addr:postcode":"07001","addr:street":"Plaça d'en Weyler","alt_name":"CaixaFòrum","architect":"Lluís Domènech i Montaner","building":"yes","heritage":"3","heritage:operator":"Consell de Mallorca","historic":"yes","listed_status":"Béns d'Interès Cultural","name":"Gran Hotel CaixaForum","opening_hours":"Mo-Sa 10:00-20:00; Su 11:00-14:00","operator":"Fundació La Caixa","phone":"+34 971 17 85 00","start_date":"1903","tourism":"museum","website":"https://obrasociallacaixa.org/","wikidata":"Q3780261","wikimedia_commons":"Category:Grand Hotel de Palma","wikipedia":"en:Gran Hotel (Palma)"}},
{"type":"Feature","id":"w73043467","geometry":{"type":"LineString","coordinates":[[2.6498322,39.57122],[2.6498764,39.5710826],[2.64992,39.5710594],[2.6498383,39.5709759],[2.6498018,39.5709386],[2.6496896,39.5708239],[2.649295,39.5711076],[2.6493631,39.5711381],[2.6492752,39.5712422],[2.6497303,39.5713343],[2.6500261,39.5712448],[2.6499886,39.5711816],[2.6498322,39.57122]]},"properties":{"building":"yes","historic":"manor","name":"Can Berga","name:ca":"Can Berga","wikidata":"Q18005299","wikimedia_commons":"Category:Can Berga","wikipedia":"ca:Can Berga (Palma)"}},
{"type":"Feature","id":"w73043469","geometry":{"type":"LineString","coordinates":[[2.6508912,39.5719711],[2.6509329,39.571931],[2.6510096,39.5718599],[2.6510463,39.5718814],[2.6511017,39.5718324],[2.6510861,39.5717772],[2.6510712,39.5717207],[2.6510975,39.5717062],[2.6510391,39.5716457],[2.6509417,39.5715265],[2.6508754,39.5714889],[2.6505421,39.5714677],[2.6506672,39.5716638],[2.6507674,39.5718162],[2.6508419,39.5719439],[2.6508683,39.5719596],[2.6508912,39.5719711]]},"properties":{"amenity":"theatre","building":"yes","name":"Teatre Principal","name:ca":"Teatre Principal","operator":"Consell de Mallorca","wikidata":"Q9082190","wikimedia_commons":"Category:Teatre Principal (Palma)","wikipedia":"ca:Teatre Principal (Palma)"}},
{"type":"Feature","id":"w81058569","geometry":{"type":"LineString","coordinates":[[3.0101486,39.9222787],[3.0101386,39.9223187],[3.0101755,39.9223336],[3.0101771,39.9223904],[3.0102552,39.9223853],[3.0102487,39.9223039],[3.0102367,39.9222748],[3.0101486,39.9222787]]},"properties":{"access":"private","building":"yes","castle_type":"defensive","ele":"477","historic":"castle","name":"Castell del Rei","name:ca":"Castell del Rei","note":"This is a BIC (Bé d'Interès Cultural)","ruins":"yes","wikidata":"Q8342667","wikimedia_commons":"Category:Castell del Rei","wikipedia":"es:Castillo del Rey (Pollensa)"}},
{"type":"Feature","id":"w81351804","geometry":{"type":"LineString","coordinates":[[3.2703527,39.4595474],[3.2702638,39.4592647],[3.2704762,39.4592204],[3.2705575,39.4595135],[3.2703527,39.4595474]]},"properties":{"leisure":"pitch","name":"pista 2","name:ca":"pista 2","sport":"tennis","tourism":"attraction"}},
{"type":"Feature","id":"w81351805","geometry":{"type":"LineString","coordinates":[[3.2702638,39.4592647],[3.2704762,39.4592204],[3.2706491,39.4591843],[3.2705969,39.4590353],[3.2702116,39.4591156],[3.2702638,39.4592647]]},"properties":{"leisure":"pitch","name":"pista 1","name:ca":"pista 1","sport":"tennis","tourism":"attraction"}},
{"type":"Feature","id":"w81437771","geometry":{"type":"LineString","coordinates":[[2.8288556,39.7769923],[2.8288902,39.7769301],[2.8290188,39.7769723],[2.8289842,39.7770345],[2.8288556,39.7769923]]},"properties":{"building":"yes","historic":"yes","name":"ses Cases Velles des Tossals"}},
{"type":"Feature","id":"w82427806","geometry":{"type":"LineString","coordinates":[[3.3960803,39.5798854],[3.3961219,39.5799292],[3.3961462,39.5799554],[3.3962313,39.5799078],[3.3961655,39.5798378],[3.3960803,39.5798854]]},"properties":{"building":"yes","fee":"no","historic":"castle","name":"Castell de la Punta de n'Amer","name:ca":"Castell de la Punta de n'Amer","tourism":"viewpoint","wheelchair":"limited","wikidata":"Q1048680","wikimedia_commons":"Category:Es Castell de Sa Punta de n'Amer","wikipedia":"ca:Castell de la Punta de n'Amer"}},
{"type":"Feature","id":"w83266442","geometry":{"type":"LineString","coordinates":[[3.0150347,39.8824768],[3.015071,39.8826213]]},"properties":{"bridge":"yes","heritage":"3","heritage:operator":"Consell de Mallorca","highway":"pedestrian","historic":"bridge","historic:civilization":"ancient_roman","historic:period":"late_antiquity","layer":"1","lit":"yes","name":"Pont Romà","name:ca":"Pont Romà","start_date":"C1","surface":"unhewn_cobblestone","tourism":"attraction","wikidata":"Q43103827","wikimedia_commons":"Category:Pont Romà (Pollença)"}},
{"type":"Feature","id":"w83636739","geometry":{"type":"LineString","coordinates":[[3.1087488,39.6490154],[3.1088043,39.6489857],[3.1087569,39.648934],[3.1087982,39.6489121],[3.1088196,39.6489359],[3.1090082,39.6488356],[3.1089645,39.6487869],[3.1088953,39.6488237],[3.1088847,39.6488118],[3.1088422,39.6488344],[3.1086686,39.6489267],[3.1087488,39.6490154]]},"properties":{"building":"yes","denomination":"catholic","historic":"yes","name":"Rectoria","name:ca":"Rectoria","religion":"christian"}},
{"type":"Feature","id":"w84802939","geometry":{"type":"LineString","coordinates":[[2.9533092,39.3624905],[2.9532997,39.3624957],[2.9532928,39.3625029],[2.9532892,39.3625114],[2.9532892,39.3625203],[2.9532932,39.3625294],[2.953301,39.3625369],[2.9533115,39.3625419],[2.9533236,39.3625439],[2.9533359,39.3625427],[2.953347,39.3625383],[2.9533555,39.3625313],[2.9533604,39.3625225],[2.9533613,39.3625129],[2.9533582,39.3625043],[2.9533519,39.3624968],[2.9533428,39.3624912],[2.9533319,39.3624882],[2.9533203,39.3624879],[2.9533092,39.3624905]]},"properties":{"building":"yes","historic":"yes","man_made":"tower","material":"sandstone","name":"Torre de Son Durí","tower:construction":"freestanding","tower:type":"defensive","wikidata":"Q890748","wikimedia_commons":"Category:Torre de Son Durí","wikipedia":"es:Torre de Son Durí"}},
{"type":"Feature","id":"w86259184","geometry":{"type":"LineString","coordinates":[[3.0228359,39.5179517],[3.0230479,39.5180021],[3.0230638,39.5179559],[3.0230138,39.5179466],[3.023031,39.5178959],[3.0230356,39.5178825],[3.0229802,39.5178741],[3.022871,39.5178527],[3.0228359,39.5179517]]},"properties":{"building":"yes","name":"Museu de Porreres","tourism":"museum"}},
{"type":"Feature","id":"w87987547","geometry":{"type":"LineString","coordinates":[[2.6189558,39.5832441],[2.6191895,39.5834381],[2.619598,39.5831458],[2.6193643,39.5829518],[2.6189558,39.5832441]]},"properties":{"addr:city":"Palma","addr:housenumber":"29","addr:street":"Camí de Son Rapinya","amenity":"theatre","building":"yes","name":"Trui Teatre","operator":"Trui","source":"ideib WMS"}},
{"type":"Feature","id":"w88364221","geometry":{"type":"LineString","coordinates":[[2.6491613,39.584967],[2.6493313,39.5849999],[2.6494578,39.5850243],[2.6496246,39.5850565],[2.6496348,39.5850252],[2.6496529,39.5849693],[2.6496639,39.5849356],[2.6494956,39.584903],[2.6493667,39.5848783],[2.6492005,39.5848462],[2.6491613,39.584967]]},"properties":{"amenity":"cinema","building":"yes","name":"Cineciutat","website":"https://cineciutat.org/"}},
{"type":"Feature","id":"w91873797","geometry":{"type":"LineString","coordinates":[[3.1484832,39.4690409],[3.1486833,39.4691379],[3.1487142,39.4690967],[3.1487387,39.4690933],[3.1489543,39.4688623],[3.1489437,39.4688383],[3.1486815,39.4687209],[3.1486519,39.4687231],[3.1484968,39.4689795],[3.1485094,39.4690036],[3.1484832,39.4690409]]},"properties":{"addr:city":"Felanitx","addr:postcode":"07200","addr:street":"Plaza de La Constitución","amenity":"marketplace","building":"yes","name":"Mercat Municipal","name:ca":"Mercat Municipal","source":"ideib WMS","wikidata":"Q111941048","wikimedia_commons":"Category:Mercat de Felanitx"}},
{"type":"Feature","id":"w93871117","geometry":{"type":"LineString","coordinates":[[2.6905711,39.7165533],[2.6905444,39.71671],[2.690523,39.7168572],[2.6905111,39.7170382],[2.6905169,39.7171728],[2.6905398,39.7173886],[2.6906072,39.7176754]]},"properties":{"electrified":"contact_line","frequency":"0","gauge":"914","name":"Tren de Sóller","name:ca":"Tren de Sóller","passenger_lines":"1","railway":"narrow_gauge","usage":"branch","voltage":"1200"}},
{"type":"Feature","id":"w93871118","geometry":{"type":"LineString","coordinates":[[2.6907445,39.7160344],[2.6906914,39.7161672],[2.6906595,39.7162676],[2.6906291,39.7163492],[2.6905711,39.7165533]]},"properties":{"electrified":"contact_line","frequency":"0","gauge":"914","layer":"-1","name":"Tren de Sóller","name:ca":"Tren de Sóller","passenger_lines":"1","railway":"narrow_gauge","tunnel":"yes","usage":"branch","voltage":"1200"}},
{"type":"Feature","id":"w93900553","geometry":{"type":"LineString","coordinates":[[2.691719,39.713652],[2.6917154,39.7140354],[2.691669,39.7144081],[2.6915304,39.7148071],[2.6914242,39.7150093],[2.6913697,39.7151152],[2.6910142,39.7155967],[2.6909064,39.7157557],[2.6908304,39.7158783],[2.6907445,39.7160344]]},"properties":{"electrified":"contact_line","frequency":"0","gauge":"914","name":"Tren de Sóller","name:ca":"Tren de Sóller","passenger_lines":"1","railway":"narrow_gauge","usage":"branch","voltage":"1200"}},
{"type":"Feature","id":"w93900555","geometry":{"type":"LineString","coordinates":[[2.6917056,39.7135457],[2.691719,39.713652]]},"properties":{"bridge":"yes","electrified":"contact_line","frequency":"0","gauge":"914","layer":"1","name":"Tren de Sóller","name:ca":"Tren de Sóller","passenger_lines":"1","railway":"narrow_gauge","usage":"branch","voltage":"1200"}},
{"type":"Feature","id":"w96382065","geometry":{"type":"LineString","coordinates":[[2.696472,39.7443961],[2.6965342,39.7446183],[2.6965645,39.7447063],[2.6967189,39.7451546],[2.6968443,39.7454366],[2.6969965,39.7457429],[2.6973531,39.7463209],[2.6978286,39.7469674],[2.6982182,39.7474255]]},"properties":{"electrified":"contact_line","frequency":"0","gauge":"914","name":"Tren de Sóller","name:ca":"Tren de Sóller","passenger_lines":"1","railway":"narrow_gauge","usage":"branch","voltage":"1200"}},
{"type":"Feature","id":"w96382066","geometry":{"type":"LineString","coordinates":[[2.6982182,39.7474255],[2.6983678,39.7475978]]},"properties":{"bridge":"yes","ele":"185","electrified":"contact_line","frequency":"0","gauge":"914","name":"Tren de Sóller","name:ca":"Tren de Sóller","passenger_lines":"1","railway":"narrow_gauge","usage":"branch","voltage":"1200"}},
{"type":"Feature","id":"w96382069","geometry":{"type":"LineString","coordinates":[[2.6983678,39.7475978],[2.6985531,39.7477456],[2.6990487,39.7480804],[2.6991479,39.7481557],[2.6992874,39.7482568],[2.7001039,39.7487472],[2.700573,39.7490354],[2.7010056,39.7492876]]},"properties":{"electrified":"contact_line","frequency":"0","gauge":"914","name":"Tren de Sóller","name:ca":"Tren de Sóller","passenger_lines":"1","railway":"narrow_gauge","usage":"branch","voltage":"1200"}},
{"type":"Feature","id":"w96382072","geometry":{"type":"LineString","coordinates":[[2.6963827,39.7439891],[2.6964327,39.7442191],[2.696472,39.7443961]]},"properties":{"bridge":"yes","ele":"220","electrified":"contact_line","frequency":"0","gauge":"914","name":"Tren de Sóller","name:ca":"Tren de Sóller","passenger_lines":"1","railway":"narrow_gauge","usage":"branch","voltage":"1200"}},
{"type":"Feature","id":"w96731909","geometry":{"type":"LineString","coordinates":[[3.3497643,39.7806726],[3.3497725,39.7806758],[3.3497816,39.7806766],[3.3497905,39.780675],[3.3497971,39.780672],[3.349803,39.7806666],[3.3498056,39.7806619],[3.3498065,39.7806549],[3.3498041,39.7806476],[3.3497988,39.7806419],[3.3497892,39.7806372],[3.3497802,39.780636],[3.3497671,39.7806387],[3.34976,39.7806432],[3.3497555,39.780649],[3.3497538,39.7806559],[3.3497559,39.7806644],[3.3497643,39.7806726]]},"properties":{"building":"yes","historic":"yes","man_made":"tower","name":"Torre de sa Talaia d'en Morey","note":"Signal tower","tourism":"attraction","tower:type":"defensive"}},
{"type":"Feature","id":"w96735176","geometry":{"type":"LineString","coordinates":[[3.3075038,39.7380787],[3.3075836,39.7380734],[3.3075821,39.7380604],[3.3076149,39.7380583],[3.3076115,39.7380282],[3.307499,39.7380357],[3.3075038,39.7380787]]},"properties":{"building":"ruins","historic":"yes","name":"s'Observatori","ruins":"yes"}},
{"type":"Feature","id":"w96735177","geometry":{"type":"LineString","coordinates":[[3.3110341,39.7371966],[3.311172,39.7372878],[3.3112064,39.7372519],[3.3112903,39.7373354],[3.3113367,39.737302],[3.3114264,39.7373777],[3.3114626,39.7373659],[3.3115331,39.7374103],[3.3116156,39.7373691],[3.3113836,39.7370948],[3.3113412,39.7371161],[3.3112785,39.7370722],[3.3111865,39.7370079],[3.3110978,39.737089],[3.311112,39.7371081],[3.3110743,39.7371413],[3.3110768,39.7371554],[3.3110341,39.7371966]]},"properties":{"wheelchair":"no"}},
{"type":"Feature","id":"w96762002","geometry":{"type":"LineString","coordinates":[[3.4034074,39.7632261],[3.4033935,39.7632352],[3.4033843,39.7632472],[3.4033806,39.7632609],[3.403383,39.7632746],[3.4033909,39.763287],[3.4034037,39.7632968],[3.4034199,39.7633028],[3.4034377,39.7633046],[3.4034554,39.7633018],[3.4034709,39.7632947],[3.4034826,39.7632842],[3.4034892,39.7632714],[3.4034901,39.7632575],[3.4034852,39.7632442],[3.4034747,39.7632328],[3.40346,39.7632246],[3.4034426,39.7632205],[3.4034244,39.763221],[3.4034074,39.7632261]]},"properties":{"alt_name":"Torre des Matzoc, Torre d’Aubarca","building":"yes","historic":"yes","man_made":"tower","name":"Torre d'Albarca","name:ca":"Torre d'Albarca","note":"Defense tower","seamark:landmark:category":"tower","seamark:type":"landmark","tourism":"viewpoint","tower:type":"defensive","wikidata":"Q2444582","wikimedia_commons":"Category:Torre des Matzoc","wikipedia":"de:Torre des Matzoc"}},
{"type":"Feature","id":"w96856123","geometry":{"type":"LineString","coordinates":[[3.1183381,39.8522889],[3.1183138,39.852249],[3.1182101,39.8522695],[3.1182113,39.8520794],[3.118171,39.8520954],[3.118128,39.8520096],[3.1181486,39.8519961],[3.1181292,39.8519685],[3.1182529,39.8518471],[3.118748,39.8521092],[3.1187291,39.8521453],[3.1185312,39.8522175],[3.1183381,39.8522889]]},"properties":{"amenity":"theatre","building":"yes","name":"Auditori d'Alcúdia","name:ca":"Auditori d'Alcúdia","name:es":"Auditorio de Alcudia","source":"ideib WMS","toilets:wheelchair":"yes","website":"https://www.auditorialcudia.net/","wheelchair":"yes"}},
{"type":"Feature","id":"w96861415","geometry":{"type":"LineString","coordinates":[[3.1332321,39.8675121],[3.133299,39.8675553],[3.1333259,39.8675726],[3.1334699,39.8674412],[3.1333761,39.8673807],[3.1332321,39.8675121]]},"properties":{"building":"yes","historic":"castle","name":"Castell de Manresa","name:ca":"Castell de Manresa"}},
{"type":"Feature","id":"w96933190","geometry":{"type":"LineString","coordinates":[[2.8377257,39.8471666],[2.8380346,39.8469533],[2.8379493,39.8468806],[2.8376827,39.8470647],[2.8376145,39.8470065],[2.8375723,39.8470357],[2.8377257,39.8471666]]},"properties":{"building":"yes","name":"Quarter des Carabiners","tourism":"attraction"}},
{"type":"Feature","id":"w97567445","geometry":{"type":"LineString","coordinates":[[3.1709574,39.8738],[3.1712022,39.8737414],[3.1711596,39.8736366],[3.1709148,39.8736953],[3.1709574,39.8738]]},"properties":{"amenity":"place_of_worship","building":"yes","denomination":"catholic","name":"Ermita de la Victòria","name:ca":"Ermita de la Victòria","religion":"christian","source":"ideib WMS","tourism":"attraction","wikidata":"Q17619071","wikimedia_commons":"Category:Ermita de la Victoria","wikipedia":"ca:Mare de Déu de la Victòria"}},
{"type":"Feature","id":"w97944895","geometry":{"type":"LineString","coordinates":[[2.7932668,39.7326552],[2.793274,39.7326606],[2.7932891,39.7326736],[2.79335,39.7326373],[2.79337,39.7326555],[2.7934216,39.7326189],[2.7933443,39.7325531],[2.7933322,39.7325414],[2.7932151,39.7326138],[2.7932668,39.7326552]]},"properties":{"building":"church","denomination":"catholic","historic":"yes","name":"Mare de Déu del Refugi","religion":"christian","source":"PNOA Spain","wheelchair":"no"}},
{"type":"Feature","id":"w97948840","geometry":{"type":"LineString","coordinates":[[2.7913899,39.7338547],[2.7913875,39.7338252],[2.7913862,39.7338095],[2.7913847,39.7337911],[2.7914625,39.7337873],[2.7914644,39.7338085],[2.7914673,39.733851],[2.7913899,39.7338547]]},"properties":{"alt_name":"es Constiipador","building":"yes","heritage":"yes","historic":"yes","man_made":"tower","name":"Torre de l'Homenatge (\"Es Costipador\")","ruins":"yes","tower:type":"defensive","wheelchair":"no"}},
{"type":"Feature","id":"w98577403","geometry":{"type":"LineString","coordinates":[[2.6174368,39.7392224],[2.6174355,39.7389616],[2.6176012,39.7389611],[2.6176024,39.7392219],[2.6174368,39.7392224]]},"properties":{"building":"monastery","charge":"4 EUR","fee":"yes","opening_hours":"Mo-Sa 10:00-17:45","tourism":"attraction","website":"http://www.monestirdemiramar.es/"}},
{"type":"Feature","id":"w98759503","geometry":{"type":"LineString","coordinates":[[3.337058,39.5332896],[3.3370666,39.5332821],[3.337078,39.533277],[3.3370908,39.5332752],[3.3371038,39.5332766],[3.3371154,39.5332812],[3.3371245,39.5332884],[3.33713,39.5332975],[3.3371314,39.5333075],[3.3371285,39.5333174],[3.3371216,39.533326],[3.3371115,39.5333323],[3.3370993,39.5333359],[3.3370862,39.5333361],[3.3370737,39.5333331],[3.3370632,39.5333271],[3.3370558,39.5333187],[3.3370523,39.533309],[3.3370531,39.533299],[3.337058,39.5332896]]},"properties":{"building":"yes","historic":"yes","man_made":"tower","tower:type":"defensive","wikidata":"Q11952331","wikimedia_commons":"Category:Torre del Serral dels Falcons","wikipedia":"ca:Torre del Serral dels Falcons"}},
{"type":"Feature","id":"w99083917","geometry":{"type":"LineString","coordinates":[[3.2093701,39.5679121],[3.2095276,39.5679712],[3.2095941,39.567866],[3.2094365,39.5678069],[3.2093701,39.5679121]]},"properties":{"amenity":"marketplace","building":"yes"}},
{"type":"Feature","id":"w99083950","geometry":{"type":"LineString","coordinates":[[3.2096087,39.5679978],[3.2097662,39.5680569],[3.2098327,39.5679516],[3.2096752,39.5678926],[3.2096087,39.5679978]]},"properties":{"amenity":"marketplace","building":"yes","name":"sa plaça"}},
{"type":"Feature","id":"w99694934","geometry":{"type":"LineString","coordinates":[[3.1469813,39.8355675],[3.1469894,39.8355871],[3.1470051,39.8356038],[3.1470282,39.8356163],[3.1470553,39.8356221],[3.1470834,39.8356207],[3.1471093,39.8356122],[3.1471301,39.8355975],[3.1471433,39.8355784],[3.1471474,39.835557],[3.1471421,39.8355357],[3.1471278,39.835517],[3.1471074,39.8355036],[3.1470825,39.8354959],[3.1470558,39.8354946],[3.1470298,39.8354999],[3.1470074,39.8355112],[3.1469908,39.8355274],[3.1469818,39.8355469],[3.1469813,39.8355675]]},"properties":{"building":"yes","historic":"yes","name":"Torre Major","name:ca":"Torre Major","wikidata":"Q9088832","wikimedia_commons":"Category:Torre Major (Alcúdia)","wikipedia":"ca:Torre Major d'Alcúdia"}},
{"type":"Feature","id":"w99993608","geometry":{"type":"LineString","coordinates":[[3.1264085,39.8476109],[3.1265212,39.8474956],[3.1265816,39.8474253],[3.1266051,39.8473437],[3.1266135,39.8472157],[3.1261392,39.8472236],[3.1259858,39.8472718],[3.1262266,39.8475296],[3.1264085,39.8476109]]},"properties":{"name":"Teatre Romà","name:ca":"Teatre Romà","name:es":"teatro romano","opening_hours":"Apr-Sep: Mo-Fr 09:30-20:30; Apr-Sep: Sa,Su 09:30-14:30; Oct-Mar: Mo-Fr 09:30-15:30","tourism":"attraction","wheelchair":"limited","wikidata":"Q9082219","wikimedia_commons":"Category:Ancient Roman theater (Pollentia)","wikipedia":"ca:Teatre romà d'Alcúdia"}},
{"type":"Feature","id":"w101007042","geometry":{"type":"LineString","coordinates":[[2.7141538,39.7674594],[2.7145774,39.7674586],[2.7146592,39.7674584],[2.7146869,39.767445],[2.7146996,39.7674077],[2.7147023,39.7673698],[2.7146677,39.7673359],[2.7146228,39.767336],[2.7146222,39.7673102],[2.7146074,39.7673046],[2.7145283,39.7673031],[2.7145312,39.767335],[2.714322,39.7673366],[2.7143176,39.7672924],[2.714316,39.7672765],[2.7142837,39.7672747],[2.7142795,39.767214],[2.7141912,39.7672159],[2.7141907,39.7672759],[2.7141531,39.7672775],[2.7141538,39.7674594]]},"properties":{"amenity":"marketplace","building":"yes","name":"Mercat municipal","name:ca":"Mercat municipal"}},
{"type":"Feature","id":"w104842764","geometry":{"type":"LineString","coordinates":[[2.6466366,39.5725053],[2.6464316,39.5724175],[2.6462493,39.5723536],[2.6463151,39.5722508],[2.6463395,39.5722108],[2.6465402,39.5722794],[2.6464711,39.5723747],[2.6465228,39.5723861],[2.6465442,39.572356],[2.6465805,39.5723382],[2.6466084,39.5723392],[2.6466146,39.5723268],[2.646743,39.572373],[2.6466366,39.5725053]]},"properties":{"addr:city":"Palma de Mallorca","addr:housenumber":"12","addr:postcode":"07012","addr:street":"Carrer de la Concepció","amenity":"arts_centre","building":"yes","contact:email":"fundacio@sanostra.es","contact:phone":"+34 971 725 210","contact:website":"http://www.obrasocialsanostra.com/conoce/centro/id/1/","name":"Centre Cultural Sa Nostra","operator":"Sa Nostra, Caixa de Balears","source":"survey","wikidata":"Q106192257"}},
{"type":"Feature","id":"w106429340","geometry":{"type":"LineString","coordinates":[[2.6360442,39.5696033],[2.6360737,39.5696059],[2.6361741,39.569615],[2.6362153,39.5696188]]},"properties":{"description":"Via Proba Mvndese Mper...","historic":"monument"}},
{"type":"Feature","id":"w106518444","geometry":{"type":"LineString","coordinates":[[2.5943659,39.5661423],[2.5944997,39.5661354],[2.5944907,39.5660316],[2.5943569,39.5660385],[2.5943659,39.5661423]]},"properties":{"building":"yes","historic":"monument","name":"Monument a la Verge de la Pau"}},
{"type":"Feature","id":"w108941321","geometry":{"type":"LineString","coordinates":[[2.6275518,39.5735431],[2.6275605,39.5734816],[2.6275431,39.5734788],[2.6275196,39.5734742],[2.6274789,39.5734539],[2.6274402,39.5734242],[2.6274121,39.5733927],[2.6273906,39.5733548],[2.6273807,39.5733267],[2.6273764,39.5732997],[2.6273772,39.5732509],[2.6273803,39.5732241],[2.6273588,39.5732222],[2.6273634,39.5731929],[2.6273505,39.5731909],[2.6273288,39.5731814],[2.6273088,39.5731647],[2.6272965,39.5731457],[2.6272916,39.5731248],[2.627295,39.5731076],[2.6272986,39.5730957],[2.6273102,39.5730804],[2.6273185,39.5730727],[2.6273338,39.573063],[2.6273559,39.5730541],[2.6273877,39.5730498],[2.6273898,39.5730273],[2.6279709,39.5730846],[2.6279786,39.5730286],[2.6279747,39.573028],[2.6279672,39.5730251],[2.6279596,39.5730209],[2.6279538,39.5730151],[2.6279483,39.5730083],[2.6279444,39.5730006],[2.6279431,39.5729935],[2.6279431,39.5729858],[2.6279451,39.5729794],[2.6279476,39.5729745],[2.6279496,39.5729709],[2.6279552,39.5729651],[2.6279637,39.5729592],[2.6279713,39.5729555],[2.6279825,39.5729527],[2.6279912,39.5729519],[2.6279974,39.5729099],[2.628062,39.5729166],[2.6280385,39.5730603],[2.6282188,39.5730712],[2.6282048,39.5731887],[2.6280534,39.5732918],[2.627921,39.5732778],[2.6279037,39.5733285],[2.6278849,39.5733684],[2.6278692,39.573395],[2.6278176,39.5734356],[2.6277398,39.5734885],[2.6277096,39.5734947],[2.6276702,39.5734996],[2.6276612,39.5735538],[2.6275518,39.5735431]]},"properties":{"building":"yes","castle_type":"fortress","historic":"castle","name":"Poble Espanol","source":"ideib WMS;cadastre"}},
{"type":"Feature","id":"w108941340","geometry":{"type":"LineString","coordinates":[[2.6267177,39.5726414],[2.6267006,39.5726246],[2.6267037,39.5726063],[2.6266524,39.5725459],[2.6266354,39.572555],[2.6266038,39.5725199],[2.6266152,39.5725138],[2.6265894,39.5724851],[2.6265777,39.5724914],[2.6265502,39.5724608],[2.6265645,39.5724531],[2.6264856,39.5723694],[2.6264748,39.5723761],[2.6264475,39.5723501],[2.6264591,39.5723428],[2.6263867,39.5722641],[2.6263755,39.5722685],[2.6263548,39.5722388],[2.6263663,39.5722338],[2.6263484,39.5721574],[2.6263372,39.5721523],[2.6263287,39.5721448],[2.6263237,39.5721356],[2.6263226,39.5721266],[2.6263249,39.5721176],[2.6263304,39.5721096],[2.6263382,39.5721034],[2.6263479,39.5720991],[2.6263587,39.5720969],[2.6263723,39.5720975],[2.6263849,39.5721015],[2.6264034,39.5720866],[2.6264529,39.5720466],[2.6264401,39.5720374],[2.6264824,39.5720027],[2.6264931,39.5720104],[2.6265151,39.5719874],[2.6265459,39.571955],[2.6265347,39.5719483],[2.6265577,39.5719308],[2.6265734,39.5719428],[2.6266679,39.5719136],[2.626664,39.5718962],[2.6267045,39.5718908],[2.6267084,39.571908],[2.6268437,39.5719241],[2.6268608,39.5718928],[2.6269026,39.5719064],[2.6268972,39.5719164],[2.6270194,39.5719741],[2.6270493,39.5719993],[2.6270623,39.5719877],[2.6271026,39.5720147],[2.6270677,39.5720458],[2.6270253,39.5720842],[2.6270759,39.5721269],[2.6271067,39.572107],[2.6271033,39.5720985],[2.6271035,39.5720896],[2.6271059,39.5720834],[2.6271102,39.5720777],[2.627116,39.572073],[2.6271262,39.5720684],[2.6271378,39.5720666],[2.6271495,39.5720677],[2.6271587,39.572071],[2.6271664,39.5720761],[2.627172,39.5720826],[2.627175,39.5720903],[2.6271751,39.5720982],[2.6271722,39.5721059],[2.6271667,39.5721127],[2.6271577,39.5721185],[2.6271468,39.5721218],[2.6271498,39.5721368],[2.6271949,39.572134],[2.6272868,39.5721749],[2.6272931,39.572168],[2.6273363,39.5721802],[2.6273318,39.5721935],[2.6273616,39.5721951],[2.6274976,39.5722025],[2.627497,39.5721952],[2.6275516,39.5721945],[2.6275531,39.572212],[2.6276794,39.5722022],[2.6276742,39.5721743],[2.6277783,39.5721628],[2.6277858,39.5722032],[2.6279338,39.5721817],[2.6280579,39.5722851],[2.6280816,39.5723048],[2.6281609,39.5723707],[2.6282121,39.5724126],[2.6282388,39.5724128],[2.6282658,39.5724337],[2.6282653,39.5724617],[2.6282438,39.5724786],[2.6282066,39.5724769],[2.6281418,39.5725214],[2.6281642,39.5725423],[2.6281273,39.5725658],[2.6281156,39.5725548],[2.6280576,39.5726319],[2.6280668,39.5726689],[2.6280708,39.5726786],[2.6280704,39.5726889],[2.6280657,39.5726984],[2.628057,39.5727063],[2.6280455,39.5727116],[2.6280323,39.5727136],[2.6280193,39.5727121],[2.6280075,39.5727075],[2.6279969,39.5726996],[2.6279651,39.5727084],[2.6279343,39.5727168],[2.6279415,39.5727261],[2.6279442,39.5727368],[2.6279422,39.5727475],[2.6279358,39.572757],[2.6279257,39.5727643],[2.6279179,39.5727674],[2.6279094,39.5727692],[2.6278989,39.5727695],[2.6278886,39.5727677],[2.627878,39.5727633],[2.6278694,39.5727568],[2.6278644,39.5727501],[2.6278617,39.5727426],[2.6277324,39.5727332],[2.627723,39.5727323],[2.6277218,39.5727401],[2.6277169,39.5727464],[2.6277096,39.572751],[2.6277006,39.5727534],[2.6276911,39.5727533],[2.6276827,39.5727509],[2.6276758,39.5727465],[2.627671,39.5727407],[2.6276689,39.572734],[2.62767,39.572727],[2.6276623,39.5727262],[2.6276359,39.5727237],[2.6276333,39.5727389],[2.6275697,39.5727324],[2.6275728,39.5727145],[2.627443,39.5727006],[2.6274243,39.5726986],[2.6274218,39.5727142],[2.6273605,39.5727085],[2.6273637,39.572692],[2.6271958,39.5726775],[2.6271949,39.5726884],[2.6271544,39.5726864],[2.6271559,39.5726689],[2.6269831,39.5726508],[2.6269815,39.5726624],[2.6269409,39.5726592],[2.6269426,39.5726467],[2.6268635,39.572641],[2.6268629,39.5726498],[2.6268224,39.572648],[2.6268231,39.5726386],[2.6267389,39.5726286],[2.6267177,39.5726414]]},"properties":{"barrier":"wall"}},
{"type":"Feature","id":"w109226678","geometry":{"type":"LineString","coordinates":[[3.3539036,39.6872335],[3.3538964,39.6872839],[3.3539364,39.6874743],[3.3538216,39.6875337],[3.3537268,39.6874756],[3.3536763,39.6874602],[3.353588,39.6874498],[3.3534925,39.6874057],[3.3534024,39.6873976],[3.3532978,39.6874078],[3.3532996,39.6872895],[3.3533678,39.6872461],[3.3534615,39.6872615],[3.3535871,39.687209],[3.3536053,39.6871285],[3.3538199,39.6871607],[3.3539036,39.6872335],[3.3544134,39.6870783],[3.3544906,39.6870666],[3.355103,39.6872683]]},"properties":{"highway":"footway"}},
{"type":"Feature","id":"w111090924","geometry":{"type":"LineString","coordinates":[[2.4808733,39.5074801],[2.4809371,39.5074359],[2.4809903,39.5073743],[2.4810435,39.5073549],[2.4810487,39.5072832],[2.4810759,39.5072065],[2.4809405,39.5071631],[2.4808494,39.5071282],[2.4808072,39.5071519]]},"properties":{"highway":"footway","vehicle":"no"}},
{"type":"Feature","id":"w111090925","geometry":{"type":"LineString","coordinates":[[2.4806691,39.5074557],[2.4807536,39.507484],[2.4808733,39.5074801],[2.4809377,39.5075262],[2.4809562,39.5075801]]},"properties":{"highway":"footway","vehicle":"no"}},
{"type":"Feature","id":"w111090927","geometry":{"type":"LineString","coordinates":[[2.4830977,39.5078214],[2.4829811,39.5078444],[2.4828428,39.5078914],[2.4827207,39.5079291],[2.482619,39.5079825],[2.4825173,39.5079448]]},"properties":{"highway":"footway","motor_vehicle":"no"}},
{"type":"Feature","id":"w111090930","geometry":{"type":"LineString","coordinates":[[2.4822445,39.507587],[2.4821133,39.5075649],[2.4819967,39.5075537],[2.4818842,39.5075633],[2.481832,39.5074842]]},"properties":{"highway":"footway","surface":"unpaved"}},
{"type":"Feature","id":"w111090932","geometry":{"type":"LineString","coordinates":[[2.4809405,39.5071631],[2.4808655,39.507213],[2.4807968,39.5072194],[2.4807791,39.5072543],[2.4807224,39.5072888],[2.4806785,39.5073251],[2.4807505,39.5073545],[2.4807089,39.5074093],[2.4807536,39.507484]]},"properties":{"highway":"footway","vehicle":"no"}},
{"type":"Feature","id":"w113164215","geometry":{"type":"LineString","coordinates":[[2.6498575,39.5735969],[2.6504716,39.573736],[2.650511,39.5735761],[2.6499819,39.5734529],[2.6498575,39.5735969]]},"properties":{"access":"private","landuse":"orchard","trees":"olive_trees"}},
{"type":"Feature","id":"w113164218","geometry":{"type":"LineString","coordinates":[[2.6503533,39.5733986],[2.6505151,39.5734306],[2.6505525,39.5732818],[2.6503989,39.5732562],[2.6503533,39.5733986]]},"properties":{"access":"private","leisure":"garden"}},
{"type":"Feature","id":"w120741515","geometry":{"type":"LineString","coordinates":[[3.3670596,39.5805335],[3.3670224,39.5805492],[3.3669808,39.5805552],[3.3669388,39.580551],[3.3669005,39.5805369],[3.3668673,39.5805117],[3.3668472,39.5804793],[3.3668426,39.5804435],[3.3668541,39.5804087],[3.3668803,39.5803789],[3.366918,39.5803579],[3.3669629,39.580348],[3.3670094,39.5803504],[3.367052,39.5803649],[3.3670831,39.5803871],[3.3671037,39.5804157],[3.3671118,39.5804477],[3.3671066,39.5804801],[3.3670886,39.5805097],[3.3670596,39.5805335]]},"properties":{"historic":"archaeological_site","name":"Talaiot de na Pol","name:ca":"Talaiot de na Pol"}},
{"type":"Feature","id":"w120741516","geometry":{"type":"LineString","coordinates":[[3.3717472,39.568739],[3.3717641,39.5685967],[3.371895,39.5684132],[3.3719939,39.568337],[3.372231,39.5681749],[3.372554,39.5679957],[3.372795,39.5683088],[3.3726678,39.5683916],[3.3726577,39.5685435],[3.3726627,39.5687888],[3.3726147,39.5688628],[3.3725188,39.5689173],[3.3724346,39.5689331],[3.3724152,39.5689367],[3.3723452,39.5689215],[3.3723344,39.5689192],[3.3722951,39.5688977],[3.3722353,39.5688649],[3.3722207,39.5688569],[3.3721677,39.5688413],[3.3720136,39.5688705],[3.3718596,39.5688939],[3.3717889,39.5689212],[3.3717257,39.5689124],[3.3716706,39.5688763],[3.3717472,39.568739]]},"properties":{"historic":"archaeological_site","name":"Talaiot de S'Illot","name:ca":"Talaiot de s'Illot","opening_hours":"24/7","surface":"grass","wikidata":"Q2389827","wikimedia_commons":"Category:Talaiot de l'Illot","wikipedia":"es:Yacimiento de s'Illot"}},
{"type":"Feature","id":"w121391426","geometry":{"type":"LineString","coordinates":[[2.6974038,39.8063148],[2.6973805,39.8063215],[2.6973614,39.8063336],[2.6973485,39.80635],[2.6973433,39.8063686],[2.6973463,39.8063876],[2.6973573,39.8064047],[2.697374,39.8064176],[2.6973952,39.8064258],[2.6974186,39.8064286],[2.6974419,39.8064255],[2.6974638,39.8064165],[2.6974807,39.8064024],[2.6974905,39.8063849],[2.6974924,39.8063659],[2.6974861,39.8063474],[2.6974722,39.8063316],[2.6974523,39.8063201],[2.6974286,39.8063143],[2.6974038,39.8063148]]},"properties":{"building":"yes","historic":"yes","name":"Torre Picada","seamark:landmark:category":"tower","seamark:type":"landmark"}},
{"type":"Feature","id":"w122390449","geometry":{"type":"LineString","coordinates":[[2.6504052,39.5683814],[2.6504321,39.5684584],[2.6504045,39.5684691],[2.6503558,39.5684943],[2.6503851,39.5685639],[2.6504299,39.56855],[2.6504659,39.5686116],[2.6504569,39.5686159],[2.6504033,39.5686487],[2.6503739,39.5686209],[2.6502504,39.5687341],[2.6503497,39.5687806],[2.6503191,39.5688079],[2.6502905,39.5687896],[2.6500557,39.5686246],[2.650121,39.5685722],[2.6502061,39.5685038],[2.6503052,39.5684267],[2.6502996,39.5684062],[2.6503222,39.5683989],[2.6503291,39.5684175],[2.6503533,39.5684055],[2.6504052,39.5683814]]},"properties":{"building":"public","historic":"manor","name":"Can Bordils","name:ca":"Can Bordils","source":"cadastre","wikidata":"Q105889948","wikimedia_commons":"Category:Can Bordils","wikipedia":"ca:Can Bordils"}},
{"type":"Feature","id":"w123725957","geometry":{"type":"LineString","coordinates":[[2.6493167,39.567193],[2.6496961,39.5670236],[2.6497161,39.5670528],[2.6497306,39.5670467],[2.649748,39.5670387],[2.6497352,39.5670173],[2.6497283,39.5670085],[2.6497112,39.5669868],[2.6496565,39.5669105],[2.6496853,39.5668982],[2.6496714,39.5668735],[2.6496624,39.5668585],[2.6496255,39.5668714],[2.6496162,39.5668575],[2.6495739,39.5667944],[2.6495081,39.5666904],[2.6495282,39.566683],[2.6495161,39.5666622],[2.6495001,39.5666638],[2.6494911,39.5666233],[2.6494868,39.5666075],[2.6494882,39.5666066],[2.6494868,39.5666043],[2.6494122,39.5666242],[2.6494234,39.5666429],[2.6491156,39.5667523],[2.649166,39.5668434],[2.6490804,39.566882],[2.6491246,39.5669477],[2.6491884,39.5670418],[2.6493167,39.567193]]},"properties":{"source":"ideib WMS layer;cadastre;survey"}},
{"type":"Feature","id":"w123761462","geometry":{"type":"LineString","coordinates":[[2.6507408,39.5672564],[2.6507716,39.5672432],[2.6508066,39.5672258],[2.6509165,39.567176],[2.6509428,39.5671639],[2.6511015,39.5670924],[2.6511622,39.567068],[2.6509902,39.5669024],[2.6509223,39.5668065],[2.6508907,39.5668142],[2.6507984,39.5668371],[2.6507954,39.5668327],[2.6507682,39.56684],[2.6506865,39.5668561],[2.650691,39.5668733],[2.6505738,39.5668868],[2.6506168,39.567107],[2.6507408,39.5672564]]},"properties":{"alt_name":"Ca la Gran Cristiana","building":"yes","name":"Museu de Mallorca","name:ca":"Museu de Mallorca","name:es":"Museo de Mallorca","source":"ideib WMS layer;cadastre;survey","tourism":"museum","website":"http://www.museudemallorca.es","wikidata":"Q9047027","wikimedia_commons":"Category:Museu de Mallorca","wikipedia":"ca:Museu de Mallorca"}},
{"type":"Feature","id":"w123761478","geometry":{"type":"LineString","coordinates":[[2.6505487,39.5666956],[2.6506075,39.5666887],[2.6506098,39.5666731],[2.6507449,39.5666452],[2.6507496,39.5666528],[2.650799,39.5666416],[2.6508435,39.5666296],[2.6509223,39.5668065],[2.6508907,39.5668142],[2.6507984,39.5668371],[2.6507954,39.5668327],[2.6507682,39.56684],[2.6506865,39.5668561],[2.650691,39.5668733],[2.6505738,39.5668868],[2.6505562,39.5667857],[2.6505487,39.5666956]]},"properties":{"building":"yes","historic":"manor","name":"Can Fontirroig","source":"ideib WMS layer;cadastre;survey","wikidata":"Q105882390","wikimedia_commons":"Category:Can Fontirroig"}},
{"type":"Feature","id":"w123762780","geometry":{"type":"LineString","coordinates":[[2.6484265,39.5669755],[2.6485783,39.5669838],[2.6487927,39.5669438],[2.6488534,39.5668764],[2.6487016,39.5667263],[2.6484229,39.5668006],[2.6484265,39.5669755]]},"properties":{"amenity":"theatre","check_date":"2025-03-13","fee":"no","name":"Ses Voltes","name:ca":"Ses Voltes","note:ca":"Escenari de música","theatre:type":"open_air"}},
{"type":"Feature","id":"w124428754","geometry":{"type":"LineString","coordinates":[[2.8644284,39.717342],[2.864447,39.7173471],[2.8646783,39.71741],[2.8647793,39.7171914],[2.8645416,39.7171199],[2.8644992,39.7172008],[2.8644284,39.717342]]},"properties":{"amenity":"theatre","building":"yes","name":"Teatre de Lloseta","name:ca":"Teatre de Lloseta"}},
{"type":"Feature","id":"w126968888","geometry":{"type":"LineString","coordinates":[[2.6408156,39.5699637],[2.6408688,39.5699611],[2.6411913,39.5699307],[2.6412725,39.5699222],[2.6412813,39.5700388],[2.6413335,39.5702977],[2.6413366,39.5703133],[2.6413598,39.5704156],[2.6413676,39.5704425],[2.6414001,39.5705551],[2.6414599,39.5705868],[2.6414768,39.5706355],[2.6412704,39.5707014],[2.6404257,39.5698316],[2.6406683,39.5698269],[2.6408156,39.5699637]]},"properties":{"building":"yes","fee":"yes","name":"Es Baluard","name:en":"Es Baluard Museum of Contemporary Art of Palma","official_name:ca":"Es Baluard Museu d'Art Contemporani de Palma","official_name:es":"Es Baluard Museo de Arte Contemporáneo de Palma","opening_hours":"Tu-Sa 10:00-20:00; Su 10:00-15:00","operator":"Ajuntament de Palma;Govern de les Illes Balears;Consell de Mallorca;Fundació Art Serra","toilets:wheelchair":"yes","tourism":"museum","website":"https://www.esbaluard.org/","wheelchair":"yes","wikidata":"Q357917","wikimedia_commons":"Category:Es Baluard","wikipedia":"ca:Es Baluard"}},
{"type":"Feature","id":"w127051523","geometry":{"type":"LineString","coordinates":[[2.6387014,39.569847],[2.6387857,39.5698218],[2.6387812,39.569811],[2.6387265,39.5696815],[2.6386646,39.5696954],[2.6387014,39.569847]]},"properties":{"building":"yes","historic":"yes","name":"Rentador"}},
{"type":"Feature","id":"w135758950","geometry":{"type":"LineString","coordinates":[[2.7834654,39.8483335],[2.7834486,39.8483305],[2.7834341,39.8483233],[2.7834237,39.8483127],[2.7834187,39.8483],[2.7834196,39.8482868],[2.7834263,39.8482746],[2.7834381,39.8482649],[2.7834535,39.8482589],[2.7834706,39.8482572],[2.7834875,39.8482602],[2.7835019,39.8482675],[2.7835123,39.848278],[2.7835174,39.8482907],[2.7835164,39.8483039],[2.7835097,39.8483161],[2.7834979,39.8483258],[2.7834825,39.8483319],[2.7834654,39.8483335]]},"properties":{"access":"permissive","building":"yes","disused":"yes","historic":"yes","man_made":"tower","name":"Torre de sa Mola de Can Palou","tower:type":"defensive"}},
{"type":"Feature","id":"w135761869","geometry":{"type":"LineString","coordinates":[[2.6974109,39.7651636],[2.6971762,39.765302],[2.6970359,39.7654177],[2.6968252,39.7656348],[2.6967168,39.7657882],[2.6966546,39.7659228],[2.6966374,39.7659628],[2.6965853,39.7661162]]},"properties":{"electrified":"contact_line","frequency":"0","gauge":"914","name":"Tren de Sóller","name:ca":"Tren de Sóller","passenger_lines":"1","railway":"narrow_gauge","usage":"branch","voltage":"1200"}},
{"type":"Feature","id":"w135761870","geometry":{"type":"LineString","coordinates":[[2.6982538,39.7648481],[2.6981207,39.7648772],[2.6979492,39.7649236],[2.6977757,39.7649896],[2.6976343,39.7650538],[2.6974109,39.7651636]]},"properties":{"bridge":"yes","bridge:name":"Viaducte dels Mont-reials","electrified":"contact_line","frequency":"0","gauge":"914","layer":"1","name":"Tren de Sóller","name:ca":"Tren de Sóller","oneway":"no","railway":"narrow_gauge","voltage":"1200"}},
{"type":"Feature","id":"w136436842","geometry":{"type":"LineString","coordinates":[[3.0868734,39.5943477],[3.0871361,39.5945081],[3.0870906,39.5945524],[3.087294,39.5946766],[3.0875138,39.5944628],[3.0874064,39.5943972],[3.0874337,39.5943707],[3.0872433,39.5942544],[3.0870658,39.594427],[3.0868975,39.5943243],[3.0868734,39.5943477]]},"properties":{"amenity":"place_of_worship","building":"yes","ele":"317","name":"Ermita de Bonany","religion":"christian","tourism":"attraction","wikidata":"Q3949865","wikimedia_commons":"Category:Eremita de Bonany"}},
{"type":"Feature","id":"w140955557","geometry":{"type":"LineString","coordinates":[[2.5621984,39.53303],[2.5622625,39.5331514],[2.5630302,39.5330902],[2.5633152,39.5330675],[2.5635,39.5330528],[2.5633783,39.5321851],[2.5633567,39.5320312],[2.5632827,39.5319369],[2.5632133,39.5318484],[2.5631233,39.5318556],[2.5628475,39.5320449],[2.5627988,39.532141],[2.562569,39.532273],[2.5623711,39.532272],[2.5623248,39.5326069],[2.5621984,39.53303]]},"properties":{"fee":"yes","name":"Marineland","opening_hours":"PH,Mo-Su 10:00-17:00","tourism":"zoo","website":"https://www.marineland.es/mallorca/","wheelchair":"yes","zoo":"marine"}},
{"type":"Feature","id":"w144107317","geometry":{"type":"LineString","coordinates":[[3.3815656,39.5931736],[3.3815754,39.5931107],[3.3815378,39.5931057],[3.3815711,39.5928851],[3.3816068,39.5928879],[3.3816174,39.5928124],[3.381879,39.5927419],[3.3819308,39.592824],[3.3820545,39.5928576],[3.3820227,39.5929453],[3.3820437,39.5929724],[3.3815656,39.5931736]]},"properties":{"amenity":"theatre","building":"yes","name":"Sa Màniga","wheelchair":"yes","wikidata":"Q63982878","wikimedia_commons":"Category:Sa Màniga"}},
{"type":"Feature","id":"w144210618","geometry":{"type":"LineString","coordinates":[[3.3808234,39.5949866],[3.3808326,39.5949263],[3.3804024,39.594387],[3.3794241,39.5948443],[3.3797026,39.5951856],[3.3799934,39.5954592],[3.3802492,39.5953084],[3.3802724,39.5953075],[3.3807123,39.5950594],[3.3807156,39.5950492],[3.3808234,39.5949866]]},"properties":{"addr:housenumber":"102","addr:street":"Carrer d'en Cristòfol Colom","contact:facebook":"https://www.facebook.com/pg/Fantasy-Park-Cala-Millor-162872977179611","name":"Fantasy Park","tourism":"theme_park"}},
{"type":"Feature","id":"w146752621","geometry":{"type":"LineString","coordinates":[[2.5271565,39.5041341],[2.5272818,39.5041153],[2.5272932,39.5041606],[2.5275359,39.5041243],[2.5276182,39.5044512],[2.5272982,39.5044991],[2.5272167,39.5041753],[2.5271686,39.5041825],[2.5271565,39.5041341]]},"properties":{"amenity":"theatre","building":"yes","name":"Pirates Adventure","website":"https://piratesadventure.com/","wheelchair":"yes"}},
{"type":"Feature","id":"w147551999","geometry":{"type":"LineString","coordinates":[[2.6621399,39.6241405],[2.66224,39.6244035]]},"properties":{"bridge":"yes","electrified":"contact_line","frequency":"0","gauge":"914","layer":"1","name":"Tren de Sóller","name:ca":"Tren de Sóller","passenger_lines":"1","railway":"narrow_gauge","start_date":"1912","usage":"branch","voltage":"1200"}},
{"type":"Feature","id":"w147552000","geometry":{"type":"LineString","coordinates":[[2.66224,39.6244035],[2.6626045,39.62537],[2.6646717,39.6308443],[2.6655103,39.6331245],[2.6656838,39.6335387],[2.6657196,39.6336205],[2.6659279,39.6341066],[2.6664044,39.6350582],[2.666878,39.6357691]]},"properties":{"electrified":"contact_line","frequency":"0","gauge":"914","name":"Tren de Sóller","name:ca":"Tren de Sóller","passenger_lines":"1","railway":"narrow_gauge","start_date":"1912","usage":"branch","voltage":"1200"}},
{"type":"Feature","id":"w148347408","geometry":{"type":"LineString","coordinates":[[2.6355075,39.7646474],[2.6354893,39.7646447],[2.6354726,39.7646368],[2.6354612,39.7646256],[2.635455,39.7646078],[2.6354576,39.7645938],[2.6354693,39.7645785],[2.6354841,39.7645699],[2.6355024,39.7645657],[2.6355209,39.7645666],[2.6355333,39.7645703],[2.6355479,39.764579],[2.6355564,39.7645889],[2.6355613,39.7646027],[2.6355598,39.7646168],[2.6355535,39.764628],[2.6355412,39.7646386],[2.6355248,39.7646453],[2.6355075,39.7646474]]},"properties":{"access":"private","building":"yes","date":"1614","historic":"yes","man_made":"tower","note":"Historically defense tower","seamark:landmark:category":"tower","seamark:type":"landmark","tower:type":"defensive"}},
{"type":"Feature","id":"w150548804","geometry":{"type":"LineString","coordinates":[[3.2622569,39.7140697],[3.2620312,39.7129395],[3.2647329,39.711884],[3.2648295,39.7118221]]},"properties":{"highway":"path"}},
{"type":"Feature","id":"w151257472","geometry":{"type":"LineString","coordinates":[[2.4989094,39.493402],[2.499178,39.4934747],[2.4991955,39.4934794],[2.4993133,39.4932201],[2.4990902,39.4931598],[2.4990321,39.4931441],[2.4989094,39.493402]]},"properties":{"geological":"palaeontological_site","historic":"archaeological_site","name":"Túmul de Son Ferrer","name:ca":"Túmul de Son Ferrer","wikidata":"Q9090620","wikimedia_commons":"Category:Túmul de Son Ferrer","wikipedia":"ca:Turriforme esglaonat de Son Ferrer"}},
{"type":"Feature","id":"w155610405","geometry":{"type":"LineString","coordinates":[[3.0268976,39.7714628],[3.0270338,39.7712813],[3.0271757,39.7710921]]},"properties":{"barrier":"wall","historic":"yes"}},
{"type":"Feature","id":"w156788906","geometry":{"type":"LineString","coordinates":[[2.3508028,39.5959052],[2.3508102,39.5959215],[2.350826,39.5959307],[2.3508465,39.595932],[2.3508674,39.5959224],[2.3508754,39.595908],[2.3508727,39.5958986],[2.35087,39.5958893],[2.3508641,39.5958861],[2.3508578,39.5958801],[2.350849,39.5958774],[2.3508287,39.5958776],[2.3508097,39.595888],[2.3508028,39.5959052]]},"properties":{"access":"yes","alt_name":"torre de sa Rabassada","building":"yes","description":"This was a fire signal tower","disused":"yes","historic":"yes","man_made":"tower","name":"Torre de cala en Basset","name:ca":"Torre de cala en Basset","source":"ideib WMS;survey;Peter_99 merge","tower:type":"defensive","wheelchair":"no","wikidata":"Q43141139","wikimedia_commons":"Category:Torre de Cala en Basset","wikipedia":"ca:Torre de Cala en Basset"}},
{"type":"Feature","id":"w157748389","geometry":{"type":"LineString","coordinates":[[2.9997114,39.318589],[2.999714,39.3186099],[2.9997041,39.3186376],[2.9996875,39.3186547],[2.9996624,39.3186679],[2.999631,39.3186738],[2.9995971,39.3186701],[2.99957,39.3186582],[2.9995467,39.318635],[2.9995393,39.3186163],[2.9995396,39.3185939],[2.9995538,39.3185672],[2.9995695,39.3185539],[2.9995937,39.3185426],[2.9996311,39.3185379],[2.9996652,39.3185449],[2.9996887,39.318558],[2.9997042,39.3185744],[2.9997114,39.318589]]},"properties":{"addr:city":"Colònia de Sant Jordi","addr:postcode":"07638","addr:street":"Carrer Gabriel Roca","building":"yes","fee":"yes","name":"Centre d'Interpretació del Parc Nacional de Cabrera","opening_hours":"Feb-Nov","phone":"+34 971176124","tourism":"museum","website":"https://es.balearsnatura.com/parque_natural/parque-nacional-maritimo-terrestre-del-archipielago-de-cabrera/"}},
{"type":"Feature","id":"w160026664","geometry":{"type":"LineString","coordinates":[[2.4828428,39.5078914],[2.4828416,39.5078752],[2.4828309,39.5077634],[2.4826284,39.5077127],[2.4825077,39.5077386],[2.482497,39.5077748],[2.4825225,39.5078403],[2.4825426,39.5078917],[2.4825091,39.5078794]]},"properties":{"highway":"footway"}},
{"type":"Feature","id":"w160026665","geometry":{"type":"LineString","coordinates":[[2.4832028,39.5082744],[2.4831507,39.5082624],[2.483083,39.5082539],[2.4829235,39.5082591],[2.4827893,39.5082042],[2.4826901,39.5081235],[2.4826619,39.5080149],[2.482619,39.5079825]]},"properties":{"highway":"footway"}},
{"type":"Feature","id":"w161084507","geometry":{"type":"LineString","coordinates":[[2.9286339,39.8425927],[2.9286504,39.8426407],[2.9286791,39.8426621],[2.9286935,39.8426696],[2.9287112,39.8426703],[2.9287266,39.8426671],[2.9287336,39.8426574],[2.9287383,39.8426445],[2.9287036,39.8425778],[2.9286563,39.8425825],[2.9286339,39.8425927]]},"properties":{"disused":"yes","historic":"ruins","name":"Casa de Neu","note":"For accumulate snow"}},
{"type":"Feature","id":"w163260007","geometry":{"type":"LineString","coordinates":[[2.6156325,39.733234],[2.6158744,39.7333374],[2.6161582,39.7334588],[2.6164908,39.733005],[2.6159569,39.7327667],[2.6156325,39.733234]]},"properties":{"barrier":"wall","historic":"ruins"}},
{"type":"Feature","id":"w163260865","geometry":{"type":"LineString","coordinates":[[2.6158371,39.733522],[2.6159898,39.7336507],[2.6160264,39.7336815],[2.6160944,39.7336545],[2.6161296,39.7336341],[2.6161417,39.7336093],[2.6161484,39.7335815],[2.6161511,39.7335547],[2.6161497,39.7335237],[2.616139,39.7335021],[2.6161176,39.7334835],[2.6160126,39.7334287],[2.6159603,39.7334565],[2.6158371,39.733522]]},"properties":{"barrier":"wall","historic":"ruins"}},
{"type":"Feature","id":"w163367072","geometry":{"type":"LineString","coordinates":[[2.6160446,39.7330542],[2.6160722,39.7330665],[2.6160924,39.7330382],[2.6160647,39.7330263],[2.6160446,39.7330542]]},"properties":{"building":"collapsed","historic":"ruins"}},
{"type":"Feature","id":"w163367073","geometry":{"type":"LineString","coordinates":[[2.6159872,39.7335927],[2.6160408,39.7336401],[2.6161092,39.7335937],[2.6160569,39.7335493],[2.6159872,39.7335927]]},"properties":{"building":"collapsed","historic":"ruins"}},
{"type":"Feature","id":"w165460867","geometry":{"type":"LineString","coordinates":[[2.484614,39.4740562],[2.4846025,39.4740485],[2.4845874,39.4740468],[2.4845735,39.4740516],[2.4845653,39.4740615],[2.4845652,39.4740733],[2.4845735,39.4740832],[2.4845873,39.4740881],[2.4846024,39.4740865],[2.484614,39.4740788],[2.4846183,39.4740675],[2.484614,39.4740562]]},"properties":{"building":"yes","bunker_type":"gun_emplacement","disused":"yes","historic":"yes","image":"https://commons.wikimedia.org/wiki/File:Beobachtungsbunker_El_Toro,_Santa_Ponca,_Mallorca.jpg","military":"bunker","note":"gun emplacement 15cm"}},
{"type":"Feature","id":"w166265196","geometry":{"type":"LineString","coordinates":[[3.127775,39.3548128],[3.1278054,39.3547596],[3.1278441,39.3547731],[3.12788,39.354783],[3.1278506,39.3548382],[3.1278054,39.3548221],[3.127775,39.3548128]]},"properties":{"building":"yes","historic":"city_gate","name":"Sa Porta Murada"}},
{"type":"Feature","id":"w167049938","geometry":{"type":"LineString","coordinates":[[2.5351153,39.5077798],[2.5353052,39.5077882],[2.5352973,39.5078944],[2.5351075,39.507886],[2.5351153,39.5077798]]},"properties":{"access":"private","leisure":"swimming_pool","tourism":"attraction","url":"https://youtu.be/zYI2ed2d5BM"}},
{"type":"Feature","id":"w167984909","geometry":{"type":"LineString","coordinates":[[3.3823093,39.5966131],[3.382701,39.5964585],[3.3826736,39.5964136],[3.3824753,39.5961084],[3.3820974,39.5962432],[3.3823093,39.5966131]]},"properties":{"contact:facebook":"https://www.facebook.com/people/Happy-park/100054287539944","name":"Happy Park","phone":"+34 664 43 31 33","tourism":"theme_park"}},
{"type":"Feature","id":"w170646264","geometry":{"type":"LineString","coordinates":[[2.8244258,39.8158493],[2.8246286,39.8167262],[2.824639,39.8167327],[2.8246469,39.8167229],[2.8244452,39.8158472],[2.8244356,39.8158483],[2.8244258,39.8158493]]},"properties":{"bridge":"aqueduct","layer":"1","man_made":"bridge","name":"els Arcs","name:ca":"els Arcs","tourism":"attraction","wikidata":"Q111708900","wikimedia_commons":"Category:Els Arcs (Escorca)"}},
{"type":"Feature","id":"w170844951","geometry":{"type":"LineString","coordinates":[[3.4678002,39.7122366],[3.4680316,39.7123284],[3.4681536,39.7121464],[3.4679223,39.7120546],[3.4678002,39.7122366]]},"properties":{"addr:city":"Capdepera","addr:postcode":"07590","architect":"Guillem Reynés Font","building":"yes","fee":"yes","name":"Sa Torre Cega","tourism":"attraction","website":"https://www.fundacionbmarch.es/es/cala-ratjada"}},
{"type":"Feature","id":"w171834500","geometry":{"type":"LineString","coordinates":[[3.180879,39.3352013],[3.1819874,39.3353668],[3.1831667,39.3354475],[3.184292,39.3353342],[3.1855293,39.3349133],[3.1865185,39.3350307],[3.1873638,39.33562],[3.1872515,39.3359856],[3.1870291,39.336297],[3.1869358,39.3363642],[3.1869781,39.3364353],[3.1872036,39.3365172],[3.1873286,39.3365844],[3.1872927,39.3368757],[3.1875817,39.3369764],[3.1879719,39.3369355],[3.1880173,39.3369753],[3.1878748,39.3370837],[3.187907,39.3372633],[3.1881672,39.3373698],[3.188491,39.3372983],[3.1885041,39.3373455],[3.1885349,39.337448],[3.1884276,39.3375553],[3.1884346,39.3376663],[3.1885811,39.3376021],[3.1885564,39.3377757],[3.1886987,39.3379937],[3.1889899,39.3377042],[3.1889634,39.3379171],[3.1891144,39.3380533],[3.1890161,39.3380931],[3.1891317,39.3381692],[3.1892895,39.3387241],[3.1891288,39.3387109],[3.1890407,39.3386363],[3.1889539,39.338632],[3.1889708,39.3387197],[3.1888341,39.3387166],[3.1887414,39.3387858],[3.188181,39.3387242],[3.1874221,39.3387751],[3.187171,39.3386223],[3.1869353,39.3385745],[3.1869271,39.3386168],[3.1870628,39.3386469],[3.1870678,39.3386792],[3.1871489,39.338695],[3.187171,39.3387266],[3.1872171,39.3389021],[3.1873377,39.3389041],[3.187348,39.3389689],[3.1874034,39.3389871],[3.1874707,39.338955],[3.187535,39.3389559],[3.1875434,39.3389876],[3.1875015,39.3389963],[3.1874459,39.3390022],[3.1874901,39.3390215],[3.1874537,39.339055],[3.1875012,39.3390628],[3.1875518,39.3390193],[3.1876814,39.33906],[3.1877943,39.3390025],[3.1878676,39.3390253],[3.1878433,39.3390685],[3.1879332,39.3391301],[3.1880087,39.3391067],[3.1879805,39.3391941],[3.1879707,39.3394043],[3.1879459,39.3395749],[3.1882681,39.3396549],[3.1879927,39.3397673],[3.1881121,39.3399819],[3.1881896,39.3400284],[3.1880108,39.3403857],[3.1881554,39.3409076],[3.1887332,39.3414989],[3.1887097,39.3415876],[3.1887151,39.3416479],[3.1887549,39.3416379],[3.1888951,39.3416646],[3.189087,39.3418609],[3.1891172,39.3424506],[3.1891361,39.34261],[3.1890541,39.3427787],[3.1892527,39.3431305],[3.1891336,39.3434199],[3.1892757,39.3435441],[3.1891851,39.3436564],[3.189063,39.3436805],[3.1890422,39.3437983],[3.189177,39.343858],[3.1893148,39.3438429],[3.1894933,39.3439222],[3.1896602,39.3439056],[3.1902662,39.3442373],[3.1902841,39.3444526],[3.1903937,39.3445854],[3.1906391,39.3446913],[3.1907833,39.344671],[3.1908926,39.3445487],[3.1913494,39.3447136],[3.1918623,39.3450189],[3.1921107,39.3455906],[3.1919291,39.3459386],[3.1922839,39.3462369],[3.1919539,39.3462466],[3.1918542,39.3463138],[3.191872,39.346443],[3.191646,39.346442],[3.1912965,39.3465508],[3.1913637,39.3466299],[3.1912588,39.3467565],[3.1911322,39.3467123],[3.1911292,39.3468305],[3.1909696,39.3467945],[3.190946,39.346725],[3.1908211,39.3467859],[3.1903815,39.3469336],[3.1905463,39.3471576],[3.19019,39.3473765],[3.1903824,39.3475932],[3.1895314,39.3473648],[3.1892048,39.347381],[3.1898742,39.3477383],[3.1901539,39.3479716],[3.1900036,39.3481141],[3.1900918,39.3482004],[3.1901367,39.3482868],[3.1899949,39.3483224],[3.1896614,39.348214],[3.1891377,39.3483134],[3.1886652,39.3484947],[3.1884607,39.3485778],[3.1882631,39.348682],[3.1879309,39.3489287],[3.1872833,39.3496018],[3.1870421,39.3497698],[3.1869115,39.3498392],[3.1868163,39.3498446],[3.1867444,39.3498273],[3.1865835,39.3496992],[3.186474,39.3495295],[3.1862718,39.3495459],[3.1860647,39.3495727],[3.185889,39.3496208],[3.1857319,39.3496909],[3.1855806,39.3498115],[3.1854725,39.3499389],[3.1853946,39.3500802],[3.1853458,39.3502317],[3.1853041,39.3504174],[3.1856599,39.3504163],[3.185746,39.350434],[3.1858663,39.3504735],[3.1861168,39.350609],[3.1863418,39.3507308],[3.1865111,39.3507789],[3.1867096,39.3508238],[3.1869061,39.3508449],[3.1869218,39.3508245],[3.1870781,39.3508319],[3.1871705,39.3508737],[3.187211,39.3509163],[3.187271,39.3509255],[3.1872777,39.3509379],[3.187324,39.3509547],[3.187373,39.3509618],[3.187417,39.3510036],[3.1874998,39.3510509],[3.187573,39.3510617],[3.1875914,39.3510436],[3.1876241,39.3510457],[3.1876462,39.3510724],[3.1876953,39.3510723],[3.1877619,39.3511156],[3.1877627,39.3511516],[3.1878167,39.3511659],[3.187843,39.3511613],[3.1879117,39.3512177],[3.1879781,39.3514109],[3.1879634,39.351533],[3.1880208,39.3516171],[3.1880041,39.3517084],[3.1879774,39.3517417],[3.1879655,39.351863],[3.1879507,39.3518889],[3.1879613,39.351925],[3.1880557,39.3519628],[3.1882264,39.3520023],[3.188413,39.3520217],[3.188855,39.3520096],[3.1888502,39.351901],[3.1888794,39.3518345],[3.1889589,39.3517901],[3.1889879,39.3516938],[3.1889802,39.3515282],[3.1889637,39.3514129],[3.188988,39.3513356],[3.188982,39.3512972],[3.1889606,39.351291],[3.1889658,39.3512752],[3.1889555,39.3512627],[3.1889565,39.3512258],[3.1889709,39.3511931],[3.1889841,39.3511482],[3.1889777,39.3510939],[3.1889438,39.3510663],[3.1889209,39.351032],[3.1889031,39.350939],[3.1888786,39.3509139],[3.1887874,39.3506919],[3.1887636,39.3506623],[3.1886942,39.3505759],[3.1886838,39.3505521],[3.1886667,39.3504673],[3.188673,39.3504125],[3.1887043,39.3504129],[3.1887133,39.3504194],[3.1887316,39.3504325],[3.1887742,39.3504372],[3.1888005,39.350427],[3.1887924,39.3503618],[3.1888019,39.3503214],[3.188789,39.3502915],[3.1887833,39.350255],[3.1888234,39.3502339],[3.1888549,39.3502387],[3.188862,39.3502599],[3.1888812,39.3502583],[3.1888782,39.350234],[3.1888792,39.3502129],[3.1889157,39.350176],[3.1889623,39.3501463],[3.1889998,39.3501322],[3.1890707,39.3501345],[3.1891173,39.3501455],[3.1891244,39.3501643],[3.1891923,39.3502552],[3.1892257,39.3502716],[3.1892516,39.3502625],[3.1892956,39.3502356],[3.18932,39.3502497],[3.1893564,39.3502505],[3.189398,39.3502693],[3.1894193,39.3502928],[3.1894304,39.3503163],[3.1894081,39.3503445],[3.1893868,39.3503523],[3.1893878,39.3503735],[3.1893787,39.3503837],[3.1893909,39.3503986],[3.189398,39.3504111],[3.1894223,39.3504291],[3.189475,39.3504503],[3.1895105,39.3504581],[3.1896119,39.3504589],[3.1898073,39.3504526],[3.1899269,39.350426],[3.1900434,39.3503923],[3.1901224,39.3503304],[3.190162,39.3503327],[3.190167,39.3503429],[3.1901447,39.3503844],[3.1901488,39.3503962],[3.1901741,39.3503993],[3.1902238,39.3503797],[3.1902947,39.350386],[3.1903343,39.35037],[3.1904747,39.3503091],[3.1906451,39.3502636],[3.1907436,39.3501834],[3.1908417,39.3501808],[3.19097,39.35016],[3.1910632,39.3502145],[3.1911876,39.3502147],[3.1912258,39.3502422],[3.1913441,39.3502135],[3.1914576,39.3501759],[3.1915871,39.3502096],[3.1916716,39.3503227],[3.1916788,39.3503798],[3.1917589,39.3504095],[3.1914012,39.3511774],[3.1914456,39.351256],[3.1914104,39.3513107],[3.1914041,39.3513998],[3.1913827,39.3514609],[3.1913036,39.3515229],[3.1912563,39.351657],[3.1912848,39.3517193],[3.191284,39.351859],[3.1913781,39.3519206],[3.1915999,39.3519966],[3.1917376,39.3520146],[3.1918315,39.3519942],[3.1918549,39.3519737],[3.1919917,39.3519428],[3.1924975,39.3521982],[3.1927685,39.3524391],[3.1927975,39.3524879],[3.1928354,39.352478],[3.1929077,39.3524495],[3.1930084,39.3523904],[3.1929866,39.3522986],[3.1929261,39.3522009],[3.1929279,39.3521857],[3.1928972,39.3521418],[3.1929104,39.3520836],[3.1928967,39.3520457],[3.1927303,39.3519335],[3.1927234,39.3518966],[3.1924754,39.3516584],[3.1924178,39.3511972],[3.1925165,39.3512009],[3.1926818,39.3512596],[3.1933638,39.3512328],[3.1936321,39.3513695],[3.1938145,39.3512987],[3.1941059,39.3514908],[3.1941073,39.3515859],[3.19432,39.3516548],[3.1941272,39.3517648],[3.1941333,39.3517845],[3.1941399,39.3518059],[3.1944454,39.351757],[3.1947786,39.3517553],[3.1950586,39.351927],[3.195202,39.3518931],[3.1953213,39.3516803],[3.1953346,39.3518506],[3.1954876,39.351764]]},"properties":{"natural":"coastline","source":"Landsat"}},
{"type":"Feature","id":"w179349785","geometry":{"type":"LineString","coordinates":[[3.0281124,39.7749136],[3.028104,39.7748738],[3.0280907,39.7748107]]},"properties":{"access":"no","bridge":"yes","highway":"road","historic":"yes","lanes":"1","layer":"1","maxspeed":"0","name":"Pont de Son Carbonell","name:ca":"Pont de Son Carbonell","note":"- Aesthetic reasons / Razones Esteticas\n- Pont Antic de s'Albufera (Ma-3433).","surface":"concrete"}},
{"type":"Feature","id":"w193918304","geometry":{"type":"LineString","coordinates":[[2.5890346,39.6006195],[2.5890996,39.6006016],[2.5890864,39.6005733],[2.5890214,39.6005912],[2.5890346,39.6006195]]},"properties":{"disused":"yes","historic":"ruins","name":"Forns de guix de dalt","ruins":"yes","source":"survey;Bing WMS"}},
{"type":"Feature","id":"w193918307","geometry":{"type":"LineString","coordinates":[[2.5889729,39.6006365],[2.5889598,39.6006082],[2.5890214,39.6005912],[2.5890346,39.6006195],[2.5889729,39.6006365]]},"properties":{"disused":"yes","historic":"ruins","name":"Forns de guix de dalt","ruins":"yes","source":"survey;Bing WMS"}},
{"type":"Feature","id":"w193918309","geometry":{"type":"LineString","coordinates":[[2.5890996,39.6006016],[2.5891603,39.6005848],[2.5891472,39.6005566],[2.5890864,39.6005733],[2.5890996,39.6006016]]},"properties":{"description":"Forns de guix de dalt de les pedreres de Son Quint. Restes de forns de guix anteriors a l'explotació de les pedreres. L'avanç d'aquestes pràcticament els ha fet desaparéixer.","disused":"yes","historic":"ruins","name":"Forns de dalt de Son Quint","ruins":"yes","source":"survey;Bing WMS"}},
{"type":"Feature","id":"w202732188","geometry":{"type":"LineString","coordinates":[[2.8422539,39.689244],[2.842587,39.6895106],[2.8426346,39.6894701],[2.8425789,39.689431],[2.84267,39.6893877],[2.8424774,39.6891368],[2.8424291,39.6890811],[2.8422539,39.689244]]},"properties":{"addr:housenumber":"1","addr:street":"carrer de la Rectoria","amenity":"theatre","building":"civic","check_date":"2026-01-13","name":"Teatre de sa Rectoria","name:ca":"Teatre de sa Rectoria","source":"Bing WMS;survey"}},
{"type":"Feature","id":"w204826166","geometry":{"type":"LineString","coordinates":[[2.5973283,39.6074135],[2.5973479,39.6074109],[2.5973651,39.6074033],[2.597378,39.6073917],[2.597385,39.6073774],[2.5973854,39.6073622],[2.5973791,39.6073477],[2.5973682,39.6073367],[2.5973534,39.6073288],[2.5973362,39.6073247],[2.5973182,39.607325],[2.5973012,39.6073295],[2.5972867,39.6073378],[2.5972763,39.6073491],[2.5972709,39.6073623],[2.5972714,39.6073776],[2.5972786,39.6073919],[2.5972915,39.6074034],[2.5973088,39.6074109],[2.5973283,39.6074135]]},"properties":{"barrier":"retaining_wall","disused":"yes","historic":"yes","image":"https://parcnaturaldeponent.files.wordpress.com/2020/11/img_5268.jpg","man_made":"kiln","material":"dry_stone","name":"Forn de Calç","name:ca":"Forn de Calç","note":"Forn de calç?","product":"lime","source":"survey","width":"4"}},
{"type":"Feature","id":"w206594763","geometry":{"type":"LineString","coordinates":[[2.5200933,39.4581991],[2.5200806,39.4581906],[2.5200639,39.4581888],[2.5200486,39.4581942],[2.5200395,39.4582051],[2.5200395,39.4582181],[2.5200486,39.4582291],[2.5200639,39.4582345],[2.5200806,39.4582326],[2.5200934,39.4582241],[2.5200981,39.4582116],[2.5200933,39.4581991]]},"properties":{"building":"yes","historic":"ruins","name":"Torre de Cala Figuera","name:ca":"Torre de Cala Figuera","tourism":"attraction","website":"http://www.mallorca-torres.de/index_de.php?site=torres&rubrik=calafiguera","wikidata":"Q22066402","wikimedia_commons":"Category:Torre de Cala Figuera","wikipedia":"es:Torre de Cala Figuera"}},
{"type":"Feature","id":"w208189219","geometry":{"type":"LineString","coordinates":[[2.7919456,39.733506],[2.7919925,39.7335357],[2.7920278,39.7335029],[2.7919809,39.7334731],[2.7919456,39.733506]]},"properties":{"building":"yes","heritage":"yes","historic":"yes","man_made":"tower","ruins":"yes","tower:type":"defensive"}},
{"type":"Feature","id":"w208733889","geometry":{"type":"LineString","coordinates":[[3.126387,39.3528609],[3.1264978,39.3529191],[3.1265678,39.3528334],[3.1264611,39.3527775],[3.126387,39.3528609]]},"properties":{"amenity":"arts_centre","building":"yes","name":"ses Cases Noves","name:ca":"ses Cases Noves","name:en":"Culture House","name:es":"Casa de Cultural"}},
{"type":"Feature","id":"w208733904","geometry":{"type":"LineString","coordinates":[[3.1263156,39.3536926],[3.1262571,39.3536446],[3.1261724,39.3535751],[3.1262261,39.353537],[3.1262414,39.3535214],[3.1263112,39.3535603],[3.1265412,39.3534117],[3.1266048,39.3534893],[3.1265225,39.3535303],[3.1263156,39.3536926]]},"properties":{"addr:city":"Santanyí","addr:housenumber":"35","addr:postcode":"07650","addr:street":"Carrer del Bisbe Verger","amenity":"theatre","building":"yes","name":"Principal","wikidata":"Q118868942"}},
{"type":"Feature","id":"w208792912","geometry":{"type":"LineString","coordinates":[[3.1299018,39.3535473],[3.129919,39.3535384],[3.1298454,39.3534561],[3.1300221,39.3533595],[3.1300317,39.3533649],[3.1300892,39.3533973],[3.1301216,39.3534239],[3.1300821,39.3534476],[3.1301099,39.3534776],[3.1299262,39.3535748],[3.1299018,39.3535473]]},"properties":{"building":"yes","historic":"yes","name":"s'Abeurador"}},
{"type":"Feature","id":"w211132055","geometry":{"type":"LineString","coordinates":[[2.9323809,39.1532827],[2.9323944,39.1531836],[2.9324837,39.1531929],[2.9324661,39.1532925],[2.9323809,39.1532827]]},"properties":{"access":"no","barrier":"wall","denomination":"catholic","historic":"yes","landuse":"cemetery","religion":"christian"}},
{"type":"Feature","id":"w211198576","geometry":{"type":"LineString","coordinates":[[3.0983776,39.340214],[3.098405,39.3402276],[3.0984289,39.340192],[3.098396,39.3401854],[3.0983776,39.340214]]},"properties":{"historic":"ruins"}},
{"type":"Feature","id":"w211198577","geometry":{"type":"LineString","coordinates":[[3.0962979,39.3400817],[3.096313,39.3400605],[3.0963532,39.3400781],[3.0963411,39.3401004],[3.0962979,39.3400817]]},"properties":{"historic":"ruins"}},
{"type":"Feature","id":"w211198578","geometry":{"type":"LineString","coordinates":[[3.0984289,39.340192],[3.0984408,39.3401739],[3.098465,39.3401835],[3.098453,39.3402016],[3.0984289,39.340192]]},"properties":{"historic":"ruins"}},
{"type":"Feature","id":"w211198582","geometry":{"type":"LineString","coordinates":[[3.0949256,39.3405607],[3.0949449,39.3405257],[3.0949982,39.3404512],[3.0950233,39.3404619],[3.0950448,39.3404712],[3.0949702,39.3405758],[3.0949256,39.3405607]]},"properties":{"historic":"ruins"}},
{"type":"Feature","id":"w211198583","geometry":{"type":"LineString","coordinates":[[3.0958972,39.3400659],[3.0959166,39.3400299],[3.095919,39.3400307],[3.0959426,39.3399871],[3.0960391,39.3400183],[3.0959961,39.3400978],[3.0958972,39.3400659]]},"properties":{"historic":"ruins"}},
{"type":"Feature","id":"w211211633","geometry":{"type":"LineString","coordinates":[[2.7410951,39.7817836],[2.7410541,39.781769],[2.7410355,39.7817404],[2.7410544,39.7817327],[2.7410292,39.7816935],[2.741083,39.7816674],[2.7411421,39.7817779],[2.741124,39.7817983],[2.7410951,39.7817836]]},"properties":{"historic":"ruins"}},
{"type":"Feature","id":"w211382398","geometry":{"type":"LineString","coordinates":[[2.7419874,39.7828151],[2.741982,39.7828137],[2.7418379,39.7827131],[2.7418851,39.7826732],[2.741922,39.782642],[2.7419549,39.7826634],[2.7420016,39.7826272],[2.7420594,39.782674],[2.7420651,39.7826691],[2.7420778,39.7826802],[2.7421104,39.7827087],[2.7421277,39.7826964],[2.7421707,39.7827536],[2.7421473,39.7827707],[2.7421405,39.7827658],[2.7421247,39.7827793],[2.7420772,39.7827481],[2.7420487,39.7827676],[2.7419874,39.7828151]]},"properties":{"building":"yes","name":"Can Xoroi","tourism":"museum"}},
{"type":"Feature","id":"w211767333","geometry":{"type":"LineString","coordinates":[[3.0968348,39.3419531],[3.0968732,39.3418825],[3.0969446,39.3419058],[3.0969062,39.3419763],[3.0968348,39.3419531]]},"properties":{"historic":"ruins"}},
{"type":"Feature","id":"w211767343","geometry":{"type":"LineString","coordinates":[[3.0945755,39.3428967],[3.0945789,39.3428454],[3.0946226,39.3428478],[3.0946213,39.3428648],[3.0946188,39.3428989],[3.0945755,39.3428967]]},"properties":{"historic":"ruins"}},
{"type":"Feature","id":"w211767344","geometry":{"type":"LineString","coordinates":[[3.0973062,39.3423278],[3.0972605,39.3422991],[3.097305,39.3422573],[3.0973493,39.3422863],[3.0973108,39.3423233],[3.0973062,39.3423278]]},"properties":{"historic":"ruins"}},
{"type":"Feature","id":"w211773792","geometry":{"type":"LineString","coordinates":[[3.0978329,39.3411641],[3.0978441,39.34115],[3.0978652,39.34116],[3.097854,39.3411741],[3.0978329,39.3411641]]},"properties":{"historic":"ruins"}},
{"type":"Feature","id":"w211778908","geometry":{"type":"LineString","coordinates":[[3.091606,39.3433701],[3.0916209,39.3433139],[3.0916969,39.343326],[3.091682,39.3433822],[3.091606,39.3433701]]},"properties":{"historic":"ruins"}},
{"type":"Feature","id":"w211778910","geometry":{"type":"LineString","coordinates":[[3.091825,39.3434059],[3.0918344,39.3433711],[3.0918383,39.343358],[3.0920595,39.3433954],[3.0920462,39.3434424],[3.091825,39.3434059]]},"properties":{"historic":"ruins"}},
{"type":"Feature","id":"w211778911","geometry":{"type":"LineString","coordinates":[[3.0913338,39.3432804],[3.0913507,39.3432321],[3.0914183,39.3432463],[3.091412,39.3432645],[3.0914408,39.3432705],[3.0914303,39.3433006],[3.0913338,39.3432804]]},"properties":{"historic":"ruins"}},
{"type":"Feature","id":"w211788845","geometry":{"type":"LineString","coordinates":[[3.0926862,39.3441451],[3.0926191,39.3441287],[3.0926268,39.3441026],[3.0926359,39.3440712],[3.0926615,39.3440769],[3.0926768,39.3440266],[3.0927516,39.3440452],[3.0927434,39.344068],[3.0927202,39.3440625],[3.0926994,39.3441073],[3.0926862,39.3441451]]},"properties":{"historic":"ruins"}},
{"type":"Feature","id":"w212056561","geometry":{"type":"LineString","coordinates":[[3.1139081,39.3276479],[3.113819,39.3275913],[3.1139314,39.3274853],[3.1140205,39.3275419],[3.1139081,39.3276479]]},"properties":{"historic":"ruins"}},
{"type":"Feature","id":"w212882766","geometry":{"type":"LineString","coordinates":[[3.0670547,39.3140039],[3.0670005,39.3139792],[3.0670113,39.313965],[3.0670764,39.3138794],[3.0671306,39.313904],[3.0670547,39.3140039]]},"properties":{"historic":"ruins"}},
{"type":"Feature","id":"w212882781","geometry":{"type":"LineString","coordinates":[[3.0676537,39.3146016],[3.0675944,39.3146854],[3.0676476,39.3147079],[3.0677135,39.3146148],[3.0676928,39.314606],[3.0676861,39.3146154],[3.0676537,39.3146016]]},"properties":{"historic":"ruins"}},
{"type":"Feature","id":"w214428666","geometry":{"type":"LineString","coordinates":[[3.1448184,39.3256013],[3.1448312,39.3256045],[3.144857,39.3255811],[3.1449485,39.3255702],[3.1449729,39.3256021],[3.1450562,39.3255921],[3.145088,39.3256636],[3.1450748,39.3256809],[3.1450666,39.3256995],[3.1450532,39.3257148],[3.1450269,39.3257302],[3.1450158,39.3257442],[3.1450012,39.3257641],[3.1449679,39.3257691],[3.1449158,39.32576],[3.144879,39.32576],[3.1448252,39.3257411],[3.1448042,39.3257279],[3.1447656,39.3257144],[3.1447352,39.3256986],[3.1447183,39.3256823],[3.1447001,39.3256674],[3.1446803,39.3256597],[3.1446528,39.3256592],[3.14463,39.3256705],[3.1446031,39.3256683],[3.1445628,39.3256592],[3.1445347,39.3256461],[3.1445143,39.3256389],[3.1444961,39.3256398],[3.1444669,39.3256637],[3.1444291,39.32566],[3.1443835,39.325656],[3.1443613,39.3256514],[3.1443315,39.3256397],[3.1443022,39.3256248],[3.1442812,39.3256121],[3.1442619,39.3255976],[3.1442508,39.3255836],[3.1442502,39.3255687],[3.144266,39.3255515],[3.1442935,39.3255393],[3.1443268,39.3255307],[3.1443572,39.3255262],[3.1443911,39.3255262],[3.1444261,39.3255361],[3.1444466,39.325547],[3.1444606,39.3255606],[3.1444788,39.3255628],[3.1445015,39.3255538],[3.1445261,39.3255497],[3.1445571,39.3255497],[3.1445834,39.3255515],[3.1446138,39.3255533],[3.1446395,39.3255578],[3.144657,39.325566],[3.1446752,39.325575],[3.1446868,39.3255845],[3.1446944,39.3255958],[3.1447085,39.325604],[3.1447289,39.3256108],[3.1447511,39.3256053],[3.1447745,39.325594],[3.1447985,39.3255936],[3.1448184,39.3256013]]},"properties":{"boundary":"administrative","maritime":"yes","name":"es Pontàs","natural":"arch","place":"islet","source":"ideib WMS layer","tourism":"attraction","wikidata":"Q1366405","wikimedia_commons":"File:Es pontas 2.jpg","wikipedia":"ca:Es Pontàs"}},
{"type":"Feature","id":"w214815032","geometry":{"type":"LineString","coordinates":[[3.2043062,39.4004983],[3.2043016,39.4004416],[3.2044039,39.4004376],[3.2044493,39.40045],[3.2044914,39.4004638],[3.2044503,39.4004902],[3.2044089,39.4004919],[3.2043062,39.4004983]]},"properties":{"historic":"ruins","source":"Catastro"}},
{"type":"Feature","id":"w215280814","geometry":{"type":"LineString","coordinates":[[3.1690298,39.3393344],[3.1689098,39.3392276],[3.1689488,39.3392014],[3.1689979,39.3392451],[3.1690266,39.3392258],[3.1690225,39.3392221],[3.1690626,39.3391951],[3.1691027,39.3392309],[3.1690633,39.3392573],[3.1690342,39.3392769],[3.1690692,39.3393079],[3.1690298,39.3393344]]},"properties":{"building":"yes","historic":"ruins"}},
{"type":"Feature","id":"w216224856","geometry":{"type":"LineString","coordinates":[[3.1474227,39.3474918],[3.1474189,39.3474518],[3.1474745,39.3474486],[3.1474783,39.3474886],[3.1474227,39.3474918]]},"properties":{"historic":"ruins"}},
{"type":"Feature","id":"w217843163","geometry":{"type":"LineString","coordinates":[[2.6204466,39.5452495],[2.6206634,39.5452676],[2.6206718,39.5452076],[2.620455,39.5451895],[2.6204466,39.5452495]]},"properties":{"building":"yes","historic":"castle","name":"bateria Avançada"}},
{"type":"Feature","id":"w217894003","geometry":{"type":"LineString","coordinates":[[2.695798,39.6984724],[2.6958172,39.6985076]]},"properties":{"bridge":"yes","electrified":"contact_line","frequency":"0","gauge":"914","layer":"1","name":"Tren de Sóller","name:ca":"Tren de Sóller","passenger_lines":"1","railway":"narrow_gauge","start_date":"1912","usage":"branch","voltage":"1200"}},
{"type":"Feature","id":"w217894004","geometry":{"type":"LineString","coordinates":[[2.6958172,39.6985076],[2.6959173,39.6986737],[2.6959728,39.6988513],[2.6960127,39.6990332],[2.6960291,39.6992062],[2.6960258,39.6993925],[2.696003,39.6995514],[2.6959645,39.6996955],[2.6958534,39.6999476],[2.6957472,39.7002231]]},"properties":{"electrified":"contact_line","fixme":"layer?","frequency":"0","gauge":"914","name":"Tren de Sóller","name:ca":"Tren de Sóller","passenger_lines":"1","railway":"narrow_gauge","start_date":"1912","usage":"branch","voltage":"1200"}},
{"type":"Feature","id":"w218840678","geometry":{"type":"LineString","coordinates":[[2.6236077,39.5486246],[2.6237008,39.5485825],[2.6236588,39.5485274],[2.6235658,39.5485695],[2.6236077,39.5486246]]},"properties":{"alt_name":"Far de Portopí;Torre de Senyals de Portopí","alt_name:ca":"Far de Portopí;Torre de Senyals de Portopí","building":"yes","date":"1290","height":"38","heritage":"3","heritage:operator":"Consell de Mallorca","historic":"yes","man_made":"lighthouse","name":"Torre de Portopí","name:ca":"Torre de Portopí","wikidata":"Q5856454","wikimedia_commons":"Category:Torre de senyals de Porto Pi","wikipedia":"ca:Far de Portopí"}},
{"type":"Feature","id":"w218840679","geometry":{"type":"LineString","coordinates":[[2.6238749,39.5509695],[2.6239571,39.550971],[2.6239591,39.5509076],[2.6238768,39.5509061],[2.6238749,39.5509695]]},"properties":{"building":"yes","heritage":"3","heritage:operator":"Consell de Mallorca","historic":"castle","man_made":"tower","name":"Torre de Paraires","name:ca":"Torre de Paraires","tower:type":"defensive","wikidata":"Q559220","wikimedia_commons":"Category:Torre de Paraires","wikipedia":"ca:Torre de Paraires"}},
{"type":"Feature","id":"w219108876","geometry":{"type":"LineString","coordinates":[[3.3333556,39.7631954],[3.3333287,39.7631639],[3.3334154,39.7631201],[3.3334424,39.7631516],[3.3333556,39.7631954]]},"properties":{"historic":"ruins"}},
{"type":"Feature","id":"w220250887","geometry":{"type":"LineString","coordinates":[[3.0096406,39.643091],[3.0097475,39.6429893],[3.0097326,39.6429797],[3.0095846,39.6428839],[3.0095704,39.6428972],[3.0095318,39.6428746],[3.0094255,39.6429527],[3.0095736,39.6430482],[3.0096406,39.643091]]},"properties":{"amenity":"theatre","building":"yes","name":"Es C.IN.E. de les Illes Balears"}},
{"type":"Feature","id":"w221114006","geometry":{"type":"LineString","coordinates":[[2.317116,39.5861777],[2.3169632,39.5863649],[2.3172249,39.5864837],[2.3173766,39.5862979],[2.3172892,39.5862582],[2.3172569,39.5863004],[2.3172099,39.5862791],[2.3171696,39.5862608],[2.3172029,39.5862172],[2.317116,39.5861777]]},"properties":{"abandoned:building":"yes","access":"no","access:description":"officially forbidden to enter due to bad condition","alt_name":"Far de na Pòpia","alt_name:ca":"Far de na Pòpia","historic":"yes","image":"https://commons.wikimedia.org/wiki/File:Far_de_Na_Popis.JPG","name":"Far Vell","name:ca":"Far Vell","note":"please trust the GPS traces. The pictures are inaccurate due to 3D effects","place":"locality","ruins":"yes","wikidata":"Q29949348","wikimedia_commons":"File:Far_de_Na_Popis.JPG","wikipedia":"es:Faro de Na Pòpia"}},
{"type":"Feature","id":"w228082930","geometry":{"type":"LineString","coordinates":[[3.3619636,39.5764777],[3.3619957,39.5765067],[3.3620172,39.576546],[3.3620467,39.5765625],[3.3620896,39.5765997],[3.3621325,39.5766142],[3.3621728,39.5766411],[3.362213,39.5766452],[3.3622667,39.5766721],[3.3622988,39.57667],[3.3623364,39.5766741],[3.3623713,39.5766866],[3.3624195,39.5766824],[3.3624732,39.5766886],[3.3625027,39.5766762],[3.3625671,39.57667],[3.3625939,39.5766576],[3.3626288,39.5766431],[3.3626556,39.5766431],[3.3626288,39.5765935],[3.3625483,39.5764819],[3.3625054,39.5764137],[3.3624625,39.5763744],[3.3624088,39.5763454],[3.3623283,39.5763372],[3.3622532,39.5763516],[3.3621594,39.5763951],[3.3621084,39.5764199],[3.362095,39.5764033],[3.361985,39.5764488],[3.3620011,39.5764653],[3.3619636,39.5764777]]},"properties":{"amenity":"theatre","building":"roof","building:levels":"1","name":"Show Bar - The Big Top"}},
{"type":"Feature","id":"w229657698","geometry":{"type":"LineString","coordinates":[[2.7839266,39.7990299],[2.7839889,39.7990376],[2.7839964,39.7989993],[2.7839366,39.7989897],[2.7839266,39.7990299]]},"properties":{"historic":"ruins","name":"casa dels nevaters","source":"SIGPAC (1:26)"}},
{"type":"Feature","id":"w229657699","geometry":{"type":"LineString","coordinates":[[2.7838281,39.7985248],[2.783857,39.7984957],[2.7838371,39.7984513],[2.7838209,39.798407],[2.7837848,39.7983918],[2.7837433,39.7984098],[2.7837506,39.7984347],[2.7837812,39.7985054],[2.7838011,39.7985179],[2.7838281,39.7985248]]},"properties":{"barrier":"retaining_wall","name":"Casa de neu superior de n'Arbona","name:ca":"Cases de Neu","name:es":"Casas de Nieve","tourism":"attraction","wikidata":"Q8348142","wikipedia":"es:Coma de n'Arbona"}},
{"type":"Feature","id":"w242722771","geometry":{"type":"LineString","coordinates":[[2.4323084,39.5808647],[2.4326117,39.5801829],[2.4333719,39.5803995],[2.4330424,39.5810783],[2.4323084,39.5808647]]},"properties":{"addr:city":"Andratx","addr:housenumber":"2","addr:postcode":"07150","addr:street":"carrer de s'Estanyera","alt_name":"Centre Cultural Andratx","building":"public","email":"info@ccandratx.com","fax":"+34 971 137 691","name":"Centre Cultural Asbaek","phone":"+34 971 137 770","tourism":"gallery","website":"https://www.ccandratx.com/","wheelchair":"yes","wikidata":"Q117708187"}},
{"type":"Feature","id":"w243694340","geometry":{"type":"LineString","coordinates":[[2.9104394,39.7205244],[2.910471,39.7205448],[2.9105618,39.7206036],[2.9105574,39.7206095],[2.9107029,39.7207042],[2.9107078,39.7207],[2.910808,39.7207655],[2.9109133,39.7208372],[2.911002,39.7207577],[2.9110714,39.7206914],[2.9111634,39.7206137],[2.9107333,39.7203343],[2.9106844,39.7203025],[2.9106629,39.7203219],[2.9105969,39.7203812],[2.9105372,39.7204349],[2.9104958,39.7204722],[2.9104394,39.7205244]]},"properties":{"addr:postcode":"07300","addr:street":"carrer de la Pau","amenity":"marketplace","building":"yes","email":"info@mercatdinca.com","name":"Mercat cobert","name:ca":"Mercat d'Inca S.L.","opening_hours":"Mo-Tu, Th, Sa 08:00-14:30; We, Fr 08:00-20:00","phone":"+34971505745","source":"Bing WMS","website":"https://www.mercatdinca.com/"}},
{"type":"Feature","id":"w244591181","geometry":{"type":"LineString","coordinates":[[2.6456093,39.5703931],[2.6456123,39.5703955],[2.6456055,39.5703994],[2.6456034,39.5703965],[2.6455442,39.5703414],[2.6456679,39.5702739],[2.6457126,39.5703308],[2.6456792,39.5703496],[2.6456808,39.5703516],[2.6456093,39.5703931]]},"properties":{"addr:city":"Palma","addr:housenumber":"6","addr:street":"Carrer de Sant Feliu","building":"chapel","heritage":"3","heritage:operator":"Consell de Mallorca","name":"Oratori de Sant Feliu","name:ca":"Oratori de Sant Feliu","tourism":"gallery","website":"https://www.guiadelocio.com/illes-balears/arte/palma-de-mallorca/galeria-kewenig.-oratorio-de-sant-feliu","wikidata":"Q56512367","wikimedia_commons":"Category:Oratori de Sant Feliu"}},
{"type":"Feature","id":"w244598546","geometry":{"type":"LineString","coordinates":[[3.2143078,39.3561128],[3.2142653,39.3560273],[3.2143846,39.3559919],[3.2144271,39.3560774],[3.2143078,39.3561128]]},"properties":{"building":"yes","historic":"castle","seamark:landmark:category":"tower","seamark:type":"landmark"}},
{"type":"Feature","id":"w245033266","geometry":{"type":"LineString","coordinates":[[2.9670666,39.5838097],[2.9668047,39.5841519],[2.9667962,39.584228],[2.9668311,39.5843086],[2.9668995,39.5843827],[2.9669823,39.5844758],[2.9670869,39.5845983],[2.9678619,39.5842052],[2.9683363,39.5847608],[2.9686074,39.5846233],[2.9682263,39.5841774],[2.9680746,39.5840068],[2.9681867,39.5839475],[2.9681053,39.5838561],[2.9682116,39.5837998],[2.9681024,39.5836774],[2.9677317,39.583874],[2.9675369,39.5836558],[2.9674672,39.5836165],[2.9673599,39.5836103],[2.9672097,39.5836393],[2.967125,39.5837383],[2.9670666,39.5838097]]},"properties":{"historic":"archaeological_site","name":"poblat talaiòtic de Son Fornés","name:ca":"Poblat talaiòtic de Son Fornés","wikidata":"Q2300742","wikimedia_commons":"Category:Son Fornés","wikipedia":"es:Yacimiento de Son Fornés"}},
{"type":"Feature","id":"w247330064","geometry":{"type":"LineString","coordinates":[[2.4854852,39.5062898],[2.4856509,39.5061261],[2.4857757,39.5060812],[2.4857933,39.5060783],[2.4860967,39.5060291],[2.4864197,39.5060318],[2.4869303,39.506123],[2.4872287,39.5062237],[2.4875643,39.506262],[2.4877508,39.5064347],[2.4880989,39.5065786],[2.4883475,39.506804],[2.4884532,39.507015],[2.4884961,39.5071315],[2.4886043,39.5071273],[2.4888144,39.5070901],[2.4893165,39.5069661],[2.4896491,39.5069496],[2.4897832,39.5070572],[2.4899119,39.5071855],[2.4900388,39.5073371]]},"properties":{"highway":"path","lit":"no"}},
{"type":"Feature","id":"w247330066","geometry":{"type":"LineString","coordinates":[[2.4884961,39.5071315],[2.4883852,39.5072146],[2.4881571,39.5073167],[2.4879834,39.5074328],[2.487742,39.5076335],[2.4876025,39.5076666],[2.4874684,39.5077184],[2.4874041,39.507857],[2.487354,39.5079221]]},"properties":{"highway":"path","lit":"no"}},
{"type":"Feature","id":"w247330067","geometry":{"type":"LineString","coordinates":[[2.4823082,39.5070305],[2.4822568,39.5069702],[2.4822227,39.5069136],[2.4822564,39.5068457],[2.482297,39.5067749]]},"properties":{"highway":"footway"}},
{"type":"Feature","id":"w247330069","geometry":{"type":"LineString","coordinates":[[2.4810487,39.5072832],[2.4811997,39.5072754],[2.4812745,39.50735],[2.4813734,39.5073602],[2.4814679,39.5073297],[2.4815967,39.5073672]]},"properties":{"highway":"footway"}},
{"type":"Feature","id":"w255116281","geometry":{"type":"LineString","coordinates":[[2.8187632,39.8065055],[2.8188262,39.8064726],[2.8188662,39.8065177],[2.8188032,39.8065506],[2.8187632,39.8065055]]},"properties":{"barrier":"kerb","kerb":"raised","source":"survey","surface":"pebblestone"}},
{"type":"Feature","id":"w256094533","geometry":{"type":"LineString","coordinates":[[2.4825426,39.5078917],[2.4826016,39.507856]]},"properties":{"highway":"footway"}},
{"type":"Feature","id":"w256094534","geometry":{"type":"LineString","coordinates":[[2.4826284,39.5077127],[2.4825993,39.5077599],[2.4826053,39.5078126],[2.4825903,39.5078329],[2.4825225,39.5078403]]},"properties":{"highway":"footway"}},
{"type":"Feature","id":"w256182974","geometry":{"type":"LineString","coordinates":[[3.1171685,39.9287787],[3.1171755,39.9287839],[3.1171843,39.9287873],[3.1171939,39.9287883],[3.1172042,39.9287868],[3.1172133,39.9287827],[3.11722,39.9287765],[3.1172236,39.928769],[3.1172237,39.9287609],[3.1172203,39.9287533],[3.1172137,39.9287471],[3.1172047,39.9287429],[3.1171945,39.9287412],[3.1171848,39.9287421],[3.1171759,39.9287453],[3.1171689,39.9287505],[3.1171643,39.9287572],[3.1171626,39.9287645],[3.1171641,39.928772],[3.1171685,39.9287787]]},"properties":{"building":"yes","building:material":"stone","heritage":"3","heritage:operator":"Consell de Mallorca","historic":"tower","man_made":"tower","material":"stone","name":"Talaia d'Albercutx","name:ca":"Talaia d'Albercutx","name:en":"Watchtower Albercutx","note":"schöner Spaziergang zum Turm","start_date":"late C16..early C17","tourism":"viewpoint","tower:construction":"freestanding","tower:type":"defensive","wikidata":"Q43142283","wikimedia_commons":"Category:Talaia d'Albercutx","wikipedia":"ca:Talaia d'Albercutx"}},
{"type":"Feature","id":"w256697966","geometry":{"type":"LineString","coordinates":[[2.6376788,39.5855698],[2.6378778,39.5854545],[2.6379515,39.5854091],[2.6379658,39.5854003],[2.6382514,39.5853931],[2.6381647,39.5851321],[2.6381254,39.5850138],[2.6378142,39.5849859],[2.6375648,39.5849166],[2.6375617,39.5849316],[2.6375285,39.584993],[2.6374922,39.5850603],[2.6374745,39.5850932],[2.6374532,39.5851326],[2.6374157,39.5852021],[2.6373784,39.5852711],[2.6374503,39.5853426],[2.6375065,39.5853984],[2.637534,39.5854258],[2.6375674,39.585459],[2.6376259,39.5855172],[2.6376788,39.5855698]]},"properties":{"amenity":"theatre","theatre:type":"open_air"}},
{"type":"Feature","id":"w260655442","geometry":{"type":"LineString","coordinates":[[3.1831762,39.880952],[3.183254,39.8809235],[3.1832447,39.8809086],[3.1832379,39.8808975],[3.1831601,39.8809261],[3.1831762,39.880952]]},"properties":{"building":"yes","disused":"yes","historic":"yes","material":"stone","source":"survey;Bing WMS","start_date":"C17"}},
{"type":"Feature","id":"w260655444","geometry":{"type":"LineString","coordinates":[[3.1828726,39.8809112],[3.1828849,39.8809189],[3.1829012,39.8809175],[3.1829084,39.8809122],[3.1829109,39.8808995],[3.1829042,39.8808914],[3.1828875,39.8808879],[3.1828784,39.8808909],[3.1828703,39.8809013],[3.1828726,39.8809112]]},"properties":{"building":"yes","disused":"yes","historic":"yes","material":"stone","note":"old oven","source":"survey;Bing WMS","start_date":"C17"}},
{"type":"Feature","id":"w260655445","geometry":{"type":"LineString","coordinates":[[3.1834899,39.8812247],[3.1834456,39.8811229]]},"properties":{"barrier":"wall","historic":"yes"}},
{"type":"Feature","id":"w260655446","geometry":{"type":"LineString","coordinates":[[3.1834935,39.8812381],[3.1834741,39.8812394],[3.1834339,39.8812053]]},"properties":{"barrier":"wall","historic":"yes","source":"survey;Bing WMS"}},
{"type":"Feature","id":"w260655447","geometry":{"type":"LineString","coordinates":[[3.1829283,39.880854],[3.182962,39.8808771],[3.1829975,39.8808533],[3.182962,39.8808267],[3.1829283,39.880854]]},"properties":{"building":"yes","disused":"yes","historic":"yes","man_made":"reservoir_covered","material":"stone","start_date":"C17","type":"drain"}},
{"type":"Feature","id":"w265816452","geometry":{"type":"LineString","coordinates":[[2.7886535,39.7062378],[2.7887415,39.7063336],[2.7888332,39.706284],[2.7887452,39.7061882],[2.7886535,39.7062378]]},"properties":{"building":"yes","building:levels":"3","historic":"manor","name":"Son Mallol","name:ca":"Son Mallol","source":"catastro","source:date":"2014-01"}},
{"type":"Feature","id":"w265891522","geometry":{"type":"LineString","coordinates":[[2.7907099,39.7068342],[2.7907199,39.7068647],[2.790748,39.7069503],[2.7907651,39.7070026],[2.790897,39.7069798],[2.7908845,39.7069655],[2.7908416,39.706834],[2.7907099,39.7068342]]},"properties":{"building":"yes","building:levels":"3","historic":"manor","name":"Posada de Bànyols","source":"catastro","source:date":"2014-01"}},
{"type":"Feature","id":"w265958523","geometry":{"type":"LineString","coordinates":[[2.7868946,39.7070388],[2.7869207,39.7070766],[2.7869475,39.7071151],[2.7869499,39.7071186],[2.7869938,39.7071053],[2.7870138,39.7070984],[2.7870287,39.7071253],[2.7870085,39.7071363],[2.7869851,39.707149],[2.7870309,39.7072003],[2.7871621,39.7071123],[2.7870638,39.7069835],[2.7869714,39.7070206],[2.7869674,39.7070135],[2.7868946,39.7070388]]},"properties":{"building":"residential","building:levels":"2","description":"Aquest casal fou la casa natal de Joan Mir i Vallès (1624), ermità fundador de la Congregació Diocesana d'Ermitans de Sant Pau i Sant Antoni de Mallorca.","description:ca":"Aquest casal fou la casa natal de Joan Mir i Vallès (1624), ermità fundador de la Congregació Diocesana d'Ermitans de Sant Pau i Sant Antoni de Mallorca.","historic":"manor","name":"Casal Son Vidal","source":"catastro","source:date":"2014-01"}},
{"type":"Feature","id":"w265958617","geometry":{"type":"LineString","coordinates":[[2.7863391,39.7078367],[2.7865066,39.7079658],[2.7865566,39.7079432],[2.7865645,39.7079491],[2.7865837,39.7079368],[2.7865919,39.7079451],[2.7867082,39.7079265],[2.7864628,39.7077344],[2.7863391,39.7078367]]},"properties":{"building":"yes","building:levels":"2","historic":"manor","name":"Son Bieló","source":"catastro","source:date":"2014-01"}},
{"type":"Feature","id":"w266557302","geometry":{"type":"LineString","coordinates":[[2.7919323,39.7084989],[2.7919969,39.7085314],[2.7920359,39.7084932],[2.7919648,39.708457],[2.7919429,39.7084853],[2.7919323,39.7084989]]},"properties":{"addr:street":"Calle del Pontarro","amenity":"lavoir","building":"warehouse","building:levels":"1","historic":"lavoir","name":"Rentador del Pontarró","name:ca":"Rentador del Pontarró","name:es":"Lavadero del Pontarró","name:fr":"Lavoir du Pontarró","name:gl":"Lavadoiro do Pontarró","ref:ES:catastro":"2156017DD8925N"}},
{"type":"Feature","id":"w266557390","geometry":{"type":"LineString","coordinates":[[2.7906945,39.7074761],[2.7908032,39.7075976],[2.7909759,39.7075058],[2.7909341,39.7074594],[2.7909098,39.7074725],[2.7908815,39.7074413],[2.7909058,39.7074281],[2.7908685,39.7073867],[2.7906945,39.7074761]]},"properties":{"building":"yes","building:levels":"3","historic":"manor","name":"Can Jaumico","source":"catastro","source:date":"2014-01"}},
{"type":"Feature","id":"w267066608","geometry":{"type":"LineString","coordinates":[[2.7910797,39.705246],[2.7910995,39.7052591],[2.7911253,39.7052587],[2.7911433,39.7052445],[2.791143,39.7052245],[2.7911245,39.7052106],[2.7910986,39.7052109],[2.7910806,39.7052252],[2.7910797,39.705246]]},"properties":{"building":"industrial","building:levels":"1","historic":"technical_monument","name":"Torre de l'electricitat","name:ca":"Torre de l'electricitat","name:de":"Turm des alten kraftwerks","name:en":"Tower of the old powerhouse","name:es":"Torre de la electricidad","source":"catastro","source:date":"2014-01","start_date":"1901-08-15","tourism":"attraction"}},
{"type":"Feature","id":"w272675757","geometry":{"type":"LineString","coordinates":[[2.6191407,39.5635488],[2.6190827,39.5635694],[2.619035,39.5636027],[2.6189978,39.5636383],[2.6189695,39.5636854],[2.6189695,39.5637222],[2.6189486,39.5637279],[2.6189143,39.5637417],[2.6188905,39.5637623],[2.6188756,39.563814],[2.6188905,39.5638485],[2.6189248,39.5638749],[2.6189456,39.5638818],[2.6189546,39.5639105],[2.618968,39.5639369],[2.6189888,39.5639702],[2.6190275,39.5640081],[2.6190707,39.5640391],[2.6191151,39.5640571],[2.6191214,39.5640597],[2.619178,39.5640735],[2.6191676,39.5640976],[2.6191616,39.5641172],[2.6191586,39.564139],[2.6191661,39.5641792],[2.6191988,39.5642239],[2.6192391,39.5642435],[2.6192957,39.5642492],[2.6193582,39.5642481],[2.6194089,39.5642205],[2.6194342,39.5641757],[2.6194431,39.5641424],[2.6194372,39.5641022],[2.6194193,39.5640747],[2.619455,39.5640563],[2.6194982,39.5640425],[2.6195369,39.5640207],[2.619604,39.5639794],[2.6196338,39.5639334],[2.6196487,39.5638978],[2.6196695,39.5638909],[2.6196978,39.563876],[2.6197127,39.5638599],[2.6197216,39.5638358],[2.6197231,39.5638117],[2.6197157,39.5637819],[2.6196904,39.5637532],[2.6196472,39.5637348],[2.6196412,39.5637176],[2.6196367,39.5636946],[2.6196144,39.5636647],[2.6195846,39.5636291],[2.6195474,39.5635958],[2.6195012,39.563566],[2.6194357,39.5635361],[2.6194148,39.5634971],[2.6193761,39.563473],[2.6193299,39.5634603],[2.6192852,39.5634592],[2.6192361,39.5634707],[2.6191914,39.5635155],[2.6191825,39.5635269],[2.6191407,39.5635488]]},"properties":{"barrier":"retaining_wall"}},
{"type":"Feature","id":"w276037214","geometry":{"type":"LineString","coordinates":[[2.737561,39.8235118],[2.7375747,39.8234923],[2.7376112,39.8235095],[2.7375952,39.8235292],[2.737561,39.8235118]]},"properties":{"building":"yes","disused":"yes","historic":"yes","ruins":"yes","source":"survey;Bing WMS"}},
{"type":"Feature","id":"w276037215","geometry":{"type":"LineString","coordinates":[[2.7375447,39.8235307],[2.737579,39.8235481],[2.7375952,39.8235292],[2.737561,39.8235118],[2.7375447,39.8235307]]},"properties":{"building":"yes","disused":"yes","historic":"yes","ruins":"yes","source":"survey;Bing WMS"}},
{"type":"Feature","id":"w276050637","geometry":{"type":"LineString","coordinates":[[2.8250479,39.3977743],[2.8251556,39.3977238],[2.8251276,39.3976702],[2.8250517,39.3976148],[2.8249725,39.3977059],[2.8250479,39.3977743]]},"properties":{"barrier":"wall","historic":"ruins"}},
{"type":"Feature","id":"w276050640","geometry":{"type":"LineString","coordinates":[[2.8248306,39.3982338],[2.8248017,39.3982149],[2.8247639,39.3982128],[2.8247318,39.3982282],[2.8247175,39.3982553],[2.8247266,39.3982837],[2.8247555,39.3983026],[2.8247933,39.3983047],[2.8248254,39.3982893],[2.8248397,39.3982622],[2.8248306,39.3982338]]},"properties":{"barrier":"wall","historic":"ruins","name":"talaiot"}},
{"type":"Feature","id":"w276050642","geometry":{"type":"LineString","coordinates":[[2.8245161,39.3972341],[2.8244784,39.3972423],[2.824453,39.397271],[2.824457,39.3972988],[2.824466,39.3973176],[2.8244898,39.397336],[2.8245199,39.3973422],[2.8245413,39.397334],[2.8245623,39.3973122],[2.8245687,39.3972787],[2.8245626,39.3972668],[2.8245476,39.3972471],[2.8245161,39.3972341]]},"properties":{"barrier":"wall","historic":"ruins"}},
{"type":"Feature","id":"w276050644","geometry":{"type":"LineString","coordinates":[[2.8235812,39.3975693],[2.8236169,39.3976507],[2.8236611,39.397703],[2.8237418,39.3977395],[2.8238075,39.3977769],[2.8238331,39.3977605],[2.8238951,39.3977997],[2.8239916,39.3978442],[2.8242225,39.3979593],[2.8242129,39.3979839],[2.8241703,39.3980169],[2.8241364,39.398092],[2.8242115,39.3981204],[2.8243133,39.3981366],[2.8243805,39.398143],[2.8244496,39.398134],[2.8244769,39.3980862],[2.8245772,39.3980698],[2.8246507,39.3980965],[2.8247386,39.3980298],[2.8247601,39.3980017],[2.8247599,39.3979765],[2.8247422,39.3979381],[2.8246937,39.3979133],[2.8245145,39.397869],[2.8244489,39.3978474],[2.8242775,39.3977505],[2.8241511,39.3976951],[2.8241707,39.3976446],[2.8241139,39.3976313],[2.8240784,39.3976059],[2.8241327,39.397555],[2.8240935,39.3975344],[2.8240533,39.3975075],[2.823973,39.3975051],[2.8238706,39.3974536],[2.823825,39.3974201],[2.8237346,39.397297],[2.8236076,39.3972628],[2.8234771,39.3972879],[2.823402,39.3973823],[2.823451,39.397453],[2.8235438,39.3975476],[2.8235812,39.3975693]]},"properties":{"historic":"archaeological_site","wikidata":"Q16620555","wikipedia":"es:Poblado prehistórico de Capocorb Vell"}},
{"type":"Feature","id":"w278075021","geometry":{"type":"LineString","coordinates":[[2.4193302,39.5738467],[2.4194224,39.5736085],[2.4192793,39.5735756],[2.419264,39.573615],[2.4191017,39.5735776],[2.4190623,39.5736794],[2.419264,39.5737258],[2.4192584,39.5737405],[2.4192027,39.5737277],[2.4191603,39.5738374],[2.4192658,39.5738616],[2.4192763,39.5738343],[2.4193302,39.5738467]]},"properties":{"amenity":"theatre","building":"yes","name":"Sa Teulera","name:ca":"Sa Teulera"}},
{"type":"Feature","id":"w279318783","geometry":{"type":"LineString","coordinates":[[3.4117896,39.6675925],[3.4116291,39.6674854],[3.4117504,39.6673778],[3.4119108,39.6674848],[3.4117896,39.6675925]]},"properties":{"building":"yes","man_made":"tower","name":"Torre de Canyamel","name:ca":"Torre de Canyamel","place":"locality","tourism":"attraction","tower:type":"defensive","wikidata":"Q1486776","wikimedia_commons":"Category:Torre de Canyamel"}},
{"type":"Feature","id":"w280043803","geometry":{"type":"LineString","coordinates":[[3.1114756,39.6489821],[3.1117093,39.6490346],[3.111742,39.6489495],[3.1115078,39.648896],[3.1114756,39.6489821]]},"properties":{"amenity":"arts_centre","building":"yes","name":"Son Siurana","name:ca":"Son Siurana"}},
{"type":"Feature","id":"w280418890","geometry":{"type":"LineString","coordinates":[[3.3530211,39.696372],[3.3530387,39.6963232],[3.3531291,39.6962798],[3.3531028,39.6962455],[3.3531575,39.6962265],[3.3531806,39.6962621],[3.3534902,39.6961172],[3.3536442,39.6961354],[3.3536929,39.6960698],[3.3537851,39.6961189],[3.3538668,39.6962315],[3.3539158,39.6962013],[3.3539476,39.6962373],[3.3538797,39.6962621],[3.3539272,39.6962803],[3.3540291,39.696321],[3.3541037,39.6963645],[3.3541502,39.6963585],[3.3541601,39.6963766],[3.3541333,39.6963957],[3.3541107,39.6963986],[3.3540637,39.6964526],[3.3539059,39.6965149],[3.3538208,39.6965662],[3.3537124,39.696598],[3.3536417,39.6966086],[3.3536016,39.6965993],[3.353505,39.6965817],[3.3534952,39.6965958],[3.3534816,39.6965998],[3.3534714,39.6965968],[3.3534659,39.6965918],[3.3534705,39.6965669],[3.3534283,39.6965532],[3.3532634,39.6964968],[3.3532553,39.6965134],[3.3532365,39.6965121],[3.3532193,39.6965043],[3.3532242,39.696484],[3.35313,39.696443],[3.3530516,39.6963959],[3.3530007,39.6964076],[3.35299,39.6964001],[3.352983,39.6963819],[3.3530211,39.696372]]},"properties":{"alt_name":"Almudaina d’Artà","comment":"Almudaina d’Artà refers to the wall, the only remains of the previous castle. Sant Salvador is the church located within the walls.","historic":"castle","name":"Sant Salvador","name:ca":"Sant Salvador","toilets:wheelchair":"yes","wheelchair":"yes","wikidata":"Q2649795","wikimedia_commons":"Category:Sant Salvador d’Artà","wikipedia":"de:Almudaina d’Artà"}},
{"type":"Feature","id":"w283796014","geometry":{"type":"LineString","coordinates":[[3.3489459,39.6937086],[3.349004,39.6936902],[3.34902,39.6937187],[3.349036,39.6937131],[3.349051,39.6937371],[3.3490734,39.6937289],[3.3490914,39.6937222],[3.3491137,39.6937141],[3.3491424,39.6937035],[3.349205,39.6937974],[3.3492598,39.6938796],[3.3493663,39.6938345],[3.3492849,39.6937268],[3.3492588,39.6936922],[3.3492335,39.6936586],[3.3492143,39.6936333],[3.3491787,39.6935862],[3.3491561,39.6935563],[3.3491268,39.6935176],[3.3490407,39.6935557],[3.3490551,39.6935775],[3.3489054,39.6936308],[3.3489459,39.6937086]]},"properties":{"amenity":"marketplace","building":"yes","building:levels":"1","check_date":"2026-03-03","name":"Sa Central","name:ca":"Sa Central","roof:shape":"flat","wheelchair":"yes"}},
{"type":"Feature","id":"w283799874","geometry":{"type":"LineString","coordinates":[[3.3513214,39.6950343],[3.3513744,39.6950025],[3.3514007,39.6950335],[3.351402,39.6950351],[3.3514131,39.6950266],[3.3514496,39.6949989],[3.3513796,39.69493],[3.3513822,39.6949233],[3.3513359,39.6948706],[3.3513235,39.6948766],[3.3512659,39.6948063],[3.3512338,39.6948213],[3.3512143,39.6948323],[3.3512055,39.6948233],[3.351164,39.694842],[3.3513214,39.6950343]]},"properties":{"building":"yes","building:levels":"3","fee":"yes","name":"Museu Regional","name:ca":"Museu Regional","roof:shape":"flat","tourism":"museum"}},
{"type":"Feature","id":"w291799259","geometry":{"type":"LineString","coordinates":[[2.9316276,39.1524298],[2.9316598,39.1524256],[2.9317,39.1524277],[2.9317316,39.1523924],[2.9317846,39.1524229],[2.9317654,39.1524503],[2.9318475,39.1524963],[2.9318905,39.1526086],[2.9318615,39.1526471],[2.9318234,39.1526565],[2.93181,39.152644],[2.9317107,39.152644],[2.9316544,39.1525566],[2.9316196,39.1524734],[2.9316276,39.1524298]]},"properties":{"building":"yes","castle_type":"defensive","historic":"castle","name":"Es Castell","name:ca":"Es Castell","ruins":"castle","source":"survey"}},
{"type":"Feature","id":"w293497014","geometry":{"type":"LineString","coordinates":[[3.2649767,39.5965991],[3.2649635,39.5965733],[3.2648382,39.5966113],[3.2648127,39.5965613],[3.2649945,39.5965063],[3.2649945,39.5964804],[3.2650514,39.5964622],[3.2650458,39.5964518],[3.2650788,39.5964413],[3.2650113,39.596313],[3.2650804,39.5962938],[3.2651274,39.5963876],[3.2654353,39.5962959],[3.2654525,39.5963303],[3.2654668,39.5963261],[3.2654867,39.5963657],[3.265476,39.596376],[3.2654911,39.5964058],[3.2650101,39.5965516],[3.2650267,39.596584],[3.2649767,39.5965991]]},"properties":{"historic":"archaeological_site","name":"Basílica de Son Peretó","name:ca":"Basílica de Son Peretó","wikidata":"Q810130","wikimedia_commons":"Category:Basílica Paleocristiana de Son Peretó","wikipedia":"ca:Basílica de Son Peretó"}},
{"type":"Feature","id":"w293567375","geometry":{"type":"LineString","coordinates":[[2.4806983,39.5075743],[2.4806554,39.5075784],[2.4805588,39.5075764],[2.4804918,39.5075764],[2.4804596,39.507535],[2.4804623,39.5075081],[2.4804676,39.5074853],[2.4804676,39.5074439],[2.4804757,39.507386],[2.4804864,39.5073529],[2.4805991,39.507326],[2.4806232,39.5073197],[2.4806634,39.5073425],[2.4806393,39.5073694],[2.4805883,39.507448],[2.4806691,39.5074557],[2.4807341,39.5075616],[2.4806983,39.5075743]]},"properties":{"historic":"archaeological_site","name":"Puig de Sa Morisca","name:ca":"Puig de Sa Morisca","wikidata":"Q6092629","wikimedia_commons":"Category:Puig de la Morisca (parc arqueològic)","wikipedia":"ca:Puig de Sa Morisca (jaciment arqueològic)"}},
{"type":"Feature","id":"w294583909","geometry":{"type":"LineString","coordinates":[[2.6950676,39.697797],[2.6951965,39.6978759]]},"properties":{"bridge":"yes","electrified":"contact_line","fixme":"layer?","frequency":"0","gauge":"914","name":"Tren de Sóller","name:ca":"Tren de Sóller","passenger_lines":"1","railway":"narrow_gauge","start_date":"1912","usage":"branch","voltage":"1200"}},
{"type":"Feature","id":"w294583910","geometry":{"type":"LineString","coordinates":[[2.6951965,39.6978759],[2.6953622,39.6979808],[2.6956775,39.6983115],[2.695798,39.6984724]]},"properties":{"electrified":"contact_line","fixme":"layer?","frequency":"0","gauge":"914","name":"Tren de Sóller","name:ca":"Tren de Sóller","passenger_lines":"1","railway":"narrow_gauge","start_date":"1912","usage":"branch","voltage":"1200"}},
{"type":"Feature","id":"w295347150","geometry":{"type":"LineString","coordinates":[[2.6671883,39.6362349],[2.667766,39.6370998],[2.6683019,39.6378979],[2.6685674,39.6382819],[2.6687745,39.6385944],[2.671845,39.643115],[2.6745718,39.647134],[2.6761135,39.6494457],[2.6766488,39.6504022],[2.677049,39.651275],[2.6791982,39.6565785],[2.6805944,39.6600395],[2.6813875,39.6619627],[2.6830174,39.6659864],[2.68314,39.6662895],[2.6835679,39.6673399],[2.6836405,39.6675145],[2.6837034,39.6676707],[2.68373,39.6677342],[2.684305,39.6691688],[2.6847145,39.6703043],[2.6847958,39.6706272],[2.6851107,39.673392],[2.6851942,39.6741252],[2.6852347,39.6744333],[2.6853157,39.6751833],[2.6856729,39.678332],[2.6857393,39.6785983],[2.6858077,39.6787882],[2.685907,39.6790132],[2.6860062,39.6792207],[2.6861393,39.6794368],[2.6862999,39.6796542],[2.6864813,39.6798647],[2.6873822,39.6807421],[2.6881311,39.6814802],[2.688242,39.6816549]]},"properties":{"electrified":"contact_line","frequency":"0","gauge":"914","name":"Tren de Sóller","name:ca":"Tren de Sóller","passenger_lines":"1","railway":"narrow_gauge","start_date":"1912","usage":"branch","voltage":"1200"}},
{"type":"Feature","id":"w295347151","geometry":{"type":"LineString","coordinates":[[2.666878,39.6357691],[2.6671883,39.6362349]]},"properties":{"bridge":"yes","electrified":"contact_line","fixme":"layer?","frequency":"0","gauge":"914","name":"Tren de Sóller","name:ca":"Tren de Sóller","passenger_lines":"1","railway":"narrow_gauge","start_date":"1912","usage":"branch","voltage":"1200"}},
{"type":"Feature","id":"w295348136","geometry":{"type":"LineString","coordinates":[[2.6883122,39.6817672],[2.6884717,39.6820864],[2.6886147,39.6824781],[2.6886412,39.6826344]]},"properties":{"electrified":"contact_line","fixme":"layer?","frequency":"0","gauge":"914","name":"Tren de Sóller","name:ca":"Tren de Sóller","passenger_lines":"1","railway":"narrow_gauge","start_date":"1912","usage":"branch","voltage":"1200"}},
{"type":"Feature","id":"w295348137","geometry":{"type":"LineString","coordinates":[[2.688242,39.6816549],[2.6883122,39.6817672]]},"properties":{"bridge":"yes","electrified":"contact_line","fixme":"layer?","frequency":"0","gauge":"914","name":"Tren de Sóller","name:ca":"Tren de Sóller","passenger_lines":"1","railway":"narrow_gauge","start_date":"1912","usage":"branch","voltage":"1200"}},
{"type":"Feature","id":"w295500564","geometry":{"type":"LineString","coordinates":[[2.6207084,39.5456543],[2.6212994,39.5459332],[2.6212994,39.5459768],[2.6213189,39.5460162],[2.6213471,39.5460434],[2.6213806,39.5460625],[2.6214124,39.5460734],[2.6214441,39.546072],[2.6215517,39.5463659],[2.6224886,39.5465196],[2.6225321,39.5465729],[2.6225808,39.5465931],[2.622824,39.5466008],[2.6228403,39.5467547],[2.622854,39.5467672],[2.6228715,39.5467758],[2.6228914,39.5467835],[2.6229176,39.5467845],[2.623111,39.5467364],[2.623242,39.5469115],[2.6232632,39.5469259],[2.6232856,39.5469317],[2.6233093,39.5469317],[2.6233418,39.5469278],[2.6233655,39.5469182],[2.6233755,39.5469028],[2.6235801,39.5465478],[2.6241502,39.5462419],[2.6242598,39.5461245],[2.624225,39.5459404],[2.6242518,39.5457823],[2.624006,39.5456719],[2.6227266,39.5456271],[2.6215107,39.5455781],[2.620678,39.5455455],[2.6207084,39.5456543]]},"properties":{"description:en":"Castle built in the 1600s. Now houses a military museum.","fee":"no","historic":"castle","name":"Castell de Sant Carles","name:ca":"Castell de Sant Carles","name:es":"Castillo de San Carlos","old_name":"castell de Portopí","tourism":"attraction","website":"http://www.museomilitarsancarlos.com","wikidata":"Q577830","wikimedia_commons":"Category:Fortalesa de Sant Carles","wikipedia":"ca:Fortalesa de Sant Carles"}},
{"type":"Feature","id":"w296686101","geometry":{"type":"LineString","coordinates":[[2.7606117,39.6173131],[2.7605835,39.6172632],[2.7607955,39.6171921],[2.7608233,39.6172412],[2.7607817,39.6172552],[2.7607895,39.617269],[2.7607691,39.6172759],[2.7607751,39.6172865],[2.7606877,39.6173158],[2.7606839,39.6173091],[2.7606626,39.6173162],[2.760653,39.6172992],[2.7606117,39.6173131]]},"properties":{"addr:postcode":"07141","amenity":"arts_centre","building":"yes","name":"Centre Cultural S'Escorxador"}},
{"type":"Feature","id":"w299677073","geometry":{"type":"LineString","coordinates":[[2.9015456,39.7553229],[2.9015814,39.7552911],[2.901644,39.7552388],[2.9016893,39.7552585],[2.9017311,39.7552187],[2.9017679,39.7551699],[2.9019215,39.7552578],[2.901791,39.755354],[2.9017572,39.7553267],[2.9016955,39.7553838],[2.9016745,39.7554057],[2.9015456,39.7553229]]},"properties":{"amenity":"theatre","building":"yes","name":"Es Centre"}},
{"type":"Feature","id":"w301812472","geometry":{"type":"LineString","coordinates":[[2.5043137,39.5651877],[2.5043311,39.5650927],[2.5043418,39.5650923],[2.5043454,39.5650614],[2.5043533,39.5650613],[2.5043539,39.5650664],[2.5044045,39.5650824],[2.5044028,39.5650983],[2.5044381,39.5651023],[2.5044376,39.5651091],[2.504683,39.5651801],[2.5046126,39.5652914],[2.5044041,39.5652303],[2.5044085,39.565213],[2.504337,39.5652087],[2.5043137,39.5651877]]},"properties":{"amenity":"theatre","building":"yes","name":"Sa Societat","name:ca":"Sa Societat","wikidata":"Q46591671","wikipedia":"ca:Sa Societat"}},
{"type":"Feature","id":"w301945453","geometry":{"type":"LineString","coordinates":[[2.5774548,39.5459629],[2.5777567,39.5461903],[2.5780967,39.545922],[2.5780197,39.545864],[2.5779624,39.5459093],[2.5778386,39.545816],[2.5778689,39.545792],[2.5778309,39.5457633],[2.5778585,39.5457416],[2.5777953,39.5456941],[2.5774548,39.5459629]]},"properties":{"building":"yes","historic":"castle","name":"Castell de Bendinat","name:ca":"Castell de Bendinat","name:es":"Castillo de Bendinat","wikidata":"Q63903002","wikimedia_commons":"Category:Castell de Bendinat","wikipedia":"es:Castillo de Bendinat"}},
{"type":"Feature","id":"w303079462","geometry":{"type":"LineString","coordinates":[[2.6466245,39.5710246],[2.6465321,39.571026],[2.6465306,39.5710269],[2.6464838,39.5710268],[2.6463542,39.5710278],[2.6462514,39.5710234],[2.6461661,39.5710199],[2.6461583,39.5710176],[2.6461504,39.5710128],[2.6461451,39.571008],[2.6460913,39.5708988],[2.6460856,39.5708891],[2.6461642,39.5708555],[2.6461611,39.5708478],[2.6462256,39.5708316],[2.6465167,39.570762],[2.6465977,39.5709597],[2.6466245,39.5710246]]},"properties":{"amenity":"arts_centre","building":"yes","heritage":"3","heritage:operator":"Consell de Mallorca","name":"Casal Solleric","name:ca":"Casal Solleric","website":"https://casalsolleric.palma.es/","wikidata":"Q18003816","wikimedia_commons":"Category:Casal Solleric","wikipedia":"ca:Casal Solleric"}},
{"type":"Feature","id":"w303572512","geometry":{"type":"LineString","coordinates":[[2.4510828,39.5411499],[2.4513081,39.5411561],[2.4513308,39.5408757],[2.4510989,39.540876],[2.4510828,39.5411499]]},"properties":{"amenity":"theatre","building":"yes","name":"Auditori","name:ca":"Auditori"}},
{"type":"Feature","id":"w304042361","geometry":{"type":"LineString","coordinates":[[2.4663156,39.5129673],[2.4662998,39.512975],[2.4662817,39.5129785],[2.4662631,39.5129775],[2.4662457,39.5129722],[2.4662314,39.5129629],[2.4662216,39.5129507],[2.4662169,39.5129352],[2.4662194,39.5129194],[2.4662288,39.5129052],[2.4662439,39.5128943],[2.4662628,39.512888],[2.4662834,39.5128872],[2.4663032,39.5128917],[2.4663197,39.5129013],[2.4663311,39.5129145],[2.4663357,39.5129285],[2.4663345,39.5129429],[2.4663276,39.5129563],[2.4663156,39.5129673]]},"properties":{"historic":"memorial","name":"creu del Rei en Jaume","name:ca":"creu del Rei en Jaume","name:es":"Cruz del desembarco","wheelchair":"limited","wikidata":"Q107466737","wikimedia_commons":"Category:Creu del desembarcament de Jaume I a Mallorca"}},
{"type":"Feature","id":"w304584379","geometry":{"type":"LineString","coordinates":[[2.7747591,39.6486699],[2.7746649,39.6487929],[2.7746674,39.6487939],[2.7746694,39.6487946],[2.7746726,39.648796],[2.7746483,39.6488343],[2.77459,39.6489237],[2.7745712,39.6489159],[2.7745793,39.6489053],[2.7744311,39.6488505],[2.7744712,39.6488168],[2.7744821,39.6488067],[2.7744842,39.6487949],[2.7744836,39.6487841],[2.7744874,39.648773],[2.7744987,39.6487624],[2.7744843,39.6487062],[2.77451,39.6486912],[2.7743243,39.6486233],[2.7743429,39.6485925],[2.7743856,39.6485279],[2.774478,39.6485649],[2.7744781,39.6485816],[2.7744781,39.6485896],[2.7745496,39.6485924],[2.7745568,39.648593],[2.7745618,39.6485945],[2.7745705,39.6485974],[2.7746901,39.648667],[2.7747097,39.6486784],[2.7747591,39.6486699]]},"properties":{"addr:city":"Santa Maria del Camí","addr:housenumber":"16","addr:postcode":"07320","addr:street":"Carrer de Jaume I","amenity":"theatre","building":"yes","building:levels":"2","check_date":"2024-08-24","name":"Ses Cases des Mestres","not:operator:wikidata":"Q6126026","smoking":"no","wheelchair":"yes"}},
{"type":"Feature","id":"w304606737","geometry":{"type":"LineString","coordinates":[[2.7782216,39.6473591],[2.778331,39.6472716],[2.7781933,39.647202],[2.7781021,39.6472947],[2.7782216,39.6473591]]},"properties":{"building":"yes","fee":"no","height":"8.5","name":"Ca s'Apotecari","name:ca":"Ca s'Apotecari","operator":"Ajuntament de Santa Maria del Camí","operator:type":"government","smoking":"outside","tourism":"museum","wikidata":"Q31074672","wikipedia":"ca:Ca s'Apotecari"}},
{"type":"Feature","id":"w305206241","geometry":{"type":"LineString","coordinates":[[2.7821097,39.7972412],[2.7821397,39.7972688],[2.7821177,39.7972829],[2.7820878,39.7972553],[2.7821097,39.7972412]]},"properties":{"barrier":"wall","name":"Cases de Neu","name:ca":"Cases de Neu","name:es":"Casas de Nieve","tourism":"attraction","wikidata":"Q8348142","wikipedia":"es:Coma de n'Arbona"}},
{"type":"Feature","id":"w305206242","geometry":{"type":"LineString","coordinates":[[2.7823312,39.7976306],[2.7823541,39.7977022],[2.7823112,39.7977103],[2.7822883,39.7976387],[2.7823312,39.7976306]]},"properties":{"barrier":"wall","name":"Casa dels nevaters","name:ca":"Casa dels nevaters","name:es":"Casas de Nieve","tourism":"attraction","wikidata":"Q8348142","wikipedia":"es:Coma de n'Arbona"}},
{"type":"Feature","id":"w305261986","geometry":{"type":"LineString","coordinates":[[3.2093661,39.7241386],[3.2092852,39.724077],[3.2093668,39.7240153],[3.2094485,39.7240776],[3.2093661,39.7241386]]},"properties":{"alt_name":"Talaiot de sa Cova de sa Nineta","archaeological_site":"megalith","historic":"archaeological_site","megalith_type":"talaiot","name":"Talaiot de sa Nineta","name:ca":"Talaiot de sa Cova de sa Nineta","ruins":"yes","wikidata":"Q1307222","wikimedia_commons":"Category:Talaiot de sa Cova de sa Nineta","wikipedia":"de:Talaiot de sa Cova de sa Nineta"}},
{"type":"Feature","id":"w305393326","geometry":{"type":"LineString","coordinates":[[2.6268941,39.5691115],[2.6267615,39.5691162],[2.6267607,39.5691021],[2.6264646,39.5691127],[2.6264141,39.5691146],[2.6264169,39.5691619],[2.6264318,39.5691614],[2.6264382,39.5692979],[2.6269062,39.56928],[2.6268987,39.5691696],[2.6268941,39.5691115]]},"properties":{"amenity":"place_of_worship","building":"church","denomination":"catholic","historic":"monastery","name":"Santa Teresa","name:ca":"Santa Teresa","religion":"christian"}},
{"type":"Feature","id":"w306587198","geometry":{"type":"LineString","coordinates":[[3.4514329,39.7382916],[3.4514336,39.7382972],[3.4514366,39.7383022],[3.4514416,39.7383063],[3.4514481,39.7383089],[3.4514553,39.7383097],[3.4514624,39.7383086],[3.4514687,39.7383059],[3.4514734,39.7383018],[3.4514762,39.7382967],[3.4514767,39.7382912],[3.4514748,39.7382859],[3.4514709,39.7382813],[3.4514652,39.7382779],[3.4514584,39.7382762],[3.4514512,39.7382762],[3.4514443,39.738278],[3.4514386,39.7382814],[3.4514347,39.7382861],[3.4514329,39.7382916]]},"properties":{"building":"yes","historic":"ruins","man_made":"tower","name":"Talaia de Son Jaumell","name:ca":"Talaia de Son Jaumell","note":"Signal tower","ruins":"yes","tower:type":"defensive","wikidata":"Q18028345","wikimedia_commons":"Category:Talaia de Son Jaumell"}},
{"type":"Feature","id":"w307781617","geometry":{"type":"LineString","coordinates":[[2.5000592,39.6836939],[2.5000607,39.6837016],[2.5000588,39.6837093],[2.5000535,39.6837159],[2.5000456,39.6837208],[2.500036,39.6837233],[2.5000259,39.6837232],[2.5000165,39.6837204],[2.5000089,39.6837152],[2.500004,39.6837084],[2.5000024,39.6837015],[2.5000037,39.6836945],[2.5000077,39.6836882],[2.5000141,39.6836832],[2.5000222,39.6836799],[2.5000311,39.6836787],[2.5000402,39.6836797],[2.5000484,39.6836828],[2.5000549,39.6836877],[2.5000592,39.6836939]]},"properties":{"alt_name":"Torre de Ses Animes","building":"yes","heritage":"3","heritage:operator":"Consell de Mallorca","historic":"castle","man_made":"tower","name":"Torre del Verger","name:ca":"Torre del Verger","seamark:landmark:category":"tower","seamark:type":"landmark","tourism":"viewpoint","tower:type":"defensive","wikidata":"Q18008271","wikimedia_commons":"Category:Torre del Verger","wikipedia":"ca:Torre del Verger"}},
{"type":"Feature","id":"w309183659","geometry":{"type":"LineString","coordinates":[[2.8226816,39.3976845],[2.8249044,39.3984604],[2.8250956,39.3984056],[2.8251565,39.3983484],[2.8254282,39.3977094],[2.8254336,39.3975933],[2.8253335,39.3974199],[2.8246074,39.3968264],[2.8244967,39.3968105],[2.8241839,39.3967904],[2.8239369,39.3968845],[2.8234756,39.3970918],[2.8229595,39.3973821],[2.8228002,39.3975202],[2.8226816,39.3976845]]},"properties":{"fee":"yes","historic":"archaeological_site","name":"Capocorb Vell","wikidata":"Q16620555","wikipedia":"es:Poblado prehistórico de Capocorb Vell"}},
{"type":"Feature","id":"w309183663","geometry":{"type":"LineString","coordinates":[[2.8247112,39.3981121],[2.8246865,39.3981485],[2.8246887,39.398293],[2.8247273,39.398325],[2.8248086,39.3983385],[2.8248762,39.3983228],[2.8249167,39.398305],[2.8249526,39.3982552],[2.8249223,39.3981666],[2.8247825,39.3981241],[2.8247112,39.3981121]]},"properties":{"highway":"footway","source":"survey"}},
{"type":"Feature","id":"w309183665","geometry":{"type":"LineString","coordinates":[[2.8246856,39.3970419],[2.8246299,39.3970706],[2.8245557,39.397109],[2.8244162,39.3971255],[2.8243498,39.3971719],[2.8243029,39.3972495],[2.8242499,39.3974116],[2.8241051,39.3975111],[2.82403,39.3974986],[2.8239602,39.3974986],[2.8237296,39.3977018],[2.8242285,39.3979422],[2.8243135,39.397998],[2.8244105,39.3980395],[2.8245023,39.3980699],[2.8245128,39.3980748],[2.8246361,39.3980624],[2.8247112,39.3981121],[2.8247656,39.3980117],[2.8248591,39.397938],[2.8250856,39.3977815],[2.8251766,39.3977098],[2.825093,39.397576],[2.8249687,39.3974199],[2.824781,39.3972002],[2.8246299,39.3970706]]},"properties":{"highway":"footway","source":"survey"}},
{"type":"Feature","id":"w309183666","geometry":{"type":"LineString","coordinates":[[2.8249624,39.396899],[2.8246856,39.3970419]]},"properties":{"access":"yes","highway":"footway","source":"Bing"}},
{"type":"Feature","id":"w311436586","geometry":{"type":"LineString","coordinates":[[3.1219002,39.8524978],[3.1219936,39.852545],[3.1220364,39.8524955],[3.1220693,39.8524688],[3.1221254,39.8524983],[3.1221587,39.8524613],[3.1221937,39.8524244],[3.1220289,39.8523225],[3.1219977,39.8523649],[3.1219002,39.8524978]]},"properties":{"amenity":"library","building":"yes","historic":"manor","name":"Can Torró","name:ca":"Can Torró","operator":"Ajuntament d'Alcúdia","wikidata":"Q85806321","wikipedia":"es:Biblioteca Can Torró"}},
{"type":"Feature","id":"w323779354","geometry":{"type":"LineString","coordinates":[[2.6926835,39.7075031],[2.6923858,39.7076654]]},"properties":{"electrified":"contact_line","frequency":"0","gauge":"914","name":"Tren de Sóller","name:ca":"Tren de Sóller","passenger_lines":"1","railway":"narrow_gauge","usage":"branch","voltage":"1200"}},
{"type":"Feature","id":"w323779355","geometry":{"type":"LineString","coordinates":[[2.6928511,39.7074113],[2.6926835,39.7075031]]},"properties":{"bridge":"yes","electrified":"contact_line","frequency":"0","gauge":"914","name":"Tren de Sóller","name:ca":"Tren de Sóller","passenger_lines":"1","railway":"narrow_gauge","usage":"branch","voltage":"1200"}},
{"type":"Feature","id":"w330798262","geometry":{"type":"LineString","coordinates":[[3.2195068,39.5697497],[3.2195426,39.5697612],[3.2195301,39.5697843],[3.2195571,39.569793],[3.219549,39.5698079],[3.2195864,39.56982],[3.2195996,39.5698243],[3.2196055,39.5698134],[3.21964,39.5698245],[3.2196434,39.5698183],[3.2196542,39.5698218],[3.2196804,39.5698303],[3.2196786,39.5698338],[3.2197442,39.5698552],[3.2197393,39.5698641],[3.2197089,39.5699205],[3.2197099,39.5699208],[3.2197487,39.5699334],[3.2197507,39.5699314],[3.2198016,39.569947],[3.2198156,39.5699197],[3.219818,39.5699204],[3.2198322,39.5698932],[3.2198618,39.5698386],[3.2198895,39.5697865],[3.2199043,39.5697595],[3.2198148,39.5697306],[3.2198282,39.5697056],[3.2197891,39.569693],[3.2197929,39.5696858],[3.2197822,39.5696824],[3.2197552,39.5696737],[3.2197492,39.5696717],[3.2197479,39.5696741],[3.2197029,39.5696596],[3.2197014,39.5696623],[3.2196659,39.5696508],[3.2196639,39.5696544],[3.2196234,39.5696413],[3.2196222,39.5696435],[3.2195583,39.5696229],[3.2195525,39.5696337],[3.2195633,39.5696372],[3.2195588,39.5696455],[3.2195491,39.5696634],[3.2195444,39.5696722],[3.219539,39.5696705],[3.2195208,39.5697045],[3.2195253,39.5697059],[3.2195137,39.5697275],[3.2195182,39.5697289],[3.2195068,39.5697497]]},"properties":{"amenity":"theatre","building":"yes","building:levels":"2","height":"6","name":"Teatre municipal","name:ca":"Teatre municipal","source":"catastro","source:date":"2014-01","wikidata":"Q18005037","wikipedia":"ca:Teatre Municipal (Manacor)"}},
{"type":"Feature","id":"w331199457","geometry":{"type":"LineString","coordinates":[[3.2108683,39.5685186],[3.210871,39.5685201],[3.2109736,39.5685798],[3.210977,39.5685759],[3.210978,39.5685766],[3.2110419,39.5686171],[3.2110424,39.5686175],[3.2110498,39.5685614],[3.2110582,39.5684972],[3.2110497,39.5684955],[3.2110511,39.5684945],[3.2109472,39.5684317],[3.2109424,39.5684367],[3.2108683,39.5685186]]},"properties":{"source":"catastro","source:date":"2014-01","tourism":"museum"}},
{"type":"Feature","id":"w331366807","geometry":{"type":"LineString","coordinates":[[3.2721554,39.4360845],[3.2721431,39.4360167],[3.2721025,39.4360211],[3.2721148,39.4360889],[3.2721554,39.4360845]]},"properties":{"building":"yes","historic":"ruins"}},
{"type":"Feature","id":"w332456086","geometry":{"type":"LineString","coordinates":[[3.2174926,39.5707748],[3.2175257,39.570795],[3.2175659,39.5708195],[3.2175844,39.5708308],[3.217612,39.5708038],[3.2176159,39.5708001],[3.2176338,39.5707826],[3.2176514,39.5707655],[3.2176382,39.5707574],[3.2176234,39.5707484],[3.2175584,39.5707086],[3.2175431,39.570724],[3.2174926,39.5707748]]},"properties":{"amenity":"theatre","building":"yes","building:levels":"3","height":"9","name":"La Fornal","source":"catastro","source:date":"2014-01"}},
{"type":"Feature","id":"w332464427","geometry":{"type":"LineString","coordinates":[[3.335429,39.5424609],[3.3354964,39.5424884],[3.3355118,39.5424657],[3.3356095,39.5423297],[3.3356056,39.5423282],[3.335537,39.5423019],[3.3355195,39.5423277],[3.335456,39.5424209],[3.3354311,39.5424575],[3.335429,39.5424609]]},"properties":{"amenity":"arts_centre","building":"yes","building:levels":"1","height":"3","name":"centre de cultura","source":"catastro","source:date":"2014-01"}},
{"type":"Feature","id":"w332849639","geometry":{"type":"LineString","coordinates":[[2.7364326,39.5257212],[2.736552,39.525805],[2.7365775,39.5257874],[2.7367397,39.5258547],[2.7368376,39.5257719],[2.7367397,39.525655],[2.7367196,39.5256654],[2.7366137,39.5255847],[2.7364326,39.5257212]]},"properties":{"amenity":"theatre","building":"yes","name":"Auditori","name:ca":"Auditori"}},
{"type":"Feature","id":"w334086146","geometry":{"type":"LineString","coordinates":[[2.6471997,39.5905899],[2.6475816,39.5906703],[2.6475976,39.5906176],[2.6475771,39.5906103],[2.6476023,39.5905398],[2.6475816,39.5905364],[2.6476154,39.5904405],[2.6476226,39.5904416],[2.6476552,39.5903453],[2.6477279,39.5903521],[2.6477656,39.5902487],[2.6473307,39.5902039],[2.6471997,39.5905899]]},"properties":{"amenity":"marketplace","building":"yes","building:levels":"4","name":"Mercat municipal de Camp Redó"}},
{"type":"Feature","id":"w334165269","geometry":{"type":"LineString","coordinates":[[3.1828659,39.7368195],[3.1824951,39.7371104],[3.1826135,39.7372021],[3.1826864,39.7371463],[3.182709,39.7371638],[3.182765,39.7372072],[3.1828488,39.7371432],[3.1828128,39.7371154],[3.1828467,39.7370895],[3.1827575,39.7370204],[3.1829505,39.7368876],[3.1828659,39.7368195]]},"properties":{"building":"office","fee":"no","name":"centre d'interpretació i museu arqueològic","tourism":"museum"}},
{"type":"Feature","id":"w334272301","geometry":{"type":"LineString","coordinates":[[3.1811432,39.7463746],[3.1811387,39.7463683],[3.1811496,39.7463636],[3.1811535,39.7463702],[3.1811432,39.7463746]]},"properties":{"ele":"49.26","historic":"monument","name":"Sa Talaieta"}},
{"type":"Feature","id":"w335231238","geometry":{"type":"LineString","coordinates":[[2.9069594,39.7153764],[2.9072812,39.7156513],[2.907592,39.7159169],[2.907712,39.7158338],[2.9073957,39.7155636],[2.9070794,39.7152934],[2.9069594,39.7153764]]},"properties":{"addr:city":"inca","addr:housenumber":"223","addr:postcode":"07300","addr:street":"Carrer del General Luque","building":"yes","fee":"no","museum":"local","name":"Museu del Calçat i de la indústria","name:ca":"Museu del Calçat i de la indústria","operator":"Ajuntament d'Inca","source":"survey;Bing WMS","tourism":"museum","website":"https://museu.incaciutat.com/"}},
{"type":"Feature","id":"w338831844","geometry":{"type":"LineString","coordinates":[[3.087355,39.5683127],[3.0876798,39.56839],[3.0877255,39.5683191],[3.0876782,39.5683053],[3.0877411,39.5682059],[3.0877535,39.5682091],[3.0877389,39.5682429],[3.08777,39.5682513],[3.0877944,39.5682195],[3.0878485,39.5681329],[3.0875299,39.5680475],[3.0874566,39.5681586],[3.0875065,39.5681724],[3.0875188,39.5681495],[3.0876745,39.5681886],[3.0876435,39.568255],[3.0874273,39.5682032],[3.087355,39.5683127]]},"properties":{"amenity":"theatre","building":"yes","name":"sa Rectoria Vella"}},
{"type":"Feature","id":"w342097222","geometry":{"type":"LineString","coordinates":[[2.4871824,39.5081669],[2.487102,39.5081388],[2.4870403,39.5080808],[2.4869974,39.5080519],[2.486925,39.5080332],[2.4868794,39.5080353],[2.4867909,39.5079774],[2.4867292,39.5079505],[2.4867024,39.5079008],[2.4865924,39.5078801],[2.4865334,39.5078387],[2.4863966,39.5078387],[2.4863403,39.507787],[2.4863141,39.5077232],[2.4862491,39.5076773],[2.4862223,39.5076401],[2.4862813,39.507609],[2.4862893,39.5075656],[2.4863456,39.5075656],[2.4863778,39.5075262],[2.4864315,39.5074911],[2.486461,39.5074393],[2.4865254,39.5074269],[2.4865924,39.5073607],[2.4866273,39.5073296],[2.4866775,39.5073241]]},"properties":{"highway":"path"}},
{"type":"Feature","id":"w342097596","geometry":{"type":"LineString","coordinates":[[2.4857856,39.5063767],[2.4857287,39.5063301],[2.4857046,39.5063032],[2.4857556,39.506268],[2.4857958,39.5062101],[2.4858199,39.5061707],[2.4858468,39.5061418],[2.4858548,39.5061149],[2.4857933,39.5060783]]},"properties":{"highway":"path"}},
{"type":"Feature","id":"w343246274","geometry":{"type":"LineString","coordinates":[[2.6772445,39.6635329],[2.6771949,39.6634117],[2.6770958,39.6634263],[2.6769967,39.6631626],[2.6771255,39.6631644],[2.6771206,39.6631167],[2.6771544,39.6630886],[2.6772067,39.6630978],[2.6772453,39.6631547],[2.6774789,39.6631105],[2.6774245,39.6629352],[2.6771438,39.6629902],[2.6770851,39.6628102],[2.6770195,39.6628246],[2.6769839,39.6627116],[2.6774427,39.6626342],[2.6774951,39.6627475],[2.6776368,39.6627155],[2.6781568,39.6626499],[2.6781682,39.6627326],[2.6780829,39.6627445],[2.6780856,39.6627661],[2.6780066,39.6627739],[2.6780105,39.6627906],[2.6779475,39.6627975],[2.6779025,39.6628034],[2.677913,39.6628645],[2.6780729,39.6628511],[2.6782439,39.6628132],[2.678313,39.6630411],[2.6783424,39.6630372],[2.6783795,39.6631541],[2.6783381,39.6632383],[2.6783071,39.6632448],[2.6783148,39.6632651],[2.6782656,39.6633225],[2.6781699,39.6633414],[2.6781784,39.6633851],[2.6780263,39.6634107],[2.6780321,39.6634392],[2.677919,39.6634582],[2.6779426,39.6635357],[2.6777955,39.6635629],[2.6777721,39.6634811],[2.6777343,39.6634876],[2.6777304,39.6634634],[2.6776161,39.6634768],[2.6772445,39.6635329]]},"properties":{"amenity":"theatre","building":"yes","name":"Son Amar","name:ca":"Son Amar"}},
{"type":"Feature","id":"w343553837","geometry":{"type":"LineString","coordinates":[[3.3553545,39.5863595],[3.3577367,39.5881366],[3.3593171,39.587087],[3.3601148,39.5865602],[3.3619456,39.5853335],[3.3618839,39.5853299],[3.3609875,39.5845474],[3.3628178,39.5833102],[3.3630117,39.583179],[3.3634388,39.5829089],[3.3631394,39.5824648],[3.3628159,39.581918],[3.362686,39.5816888],[3.3626294,39.581638],[3.3625702,39.5816265],[3.3625123,39.5816265],[3.3624517,39.5816328],[3.3623587,39.5814604],[3.3622927,39.5814366],[3.3619178,39.5808109],[3.3617557,39.5809322],[3.3606499,39.5818624],[3.3553545,39.5863595]]},"properties":{"addr:city":"Porto Cristo","addr:postcode":"07680","addr:street":"Ctra. Porto Cristo-Son Servera, km 5","drive_through":"yes","fax":"+34 971 81 04 84","name":"Safari-Zoo","phone":"+34 971 81 09 09","tourism":"zoo","website":"https://www.safari-zoo.com/","zoo":"safari_park"}},
{"type":"Feature","id":"w345096693","geometry":{"type":"LineString","coordinates":[[3.1192222,39.8526593],[3.1193807,39.8525381],[3.1193663,39.8525271],[3.1192079,39.8526482],[3.1192222,39.8526593]]},"properties":{"barrier":"city_wall","historic":"citywalls"}},
{"type":"Feature","id":"w345096694","geometry":{"type":"LineString","coordinates":[[3.1200378,39.851901],[3.1200544,39.8519068],[3.1201353,39.8517715],[3.1201188,39.8517656],[3.1200378,39.851901]]},"properties":{"barrier":"city_wall","historic":"citywalls"}},
{"type":"Feature","id":"w345096695","geometry":{"type":"LineString","coordinates":[[3.1190296,39.8531018],[3.1190344,39.852983],[3.1189915,39.8529817],[3.1189884,39.8531014],[3.1190296,39.8531018]]},"properties":{"building":"yes","historic":"yes"}},
{"type":"Feature","id":"w345096696","geometry":{"type":"LineString","coordinates":[[3.1194157,39.8525076],[3.1197252,39.8522664],[3.1197109,39.852259],[3.1194019,39.8524971],[3.1194157,39.8525076]]},"properties":{"barrier":"city_wall","historic":"citywalls"}},
{"type":"Feature","id":"w345096702","geometry":{"type":"LineString","coordinates":[[3.1199316,39.8520794],[3.1197481,39.8522284],[3.1197621,39.8522385],[3.1199463,39.852089],[3.1200265,39.8519526],[3.1200097,39.8519468],[3.1199316,39.8520794]]},"properties":{"barrier":"city_wall","historic":"citywalls"}},
{"type":"Feature","id":"w345201902","geometry":{"type":"LineString","coordinates":[[3.1209159,39.8515188],[3.121475,39.8515815],[3.1219709,39.8517279],[3.1223262,39.8519085],[3.122379,39.8519285],[3.1224778,39.8519606],[3.1224963,39.8519501],[3.1223893,39.8519132],[3.1223118,39.8518795],[3.1220203,39.8517289],[3.1220484,39.8516836],[3.121999,39.8516673],[3.1219715,39.8517103],[3.1214633,39.851563],[3.1214722,39.8515135],[3.1214201,39.8515083],[3.1214119,39.8515557],[3.1209261,39.8515022],[3.1209159,39.8515188]]},"properties":{"barrier":"city_wall","heritage":"3","heritage:operator":"Consell de Mallorca","historic":"citywalls"}},
{"type":"Feature","id":"w345201903","geometry":{"type":"LineString","coordinates":[[3.1225581,39.851988],[3.1228444,39.8520687],[3.1228465,39.8520556],[3.1225778,39.8519777],[3.1225581,39.851988]]},"properties":{"barrier":"city_wall","heritage":"3","heritage:operator":"Consell de Mallorca","historic":"citywalls"}},
{"type":"Feature","id":"w346324746","geometry":{"type":"LineString","coordinates":[[3.1857686,39.7335573],[3.1857284,39.7335748],[3.1857056,39.7335738],[3.1856976,39.7335614],[3.1857123,39.7335407],[3.1857472,39.7335253],[3.1857686,39.7335573]]},"properties":{"historic":"archaeological_site"}},
{"type":"Feature","id":"w347393759","geometry":{"type":"LineString","coordinates":[[3.0557744,39.7355784],[3.0558682,39.7356304],[3.0561183,39.7352783],[3.0560114,39.735235],[3.0557744,39.7355784]]},"properties":{"amenity":"theatre","building":"yes"}},
{"type":"Feature","id":"w348028616","geometry":{"type":"LineString","coordinates":[[3.2019348,39.7480265],[3.2019193,39.7479959],[3.2019348,39.747984],[3.201932,39.7479704],[3.2020197,39.7479381],[3.2020237,39.7479484],[3.2020438,39.7479433],[3.2020616,39.7479799],[3.2019348,39.7480265]]},"properties":{"building":"bunker","historic":"ruins"}},
{"type":"Feature","id":"w348682648","geometry":{"type":"LineString","coordinates":[[3.3032644,39.7500682],[3.3032489,39.7500706],[3.3032332,39.7500689],[3.3032192,39.7500632],[3.3032092,39.750055],[3.303203,39.7500447],[3.3032013,39.7500336],[3.3032041,39.7500225],[3.3032114,39.7500127],[3.3032222,39.7500051],[3.3032356,39.7500005],[3.3032501,39.7499993],[3.3032644,39.7500017],[3.303278,39.750008],[3.303288,39.7500174],[3.3032933,39.7500289],[3.3032933,39.7500411],[3.303288,39.7500525],[3.303278,39.7500619],[3.3032644,39.7500682]]},"properties":{"archaeological_site":"megalith","historic":"archaeological_site","megalith_type":"chamber","name":"Sepulcre megalític de s’Aigua Dolça","name:ca":"Sepulcre megalític de s’Aigua Dolça","wikidata":"Q1235977","wikimedia_commons":"Category:Dolmen de s’Aigua Dolça","wikipedia":"ca:Dolmen de s'Aigua Dolça"}},
{"type":"Feature","id":"w348694682","geometry":{"type":"LineString","coordinates":[[3.2562212,39.731612],[3.2562438,39.7316019],[3.2562564,39.7316175],[3.2562322,39.7316261],[3.2562212,39.731612]]},"properties":{"historic":"ruins","name":"Barraca de Sa Quarentena"}},
{"type":"Feature","id":"w349340722","geometry":{"type":"LineString","coordinates":[[3.1100957,39.9036924],[3.110265,39.9036787],[3.1103566,39.9037844],[3.1102908,39.9038974],[3.1102147,39.9039025],[3.1101288,39.9039083],[3.110029,39.9038089],[3.1100957,39.9036924]]},"properties":{"building":"yes","building:levels":"2","castle_type":"defensive","historic":"castle","name":"La Fortalesa"}},
{"type":"Feature","id":"w349579894","geometry":{"type":"LineString","coordinates":[[3.3385854,39.7381127],[3.3385231,39.7379477],[3.3383802,39.737985],[3.3384135,39.7380565],[3.3384659,39.7380487],[3.3384919,39.7381329],[3.3385854,39.7381127]]},"properties":{"building":"detached","historic":"ruins","name":"Can Ros","name:ca":"Can Ros"}},
{"type":"Feature","id":"w356256630","geometry":{"type":"LineString","coordinates":[[2.6401592,39.6671156],[2.6402941,39.6671075],[2.6406749,39.6670726],[2.6407544,39.6669337],[2.6410574,39.6669188],[2.6410682,39.6663012],[2.6400761,39.6662849],[2.6401592,39.6671156]]},"properties":{"craft":"glaziery","landuse":"commercial","name":"Lafiore","opening_hours":"09:00-18:00; Sa 09:00-13:45; Dec-Jan Mo-Fr 09:00-14:00","phone":"+34 971611800","shop":"yes","tourism":"attraction"}},
{"type":"Feature","id":"w356325602","geometry":{"type":"LineString","coordinates":[[3.372023,39.5580505],[3.3722787,39.5584521],[3.3724419,39.5585151],[3.3726964,39.5584725],[3.3722715,39.5579524],[3.372023,39.5580505]]},"properties":{"historic":"archaeological_site","name":"Castellot de Cala Morlanda"}},
{"type":"Feature","id":"w356969527","geometry":{"type":"LineString","coordinates":[[2.4809333,39.6534077],[2.480984,39.653382],[2.4810129,39.6534157],[2.4810347,39.6534046],[2.4810668,39.6534421],[2.4810557,39.6534477],[2.4809943,39.6534789],[2.4809333,39.6534077]]},"properties":{"building":"yes","historic":"yes","man_made":"tower","name":"Torre de Tem Alemany","tower:type":"defensive"}},
{"type":"Feature","id":"w358588602","geometry":{"type":"LineString","coordinates":[[3.0022758,39.7000554],[3.0026831,39.7001528],[3.0026989,39.700022],[3.002604,39.6999885],[3.0025922,39.7000281],[3.0023193,39.6999489],[3.0022758,39.7000554]]},"properties":{"amenity":"theatre","building":"yes"}},
{"type":"Feature","id":"w358963815","geometry":{"type":"LineString","coordinates":[[3.359518,39.621086],[3.3593722,39.6211756],[3.358989,39.6214404],[3.3588205,39.6213167],[3.3591632,39.621061],[3.3593442,39.6209152],[3.3594707,39.6208144],[3.3595688,39.6208471],[3.3596185,39.6208639],[3.3594705,39.621055],[3.359518,39.621086]]},"properties":{"architect":"Joan Rubió i Bellver","description":"unfinished church in neo-gothic style","historic":"ruins","name":"Església Nova","name:ca":"Església Nova","tourism":"attraction"}},
{"type":"Feature","id":"w361977278","geometry":{"type":"LineString","coordinates":[[2.7150149,39.7682048],[2.7153309,39.7682205],[2.7153479,39.7680145],[2.7150251,39.7679993],[2.7150198,39.7680818],[2.7150171,39.7681256],[2.7150149,39.7682048]]},"properties":{"amenity":"theatre","building":"yes","name":"Victòria"}},
{"type":"Feature","id":"w367592698","geometry":{"type":"LineString","coordinates":[[3.0222746,39.7706396],[3.0220629,39.7709047],[3.0218142,39.7707763],[3.0219172,39.7706378],[3.0220852,39.7707371],[3.0221849,39.7705907],[3.0222746,39.7706396]]},"properties":{"addr:housenumber":"25","addr:street":"Carrer Rosari","amenity":"theatre","building":"yes","name":"Sa Congregació","operator":"Ajuntament de Sa Pobla"}},
{"type":"Feature","id":"w370793913","geometry":{"type":"LineString","coordinates":[[2.9094752,39.722803],[2.9096898,39.7225945],[2.9094049,39.7224727],[2.9093897,39.7224881],[2.9092647,39.7224309],[2.9090834,39.7226165],[2.9094197,39.7228047],[2.9094419,39.7227838],[2.9094752,39.722803]]},"properties":{"amenity":"theatre","building":"yes","name":"Principal"}},
{"type":"Feature","id":"w372794760","geometry":{"type":"LineString","coordinates":[[2.6476046,39.5715769],[2.6475593,39.5717826],[2.6475694,39.5717889],[2.6475676,39.5718428],[2.6475566,39.5718465],[2.6476224,39.5719737],[2.6477709,39.5719009],[2.6478192,39.5718754],[2.6479224,39.5718196],[2.6479215,39.5718169],[2.6478353,39.5717911],[2.6478494,39.5716081],[2.6476046,39.5715769]]},"properties":{"building":"apartments","name":"Casal Balaguer","tourism":"museum","website":"https://canbalaguer.palma.es/","wikidata":"Q105946604","wikimedia_commons":"Category:Can Balaguer (Palma)","wikipedia":"ca:Can Balaguer"}},
{"type":"Feature","id":"w374362193","geometry":{"type":"LineString","coordinates":[[3.1232749,39.8522625],[3.1234766,39.8523993],[3.1234831,39.8523835],[3.1232889,39.8522528],[3.1232749,39.8522625]]},"properties":{"barrier":"city_wall","historic":"citywalls"}},
{"type":"Feature","id":"w374362195","geometry":{"type":"LineString","coordinates":[[3.1190222,39.8538065],[3.1192191,39.8540063],[3.1191725,39.8540347],[3.1192075,39.85407],[3.1192588,39.8540421],[3.1195793,39.854259],[3.1195422,39.8542896],[3.1195848,39.8543201],[3.1196255,39.8542869],[3.1199908,39.8544765],[3.1199581,39.8545113],[3.1200032,39.854536],[3.1200347,39.8545002],[3.1203924,39.8546887],[3.1203626,39.8547261],[3.1204086,39.8547503],[3.1204414,39.8547131],[3.1205692,39.8547792],[3.1206201,39.8548043],[3.1206261,39.8547937],[3.1206322,39.8547842],[3.1205794,39.8547585],[3.1205745,39.854768],[3.1205692,39.8547792]]},"properties":{"barrier":"city_wall","heritage":"3","heritage:operator":"Consell de Mallorca","historic":"citywalls"}},
{"type":"Feature","id":"w376095836","geometry":{"type":"LineString","coordinates":[[2.8244162,39.3971255],[2.8244352,39.3971924],[2.8244808,39.3972197],[2.824453,39.397271],[2.8244381,39.3973084],[2.8244734,39.3973414],[2.8244705,39.3973926],[2.8244778,39.3974597],[2.8245146,39.3975233],[2.824519,39.3976007],[2.8245014,39.3976973],[2.8244764,39.3977826],[2.8244602,39.3978372],[2.8244366,39.3979236],[2.8244587,39.397943],[2.8244248,39.3979805],[2.8243565,39.3979499],[2.8243135,39.397998]]},"properties":{"highway":"path"}},
{"type":"Feature","id":"w376095837","geometry":{"type":"LineString","coordinates":[[2.8235905,39.3973511],[2.8235528,39.3973592],[2.8235171,39.39738],[2.8235122,39.3974203],[2.8235389,39.3974493],[2.8235642,39.397453],[2.8235943,39.3974591],[2.8236157,39.3974509],[2.8236367,39.3974291],[2.8236431,39.3973957],[2.823637,39.3973837],[2.823622,39.397364],[2.8235905,39.3973511]]},"properties":{"barrier":"wall","historic":"ruins"}},
{"type":"Feature","id":"w376242942","geometry":{"type":"LineString","coordinates":[[2.3560687,39.5767511],[2.3562995,39.5768811],[2.356515,39.5766538],[2.3564409,39.5766121],[2.3563888,39.5766397],[2.356304,39.5765919],[2.3562574,39.576641],[2.3562024,39.57661],[2.3560687,39.5767511]]},"properties":{"access":"private","building":"yes","historic":"castle","name":"castell de Sant Elm","name:ca":"Castell de Sant Elm","note":"apparently now used as appartments","wikidata":"Q43141170","wikimedia_commons":"Category:Torre de Sant Elm","wikipedia":"ca:Castell de Sant Elm (Mallorca)"}},
{"type":"Feature","id":"w376306837","geometry":{"type":"LineString","coordinates":[[2.6548969,39.567793],[2.6549547,39.56778],[2.6550181,39.5677647],[2.6550136,39.5677518],[2.655019,39.5677502],[2.6550118,39.5677317],[2.6550065,39.5677326],[2.6549999,39.567715],[2.654989,39.5676847],[2.6549712,39.5676372],[2.65497,39.567634],[2.6549119,39.5676474],[2.6549083,39.5676476],[2.6549015,39.5676303],[2.6548408,39.5676414],[2.6548581,39.5676902],[2.6548619,39.5676999],[2.654869,39.5677148],[2.6548786,39.5677369],[2.6548878,39.5677716],[2.6548915,39.5677877],[2.6548969,39.567793]]},"properties":{"building":"yes","heritage":"3","heritage:operator":"Consell de Mallorca","historic":"castle","name":"Torres de Gumara"}},
{"type":"Feature","id":"w377300327","geometry":{"type":"LineString","coordinates":[[3.2098497,39.5757691],[3.2099934,39.5752082],[3.2096236,39.5751519],[3.2096014,39.5752383],[3.2095097,39.5752243],[3.2094068,39.5756261],[3.2095271,39.5756444],[3.2095085,39.5757172],[3.2098497,39.5757691]]},"properties":{"amenity":"theatre","building":"yes","name":"Auditori","name:ca":"Auditori"}},
{"type":"Feature","id":"w377895950","geometry":{"type":"LineString","coordinates":[[2.8510397,39.8117641],[2.8510397,39.8117283],[2.8509262,39.8117283],[2.8509262,39.8117641],[2.8510397,39.8117641]]},"properties":{"building":"ruins","historic":"ruins","name":"casa de neu de Sa Mola","source":"survey;Bing aerial (shifted)"}},
{"type":"Feature","id":"w378570457","geometry":{"type":"LineString","coordinates":[[3.1209261,39.8515022],[3.1214119,39.8515557],[3.1214201,39.8515083],[3.1214722,39.8515135],[3.1214633,39.851563],[3.1219715,39.8517103],[3.121999,39.8516673],[3.1220484,39.8516836],[3.1220203,39.8517289],[3.1223118,39.8518795],[3.1223893,39.8519132],[3.1224963,39.8519501]]},"properties":{"barrier":"city_wall","historic":"citywalls"}},
{"type":"Feature","id":"w378672893","geometry":{"type":"LineString","coordinates":[[3.1219324,39.855313],[3.1224824,39.8554706],[3.1228077,39.8551734],[3.1228317,39.8551357],[3.1229059,39.8549956],[3.1229997,39.854813],[3.1230466,39.8548285],[3.1230692,39.8547819],[3.123021,39.8547692],[3.123198,39.8544423],[3.1232449,39.8544567],[3.1232674,39.854413],[3.123218,39.8543973],[3.1234076,39.8540779],[3.1234586,39.8540937],[3.123483,39.8540504],[3.123434,39.8540335],[3.1236213,39.8536978],[3.1237249,39.8537126],[3.1237668,39.8537128],[3.1237962,39.853701],[3.1238221,39.8536784],[3.1238264,39.8536473],[3.1238143,39.8536149],[3.1237833,39.8535912],[3.1237331,39.8535831],[3.1236114,39.8535746],[3.1236116,39.853663],[3.1232002,39.8543897],[3.1230013,39.8547608],[3.1228807,39.8549956],[3.1228128,39.8551281],[3.1227847,39.8551705],[3.1225092,39.8554237],[3.1225006,39.8554189],[3.1224753,39.8554424],[3.1224542,39.8554359],[3.1224447,39.8554441],[3.121939,39.855297],[3.1219324,39.855313]]},"properties":{"barrier":"city_wall","historic":"citywalls","two_sided":"yes"}},
{"type":"Feature","id":"w378672894","geometry":{"type":"LineString","coordinates":[[3.1225778,39.8519777],[3.1228465,39.8520556]]},"properties":{"barrier":"city_wall","historic":"citywalls"}},
{"type":"Feature","id":"w378672896","geometry":{"type":"LineString","coordinates":[[3.1184022,39.8535499],[3.1181114,39.8539224],[3.1183638,39.8540168]]},"properties":{"historic":"citywalls"}},
{"type":"Feature","id":"w378672897","geometry":{"type":"LineString","coordinates":[[3.1232889,39.8522528],[3.1234831,39.8523835]]},"properties":{"historic":"citywalls"}},
{"type":"Feature","id":"w378672899","geometry":{"type":"LineString","coordinates":[[3.1200998,39.8548399],[3.1199083,39.8550133],[3.1200263,39.8553802],[3.1204857,39.8552975],[3.1205646,39.8552127]]},"properties":{"historic":"citywalls"}},
{"type":"Feature","id":"w378672900","geometry":{"type":"LineString","coordinates":[[3.121771,39.8552798],[3.1214223,39.8551414]]},"properties":{"barrier":"city_wall","historic":"citywalls"}},
{"type":"Feature","id":"w378672901","geometry":{"type":"LineString","coordinates":[[3.1201188,39.8517656],[3.1200378,39.851901],[3.1199506,39.8518769],[3.1199292,39.8519222],[3.1200097,39.8519468],[3.1199316,39.8520794],[3.1197621,39.8522385],[3.1196985,39.852194],[3.119661,39.852227],[3.1197109,39.852259],[3.1194019,39.8524971],[3.1193579,39.8524617],[3.1193187,39.8524888],[3.1193663,39.8525271],[3.1192079,39.8526482]]},"properties":{"historic":"citywalls"}},
{"type":"Feature","id":"w378672904","geometry":{"type":"LineString","coordinates":[[3.1202198,39.8516094],[3.1201623,39.8515878],[3.1201868,39.8515474],[3.1202391,39.8515678],[3.1204041,39.8513],[3.120481,39.8513298]]},"properties":{"historic":"citywalls"}},
{"type":"Feature","id":"w378672905","geometry":{"type":"LineString","coordinates":[[3.1219324,39.855313],[3.1224824,39.8554706],[3.1228077,39.8551734],[3.1228317,39.8551357],[3.1229059,39.8549956],[3.1229997,39.854813],[3.1230466,39.8548285],[3.1230692,39.8547819],[3.123021,39.8547692],[3.123198,39.8544423],[3.1232449,39.8544567],[3.1232674,39.854413],[3.123218,39.8543973],[3.1234076,39.8540779],[3.1234586,39.8540937],[3.123483,39.8540504],[3.123434,39.8540335],[3.1236213,39.8536978],[3.1237249,39.8537126],[3.1237668,39.8537128],[3.1237962,39.853701],[3.1238221,39.8536784],[3.1238264,39.8536473],[3.1238143,39.8536149],[3.1237833,39.8535912],[3.1237331,39.8535831],[3.1236114,39.8535746]]},"properties":{"historic":"citywalls"}},
{"type":"Feature","id":"w378672906","geometry":{"type":"LineString","coordinates":[[3.1189884,39.8531014],[3.1189915,39.8529817]]},"properties":{"barrier":"city_wall","historic":"citywalls"}},
{"type":"Feature","id":"w378672907","geometry":{"type":"LineString","coordinates":[[3.1184377,39.8540462],[3.1186203,39.8541238],[3.1187088,39.8540501]]},"properties":{"historic":"citywalls"}},
{"type":"Feature","id":"w378924055","geometry":{"type":"LineString","coordinates":[[2.8722714,39.7187595],[2.8724755,39.7188286],[2.8725423,39.7187037],[2.8725299,39.7186986],[2.8725988,39.7185722],[2.8725437,39.7185544],[2.8724753,39.71868],[2.8723386,39.718636],[2.8722714,39.7187595]]},"properties":{"amenity":"arts_centre","building":"yes","check_date":"2023-09-08","name":"sala d'exposicions Sa Mina"}},
{"type":"Feature","id":"w382279550","geometry":{"type":"LineString","coordinates":[[2.6493591,39.5730489],[2.6494311,39.5730924],[2.6494733,39.5730525],[2.6495114,39.5730161],[2.6493884,39.5729133],[2.6493859,39.5729054],[2.6493288,39.5728573],[2.6493262,39.5728603],[2.6492381,39.5727874],[2.6493348,39.572751],[2.6494352,39.5727106],[2.6494937,39.5726864],[2.6495435,39.5726645],[2.6495341,39.5726506],[2.6495597,39.5726401],[2.6495558,39.5726338],[2.6495804,39.5726255],[2.6495966,39.5726475],[2.6495228,39.5726801],[2.6495405,39.5727053],[2.6495924,39.5726835],[2.649605,39.5726904],[2.6496215,39.5726956],[2.6496432,39.5726984],[2.6496642,39.5726955],[2.6496822,39.5726873],[2.6497938,39.5727856],[2.6498302,39.5727598],[2.64972,39.5726582],[2.649698,39.5726387],[2.6496898,39.5726293],[2.6496763,39.572616],[2.6496406,39.5725717],[2.6496245,39.5725514],[2.6496063,39.5725305],[2.6495668,39.5724851],[2.6495532,39.5724714],[2.649482,39.5724475],[2.6494496,39.5724474],[2.6493718,39.5724522],[2.6492601,39.5724601],[2.6490576,39.5724704],[2.6489806,39.572499],[2.6488646,39.5725428],[2.648935,39.5726566],[2.6489726,39.5727161],[2.6490199,39.5727556],[2.6492837,39.5729899],[2.6493349,39.5729503],[2.6494024,39.5730103],[2.6493591,39.5730489]]},"properties":{"amenity":"place_of_worship","building":"yes","denomination":"catholic","heritage":"3","heritage:operator":"Consell de Mallorca","historic":"monastery","name":"Convent de les Caputxines","religion":"christian","wikidata":"Q106233880","wikimedia_commons":"Category:Convent de les Caputxines (Mallorca)"}},
{"type":"Feature","id":"w383962871","geometry":{"type":"LineString","coordinates":[[3.208104,39.5683944],[3.2082497,39.5684491],[3.2082736,39.5684585],[3.2082872,39.5684642],[3.2083595,39.5684947],[3.2084058,39.5684112],[3.2084566,39.5683195],[3.208455,39.568319],[3.2083474,39.5682837],[3.2082783,39.5684135],[3.2081211,39.5683607],[3.208104,39.5683944]]},"properties":{"building":"yes","building:levels":"3","name":"Fundació Antoni M. Alcover","name:ca":"Fundació Antoni M. Alcover","roof:shape":"flat","tourism":"museum"}},
{"type":"Feature","id":"w383990703","geometry":{"type":"LineString","coordinates":[[3.2053482,39.5661783],[3.205376,39.5661366],[3.2052092,39.5660706],[3.2051814,39.5661122],[3.2052857,39.5661536],[3.2053145,39.5661649],[3.2053482,39.5661783]]},"properties":{"building":"public","building:levels":"2","heritage":"3","heritage:operator":"Consell de Mallorca","historic":"castle","man_made":"tower","name":"Torre de ses Puntes","name:ca":"Torre de ses Puntes","tower:type":"defensive","wikidata":"Q43082719","wikimedia_commons":"Category:Torre de Ses Puntes, Manacor","wikipedia":"ca:Torre de ses Puntes"}},
{"type":"Feature","id":"w384433838","geometry":{"type":"LineString","coordinates":[[2.578188,39.6664837],[2.5782962,39.6665211],[2.5784411,39.6665695],[2.5785135,39.666455],[2.5785631,39.666373],[2.5782502,39.6663532],[2.578188,39.6664837]]},"properties":{"amenity":"theatre","building":"yes","name":"Casa des Poble"}},
{"type":"Feature","id":"w384811169","geometry":{"type":"LineString","coordinates":[[2.6530844,39.6040454],[2.6533276,39.6040053],[2.6533596,39.6041383],[2.6533106,39.6041497],[2.6533516,39.6042944],[2.6535454,39.6042583],[2.6535109,39.6040855],[2.6534209,39.604098],[2.6534089,39.6040386],[2.6535067,39.6040296],[2.6534411,39.6036624],[2.6533202,39.6036739],[2.6533302,39.6037164],[2.6530388,39.6037489],[2.6530844,39.6040454]]},"properties":{"building":"yes","name":"Museu d'arts decoratives","name:ca":"Museu d'arts decoratives","tourism":"museum","website":"https://www.museodeartesdecorativas.com/"}},
{"type":"Feature","id":"w386510672","geometry":{"type":"LineString","coordinates":[[2.6527521,39.5681999],[2.6527605,39.5681973],[2.6527197,39.5681303],[2.6527045,39.5681036],[2.6526873,39.5680782],[2.6526683,39.5680422],[2.6526657,39.5680316],[2.6523042,39.5680767],[2.6522053,39.568093],[2.6522206,39.568129],[2.6522406,39.5681644],[2.6522646,39.5681978],[2.6522992,39.5681897],[2.6522912,39.568166],[2.6523546,39.5681524],[2.6523669,39.5681709],[2.6524136,39.5682469],[2.6523777,39.5682583],[2.6523955,39.5682837],[2.6523164,39.5683064],[2.6523312,39.5683236],[2.6523436,39.5683436],[2.6523649,39.5683767],[2.6523748,39.5683743],[2.652379,39.5683815],[2.6523943,39.5684131],[2.6524059,39.5684093],[2.6524352,39.5683995],[2.6524661,39.5683886],[2.6524935,39.5683803],[2.6525448,39.5683657],[2.6525408,39.568355],[2.6525319,39.568342],[2.6525581,39.5683337],[2.6525673,39.5683464],[2.6525948,39.5683376],[2.6525908,39.5683314],[2.6526431,39.5683147],[2.6526701,39.5683033],[2.6527384,39.5682796],[2.6527004,39.5682174],[2.6527499,39.5681962],[2.6527521,39.5681999]]},"properties":{"alt_name":"Cal Marquès del Palmer","building":"yes","heritage":"3","heritage:operator":"Consell de Mallorca","historic":"manor","name":"Can Catlar","name:ca":"Can Catlar","wikidata":"Q19368130","wikimedia_commons":"Category:Can Catlar (Palma)","wikipedia":"ca:Can Catlar"}},
{"type":"Feature","id":"w388086520","geometry":{"type":"LineString","coordinates":[[2.7265031,39.4729488],[2.7265494,39.4729645],[2.7270439,39.4729892],[2.7271,39.4729722],[2.7271336,39.4724808],[2.7271794,39.4718453],[2.7271325,39.4718155],[2.7266159,39.4717956],[2.726585,39.4718257],[2.7265031,39.4729488]]},"properties":{"historic":"fort","name":"bateria Alfons XIII"}},
{"type":"Feature","id":"w390198982","geometry":{"type":"LineString","coordinates":[[2.6766918,39.5592413],[2.6768072,39.5592091],[2.6766855,39.5589482],[2.6764044,39.5590058],[2.6764438,39.5590879],[2.6764752,39.5590834],[2.6764802,39.559093],[2.676604,39.5590644],[2.6766918,39.5592413]]},"properties":{"amenity":"theatre","building":"yes","name":"Teatre del Mar","name:ca":"Teatre del Mar","wikidata":"Q11951053","wikipedia":"ca:Teatre del Mar"}},
{"type":"Feature","id":"w391772969","geometry":{"type":"LineString","coordinates":[[2.6534874,39.5698138],[2.6536328,39.5697852],[2.653774,39.5697385],[2.6537291,39.5696555],[2.6537009,39.5696668],[2.6536779,39.5696386],[2.6536434,39.5696612],[2.6536063,39.5696238],[2.6535418,39.569667],[2.6535094,39.5696866],[2.6535386,39.5697251],[2.6534739,39.5697385],[2.653467,39.5697195],[2.6534327,39.5697254],[2.6534405,39.5697473],[2.6534413,39.5697498],[2.6534568,39.5697474],[2.6534744,39.5697828],[2.6534874,39.5698138]]},"properties":{"building":"apartments","historic":"manor","name":"Curia de la Baronía de Bunyolí","source":"bing"}},
{"type":"Feature","id":"w391778464","geometry":{"type":"LineString","coordinates":[[2.6523028,39.5684194],[2.6522897,39.568395],[2.6522975,39.5683927],[2.6523262,39.568386],[2.6523084,39.5683589],[2.6523436,39.5683436],[2.6523312,39.5683236],[2.6523164,39.5683064],[2.6522893,39.5682758],[2.6521765,39.5683325],[2.652165,39.5683372],[2.6521428,39.5683147],[2.6520873,39.5682596],[2.6520807,39.5682523],[2.6519749,39.5683301],[2.6520374,39.5683976],[2.6519756,39.5684421],[2.6519067,39.5683722],[2.6518777,39.5683915],[2.6518433,39.5684064],[2.6518166,39.5684251],[2.6519619,39.5685601],[2.6519639,39.568562],[2.6519745,39.5685646],[2.6519818,39.5685644],[2.6519865,39.5685626],[2.6520341,39.5685344],[2.6521079,39.5684912],[2.6521203,39.5685029],[2.6521293,39.5685398],[2.6522496,39.5685327],[2.6522495,39.5685344],[2.6522577,39.5685346],[2.6522406,39.5684838],[2.6522267,39.5684426],[2.6522421,39.5684343],[2.6523028,39.5684194]]},"properties":{"building":"yes","historic":"manor","name":"Can Moragues","name:ca":"Can Moragues","source":"bing"}},
{"type":"Feature","id":"w395362051","geometry":{"type":"LineString","coordinates":[[2.5834546,39.7051492],[2.5834234,39.7051454],[2.5833792,39.7051299],[2.5833664,39.7051064],[2.5833671,39.7050883],[2.5833721,39.7050672],[2.5833815,39.7050561],[2.583403,39.7050388],[2.5834258,39.7050357],[2.5834509,39.7050375],[2.5834734,39.7050478],[2.5834808,39.7050538],[2.5834952,39.7050742],[2.5834952,39.705093],[2.5834982,39.7051136],[2.5834798,39.705142],[2.5834546,39.7051492]]},"properties":{"archaeological_site":"megalith","building":"yes","comment":"A/c to http://www.megalithic.co.uk/article.php?sid=17311 there are two talayots here (and other structures), plus the one talayot NE. According to http://www.talayots.es/mallorca/murallas/olezaes.htm there are 4 in total.","description":"Talaiotic structure, archeological site, 1000 BC","historic":"archaeological_site","megalith_type":"talaiot"}},
{"type":"Feature","id":"w395362053","geometry":{"type":"LineString","coordinates":[[2.5825169,39.7068775],[2.5829803,39.7069123],[2.5831261,39.7069228],[2.5832447,39.7069749],[2.5833125,39.7070349],[2.5834516,39.7070584],[2.5835295,39.7069149],[2.5836041,39.7068002],[2.5836482,39.7067167],[2.5836618,39.7066828],[2.583655,39.7065054],[2.5838008,39.706495],[2.5839509,39.706276],[2.584167,39.7061691],[2.5844079,39.7061236]]},"properties":{"highway":"footway","name":"Access path to archeological Talaiotic site of Son Ferrandell","surface":"ground"}},
{"type":"Feature","id":"w396089853","geometry":{"type":"LineString","coordinates":[[3.4348646,39.7024749],[3.4348107,39.7025385],[3.4347944,39.7025732],[3.4347277,39.7027147],[3.4347247,39.7027211],[3.4349631,39.7027875],[3.434984,39.7027432],[3.4349615,39.702737],[3.4349767,39.7027049],[3.434987,39.7027077],[3.4350137,39.7026511],[3.4349811,39.702642],[3.4349938,39.7026149],[3.4350385,39.7026273],[3.4350653,39.7025705],[3.4349613,39.7025465],[3.4349774,39.7024958],[3.4348646,39.7024749]]},"properties":{"amenity":"theatre","building":"yes"}},
{"type":"Feature","id":"w398664185","geometry":{"type":"LineString","coordinates":[[2.6948603,39.5486745],[2.6950507,39.5486183],[2.6950212,39.5485466],[2.694841,39.548604],[2.6948261,39.5485732],[2.6947558,39.5486017],[2.6947941,39.548644],[2.6948386,39.5486268],[2.6948603,39.5486745]]},"properties":{"amenity":"theatre","building":"yes","check_date":"2026-06-19","name":"cafè de Cala Gamba","name:ca":"cafè de Cala Gamba"}},
{"type":"Feature","id":"w399504022","geometry":{"type":"LineString","coordinates":[[3.020203,39.5181628],[3.0203834,39.5180551],[3.0202863,39.5179531],[3.0201023,39.5180583],[3.020203,39.5181628]]},"properties":{"amenity":"theatre","building":"yes","name":"s'Escorxador"}},
{"type":"Feature","id":"w399609114","geometry":{"type":"LineString","coordinates":[[3.2837265,39.6105649],[3.2837809,39.610596],[3.2838486,39.6106348],[3.2841932,39.6104396],[3.2842811,39.6103899],[3.284316,39.6103509],[3.2842465,39.6103092],[3.2842061,39.6103487],[3.2841854,39.6103352],[3.2841445,39.610364],[3.2841379,39.6103611],[3.2840351,39.6104088],[3.2839705,39.6104408],[3.2838893,39.6104765],[3.2838131,39.6105142],[3.2837417,39.6105497],[3.2837306,39.6105608],[3.2837265,39.6105649]]},"properties":{"amenity":"theatre","building":"yes","name":"Espai 36 (sala Rigal)","name:ca":"Espai 36 (sala Rigal)"}},
{"type":"Feature","id":"w403941902","geometry":{"type":"LineString","coordinates":[[2.6535142,39.5662466],[2.6534521,39.5660795],[2.6538037,39.5659491],[2.6538495,39.5660412],[2.6538596,39.5660637],[2.6540507,39.5660247],[2.6540492,39.5659899],[2.6541384,39.5659694],[2.6541387,39.5660189],[2.6540503,39.5660409],[2.6540564,39.5660949],[2.653853,39.5661487],[2.6538579,39.5661588],[2.6535142,39.5662466]]},"properties":{"amenity":"theatre","building":"yes","name":"Xesc Forteza"}},
{"type":"Feature","id":"w403941906","geometry":{"type":"LineString","coordinates":[[2.6534024,39.5664855],[2.6535625,39.5669691],[2.6540441,39.566875],[2.6540343,39.5668426],[2.6539279,39.5665357],[2.6538969,39.5664437],[2.6540622,39.5664132],[2.6540952,39.5665028],[2.6541071,39.5665351],[2.6541607,39.5665226],[2.6541641,39.5663441],[2.6534024,39.5664855]]},"properties":{"building":"yes","name":"Seminari Vell","name:ca":"Seminari Vell","tourism":"museum","wikidata":"Q108632093","wikimedia_commons":"Category:Seminari Vell (Palma)"}},
{"type":"Feature","id":"w404579106","geometry":{"type":"LineString","coordinates":[[2.9415887,39.1396326],[2.9416548,39.1396619],[2.9417232,39.1395694],[2.9416571,39.13954],[2.9415887,39.1396326]]},"properties":{"building":"yes","name":"es Celler","tourism":"museum"}},
{"type":"Feature","id":"w404635312","geometry":{"type":"LineString","coordinates":[[2.6547505,39.5708869],[2.6550303,39.5707284],[2.6548478,39.5705596],[2.6545785,39.5706915],[2.6547505,39.5708869]]},"properties":{"addr:city":"Palma","addr:housenumber":"10","addr:street":"Carrer de la Ferreria","amenity":"arts_centre","building":"yes","check_date":"2024-10-17","name":"Flassaders"}},
{"type":"Feature","id":"w405506389","geometry":{"type":"LineString","coordinates":[[2.6949548,39.7020646],[2.6947386,39.7026809]]},"properties":{"electrified":"contact_line","frequency":"0","gauge":"914","layer":"-1","name":"Tren de Sóller","name:ca":"Tren de Sóller","passenger_lines":"1","railway":"narrow_gauge","tunnel":"yes","usage":"branch","voltage":"1200"}},
{"type":"Feature","id":"w412985915","geometry":{"type":"LineString","coordinates":[[3.0072676,39.6436126],[3.0073641,39.643545],[3.0073639,39.6435142],[3.0072042,39.6434534],[3.0071376,39.6434993],[3.0072676,39.6436126]]},"properties":{"amenity":"arts_centre","building":"yes","name":"es Frontó"}},
{"type":"Feature","id":"w413860222","geometry":{"type":"LineString","coordinates":[[3.3899994,39.5768112],[3.3900508,39.5768173],[3.3900626,39.5767655],[3.3900112,39.5767594],[3.3899994,39.5768112]]},"properties":{"building":"bunker","historic":"yes","military":"bunker"}},
{"type":"Feature","id":"w414341124","geometry":{"type":"LineString","coordinates":[[2.7155553,39.7586429],[2.7156358,39.7586439],[2.7156372,39.7585815],[2.7155566,39.7585805],[2.7155553,39.7586429]]},"properties":{"building":"yes","historic":"ruins","wheelchair":"limited"}},
{"type":"Feature","id":"w414513333","geometry":{"type":"LineString","coordinates":[[3.1769316,39.3296832],[3.1769321,39.3296975],[3.1769226,39.3297097],[3.1769061,39.3297159],[3.1768878,39.3297143],[3.1768735,39.3297053],[3.1768678,39.3296918],[3.1768725,39.329678],[3.1768861,39.3296684],[3.1769042,39.3296659],[3.1769212,39.3296715],[3.1769316,39.3296832]]},"properties":{"access":"no","building":"yes","ele":"32","height":"12","historic":"yes","image":"https://commons.wikimedia.org/wiki/File:Torre_d'en_Beu_Cala_Figuera_(Santanyí)_01.jpg","man_made":"tower","name":"Torre d'en Beu","name:ca":"Torre d'en Beu","seamark:landmark:category":"tower","seamark:type":"landmark","tower:type":"defensive","wikidata":"Q43142420","wikimedia_commons":"File:Torre_d'en_Beu_Cala_Figuera_(Santanyí)_01.jpg","wikipedia":"ca:Torre d'en Beu"}},
{"type":"Feature","id":"w416481173","geometry":{"type":"LineString","coordinates":[[3.0524838,39.3422897],[3.0525426,39.3421251],[3.0522884,39.3420708],[3.052277,39.3421029],[3.0521931,39.342085],[3.0521574,39.342185],[3.0522455,39.3422038],[3.0522339,39.3422362],[3.0524838,39.3422897]]},"properties":{"amenity":"theatre","building":"yes","name":"l'Esponja"}},
{"type":"Feature","id":"w417857862","geometry":{"type":"LineString","coordinates":[[2.6661869,39.5678437],[2.66673,39.5677855],[2.6666475,39.5673279],[2.6664137,39.567353],[2.6664366,39.56748],[2.6662477,39.5675003],[2.6662253,39.5673761],[2.6659992,39.5674004],[2.6660672,39.5677773],[2.6661729,39.5677659],[2.6661869,39.5678437]]},"properties":{"building":"yes","name":"Kreković","tourism":"museum"}},
{"type":"Feature","id":"w418698746","geometry":{"type":"LineString","coordinates":[[2.9108411,39.8285781],[2.9108865,39.8286248],[2.9109508,39.8285881],[2.9109055,39.8285413],[2.9108411,39.8285781]]},"properties":{"building":"yes","historic":"ruins","name":"porxo"}},
{"type":"Feature","id":"w421091208","geometry":{"type":"LineString","coordinates":[[3.0851467,39.6336389],[3.0849777,39.6335697],[3.08503,39.6334767],[3.0852044,39.633549],[3.0851467,39.6336389]]},"properties":{"historic":"ruins"}},
{"type":"Feature","id":"w421617083","geometry":{"type":"LineString","coordinates":[[2.9641249,39.7742672],[2.964248,39.7743438],[2.9643492,39.7742483],[2.9643045,39.7742203],[2.9642777,39.7742457],[2.9642466,39.7742264],[2.964273,39.7742026],[2.9642227,39.7741721],[2.9641975,39.7741959],[2.9641885,39.7741911],[2.9641249,39.7742672]]},"properties":{"amenity":"theatre","building":"yes","name":"centre cívic"}},
{"type":"Feature","id":"w421649537","geometry":{"type":"LineString","coordinates":[[2.9645544,39.7760131],[2.9646842,39.7761034],[2.9648715,39.7759443],[2.9647416,39.775854],[2.9645544,39.7760131]]},"properties":{"building":"yes","name":"Posada de Biniatró","tourism":"gallery"}},
{"type":"Feature","id":"w422099093","geometry":{"type":"LineString","coordinates":[[3.0206497,39.430545],[3.0207097,39.4304792],[3.0204561,39.4303577],[3.0203156,39.4302921],[3.0202544,39.4303719],[3.0204685,39.4304649],[3.0206497,39.430545]]},"properties":{"amenity":"arts_centre","building":"yes","name":"Ca'n Pere Ignasi"}},
{"type":"Feature","id":"w424995823","geometry":{"type":"LineString","coordinates":[[2.826379,39.6115092],[2.8265448,39.611587],[2.8265841,39.6115373],[2.8264183,39.6114595],[2.826379,39.6115092]]},"properties":{"building":"yes","historic":"yes","name":"Aljub","name:ca":"Aljub"}},
{"type":"Feature","id":"w425202705","geometry":{"type":"LineString","coordinates":[[3.1052712,39.7055046],[3.1052008,39.7054262],[3.1054469,39.7052953],[3.1055173,39.7053737],[3.1052712,39.7055046]]},"properties":{"amenity":"theatre","building":"yes","name":"auditori","name:ca":"auditori"}},
{"type":"Feature","id":"w431692378","geometry":{"type":"LineString","coordinates":[[3.3550001,39.6873772],[3.3549793,39.687338],[3.3550474,39.6873166],[3.3550682,39.6873558],[3.3550001,39.6873772]]},"properties":{"building":"yes"}},
{"type":"Feature","id":"w431692379","geometry":{"type":"LineString","coordinates":[[3.3550382,39.6872964],[3.3550074,39.6872641],[3.3550604,39.6872014],[3.3551011,39.687189],[3.3552147,39.6872717],[3.3551814,39.6873096],[3.3551036,39.6873343],[3.3550382,39.6872964]]},"properties":{"amenity":"parking","parking":"surface"}},
{"type":"Feature","id":"w431692382","geometry":{"type":"LineString","coordinates":[[3.352886,39.6873736],[3.3528566,39.6872471],[3.352889,39.6871291],[3.3530988,39.6869169],[3.3534104,39.6868062],[3.353833,39.6867855],[3.3541536,39.6868431],[3.3543664,39.687023],[3.3544563,39.6871452],[3.3544833,39.6872836],[3.3543664,39.6874358],[3.3542375,39.6875165],[3.3537581,39.6876918],[3.3534314,39.6876918],[3.3532409,39.6876395],[3.3530868,39.6875396],[3.352886,39.6873736]]},"properties":{"name":"ses Païsses","name:ca":"ses Païsses","place":"neighbourhood"}},
{"type":"Feature","id":"w431692383","geometry":{"type":"LineString","coordinates":[[3.352995,39.6871508],[3.3531126,39.6872044],[3.3532996,39.6872895]]},"properties":{"highway":"footway"}},
{"type":"Feature","id":"w431692384","geometry":{"type":"LineString","coordinates":[[3.3531126,39.6872044],[3.3529459,39.6873692],[3.3531005,39.6875218],[3.3531751,39.6875512],[3.3532978,39.6874078]]},"properties":{"highway":"footway"}},
{"type":"Feature","id":"w433456325","geometry":{"type":"LineString","coordinates":[[2.7180091,39.7678468],[2.7181671,39.7678793],[2.7182395,39.7677357],[2.7179725,39.7676772],[2.7179478,39.7677233],[2.7179361,39.7677421],[2.717895,39.7678083],[2.7179592,39.7678313],[2.7180025,39.7677468],[2.7180122,39.7677331],[2.7180575,39.767742],[2.7180497,39.7677589],[2.7180091,39.7678468]]},"properties":{"alt_name":"Can Magraner","building":"yes","fee":"yes","heritage":"3","heritage:operator":"Consell de Mallorca","historic":"manor","name":"Ca'n Prunera","name:ca":"Can Prunera","tourism":"museum","wikidata":"Q1031852","wikimedia_commons":"Category:Can Prunera","wikipedia":"ca:Can Prunera"}},
{"type":"Feature","id":"w436729646","geometry":{"type":"LineString","coordinates":[[2.7506408,39.5198856],[2.7505976,39.5198116],[2.7511473,39.5196431],[2.7518123,39.5199912],[2.7517163,39.5201116],[2.7511329,39.5197912],[2.7511065,39.5197356],[2.7506408,39.5198856]]},"properties":{"building":"yes","tourism":"museum"}},
{"type":"Feature","id":"w439871381","geometry":{"type":"LineString","coordinates":[[2.7161274,39.7647139],[2.7162525,39.7645691],[2.7165503,39.7647211],[2.7164717,39.7648121],[2.7164252,39.7648659],[2.7162383,39.7647705],[2.7161274,39.7647139]]},"properties":{"amenity":"theatre","building":"yes","name":"La Defensora Sollerense"}},
{"type":"Feature","id":"w445121088","geometry":{"type":"LineString","coordinates":[[3.0624983,39.5865509],[3.0626027,39.5867757],[3.0626986,39.586957],[3.0628031,39.5870537],[3.0629547,39.587145],[3.0631463,39.5871933],[3.0634686,39.5872255],[3.0637666,39.5872457],[3.0640314,39.5872645],[3.0641448,39.587264],[3.0642265,39.587247],[3.0644251,39.5871382],[3.0646342,39.5869852],[3.064798,39.5868012],[3.064752,39.5867616],[3.0647248,39.5867381],[3.0647492,39.5867032],[3.0647461,39.5866657],[3.0647439,39.5866401],[3.0648572,39.5865327],[3.0649203,39.5863731],[3.0649622,39.5862476],[3.0650123,39.5860977],[3.0640714,39.585946],[3.0640261,39.5861138],[3.0624983,39.5865509]]},"properties":{"barrier":"fence","email":"comercial@elscalderers.com","name":"Els Calderers","name:ca":"Els Calderers","opening_hours":"10:00-17:00; Nov-Mar: 10:00-17:00","tourism":"museum","website":"http://elscalderers.com/","wikidata":"Q2692023","wikipedia":"de:Els Calderers"}},
{"type":"Feature","id":"w447730824","geometry":{"type":"LineString","coordinates":[[3.094244,39.2953433],[3.0942628,39.2953412],[3.0942762,39.2953464],[3.0942802,39.2953578],[3.0942735,39.2953765],[3.0942896,39.2953827],[3.0943097,39.295362],[3.0943097,39.2953485],[3.0943017,39.2953339],[3.0942842,39.2953256],[3.0942561,39.2953246],[3.0942413,39.2953236],[3.094244,39.2953433]]},"properties":{"historic":"ruins"}},
{"type":"Feature","id":"w447984451","geometry":{"type":"LineString","coordinates":[[2.6347509,39.5703369],[2.6348111,39.5703464],[2.6348141,39.5703348],[2.6348144,39.5703305],[2.6348201,39.570307],[2.6350709,39.5703467],[2.6351119,39.5702321],[2.635116,39.5702208],[2.6351296,39.570224],[2.635159,39.5701543],[2.6350252,39.5701322],[2.6350103,39.5701893],[2.6349537,39.5701785],[2.6349675,39.570124],[2.6349756,39.5700899],[2.6349853,39.5700525],[2.634962,39.570027],[2.6348867,39.5700149],[2.6348742,39.5700596],[2.634862,39.5701074],[2.6349056,39.5701142],[2.6348881,39.5701656],[2.6348455,39.5701588],[2.6348356,39.5701959],[2.6347839,39.5701894],[2.6347834,39.5701916],[2.6347509,39.5703369]]},"properties":{"amenity":"theatre","building":"yes","name":"Mar i Terra","name:es":"Mar y Tierra","wikidata":"Q105934094","wikipedia":"ca:Teatre de Mar i Terra"}},
{"type":"Feature","id":"w448872429","geometry":{"type":"LineString","coordinates":[[3.3600308,39.6224239],[3.3601232,39.6223217],[3.3598153,39.6221228],[3.3597182,39.6222162],[3.3600308,39.6224239]]},"properties":{"amenity":"theatre","building":"yes","name":"La Unió"}},
{"type":"Feature","id":"w448973205","geometry":{"type":"LineString","coordinates":[[2.9055207,39.6494219],[2.9060896,39.6495347],[2.9063129,39.6489099],[2.9059912,39.6487565],[2.9058538,39.6489508],[2.9050185,39.6487278],[2.9049602,39.6491799],[2.9055207,39.6494219]]},"properties":{"historic":"archaeological_site"}},
{"type":"Feature","id":"w451700861","geometry":{"type":"LineString","coordinates":[[3.0220593,39.5152726],[3.0222564,39.5151603],[3.0222697,39.5151724],[3.0223568,39.5151171],[3.0221992,39.5149669],[3.0222402,39.5149351],[3.0220829,39.514783],[3.0220171,39.5148066],[3.0220032,39.5148385],[3.0220375,39.5148724],[3.0219856,39.5149054],[3.0220076,39.5149262],[3.0219859,39.5149399],[3.021863,39.5150139],[3.0217922,39.5150602],[3.0217751,39.5150714],[3.0217963,39.5150928],[3.0218707,39.5151681],[3.021905,39.5152054],[3.0219307,39.5152328],[3.0219881,39.5151947],[3.0220593,39.5152726]]},"properties":{"amenity":"theatre","building":"yes","name":"Auditori","name:ca":"Auditori"}},
{"type":"Feature","id":"w454743681","geometry":{"type":"LineString","coordinates":[[2.4850462,39.5057712],[2.4850747,39.5056566]]},"properties":{"highway":"path"}},
{"type":"Feature","id":"w454743721","geometry":{"type":"LineString","coordinates":[[2.4987997,39.5060388],[2.4991973,39.5060089],[2.4994039,39.5059551],[2.4995326,39.5059344],[2.4997284,39.5059447],[2.4998974,39.505924],[2.5000154,39.5058909]]},"properties":{"highway":"path"}},
{"type":"Feature","id":"w454746740","geometry":{"type":"LineString","coordinates":[[2.4885796,39.5086062],[2.4884153,39.5085058],[2.4881524,39.5084313],[2.4881281,39.5084234],[2.4879439,39.5083592],[2.4878895,39.5083402],[2.4876911,39.5082326],[2.487455,39.5080257],[2.4873799,39.5079429],[2.487354,39.5079221],[2.4872512,39.5078394],[2.4870066,39.5077483]]},"properties":{"highway":"path"}},
{"type":"Feature","id":"w454746741","geometry":{"type":"LineString","coordinates":[[2.4881281,39.5084234],[2.4880678,39.5084708],[2.4879995,39.5085347],[2.4878466,39.5086382],[2.487675,39.5086837],[2.4873631,39.5087397]]},"properties":{"highway":"path"}},
{"type":"Feature","id":"w454746743","geometry":{"type":"LineString","coordinates":[[2.4879995,39.5085347],[2.4880076,39.5084696],[2.4879915,39.5084282],[2.4879439,39.5083592]]},"properties":{"highway":"path"}},
{"type":"Feature","id":"w454746745","geometry":{"type":"LineString","coordinates":[[2.4862223,39.5076401],[2.4859423,39.5076366],[2.4857062,39.5076366],[2.4854219,39.5075952],[2.485261,39.5075952],[2.4850357,39.5076573],[2.4848747,39.5076532],[2.4846875,39.5076742],[2.4843612,39.5076219],[2.4842739,39.5078229],[2.4842417,39.5079636],[2.4842175,39.508047],[2.4840817,39.5081073],[2.4840003,39.5082574],[2.4837724,39.508444],[2.4835804,39.5085824],[2.4834798,39.5086114],[2.4834868,39.5086765]]},"properties":{"highway":"path"}},
{"type":"Feature","id":"w454746747","geometry":{"type":"LineString","coordinates":[[2.4822105,39.5067202],[2.4824126,39.506632],[2.4825573,39.5065688],[2.4830294,39.5065936],[2.4835122,39.5066143],[2.4837053,39.5066226],[2.4839038,39.5065812],[2.4841559,39.5065108],[2.4842257,39.5065201]]},"properties":{"highway":"path"}},
{"type":"Feature","id":"w454746749","geometry":{"type":"LineString","coordinates":[[2.482097,39.5065976],[2.4824126,39.506632],[2.4825734,39.5067012],[2.4826831,39.5068363]]},"properties":{"highway":"path"}},
{"type":"Feature","id":"w454746751","geometry":{"type":"LineString","coordinates":[[2.4825573,39.5065688],[2.4825412,39.506486],[2.4824876,39.5064074],[2.4823964,39.5062004],[2.4822462,39.5059769],[2.4821121,39.5059065],[2.4819726,39.5058693],[2.4818492,39.5058734],[2.4817634,39.5059148],[2.4815649,39.5059148],[2.4813235,39.505861],[2.4810606,39.5058403],[2.4808353,39.5058362],[2.4806959,39.5058113],[2.4805778,39.5057575],[2.4803633,39.5056872],[2.4801433,39.5057162],[2.479883,39.5058022],[2.4798,39.5058486],[2.4795935,39.5059866],[2.479454,39.5061046],[2.4793547,39.5061832],[2.4792072,39.5063488],[2.4790624,39.5065516],[2.4790195,39.5066758],[2.4790168,39.506742],[2.4791697,39.5068558],[2.4791831,39.5069738],[2.4791073,39.5072504]]},"properties":{"highway":"path"}},
{"type":"Feature","id":"w454746754","geometry":{"type":"LineString","coordinates":[[2.4820932,39.5065156],[2.4821282,39.5064322],[2.4821013,39.5062873],[2.4819565,39.5061797],[2.4819136,39.5061218],[2.4819136,39.5060555],[2.4817634,39.5059148]]},"properties":{"highway":"path"}},
{"type":"Feature","id":"w454746755","geometry":{"type":"LineString","coordinates":[[2.480896,39.5061621],[2.4806959,39.5060845],[2.4802131,39.5059272]]},"properties":{"highway":"path"}},
{"type":"Feature","id":"w454746757","geometry":{"type":"LineString","coordinates":[[2.4805778,39.5057575],[2.4802131,39.5059272],[2.4800226,39.5060531],[2.4799877,39.5060762],[2.4798268,39.5061673],[2.479564,39.5063494],[2.4792327,39.5065043],[2.4790624,39.5065516]]},"properties":{"highway":"path"}},
{"type":"Feature","id":"w454746759","geometry":{"type":"LineString","coordinates":[[2.4791162,39.5053797],[2.4792233,39.5054244],[2.4793977,39.5054451],[2.4795237,39.5054182],[2.4797034,39.5054616],[2.4798778,39.505561],[2.4800924,39.5055734],[2.4802399,39.5056293],[2.4803633,39.5056872]]},"properties":{"highway":"path"}},
{"type":"Feature","id":"w454746760","geometry":{"type":"LineString","coordinates":[[2.479883,39.5058022],[2.4797893,39.5057673],[2.4794433,39.5056348],[2.4793279,39.5056369],[2.4792072,39.5056017],[2.4790597,39.5055293],[2.4790101,39.505515]]},"properties":{"highway":"path"}},
{"type":"Feature","id":"w454746762","geometry":{"type":"LineString","coordinates":[[2.4800226,39.5060531],[2.4798,39.5058486],[2.4797893,39.5057673]]},"properties":{"highway":"path"}},
{"type":"Feature","id":"w455395184","geometry":{"type":"LineString","coordinates":[[2.4799172,39.5052907],[2.480223,39.5052121],[2.4804966,39.5051831],[2.4808345,39.5052121],[2.4812967,39.5053094],[2.4815059,39.5053963],[2.4817205,39.505508],[2.4818766,39.505596],[2.4820013,39.5056958],[2.4821649,39.5057848],[2.4823285,39.5058531],[2.4825726,39.5059049],[2.4827255,39.5059421],[2.482991,39.5060021],[2.4831493,39.5060208],[2.4832472,39.5060228],[2.4833585,39.5060414],[2.4834497,39.5060859],[2.4835985,39.5061698],[2.4837487,39.5062474],[2.4838171,39.5062732],[2.4839419,39.5062888],[2.4840652,39.5062805],[2.484143,39.5062494],[2.4842597,39.5061873],[2.4843382,39.506161],[2.4844186,39.5061227],[2.4845829,39.5060446],[2.4846472,39.5060048],[2.4847029,39.505968],[2.4847837,39.505904],[2.484826,39.5058528],[2.4848796,39.5057755],[2.4849064,39.5057206],[2.4849098,39.5057027],[2.4848876,39.5056606],[2.4848166,39.5056296],[2.4846932,39.5055913],[2.4846462,39.5055582],[2.4846302,39.5055199],[2.4846462,39.505494],[2.4847133,39.5054744],[2.4847535,39.5054785],[2.4848099,39.5055157],[2.4848555,39.5056161],[2.4848876,39.5056606]]},"properties":{"highway":"track"}},
{"type":"Feature","id":"w455395194","geometry":{"type":"LineString","coordinates":[[2.4831013,39.505656],[2.4833695,39.5057139],[2.483686,39.5057594],[2.4838469,39.5057222],[2.4839703,39.5056311]]},"properties":{"highway":"footway"}},
{"type":"Feature","id":"w455395196","geometry":{"type":"LineString","coordinates":[[2.4839703,39.5056311],[2.4840776,39.5056032],[2.4842198,39.5056053],[2.4843592,39.5056197],[2.4844156,39.5056094],[2.4844665,39.5056259],[2.4845685,39.5056363],[2.4847033,39.5056603]]},"properties":{"highway":"path"}},
{"type":"Feature","id":"w457196108","geometry":{"type":"LineString","coordinates":[[2.480579,39.5074768],[2.48059,39.5074875],[2.480596,39.5075003],[2.4805964,39.507514],[2.480591,39.507527],[2.4805805,39.507538],[2.4805656,39.5075459],[2.4805482,39.5075497],[2.4805302,39.5075488],[2.4805136,39.5075434],[2.4805001,39.5075341],[2.4804913,39.5075219],[2.4804882,39.5075082],[2.4804912,39.5074944],[2.4804997,39.5074822],[2.4805131,39.5074728],[2.4805293,39.5074673],[2.4805469,39.5074662],[2.4805641,39.5074695],[2.480579,39.5074768]]},"properties":{"barrier":"wall"}},
{"type":"Feature","id":"w457196110","geometry":{"type":"LineString","coordinates":[[2.480591,39.507527],[2.4806369,39.5075287]]},"properties":{"barrier":"wall"}},
{"type":"Feature","id":"w457196111","geometry":{"type":"LineString","coordinates":[[2.480579,39.5074768],[2.4806247,39.5074672],[2.4806361,39.5074786],[2.4806369,39.5075287],[2.4806428,39.5075613],[2.4806542,39.5075655]]},"properties":{"barrier":"wall"}},
{"type":"Feature","id":"w457196113","geometry":{"type":"LineString","coordinates":[[2.4849256,39.5083972],[2.4855049,39.508571],[2.4858965,39.5088359],[2.486256,39.5088318],[2.4868192,39.5089891],[2.4870445,39.5088814],[2.4869426,39.5084303],[2.4865456,39.5080868],[2.4864062,39.5076605],[2.4855586,39.5077391],[2.4851509,39.5077681],[2.4848183,39.5082565],[2.4849256,39.5083972]]},"properties":{"natural":"scrub"}},
{"type":"Feature","id":"w457196115","geometry":{"type":"LineString","coordinates":[[2.4969633,39.5058766],[2.4970974,39.5061953],[2.4973228,39.5063526],[2.497709,39.5064064],[2.4980899,39.5063236],[2.4987009,39.5058999],[2.4983313,39.5053758],[2.4981328,39.5053758],[2.497017,39.5057814],[2.4969633,39.5058766]]},"properties":{"landuse":"meadow"}},
{"type":"Feature","id":"w460405771","geometry":{"type":"LineString","coordinates":[[3.3705317,39.5827261],[3.3704669,39.5826329],[3.3704602,39.5825668],[3.370479,39.5824876],[3.3705313,39.5824235],[3.370601,39.5823822],[3.3707097,39.5823863],[3.3708009,39.5824184],[3.3708572,39.5824546],[3.3709028,39.5824959],[3.3709229,39.5825734],[3.3708867,39.5826861],[3.3708464,39.5827365],[3.3707834,39.5827644],[3.3707043,39.5827644],[3.3706101,39.5827529],[3.3705317,39.5827261]]},"properties":{"tourism":"zoo","zoo":"enclosure"}},
{"type":"Feature","id":"w460405773","geometry":{"type":"LineString","coordinates":[[3.3709261,39.583259],[3.3707876,39.583241],[3.370624,39.5831356],[3.3705489,39.5829971],[3.3705757,39.5829124],[3.3706213,39.5828586],[3.370683,39.5828317],[3.370801,39.5828441],[3.370919,39.5829124],[3.3709968,39.5829888],[3.3709995,39.5830881],[3.3710019,39.5831427],[3.3709261,39.583259]]},"properties":{"tourism":"zoo","zoo":"enclosure"}},
{"type":"Feature","id":"w460405775","geometry":{"type":"LineString","coordinates":[[3.3712275,39.5822281],[3.3713683,39.5822612],[3.3715091,39.5822819],[3.3716969,39.5822695],[3.3718498,39.5822136],[3.3719678,39.5821516],[3.3720241,39.5820999],[3.3719114,39.5817589],[3.3717572,39.5817485],[3.3715923,39.5817465],[3.3714501,39.5817816],[3.3713321,39.5818353],[3.3712302,39.5819056],[3.371257,39.5819656],[3.371257,39.5820669],[3.3712489,39.5821537],[3.3712275,39.5822281]]},"properties":{"tourism":"zoo","zoo":"enclosure"}},
{"type":"Feature","id":"w460405776","geometry":{"type":"LineString","coordinates":[[3.3688859,39.583487],[3.3689205,39.5834674],[3.3692105,39.5833031],[3.3692616,39.5833615],[3.3693553,39.5834684],[3.3691568,39.583578],[3.3691005,39.5835987],[3.3690468,39.5835987],[3.3689905,39.5835883],[3.3689369,39.5835511],[3.3689003,39.5835052],[3.3688859,39.583487]]},"properties":{"tourism":"zoo","zoo":"enclosure"}},
{"type":"Feature","id":"w460405783","geometry":{"type":"LineString","coordinates":[[3.3725364,39.5824844],[3.3727617,39.5828152],[3.3729307,39.5830033],[3.3729655,39.5829516],[3.3728368,39.5827925],[3.3726169,39.5824617],[3.3725364,39.5824844]]},"properties":{"tourism":"zoo","zoo":"enclosure"}},
{"type":"Feature","id":"w460531648","geometry":{"type":"LineString","coordinates":[[3.3813789,39.5927381],[3.3814916,39.5918906],[3.3810034,39.5918493],[3.3804723,39.5921097],[3.3802792,39.5922255],[3.3804348,39.5925686],[3.3807245,39.5926843],[3.3808318,39.592891],[3.3813789,39.5927381]]},"properties":{"natural":"scrub"}},
{"type":"Feature","id":"w469597989","geometry":{"type":"LineString","coordinates":[[2.9280602,39.1435932],[2.9280449,39.1435974],[2.928032,39.1436052],[2.928023,39.1436157],[2.9280188,39.1436278],[2.9280198,39.1436404],[2.9280258,39.1436521],[2.9280371,39.1436622],[2.928052,39.1436688],[2.9280689,39.1436711],[2.9280859,39.1436688],[2.9281009,39.1436623],[2.9281122,39.1436523],[2.9281186,39.1436399],[2.9281192,39.1436266],[2.9281145,39.1436145],[2.928105,39.1436043],[2.9280919,39.1435968],[2.9280764,39.143593],[2.9280602,39.1435932]]},"properties":{"building":"yes","historic":"ruins"}},
{"type":"Feature","id":"w469597990","geometry":{"type":"LineString","coordinates":[[2.9260415,39.1460774],[2.9260375,39.1460909],[2.9260284,39.1461027],[2.9260149,39.1461117],[2.9259985,39.146117],[2.9259808,39.146118],[2.9259635,39.1461147],[2.9259473,39.1461066],[2.9259355,39.1460947],[2.9259296,39.1460804],[2.9259304,39.1460655],[2.9259376,39.1460515],[2.9259505,39.1460404],[2.9259675,39.1460332],[2.9259866,39.146031],[2.9260055,39.1460338],[2.9260209,39.1460408],[2.9260328,39.146051],[2.9260398,39.1460637],[2.9260415,39.1460774]]},"properties":{"building":"yes","historic":"ruins","ruins":"tower"}},
{"type":"Feature","id":"w474603958","geometry":{"type":"LineString","coordinates":[[2.6188069,39.6079533],[2.6188662,39.6077679],[2.6187709,39.6077498],[2.6187473,39.6078235],[2.6187188,39.607818],[2.618739,39.6077548],[2.618675,39.6077427],[2.6186684,39.6077632],[2.6186248,39.607755],[2.6185925,39.607856],[2.6185105,39.6078404],[2.6185675,39.6076624],[2.6186812,39.607684],[2.6186925,39.6076487],[2.6185027,39.6076127],[2.6184174,39.6078793],[2.6188069,39.6079533]]},"properties":{"amenity":"arts_centre","building":"yes","name":"Can Fogarada"}},
{"type":"Feature","id":"w481361906","geometry":{"type":"LineString","coordinates":[[3.0745966,39.6666836],[3.0745527,39.6665675],[3.0745391,39.6665316],[3.0744725,39.6665501],[3.0745038,39.6666206],[3.0743826,39.666664],[3.0744141,39.6667537],[3.0745966,39.6666836]]},"properties":{"amenity":"theatre","building":"yes","name":"Ca ses Monges","name:ca":"Ca ses Monges"}},
{"type":"Feature","id":"w487540408","geometry":{"type":"LineString","coordinates":[[3.2612001,39.4821685],[3.2614106,39.4822624],[3.2614746,39.482177],[3.2612642,39.482083],[3.2612001,39.4821685]]},"properties":{"archaeological_site":"megalith","historic":"archaeological_site"}},
{"type":"Feature","id":"w487540409","geometry":{"type":"LineString","coordinates":[[3.2622995,39.4826679],[3.2622666,39.4826466],[3.262335,39.4825442],[3.2623846,39.4825023],[3.2624175,39.4825198],[3.2622995,39.4826679]]},"properties":{"archaeological_site":"megalith","historic":"archaeological_site","megalith_type":"naveform"}},
{"type":"Feature","id":"w487540410","geometry":{"type":"LineString","coordinates":[[3.2629833,39.4819295],[3.2630081,39.4819362],[3.2629605,39.4820464],[3.2629296,39.4820651],[3.2629196,39.4820469],[3.2629833,39.4819295]]},"properties":{"archaeological_site":"megalith","historic":"archaeological_site","megalith_type":"naveform"}},
{"type":"Feature","id":"w487540411","geometry":{"type":"LineString","coordinates":[[3.2629289,39.4819113],[3.2629631,39.4819201],[3.2629068,39.4820381],[3.2628786,39.4820464],[3.2628746,39.4820268],[3.2629289,39.4819113]]},"properties":{"archaeological_site":"megalith","historic":"archaeological_site","megalith_type":"naveform"}},
{"type":"Feature","id":"w487540412","geometry":{"type":"LineString","coordinates":[[3.2623467,39.4826661],[3.2623749,39.4826609],[3.262456,39.4825563],[3.2624185,39.4825356],[3.2623427,39.4826464],[3.2623467,39.4826661]]},"properties":{"archaeological_site":"megalith","historic":"archaeological_site","megalith_type":"naveform"}},
{"type":"Feature","id":"w487540413","geometry":{"type":"LineString","coordinates":[[3.2630138,39.4833486],[3.2623593,39.4828339],[3.263495,39.4816843],[3.2630157,39.4810216],[3.2624404,39.4806529],[3.2624103,39.4806752],[3.2621643,39.4808579],[3.2619479,39.4810186],[3.2614168,39.4814305],[3.2606273,39.4822014],[3.2627891,39.4832924],[3.2628974,39.483347],[3.2629094,39.483329],[3.2630138,39.4833486]]},"properties":{"historic":"archaeological_site","name":"poblat de s'Hospitalet Vell","name:ca":"Poblat de s'Hospitalet Vell","wikidata":"Q370336","wikimedia_commons":"Category:Poblat talaiòtic de l'Hospitalet Vell","wikipedia":"ca:L'Hospitalet Vell"}},
{"type":"Feature","id":"w487687155","geometry":{"type":"LineString","coordinates":[[2.4883507,39.5087387],[2.4880467,39.5090622],[2.4877906,39.5093685],[2.4874173,39.5098261],[2.4870163,39.509851],[2.4861883,39.5096594],[2.4859626,39.5096217],[2.4852388,39.5095889],[2.484515,39.509614],[2.484454,39.5094998],[2.484396,39.5089538],[2.4840363,39.5089516],[2.4836714,39.5089942],[2.4832921,39.5090815],[2.4830241,39.5091431],[2.4827503,39.5091754],[2.4829339,39.5090825],[2.4829327,39.5087636],[2.4825434,39.508783],[2.482169,39.5087051],[2.4817465,39.5088052],[2.4816056,39.5087852],[2.481352,39.5086867],[2.4807225,39.5084449],[2.4804069,39.5084017],[2.4803824,39.508517],[2.4800648,39.5084961],[2.4800705,39.5084152],[2.4798511,39.5083693],[2.4792944,39.5080768],[2.4790438,39.5077307],[2.4789348,39.5074791],[2.4788675,39.5071413],[2.4789465,39.506753],[2.4790061,39.5065444],[2.479071,39.5063565],[2.4792114,39.5060815],[2.4794268,39.5057361],[2.479079,39.5055676],[2.4792767,39.5052795],[2.4792106,39.505153],[2.4793823,39.505153],[2.4798148,39.5053412],[2.4802886,39.5052415],[2.4808036,39.5052457],[2.4815278,39.5054281],[2.4822709,39.50584],[2.4833029,39.5060663],[2.4835503,39.5061818],[2.4837454,39.506285],[2.4839566,39.5063175],[2.4840831,39.5063096],[2.4844907,39.5061295],[2.4847381,39.5059742],[2.4848071,39.5059254],[2.4849364,39.5057472],[2.4849593,39.5057156],[2.4850023,39.5056113],[2.484344,39.5055291],[2.4843777,39.5054179],[2.4842747,39.5052259],[2.4839867,39.505043],[2.4853616,39.5048642],[2.4877039,39.5047371],[2.4910896,39.5046221],[2.4937574,39.5050048],[2.4955414,39.5051066],[2.4960495,39.5051448],[2.4967758,39.5051665],[2.4981534,39.5052185],[2.4988623,39.5052501],[2.4993078,39.5054707],[2.5004869,39.5060544],[2.5013256,39.5064116],[2.5017008,39.5067442],[2.5021623,39.5069806],[2.5023235,39.5070523],[2.5023843,39.5071091],[2.5022887,39.5081332],[2.5017678,39.5077652],[2.5015709,39.5076074],[2.5005141,39.5069556],[2.4994735,39.5067817],[2.4983684,39.5070383],[2.4970058,39.5070301],[2.4962743,39.5067321],[2.4946669,39.5063781],[2.4939706,39.5063042],[2.4931912,39.5063277],[2.4928606,39.5063539],[2.492458,39.5064261],[2.492174,39.5064551],[2.4919746,39.506517],[2.4917222,39.506562],[2.4914641,39.5066346],[2.491167,39.5067393],[2.4904944,39.5070198],[2.489445,39.507656],[2.4883507,39.5087387]]},"properties":{"historic":"archaeological_site","name":"Parc Arqueològic del Puig de la Morisca","name:ca":"Parc Arqueològic del Puig de sa Morisca","name:en":"Puig de Sa Morisca (archaeological park)","wikidata":"Q967414","wikipedia":"ca:Parc Arqueològic del Puig de la Morisca"}},
{"type":"Feature","id":"w490097482","geometry":{"type":"LineString","coordinates":[[2.5853143,39.7065939],[2.5853083,39.7066086],[2.5853093,39.706624],[2.5853174,39.7066381],[2.5853314,39.7066491],[2.5853495,39.7066555],[2.5853695,39.7066567],[2.5853916,39.706651],[2.5854088,39.706639],[2.5854181,39.7066225],[2.5854178,39.7066046],[2.585408,39.7065883],[2.5853914,39.706577],[2.5853703,39.7065715],[2.5853482,39.7065728],[2.5853284,39.7065807],[2.5853143,39.7065939]]},"properties":{"archaeological_site":"megalith","historic":"archaeological_site","megalith_type":"talaiot","name":"Talaiot de Son Olesa","name:ca":"Talaiot de Son Olesa"}},
{"type":"Feature","id":"w490097483","geometry":{"type":"LineString","coordinates":[[2.5841918,39.7064926],[2.5841875,39.7065045],[2.5841892,39.7065169],[2.5841967,39.7065278],[2.5842088,39.706536],[2.584224,39.7065401],[2.5842403,39.7065396],[2.5842553,39.7065344],[2.5842666,39.7065254],[2.5842728,39.7065138],[2.5842729,39.7065012],[2.5842669,39.7064895],[2.5842542,39.7064796],[2.5842373,39.7064745],[2.5842192,39.7064753],[2.5842031,39.7064817],[2.5841918,39.7064926]]},"properties":{"fixme":"What's this?"}},
{"type":"Feature","id":"w490122094","geometry":{"type":"LineString","coordinates":[[2.5850704,39.7077217],[2.5844347,39.7076474],[2.5843877,39.7082804],[2.5848799,39.7083387],[2.5850704,39.7077217]]},"properties":{"archaeological_site":"megalith","historic":"archaeological_site","megalith_type":"settlement","name":"Beaker settlement of Son Oleza"}},
{"type":"Feature","id":"w492428651","geometry":{"type":"LineString","coordinates":[[2.8520572,39.8096626],[2.8520371,39.8095776],[2.8521068,39.8095678],[2.8521665,39.8095611],[2.8522047,39.8095637],[2.8522242,39.8095781],[2.8522356,39.8096003],[2.8522329,39.8096245],[2.8522128,39.8096394],[2.8521873,39.8096456],[2.8520572,39.8096626]]},"properties":{"historic":"ruins"}},
{"type":"Feature","id":"w497822347","geometry":{"type":"LineString","coordinates":[[3.3899681,39.57681],[3.3899293,39.5768087],[3.3899316,39.5767714],[3.3899703,39.5767728],[3.3899681,39.57681]]},"properties":{"building":"bunker","historic":"yes","military":"bunker"}},
{"type":"Feature","id":"w502965427","geometry":{"type":"LineString","coordinates":[[2.9998808,39.3830061],[2.9997763,39.3826985],[3.0016045,39.3811768],[3.0020262,39.3818152],[3.0018975,39.3818784],[3.0020528,39.3820999],[3.0011511,39.3824858],[3.0010455,39.3825376],[3.0011341,39.3826454],[2.9998808,39.3830061]]},"properties":{"animal":"Ostrich","name:en":"Ostriches","zoo":"enclosure"}},
{"type":"Feature","id":"w511148700","geometry":{"type":"LineString","coordinates":[[3.1093026,39.8280691],[3.109384,39.8281166],[3.1094882,39.8281541],[3.1095924,39.8281816],[3.1097032,39.8281891],[3.1096988,39.8281338],[3.1097609,39.8281272],[3.1098289,39.8281237],[3.109847,39.8281879],[3.1099572,39.8281491],[3.1100516,39.8281166],[3.1101037,39.8280816],[3.1101819,39.828024],[3.110247,39.8279565],[3.1103057,39.827864],[3.1103252,39.8278114],[3.1098066,39.8277452],[3.1097665,39.8276427],[3.1095359,39.8276993],[3.1095801,39.827809],[3.1093026,39.8280691]]},"properties":{"amenity":"theatre","building":"terrace"}},
{"type":"Feature","id":"w516503710","geometry":{"type":"LineString","coordinates":[[2.3806052,39.539754],[2.3806344,39.5397803],[2.3806753,39.5398082],[2.3807168,39.539822],[2.3808102,39.539885],[2.3808687,39.5398708],[2.3808458,39.5398163],[2.3808971,39.5397957],[2.3809196,39.539779],[2.3809038,39.5397543],[2.3808489,39.5397651],[2.380794,39.5397689],[2.3807995,39.5397068],[2.3807307,39.5397032],[2.3807043,39.5397403],[2.3806705,39.5397213],[2.3806052,39.539754]]},"properties":{"building":"yes","name":"Studio Weil","tourism":"gallery"}},
{"type":"Feature","id":"w530305742","geometry":{"type":"LineString","coordinates":[[2.3722273,39.5327934],[2.3723677,39.5328132],[2.3724102,39.532634],[2.3722699,39.5326142],[2.3722273,39.5327934]]},"properties":{"building":"yes","name":"Liedtke","tourism":"museum","wikidata":"Q66023631","wikimedia_commons":"Category:Museo Liedtke","wikipedia":"es:Liedtke Museum"}},
{"type":"Feature","id":"w530758720","geometry":{"type":"LineString","coordinates":[[3.3138531,39.5185953],[3.3140329,39.5184887],[3.3139738,39.518229],[3.3138223,39.5182508],[3.3138062,39.5181773],[3.313715,39.5181918],[3.3137485,39.5183325],[3.3135372,39.518369],[3.3135152,39.5183728],[3.3135702,39.518557],[3.3137043,39.5185342],[3.3137284,39.518616],[3.3138531,39.5185953]]},"properties":{"amenity":"theatre","landuse":"recreation_ground","theatre:type":"open_air"}},
{"type":"Feature","id":"w530758721","geometry":{"type":"LineString","coordinates":[[3.313978,39.5185332],[3.3140359,39.5185944],[3.3139616,39.5186361],[3.3139038,39.518575],[3.313978,39.5185332]]},"properties":{"amenity":"theatre","building":"yes"}},
{"type":"Feature","id":"w538545249","geometry":{"type":"LineString","coordinates":[[3.3917407,39.5768981],[3.391664,39.5766595],[3.3924741,39.5765164],[3.3925605,39.5767599],[3.3918679,39.5769065],[3.3917407,39.5768981]]},"properties":{"abandoned:landuse":"quarry","description":"old stone quarry directly at/in the sea with nice looks and an interesting sandstone wall at the way leading to it","tourism":"attraction","wheelchair":"no"}},
{"type":"Feature","id":"w538982771","geometry":{"type":"LineString","coordinates":[[2.6542966,39.5770604],[2.6543682,39.5769989],[2.6541148,39.5768249],[2.6540893,39.576847],[2.6540592,39.576873],[2.65405,39.5768809],[2.6540464,39.576884],[2.6540436,39.5768865],[2.6542966,39.5770604]]},"properties":{"amenity":"arts_centre","indoor":"room","level":"0"}},
{"type":"Feature","id":"w557388493","geometry":{"type":"LineString","coordinates":[[2.4130475,39.5742175],[2.4130768,39.5741601],[2.4133638,39.5742472],[2.4133345,39.5743046],[2.4130475,39.5742175]]},"properties":{"amenity":"arts_centre","building":"yes","name":"sa Taronja"}},
{"type":"Feature","id":"w560383754","geometry":{"type":"LineString","coordinates":[[3.0110931,39.4248742],[3.0107625,39.4246778],[3.0105749,39.4245664],[3.0106348,39.4245173],[3.0111548,39.4248279],[3.0110931,39.4248742]]},"properties":{"access":"yes","building":"yes","historic":"tomb"}},
{"type":"Feature","id":"w560383755","geometry":{"type":"LineString","coordinates":[[3.0115267,39.4244548],[3.0110558,39.4241844],[3.0110987,39.4241399],[3.0113961,39.4243107],[3.0114185,39.4242962],[3.0115865,39.4243927],[3.0115267,39.4244548]]},"properties":{"access":"yes","building":"yes","historic":"tomb"}},
{"type":"Feature","id":"w562328036","geometry":{"type":"LineString","coordinates":[[2.4449092,39.6234494],[2.444946,39.6234737],[2.4450145,39.6234122],[2.4449777,39.6233879],[2.4449092,39.6234494]]},"properties":{"building":"ruins","historic":"ruins"}},
{"type":"Feature","id":"w562328037","geometry":{"type":"LineString","coordinates":[[2.4442987,39.6267692],[2.4443547,39.6267698],[2.4443562,39.6266844],[2.4443002,39.6266838],[2.4442987,39.6267692]]},"properties":{"building":"ruins","historic":"ruins","name":"Caseta de la Mola","name:ca":"Caseta de la Mola"}},
{"type":"Feature","id":"w562427641","geometry":{"type":"LineString","coordinates":[[2.4536717,39.629234],[2.4536285,39.6291859],[2.4538027,39.6290931],[2.4538459,39.6291412],[2.4536717,39.629234]]},"properties":{"building":"ruins","historic":"ruins","name":"caseta de s'Esclop"}},
{"type":"Feature","id":"w562427645","geometry":{"type":"LineString","coordinates":[[2.446183,39.6245631],[2.4462283,39.6246061],[2.4461646,39.6246459],[2.4461193,39.6246029],[2.446183,39.6245631]]},"properties":{"building":"ruins","historic":"ruins","name":"Caseta de n'Aragó","name:ca":"Caseta de n'Aragó","wikidata":"Q17301179","wikipedia":"ca:Caseta de n'Aragó"}},
{"type":"Feature","id":"w574833405","geometry":{"type":"LineString","coordinates":[[2.6499593,39.5693749],[2.6500436,39.5693811],[2.6501363,39.5693878],[2.6502279,39.5693948],[2.6502975,39.5693998],[2.6503178,39.5693889],[2.6503296,39.5692985],[2.6503303,39.5692813],[2.6503315,39.5692529],[2.6503342,39.5692006],[2.6503591,39.5691892],[2.650444,39.5691453],[2.650538,39.5690976],[2.6504674,39.5689656],[2.6505166,39.5689271],[2.6503191,39.5688079],[2.6502905,39.5687896],[2.6502667,39.568816],[2.6502836,39.5688271],[2.6502556,39.568855],[2.6502249,39.568882],[2.650113,39.5689859],[2.6500983,39.5689748],[2.65004,39.5690298],[2.6500708,39.5690505],[2.650102,39.5690699],[2.6501669,39.5691121],[2.6501731,39.5691168],[2.6503044,39.5690449],[2.6503647,39.5691519],[2.6503424,39.5691642],[2.6503447,39.5691673],[2.6503167,39.5691675],[2.6503183,39.5691542],[2.6501909,39.5691444],[2.6501892,39.5691522],[2.6501292,39.569148],[2.6500598,39.5692124],[2.6500225,39.5692519],[2.6500217,39.5693114],[2.6500128,39.569325],[2.6499996,39.5693235],[2.649982,39.5693457],[2.6499593,39.5693749]]},"properties":{"addr:city":"Palma","addr:housenumber":"1","addr:street":"Plaça de Cort","alt_name":"Ayuntamiento de Palma","amenity":"townhall","building":"public","heritage":"3","heritage:operator":"Consell de Mallorca","historic":"yes","image":"File:Fachada_del_ayuntamiento_de_Palma_de_Mallorca.jpg","name":"Ajuntament","name:ca":"Ajuntament","wikidata":"Q8210792","wikimedia_commons":"Category:Ajuntament de Palma","wikipedia":"es:Ayuntamiento de Palma de Mallorca"}},
{"type":"Feature","id":"w575077411","geometry":{"type":"LineString","coordinates":[[3.1265292,39.7889381],[3.1264953,39.788874],[3.1264364,39.7888615],[3.1264039,39.7888959],[3.1264407,39.7889657],[3.1265292,39.7889381]]},"properties":{"amenity":"theatre","building":"yes"}},
{"type":"Feature","id":"w575660604","geometry":{"type":"LineString","coordinates":[[3.0017735,39.3823717],[3.0019892,39.3823115],[3.0019457,39.3822185],[3.00173,39.3822787],[3.0017735,39.3823717]]},"properties":{"building":"yes"}},
{"type":"Feature","id":"w575660605","geometry":{"type":"LineString","coordinates":[[3.0017105,39.382469],[3.0018153,39.3824383],[3.0017961,39.382399],[3.0016913,39.3824298],[3.0017105,39.382469]]},"properties":{"building":"yes"}},
{"type":"Feature","id":"w575660606","geometry":{"type":"LineString","coordinates":[[3.0011341,39.3826454],[3.001481,39.3825483],[3.0023628,39.3823013],[3.0020262,39.3818152],[3.0016045,39.3811768],[2.9997763,39.3826985],[2.9998808,39.3830061],[3.0011341,39.3826454]]},"properties":{"addr:street":"ma6014 km 40\n07630 Campos","contact:email":"info@artestruzmallorca.com","name":"Artestruz","opening_hours":"We-Su 10:00-16:00","phone":"+34 639721735","tourism":"zoo","website":"https://www.artestruzmallorca.com/"}},
{"type":"Feature","id":"w575660608","geometry":{"type":"LineString","coordinates":[[2.9998808,39.3830061],[2.9997222,39.3830492],[2.9996766,39.3827673],[2.9997763,39.3826985],[2.9998808,39.3830061]]},"properties":{"access":"customers","amenity":"parking"}},
{"type":"Feature","id":"w575660609","geometry":{"type":"LineString","coordinates":[[3.0010455,39.3825376],[3.0011341,39.3826454],[3.0012397,39.3825936],[3.0011511,39.3824858],[3.0010455,39.3825376]]},"properties":{"building":"yes","name":"Artestruz","shop":"farm;art"}},
{"type":"Feature","id":"w582960290","geometry":{"type":"LineString","coordinates":[[3.1114496,39.8407837],[3.1115234,39.8409052],[3.1114939,39.8410133],[3.1114711,39.8410524],[3.1114215,39.8410792],[3.111349,39.8410977],[3.1112686,39.8410998],[3.1112686,39.8410792],[3.1112042,39.8410771],[3.1111546,39.841106],[3.1110165,39.8410401],[3.1109722,39.8409381],[3.1109682,39.840901],[3.110991,39.8408104],[3.1110285,39.8407795],[3.111113,39.8407198],[3.1111626,39.8407054],[3.1112592,39.8407064],[3.1113812,39.8407394],[3.1114496,39.8407837]]},"properties":{"amenity":"theatre"}},
{"type":"Feature","id":"w583995183","geometry":{"type":"LineString","coordinates":[[3.4363295,39.7444244],[3.4363925,39.7444306],[3.4364408,39.7444564],[3.4364837,39.7444182],[3.4363805,39.7443636],[3.4363255,39.744377],[3.4363295,39.7444244]]},"properties":{"bunker_type":"pillbox","historic":"ruins","location":"overground"}},
{"type":"Feature","id":"w584228582","geometry":{"type":"LineString","coordinates":[[3.4443265,39.7321254],[3.4445465,39.7321564],[3.4445588,39.7321045],[3.4443389,39.7320735],[3.4443265,39.7321254]]},"properties":{"building":"yes","historic":"ruins","ruins":"yes"}},
{"type":"Feature","id":"w584612715","geometry":{"type":"LineString","coordinates":[[3.4751303,39.7170344],[3.4751344,39.7170439],[3.4751423,39.7170518],[3.4751532,39.7170573],[3.4751658,39.7170596],[3.4751787,39.7170586],[3.47519,39.7170546],[3.4751991,39.717048],[3.475205,39.7170396],[3.475207,39.7170301],[3.4752051,39.7170207],[3.4751993,39.7170122],[3.4751904,39.7170055],[3.4751791,39.7170015],[3.4751667,39.7170003],[3.4751545,39.7170023],[3.4751434,39.7170074],[3.4751351,39.7170151],[3.4751305,39.7170244],[3.4751303,39.7170344]]},"properties":{"building":"ruins","heritage":"3","heritage:operator":"Consell de Mallorca","historic":"castle","man_made":"tower","name":"sa Torre Esbucada","tower:type":"defensive"}},
{"type":"Feature","id":"w602722259","geometry":{"type":"LineString","coordinates":[[2.7122235,39.7668129],[2.7122554,39.7667666],[2.7122116,39.7667488],[2.7122599,39.7666786],[2.7123034,39.7666962],[2.7123441,39.766637],[2.712476,39.7666906],[2.7123552,39.7668663],[2.7122235,39.7668129]]},"properties":{"amenity":"arts_centre","building":"yes","name":"Can Dulce","wikidata":"Q111911153","wikimedia_commons":"Category:Can Dulce (Sóller)"}},
{"type":"Feature","id":"w602722260","geometry":{"type":"LineString","coordinates":[[2.712497,39.7671635],[2.7125168,39.7671373],[2.7123831,39.7670777],[2.7124133,39.7670378],[2.7123933,39.7670289],[2.7124311,39.7669789],[2.7124503,39.7669875],[2.7124803,39.7669477],[2.7126711,39.7670329],[2.7125534,39.7671887],[2.712497,39.7671635]]},"properties":{"building":"yes","historic":"manor","name":"Can Cremat","name:ca":"Can Cremat","wikidata":"Q111911202","wikimedia_commons":"Category:Can Cremat (Sóller)"}},
{"type":"Feature","id":"w602991893","geometry":{"type":"LineString","coordinates":[[3.1590831,39.7569634],[3.1591545,39.7568998],[3.1591004,39.7568639],[3.1590291,39.7569275],[3.1590831,39.7569634]]},"properties":{"amenity":"theatre","building":"roof"}},
{"type":"Feature","id":"w614653874","geometry":{"type":"LineString","coordinates":[[2.9035284,39.757552],[2.9034633,39.7576186],[2.903425,39.7575993],[2.9034115,39.7576663],[2.9034799,39.7576675],[2.9034886,39.7576509],[2.9036689,39.7577578],[2.9036969,39.757744],[2.9037766,39.7577928],[2.903885,39.7576888],[2.9038684,39.7576806],[2.9039265,39.7576258],[2.9037927,39.7575476],[2.9036991,39.7576438],[2.9035284,39.757552]]},"properties":{"building":"yes","historic":"manor","name":"So n'Arnau"}},
{"type":"Feature","id":"w642332047","geometry":{"type":"LineString","coordinates":[[2.4240799,39.5762613],[2.4241353,39.5762181],[2.4241929,39.5762621],[2.4241376,39.5763053],[2.4240799,39.5762613]]},"properties":{"building:levels":"4","building:part":"yes","heritage":"3","heritage:operator":"Consell de Mallorca","historic":"castle","man_made":"tower","name":"Castell de Son Mas","name:ca":"Castell de Son Mas","roof:levels":"1","tower:type":"defensive"}},
{"type":"Feature","id":"w642332074","geometry":{"type":"LineString","coordinates":[[2.3920295,39.5782176],[2.3919931,39.5781616],[2.3919376,39.5780758],[2.3919346,39.5780772],[2.3919085,39.5780364],[2.3918985,39.5780147],[2.3918929,39.5780035],[2.3922736,39.5778503],[2.3923754,39.5780006],[2.3920631,39.5781262],[2.3920953,39.5781992],[2.3920626,39.5782083],[2.3920295,39.5782176]]},"properties":{"amenity":"marketplace","name":"Mercat de s’Arracó","opening_hours":"Sa 08:00+"}},
{"type":"Feature","id":"w642579274","geometry":{"type":"LineString","coordinates":[[2.3170903,39.586384],[2.3170877,39.5863961],[2.317093,39.5864077],[2.3171047,39.586416],[2.3171269,39.5864184],[2.3171458,39.5864092],[2.3171526,39.5863928],[2.3171446,39.5863775],[2.317126,39.5863693],[2.3171048,39.5863718],[2.3170903,39.586384]]},"properties":{"building:part":"yes","historic":"yes","image":"https://commons.wikimedia.org/wiki/File:Far_de_Na_Popis.JPG","man_made":"tower","name":"Far de Na Pòpia","source":"esri clarity and local knowledge with rough gps positioning","wikidata":"Q29949348","wikimedia_commons":"File:Far_de_Na_Popis.JPG","wikipedia":"es:Faro de Na Pòpia"}},
{"type":"Feature","id":"w651668756","geometry":{"type":"LineString","coordinates":[[3.2428039,39.4193937],[3.243785,39.4202474],[3.2451826,39.4190321],[3.2444631,39.4186996],[3.2428039,39.4193937]]},"properties":{"historic":"archaeological_site","name":"Closos de Ca'n Gaià","name:ca":"Closos de Can Gaià","wikidata":"Q8346975","wikimedia_commons":"Category:Closos de Ca'n Gaià","wikipedia":"ca:Closos de Can Gaià"}},
{"type":"Feature","id":"w655357622","geometry":{"type":"LineString","coordinates":[[2.6506127,39.568177],[2.6506597,39.5681666],[2.6507,39.5681589],[2.6507073,39.5681573],[2.6507008,39.5680866],[2.6506978,39.5680557],[2.6507164,39.5680528],[2.6507554,39.5680465],[2.6507356,39.5679653],[2.6508488,39.5679182],[2.6509107,39.5680028],[2.6509785,39.5679793],[2.6509942,39.5679719],[2.651046,39.5679477],[2.6510259,39.5679205],[2.6510046,39.5678979],[2.6509388,39.5679259],[2.6509038,39.5678757],[2.6509628,39.5678469],[2.650945,39.5678253],[2.6509184,39.5678379],[2.6509127,39.5678315],[2.6508836,39.5678459],[2.6508442,39.5678659],[2.6508294,39.5678719],[2.6508169,39.5678779],[2.6507795,39.5679024],[2.6507743,39.5678917],[2.6507647,39.567858],[2.6507687,39.567856],[2.6507559,39.5678251],[2.650742,39.5677887],[2.6507677,39.5677831],[2.650763,39.5677772],[2.6507534,39.5677588],[2.650728,39.5677639],[2.6506933,39.5677729],[2.6506878,39.5677517],[2.6506399,39.5677623],[2.65062,39.5677652],[2.650569,39.567778],[2.6504865,39.5677927],[2.6505068,39.5678806],[2.6505265,39.5679455],[2.6505538,39.5680252],[2.6505816,39.5681006],[2.6506101,39.568177],[2.6506127,39.568177]]},"properties":{"building":"house","historic":"manor","name":"Ca n'Olesa","name:ca":"Can Olesa","wikidata":"Q20106489","wikimedia_commons":"Category:Casal Olesa","wikipedia":"ca:Can Olesa"}},
{"type":"Feature","id":"w661283150","geometry":{"type":"LineString","coordinates":[[2.6092166,39.5550594],[2.6093577,39.5545398],[2.6094316,39.554521],[2.6095016,39.5545097],[2.6095791,39.5544977],[2.609691,39.5544896],[2.6098005,39.5544885],[2.6099756,39.5545273],[2.6100834,39.5545351],[2.6102648,39.5545194],[2.6104404,39.5545052],[2.6105367,39.5544958],[2.6106248,39.5544921],[2.6107482,39.5545005],[2.6107734,39.5545132],[2.6107646,39.5545263],[2.6101053,39.5551062],[2.6100264,39.555173],[2.6099878,39.555151],[2.6100183,39.5550758],[2.6099614,39.5550711],[2.6097459,39.5550915],[2.6096057,39.5551119],[2.609441,39.5551322],[2.6092987,39.5552263],[2.6092534,39.555291],[2.6092438,39.5553046],[2.6091829,39.5553501],[2.6090955,39.5553767],[2.609002,39.5553689],[2.608941,39.5553501],[2.6088243,39.555329],[2.6087814,39.5553188],[2.6086908,39.5553736],[2.6086445,39.555416],[2.6088389,39.5555832],[2.6088333,39.5556],[2.6090598,39.555764],[2.609037,39.5557873],[2.6091923,39.5558951],[2.609159,39.5559086],[2.6089377,39.5561236],[2.6085672,39.555862],[2.6086334,39.5557416],[2.608764,39.555558],[2.608621,39.5554477],[2.6085371,39.5553756],[2.6084109,39.5552978],[2.6084074,39.5552506],[2.6084664,39.5551606],[2.6085647,39.5550793],[2.6086496,39.5550436],[2.6088042,39.5550282],[2.6092166,39.5550594]]},"properties":{"addr:city":"Palma","addr:housenumber":"29","addr:postcode":"07015","addr:street":"Carrer de Saridakis","fee":"yes","museum":"art","name":"Fundació Pilar i Joan Miró a Mallorca","name:ca":"Fundació Pilar i Joan Miró a Mallorca","opening_hours":"Tu-Su 10:00-17:00","phone":"+34 971 701420","tourism":"museum","website":"https://miromallorca.com/","wikidata":"Q949576","wikimedia_commons":"Category:Fundació Pilar i Joan Miró","wikipedia":"ca:Fundació Miró Mallorca"}},
{"type":"Feature","id":"w668759340","geometry":{"type":"LineString","coordinates":[[2.4678098,39.5198854],[2.4677872,39.5198971],[2.4677728,39.5199148],[2.4677691,39.5199355],[2.4677767,39.5199556],[2.4677944,39.5199715],[2.467816,39.5199799],[2.4678402,39.5199815],[2.4678634,39.5199761],[2.4678824,39.5199646],[2.4678946,39.5199484],[2.4678983,39.51993],[2.4678927,39.5199115],[2.4678786,39.519896],[2.467858,39.5198856],[2.4678339,39.5198819],[2.4678098,39.5198854]]},"properties":{"building":"yes","historic":"yes","man_made":"tower","name":"es Castellot","name:ca":"es Castellot","tower:type":"defensive"}},
{"type":"Feature","id":"w671581590","geometry":{"type":"LineString","coordinates":[[3.1474616,39.4681642],[3.1476144,39.4681953],[3.1476519,39.4681455],[3.147712,39.4680653],[3.1476037,39.4679849],[3.1475806,39.4680125],[3.1475512,39.4680496],[3.1475386,39.4680687],[3.147485,39.4681219],[3.1474616,39.4681642]]},"properties":{"amenity":"theatre","building":"yes","name":"Casa de cultura","wikidata":"Q111951300","wikimedia_commons":"Category:Casa de Cultura (Felanitx)"}},
{"type":"Feature","id":"w672875708","geometry":{"type":"LineString","coordinates":[[2.9815248,39.5637106],[2.981763,39.563718],[2.981765,39.5636822],[2.9818782,39.5636858],[2.9818801,39.5636501],[2.9815317,39.5636382],[2.9815248,39.5637106]]},"properties":{"amenity":"theatre","building":"yes","name":"el Molinar","name:ca":"el Molinar"}},
{"type":"Feature","id":"w685463537","geometry":{"type":"LineString","coordinates":[[2.6992145,39.76661],[2.6995407,39.7664939],[2.6997772,39.7664477],[2.7000541,39.7664212],[2.7002369,39.7664145]]},"properties":{"electrified":"contact_line","frequency":"0","gauge":"914","name":"Tren de Sóller","name:ca":"Tren de Sóller","passenger_lines":"1","railway":"narrow_gauge","usage":"branch","voltage":"1200"}},
{"type":"Feature","id":"w685463538","geometry":{"type":"LineString","coordinates":[[2.6991563,39.7666396],[2.6992145,39.76661]]},"properties":{"bridge":"yes","electrified":"contact_line","frequency":"0","gauge":"914","layer":"1","name":"Tren de Sóller","name:ca":"Tren de Sóller","passenger_lines":"1","railway":"narrow_gauge","usage":"branch","voltage":"1200"}},
{"type":"Feature","id":"w686838661","geometry":{"type":"LineString","coordinates":[[3.1189798,39.8531615],[3.118972,39.8533203],[3.1189043,39.8533181],[3.1189025,39.8533618],[3.1189704,39.8533637],[3.1189685,39.8533909],[3.1189539,39.8536888],[3.1189057,39.8536882],[3.1189036,39.8537293],[3.1189529,39.8537317],[3.1189976,39.8537778]]},"properties":{"barrier":"city_wall","historic":"citywalls"}},
{"type":"Feature","id":"w686838667","geometry":{"type":"LineString","coordinates":[[3.1206201,39.8548043],[3.1208086,39.8548977],[3.1207783,39.8549389],[3.1208279,39.8549615],[3.1208568,39.8549222],[3.1211382,39.8550214],[3.1211803,39.8550349],[3.121117,39.8551266],[3.1211029,39.8551534],[3.1211006,39.8551815],[3.1211092,39.8552037],[3.121127,39.8552225],[3.1211518,39.8552358],[3.121181,39.8552419],[3.1212112,39.8552403],[3.1212389,39.8552311],[3.1212523,39.8552244],[3.121265,39.8552116],[3.121338,39.8550928],[3.1213709,39.8551044]]},"properties":{"barrier":"city_wall","historic":"citywalls"}},
{"type":"Feature","id":"w686845922","geometry":{"type":"LineString","coordinates":[[3.1205121,39.8507671],[3.120967,39.8502097],[3.1212142,39.8502514],[3.1213,39.8500991],[3.1206161,39.8498808],[3.1201413,39.8505912],[3.1205121,39.8507671]]},"properties":{"name":"Ciutat Romana de Pol·lèntia","opening_hours":"Apr-Sep: Mo-Fr 09:30-20:30; Apr-Sep: Sa,Su 09:30-14:30; Oct-Mar: Mo-Fr 09:30-15:30","tourism":"attraction"}},
{"type":"Feature","id":"w686845923","geometry":{"type":"LineString","coordinates":[[3.1222415,39.8495843],[3.1226599,39.8495369],[3.1228664,39.849574],[3.1230582,39.8490694],[3.1226479,39.8490324],[3.1221718,39.8487523],[3.1217319,39.8492651],[3.1220779,39.8495389],[3.1222415,39.8495843]]},"properties":{"name":"Pol·lèntia","name:ca":"Pol·lèntia","opening_hours":"Apr-Sep: Mo-Fr 09:30-20:30; Apr-Sep: Sa,Su 09:30-14:30; Oct-Mar: Mo-Fr 09:30-15:30","tourism":"attraction","wheelchair":"yes","wikidata":"Q1512868","wikimedia_commons":"Category:Pollentia","wikipedia":"de:Pol·lèntia"}},
{"type":"Feature","id":"w692275710","geometry":{"type":"LineString","coordinates":[[3.1864254,39.4553419],[3.1859359,39.4552508],[3.1858984,39.4553657],[3.1855229,39.4555014],[3.1855457,39.4555273],[3.1852828,39.4556567],[3.1853539,39.4557758],[3.1854182,39.4557458],[3.1854424,39.455782],[3.1855658,39.4557033],[3.1855725,39.4557178],[3.185661,39.4556619],[3.1856771,39.4556836],[3.1858528,39.4555977],[3.1858769,39.4555718],[3.1858501,39.4555428],[3.1859064,39.455489],[3.1859104,39.4554713],[3.1859601,39.4554434],[3.1859748,39.455402],[3.1862296,39.4554486],[3.1862497,39.4554071],[3.1863946,39.4554403],[3.1864254,39.4553419]]},"properties":{"amenity":"place_of_worship","building":"yes","denomination":"catholic","heritage":"3","heritage:operator":"Consell de Mallorca","historic":"monument","name":"Sant Salvador","name:ca":"Sant Salvador","name:es":"San Salvador","religion":"christian","wheelchair":"limited","wikidata":"Q1236385","wikimedia_commons":"Category:Santuari de Sant Salvador (Felanitx)","wikipedia":"ca:Santuari de Sant Salvador de Felanitx"}},
{"type":"Feature","id":"w696379252","geometry":{"type":"LineString","coordinates":[[3.0161287,39.8758943],[3.0161535,39.8758424],[3.0162206,39.8758612],[3.0161958,39.8759132],[3.0161287,39.8758943]]},"properties":{"building":"yes","castle_type":"tower","heritage":"3","heritage:operator":"Consell de Mallorca","historic":"castle","man_made":"tower","name":"Torre de Can Desbrull","tower:type":"defensive"}},
{"type":"Feature","id":"w696495349","geometry":{"type":"LineString","coordinates":[[2.6505304,39.566534],[2.6505239,39.5664866],[2.6507932,39.5664255],[2.6508112,39.5664669],[2.6507741,39.5664759],[2.650766,39.5664767],[2.6505304,39.566534]]},"properties":{"building":"yes","historic":"manor","layer":"1","name":"Can Formiguera","name:ca":"Can Formiguera","wikidata":"Q17590323","wikipedia":"ca:Can Formiguera"}},
{"type":"Feature","id":"w696730889","geometry":{"type":"LineString","coordinates":[[2.7158473,39.7662759],[2.7155964,39.7662351],[2.7156305,39.7661592],[2.7157823,39.7661898],[2.7157778,39.766212],[2.7158105,39.7662161],[2.7158143,39.7661962],[2.7158663,39.766204],[2.7158473,39.7662759]]},"properties":{"addr:city":"Sóller","addr:housenumber":"21","addr:postcode":"07100","addr:street":"Plaça de la Constitució","building":"yes","heritage":"3","heritage:operator":"Consell de Mallorca","historic":"building","name":"Banc de Sóller","name:ca":"Banc de Sóller","wikidata":"Q11907782","wikimedia_commons":"Category:Banc de Sóller","wikipedia":"es:Banco de Sóller"}},
{"type":"Feature","id":"w711602456","geometry":{"type":"LineString","coordinates":[[2.62164,39.7107113],[2.6217611,39.7106192],[2.6218211,39.7105877],[2.6220038,39.7105954],[2.6219995,39.7106723],[2.622121,39.7106586],[2.6221196,39.7108947],[2.6219693,39.7109349],[2.6217964,39.7109667],[2.6217547,39.7108245],[2.62164,39.7107113]]},"properties":{"addr:city":"Valldemossa","addr:housenumber":"6","addr:postcode":"07170","addr:street":"Avinguda de Palma","alt_name":"Ca les Quenques","amenity":"arts_centre","name":"Centre Cultural Costa Nord"}},
{"type":"Feature","id":"w723529952","geometry":{"type":"LineString","coordinates":[[2.7555884,39.5071953],[2.7555672,39.5071538],[2.7556912,39.5071236],[2.7557141,39.5071614],[2.7555884,39.5071953]]},"properties":{"amenity":"arts_centre"}},
{"type":"Feature","id":"w726537952","geometry":{"type":"LineString","coordinates":[[2.4686362,39.5078668],[2.4701914,39.508805],[2.4709851,39.5077883],[2.4715149,39.5067858],[2.4691466,39.5075172],[2.4686362,39.5078668]]},"properties":{"contact:facebook":"https://www.facebook.com/JungleParcMallorc","contact:instagram":"https://www.instagram.com/explore/locations/928726439/jungle-parc-mallorca","contact:twitter":"https://twitter.com/jungle_parc","contact:youtube":"https://www.youtube.com/channel/UC65QgCkzL5-Mfua27BVzkZg","email":"mallorca@jungleparc.es","landuse":"recreation_ground","name":"Jungle Parc","opening_hours:covid19":"off","phone":"+34 630 94 82 95","sport":"climbing_adventure","tourism":"attraction","website":"https://www.jungleparc.es/"}},
{"type":"Feature","id":"w733810172","geometry":{"type":"LineString","coordinates":[[2.6481344,39.5683921],[2.6482358,39.5683787],[2.6482818,39.5683738],[2.6483042,39.568372],[2.6483513,39.5683691],[2.6483319,39.5682464],[2.6482674,39.5682514],[2.6482756,39.5683239],[2.6482557,39.5683254],[2.6482131,39.5683302],[2.6481905,39.5683166],[2.6481781,39.5682686],[2.6481773,39.5682654],[2.6481263,39.5682791],[2.6481198,39.5682804],[2.6481239,39.5682975],[2.6480686,39.5683071],[2.6480741,39.5683355],[2.6480861,39.5683858],[2.648131,39.5683804],[2.6481344,39.5683921]]},"properties":{"addr:housenumber":"4","addr:street":"Carrer de l'Estudi General","building":"yes","historic":"manor","name":"Can Sastre","name:ca":"Can Sastre","wikidata":"Q108417498"}},
{"type":"Feature","id":"w734375316","geometry":{"type":"LineString","coordinates":[[2.649097,39.5685577],[2.6491131,39.5685407],[2.6491262,39.5685547],[2.6491565,39.5685874],[2.6491795,39.5685741],[2.6491806,39.5685754],[2.6492192,39.5685582],[2.6491711,39.5684982],[2.6492516,39.5684473],[2.6493148,39.5685349],[2.6493225,39.5685307],[2.6493319,39.5685426],[2.6492468,39.5685926],[2.6492726,39.5686185],[2.6493921,39.5685435],[2.6493956,39.5685405],[2.6493009,39.5684157],[2.6492049,39.568291],[2.6492017,39.5682904],[2.6489627,39.5683418],[2.6489938,39.5684033],[2.6490105,39.5684292],[2.6490247,39.5684493],[2.6490415,39.5684733],[2.6490655,39.5684618],[2.6491046,39.5685115],[2.6490753,39.5685255],[2.649097,39.5685577]]},"properties":{"addr:housenumber":"9","addr:street":"Carrer de l'Estudi General","building":"yes","historic":"manor","name":"Can Ferragut","name:ca":"Can Ferragut","wikidata":"Q108418282"}},
{"type":"Feature","id":"w736616074","geometry":{"type":"LineString","coordinates":[[2.6505202,39.5680993],[2.6505887,39.5682803],[2.6505418,39.5682947],[2.6504936,39.5683101],[2.6504549,39.5683236],[2.650345,39.568363],[2.6503397,39.5683576],[2.6503206,39.5683042],[2.650283,39.5683115],[2.6502661,39.5682616],[2.6502623,39.5682489],[2.6503248,39.5682333],[2.650342,39.5682852],[2.6503637,39.5682802],[2.6503441,39.5682288],[2.6503462,39.5682283],[2.6503364,39.5681948],[2.6503299,39.5681764],[2.6503197,39.5681441],[2.6503518,39.5681389],[2.6503583,39.5681573],[2.6503751,39.5681532],[2.6503777,39.5681464],[2.6503881,39.5681383],[2.6503857,39.568131],[2.6505202,39.5680993]]},"properties":{"alt_name":"Can Vivot Santjoan","building":"yes","historic":"manor","name":"Can Ordines d'Almadrà","wikidata":"Q105889219","wikimedia_commons":"Category:Ca n'Ordines d'Almadrà","wikipedia":"ca:Can Ordines d'Almandra"}},
{"type":"Feature","id":"w736629218","geometry":{"type":"LineString","coordinates":[[2.650422,39.56639],[2.6504668,39.5665374],[2.6504005,39.5665465],[2.6503596,39.5665551],[2.650321,39.5665617],[2.6503081,39.5665152],[2.650161,39.5665411],[2.6501561,39.5665417],[2.6501333,39.5664301],[2.6502005,39.5664024],[2.6502527,39.5663926],[2.6503654,39.5664057],[2.650422,39.56639]]},"properties":{"alt_name":"posada de la Cartoixa","building":"yes","historic":"manor","name":"Cal Comte d'Espanya","wikidata":"Q105885005","wikipedia":"ca:Posada de la Cartoixa"}},
{"type":"Feature","id":"w736629219","geometry":{"type":"LineString","coordinates":[[2.6504701,39.5663794],[2.6504945,39.5663748],[2.6504775,39.5663301],[2.6504574,39.5663324],[2.6504449,39.5663364],[2.6504069,39.5663441],[2.6504099,39.566349],[2.6503375,39.5663679],[2.650313,39.5663643],[2.6501903,39.5662661],[2.6502011,39.5662577],[2.6501296,39.5662075],[2.6501102,39.5662114],[2.6500515,39.5662599],[2.649797,39.566475],[2.6498332,39.5665029],[2.6498238,39.566511],[2.6498857,39.5665515],[2.6499329,39.5665323],[2.6499919,39.5665083],[2.6499826,39.5664948],[2.6501333,39.5664301],[2.6502005,39.5664024],[2.6502527,39.5663926],[2.6503654,39.5664057],[2.650422,39.56639],[2.6504701,39.5663794]]},"properties":{"building":"yes","historic":"manor","name":"Ca la Torre","wikidata":"Q20107352","wikimedia_commons":"Category:Cal Marquès de la Torre","wikipedia":"ca:Cal Marquès de la Torre"}},
{"type":"Feature","id":"w736629222","geometry":{"type":"LineString","coordinates":[[2.6504915,39.5666935],[2.650496,39.5666932],[2.6505066,39.5667528],[2.6505235,39.5668427],[2.6505332,39.5668968],[2.6505378,39.5669196],[2.6504789,39.5669296],[2.6504684,39.5669306],[2.6503957,39.5669437],[2.6503738,39.5669463],[2.650368,39.5669222],[2.6503162,39.5669295],[2.6503206,39.5669596],[2.6502057,39.566976],[2.6501959,39.5669777],[2.6501881,39.5669575],[2.6501825,39.566942],[2.6501935,39.5669403],[2.6501901,39.5669318],[2.6502359,39.5669232],[2.6502057,39.5667435],[2.6502157,39.5667417],[2.6502611,39.5667321],[2.6504915,39.5666935]]},"properties":{"building":"yes","historic":"manor","name":"Can Espanya-Serra","name:ca":"Can Espanya-Serra","wikidata":"Q105889054","wikimedia_commons":"Category:Can Espanya","wikipedia":"ca:Can Espanya-Serra"}},
{"type":"Feature","id":"w736629223","geometry":{"type":"LineString","coordinates":[[2.6502511,39.5671006],[2.6502591,39.5671231],[2.650279,39.5671198],[2.6503095,39.5672161],[2.6503248,39.567269],[2.6503249,39.5672955],[2.6503777,39.5672935],[2.6504632,39.5672922],[2.650541,39.5672923],[2.6505663,39.567159],[2.6505652,39.5670627],[2.6504134,39.5670888],[2.6504052,39.5670762],[2.6503418,39.5670863],[2.6502511,39.5671006]]},"properties":{"building":"yes","historic":"manor","name":"Can Pasqual","name:ca":"Can Pasqual","wikidata":"Q105884852"}},
{"type":"Feature","id":"w736629237","geometry":{"type":"LineString","coordinates":[[2.6506308,39.5675582],[2.6504395,39.5675974],[2.650475,39.5677447],[2.6504865,39.5677927],[2.650569,39.567778],[2.65062,39.5677652],[2.6506399,39.5677623],[2.6506878,39.5677517],[2.6507214,39.5677442],[2.650728,39.5677639],[2.6507534,39.5677588],[2.6507814,39.5677525],[2.6507846,39.567763],[2.6508075,39.5677518],[2.6507863,39.5677079],[2.6507616,39.5677148],[2.6507278,39.5676393],[2.6506729,39.5676513],[2.650654,39.5676553],[2.6506719,39.5677102],[2.6505538,39.5677329],[2.6505492,39.5677182],[2.6505721,39.5677127],[2.6505615,39.5676788],[2.6505352,39.5676841],[2.6505302,39.5676695],[2.6506505,39.5676447],[2.6506446,39.5676086],[2.6506308,39.5675582]]},"properties":{"alt_name":"Can Pacs Fuster","building":"yes","historic":"manor","name":"Posada de s'Estorell"}},
{"type":"Feature","id":"w736631828","geometry":{"type":"LineString","coordinates":[[2.6510153,39.5684439],[2.6510264,39.5684868],[2.6510444,39.5685558],[2.6510601,39.5686171],[2.6510752,39.5686753],[2.6510734,39.568683],[2.6510663,39.5686893],[2.6509218,39.5687497],[2.6509189,39.5687449],[2.6508773,39.5686699],[2.6508409,39.568604],[2.6508699,39.568592],[2.6508953,39.5685817],[2.65091,39.5686117],[2.6509508,39.5685968],[2.6509376,39.5685622],[2.6509415,39.5685607],[2.6509297,39.5685384],[2.6509186,39.5685211],[2.6509427,39.5685153],[2.6509259,39.5684819],[2.6509869,39.5684504],[2.6510131,39.5684403],[2.6510153,39.5684439]]},"properties":{"building":"yes","historic":"manor","name":"Can Amorós","name:ca":"Can Amorós"}},
{"type":"Feature","id":"w736639340","geometry":{"type":"LineString","coordinates":[[2.6497021,39.5682939],[2.6497209,39.5683261],[2.6497411,39.5683582],[2.6497043,39.5683737],[2.6496103,39.5684109],[2.6495741,39.5684246],[2.6495251,39.5684435],[2.6494868,39.5684674],[2.6494081,39.5685123],[2.6493049,39.5683742],[2.6493692,39.5683493],[2.6494263,39.5683293],[2.6494649,39.5683155],[2.6494815,39.5683107],[2.6495221,39.5682942],[2.6495194,39.5682894],[2.6495635,39.5682758],[2.6495892,39.5683145],[2.6496536,39.5682916],[2.6496582,39.568296],[2.6496666,39.5683101],[2.6497021,39.5682939]]},"properties":{"building":"yes","historic":"manor","name":"Can Crespí","name:ca":"Can Crespí","wikidata":"Q125327245","wikimedia_commons":"Category:Can Crespí (Palma)"}},
{"type":"Feature","id":"w737067161","geometry":{"type":"LineString","coordinates":[[2.6509523,39.5667815],[2.6509638,39.5668023],[2.6509746,39.5668218],[2.6510031,39.5668604],[2.6512119,39.5667298],[2.6511995,39.5667138],[2.651215,39.5667025],[2.6512262,39.5666952],[2.6512588,39.5666704],[2.6512334,39.5666496],[2.6512234,39.566639],[2.6512088,39.5665725],[2.6511633,39.5666033],[2.6511818,39.5666188],[2.6510809,39.5666906],[2.6511395,39.5667369],[2.6511148,39.5667553],[2.6510717,39.5667761],[2.6510647,39.5667666],[2.6510131,39.5667939],[2.650997,39.5667666],[2.6509523,39.5667815]]},"properties":{"building":"yes","historic":"yes"}},
{"type":"Feature","id":"w737076198","geometry":{"type":"LineString","coordinates":[[2.6518149,39.567668],[2.6516829,39.5674891],[2.6517363,39.5674782],[2.65179,39.5674672],[2.6518396,39.5674571],[2.6518578,39.5674861],[2.6519139,39.5674653],[2.6519829,39.5675546],[2.6520349,39.5675288],[2.6520581,39.5675574],[2.6520432,39.5675633],[2.6520274,39.5675748],[2.6519979,39.5675894],[2.6520112,39.5676044],[2.6519714,39.5676194],[2.6519475,39.5675921],[2.6518776,39.5676262],[2.651882,39.5676331],[2.6518149,39.567668]]},"properties":{"building":"yes","historic":"manor","name":"Can Dusai","name:ca":"Can Dusai","wikidata":"Q108061909"}},
{"type":"Feature","id":"w737115422","geometry":{"type":"LineString","coordinates":[[2.6520738,39.5672146],[2.652162,39.5673263],[2.6520867,39.567364],[2.6520598,39.5673325],[2.652096,39.5673127],[2.6520656,39.5672722],[2.6520326,39.5672931],[2.6519991,39.5672533],[2.6520738,39.5672146]]},"properties":{"building":"yes","historic":"manor"}},
{"type":"Feature","id":"w737115425","geometry":{"type":"LineString","coordinates":[[2.6520738,39.5672146],[2.6522151,39.5671039],[2.6522749,39.5670265],[2.6522977,39.5670515],[2.6523051,39.5670608],[2.6523332,39.5670967],[2.6523283,39.5670995],[2.6523086,39.5671141],[2.6523328,39.5671328],[2.6523365,39.5671365],[2.6523404,39.5671401],[2.6522753,39.5671876],[2.6522888,39.5672049],[2.6522882,39.5672074],[2.652314,39.5672421],[2.6523103,39.5672437],[2.6523166,39.5672513],[2.6523308,39.5672691],[2.6522591,39.5673053],[2.652246,39.5672908],[2.652219,39.5673094],[2.6522103,39.5673019],[2.6521674,39.5673327],[2.652162,39.5673263],[2.6520738,39.5672146]]},"properties":{"building":"yes","historic":"manor","name":"Can Muntaner","name:ca":"Can Muntaner","wikidata":"Q108461924"}},
{"type":"Feature","id":"w737115427","geometry":{"type":"LineString","coordinates":[[2.6525034,39.5671753],[2.6525875,39.56731],[2.652507,39.5673532],[2.652514,39.5673613],[2.6524766,39.5673856],[2.6524708,39.5673775],[2.6524346,39.5673946],[2.6524276,39.5673856],[2.6523855,39.5674081],[2.6523657,39.567382],[2.6523996,39.5673667],[2.6523867,39.5673496],[2.6523529,39.5673649],[2.6523435,39.5673532],[2.652375,39.5673334],[2.6523368,39.5672813],[2.6523521,39.5672724],[2.6523829,39.5672556],[2.6524068,39.5672413],[2.6524484,39.5673019],[2.6525089,39.5672687],[2.6524653,39.5672012],[2.6525034,39.5671753]]},"properties":{"building":"yes","historic":"manor","name":"Can Lladó","name:ca":"Can Lladó"}},
{"type":"Feature","id":"w737142300","geometry":{"type":"LineString","coordinates":[[2.6545731,39.5676157],[2.6545879,39.5676575],[2.6546052,39.5677028],[2.654618,39.5677511],[2.6544939,39.567765],[2.6543698,39.5677812],[2.6543505,39.5677373],[2.6543078,39.5676786],[2.6543796,39.5676588],[2.654442,39.5676423],[2.6545731,39.5676157]]},"properties":{"building":"yes","historic":"manor","name":"Can Massanet"}},
{"type":"Feature","id":"w738000571","geometry":{"type":"LineString","coordinates":[[2.648032,39.5734937],[2.6480359,39.5734923],[2.6480787,39.5734773],[2.6481122,39.5734688],[2.6481399,39.5734593],[2.6481197,39.5734245],[2.6481802,39.5734052],[2.6481762,39.573396],[2.6481811,39.5733941],[2.6481399,39.5733099],[2.6481152,39.5732558],[2.6479475,39.5733111],[2.648032,39.5734937]]},"properties":{"addr:housename":"Can Comassema","addr:housenumber":"18","addr:street":"Carrer de Sant Jaume","building":"yes","historic":"manor","name":"Glòria de Sant Jaume","tourism":"hotel","website":"https://cabauhotels.com/hotel-gloria-de-sant-jaume/"}},
{"type":"Feature","id":"w738315749","geometry":{"type":"LineString","coordinates":[[2.6445622,39.5692519],[2.6442761,39.5693705],[2.6442384,39.569319],[2.6442133,39.5692901],[2.6441596,39.5693089],[2.6441222,39.5693252],[2.6441069,39.5693294],[2.6440766,39.5692972],[2.6440416,39.5692598],[2.6441518,39.5692055],[2.6441865,39.5692507],[2.6443042,39.5692007],[2.6443581,39.5691777],[2.6442972,39.5690885],[2.6443404,39.5690663],[2.6443729,39.5690744],[2.6443934,39.5690645],[2.6444295,39.5691109],[2.6444487,39.5691018],[2.6444795,39.5691415],[2.6445175,39.569193],[2.6445622,39.5692519]]},"properties":{"building":"yes","historic":"manor","name":"Can Marquès","name:ca":"Can Marquès","wikidata":"Q106076860"}},
{"type":"Feature","id":"w749891542","geometry":{"type":"LineString","coordinates":[[2.6497754,39.5683429],[2.649735,39.5682715],[2.6497802,39.5682569],[2.6498161,39.5683268],[2.6498277,39.5683231],[2.6498303,39.5683259],[2.6498624,39.5683154],[2.6498889,39.5683062],[2.6498705,39.568269],[2.6498736,39.5682681],[2.6498472,39.5682187],[2.6498394,39.5682211],[2.6498365,39.5682156],[2.6498177,39.5681831],[2.6497956,39.5681391],[2.6497981,39.5681369],[2.6497577,39.5680688],[2.6496045,39.5681304],[2.6496444,39.5681953],[2.6496669,39.5682307],[2.6497021,39.5682939],[2.6497209,39.5683261],[2.6497411,39.5683582],[2.6497584,39.5683501],[2.6497754,39.5683429]]},"properties":{"building":"yes","historic":"manor","name":"Can Llorenç Villalonga","wikidata":"Q108418629"}},
{"type":"Feature","id":"w750536375","geometry":{"type":"LineString","coordinates":[[2.6487369,39.5664433],[2.6487353,39.5664346],[2.6487444,39.566429],[2.6487545,39.5664332],[2.6487565,39.5664402],[2.6487472,39.5664452],[2.6487369,39.5664433]]},"properties":{"building":"yes","historic":"yes"}},
{"type":"Feature","id":"w750552270","geometry":{"type":"LineString","coordinates":[[2.6481033,39.5666249],[2.6480898,39.566623],[2.6480882,39.5666179],[2.6480903,39.5666109],[2.6481018,39.5666097],[2.6481089,39.5666185],[2.6481033,39.5666249]]},"properties":{"building":"yes","historic":"yes"}},
{"type":"Feature","id":"w755093099","geometry":{"type":"LineString","coordinates":[[2.7957145,39.7278262],[2.7956766,39.7278267],[2.7956776,39.7278895],[2.7957212,39.7278857],[2.79572,39.7278705],[2.7957145,39.7278262]]},"properties":{"alt_name":"Presó del Moro","building":"ruins","historic":"yes","man_made":"tower","name":"Torre de sa Cova","tower:type":"defensive"}},
{"type":"Feature","id":"w761831445","geometry":{"type":"LineString","coordinates":[[2.6545165,39.5664797],[2.6545161,39.5665136],[2.6544822,39.5665133],[2.6544781,39.5666524],[2.6546722,39.5666429],[2.6546753,39.5666667],[2.6545687,39.5666727],[2.6545394,39.5666743],[2.6544854,39.5666773],[2.6544642,39.5666785],[2.6544657,39.5667094],[2.6544071,39.566711],[2.6543363,39.566713],[2.6543363,39.5667225],[2.6542146,39.5667237],[2.6542054,39.5665645],[2.6543286,39.5665645],[2.6543297,39.5665571],[2.6543931,39.5665566],[2.6543974,39.5665211],[2.6543995,39.5664785],[2.6545165,39.5664797]]},"properties":{"building":"yes","historic":"manor","name":"Can Calders","name:ca":"Can Calders","wikidata":"Q108372822"}},
{"type":"Feature","id":"w762375778","geometry":{"type":"LineString","coordinates":[[2.6473547,39.572149],[2.6474363,39.5723266],[2.6474026,39.5723385],[2.6473871,39.5723456],[2.6473433,39.5723625],[2.6473109,39.5723759],[2.6472846,39.5723866],[2.6472536,39.5724061],[2.6472284,39.572416],[2.6472253,39.5724129],[2.6472078,39.5724232],[2.6471363,39.5724644],[2.6471117,39.5724825],[2.6470029,39.5723196],[2.6470472,39.572307],[2.6469937,39.5722464],[2.6469629,39.572252],[2.6469459,39.572229],[2.6468832,39.5722563],[2.6468935,39.5721432],[2.6468964,39.5721139],[2.6469826,39.5721176],[2.6469851,39.5721209],[2.6470051,39.5721499],[2.647038,39.5721907],[2.6470671,39.5721748],[2.6471106,39.5721553],[2.6471449,39.5721364],[2.6471414,39.5721301],[2.647205,39.5720955],[2.6472362,39.5721419],[2.647156,39.5721734],[2.6472629,39.5723408],[2.6473426,39.5723102],[2.647295,39.5722334],[2.6472626,39.5721819],[2.6472644,39.5721807],[2.6473547,39.572149]]},"properties":{"building":"yes","historic":"manor","name":"Can Sansimón","wikidata":"Q106193640"}},
{"type":"Feature","id":"w762375780","geometry":{"type":"LineString","coordinates":[[2.6472368,39.5725727],[2.6472141,39.5725875],[2.6471001,39.5726555],[2.6470819,39.5726661],[2.6472079,39.5727752],[2.6472778,39.5727474],[2.6473797,39.5727065],[2.6474227,39.572689],[2.6474295,39.5726865],[2.6474293,39.5726853],[2.6475122,39.5726522],[2.6475762,39.5726262],[2.6475498,39.5725639],[2.6475314,39.5725201],[2.6475167,39.5724824],[2.6474513,39.5725107],[2.6474517,39.5725127],[2.6474039,39.5725317],[2.6473499,39.5725503],[2.6473361,39.5725256],[2.6472844,39.5725442],[2.6472368,39.5725727]]},"properties":{"building":"yes","historic":"manor","name":"Can Tacón","wikidata":"Q106194583"}},
{"type":"Feature","id":"w762651079","geometry":{"type":"LineString","coordinates":[[2.6453827,39.5712934],[2.6453898,39.571126],[2.6455346,39.5711363],[2.6456875,39.5711684],[2.6456989,39.571187],[2.6457076,39.5713234],[2.6457164,39.5713528],[2.6457103,39.5713529],[2.645711,39.5713973],[2.645719,39.5713979],[2.6457197,39.5714092],[2.6456634,39.5714108],[2.6456654,39.5714423],[2.64566,39.5714465],[2.64566,39.5714371],[2.6455715,39.5714371],[2.6455757,39.5715288],[2.645534,39.5715271],[2.6455313,39.5714945],[2.6455306,39.5714418],[2.6455118,39.5714428],[2.6455058,39.5713994],[2.6454674,39.5713989],[2.64548,39.5712937],[2.6453827,39.5712934]]},"properties":{"building":"yes","historic":"manor","name":"Can Granada","name:ca":"Can Granada","wikidata":"Q105992744"}},
{"type":"Feature","id":"w763490795","geometry":{"type":"LineString","coordinates":[[2.6451724,39.5700889],[2.6451969,39.5701639],[2.6452117,39.5701768],[2.645233,39.5702131],[2.645259,39.5702568],[2.6452952,39.5703059],[2.6453541,39.570381],[2.6453531,39.5703879],[2.6453497,39.5703926],[2.6452706,39.5704366],[2.6452395,39.5703937],[2.6452133,39.5703611],[2.6452176,39.5703578],[2.645195,39.5703285],[2.645186,39.5703151],[2.6451365,39.5703435],[2.6451466,39.5703569],[2.6451007,39.5703816],[2.6451024,39.5703843],[2.6450816,39.5703947],[2.6450273,39.5704228],[2.6450195,39.5704268],[2.6449542,39.5704626],[2.644949,39.5704587],[2.6449051,39.5704849],[2.6448803,39.5704996],[2.6448449,39.5704621],[2.6449706,39.570392],[2.6449487,39.5703554],[2.644941,39.5703582],[2.6449218,39.5703274],[2.644929,39.5703236],[2.6448675,39.5702245],[2.6448609,39.5702274],[2.6448175,39.5701578],[2.6447871,39.5701627],[2.644759,39.570167],[2.6448069,39.5702408],[2.6448209,39.5702598],[2.644751,39.5702855],[2.6447431,39.5702627],[2.6447263,39.5702148],[2.6447127,39.5701727],[2.6446859,39.570079],[2.64477,39.5700709],[2.6447704,39.5700727],[2.64484,39.5700662],[2.6448562,39.5700646],[2.6448918,39.5700653],[2.6449425,39.5700555],[2.6449966,39.5700455],[2.6449955,39.5700417],[2.6450033,39.5700401],[2.6450739,39.5700258],[2.6450752,39.5700289],[2.6451565,39.5700157],[2.6451516,39.5700318],[2.6451724,39.5700889]]},"properties":{"building":"yes","historic":"manor","name":"Can Montenegro","name:ca":"Can Montenegro"}},
{"type":"Feature","id":"w763490798","geometry":{"type":"LineString","coordinates":[[2.6452493,39.5704897],[2.6450187,39.5706214],[2.645064,39.5706597],[2.6451235,39.57071],[2.6451604,39.5707415],[2.6451823,39.5707238],[2.6452907,39.5706521],[2.6452324,39.5706015],[2.6453095,39.5705622],[2.6452813,39.5705286],[2.6452874,39.5705255],[2.6452493,39.5704897]]},"properties":{"alt_name":"Can Pavesi","building":"yes","historic":"manor","name":"Can Belloto","wikidata":"Q106042259","wikimedia_commons":"Category:Casa de les Carasses (Palma)"}},
{"type":"Feature","id":"w763491411","geometry":{"type":"LineString","coordinates":[[2.6452493,39.5704897],[2.6453112,39.5704572],[2.6453502,39.5704949],[2.6453549,39.570494],[2.6454446,39.5705802],[2.6453976,39.5706136],[2.6454555,39.5706671],[2.6454581,39.5706659],[2.6455324,39.5707332],[2.6454977,39.5707565],[2.6454382,39.5707958],[2.6453859,39.5707462],[2.6453108,39.5708],[2.6453062,39.5707979],[2.645262,39.5708304],[2.6452644,39.5708328],[2.6452523,39.5708411],[2.6452035,39.5708761],[2.6451774,39.5708535],[2.6452569,39.5708044],[2.6452044,39.5707476],[2.6451823,39.5707238],[2.6452907,39.5706521],[2.6452961,39.5706568],[2.6453631,39.5706113],[2.6453095,39.5705622],[2.6452813,39.5705286],[2.6452874,39.5705255],[2.6452493,39.5704897]]},"properties":{"building":"yes","historic":"manor","name":"Can Sales Menor","name:ca":"Can Sales Menor","wikidata":"Q106040178"}},
{"type":"Feature","id":"w763491413","geometry":{"type":"LineString","coordinates":[[2.6454519,39.570461],[2.6454926,39.5704332],[2.6455469,39.5703979],[2.6455887,39.5704323],[2.6456901,39.5705197],[2.6457466,39.570569],[2.6456701,39.570619],[2.6456279,39.5706451],[2.6455845,39.5706749],[2.645581,39.5706772],[2.6455482,39.570648],[2.6455292,39.5706604],[2.6454809,39.5706146],[2.645504,39.5705999],[2.645488,39.5705859],[2.6454939,39.5705818],[2.645455,39.5705518],[2.6455093,39.5705131],[2.6455254,39.5705022],[2.6455053,39.5704862],[2.6454889,39.5704963],[2.6454577,39.5704707],[2.6454519,39.570461]]},"properties":{"building":"yes","historic":"manor","name":"Can Socies Gradolí","wikidata":"Q106033652"}},
{"type":"Feature","id":"w764360020","geometry":{"type":"LineString","coordinates":[[2.6451565,39.5700157],[2.6451428,39.5699392],[2.6451426,39.5699114],[2.6450333,39.5699132],[2.6450347,39.5699618],[2.6450442,39.5699849],[2.6449979,39.5699949],[2.6449904,39.5699715],[2.6449858,39.5699143],[2.6449145,39.5699243],[2.6449163,39.5699442],[2.6448563,39.569949],[2.6448532,39.5699494],[2.6448557,39.5699766],[2.6448231,39.569979],[2.6447342,39.5699807],[2.6447344,39.5699855],[2.6447097,39.5699868],[2.6447011,39.5699313],[2.6446504,39.5699525],[2.6446701,39.5700206],[2.6447211,39.5700127],[2.6447275,39.5700443],[2.6447734,39.5700402],[2.6447628,39.570002],[2.6448269,39.5699997],[2.64484,39.5700662],[2.6448562,39.5700646],[2.6448918,39.5700653],[2.6449425,39.5700555],[2.6449333,39.5700323],[2.6449969,39.5700205],[2.6450033,39.5700401],[2.6450739,39.5700258],[2.6450752,39.5700289],[2.6451565,39.5700157]]},"properties":{"building":"yes","historic":"manor","name":"Can Cabrer","name:ca":"Can Cabrer"}},
{"type":"Feature","id":"w764360029","geometry":{"type":"LineString","coordinates":[[2.6440939,39.5696866],[2.6439513,39.5696949],[2.6439493,39.5696773],[2.6439164,39.5696856],[2.643907,39.569561],[2.6441062,39.5694829],[2.6441176,39.5695155],[2.6441173,39.5695258],[2.6440633,39.569545],[2.644068,39.5695791],[2.6441176,39.5695784],[2.6441276,39.5696582],[2.6440887,39.5696587],[2.6440939,39.5696866]]},"properties":{"building":"yes","historic":"manor","name":"Can Llull","name:ca":"Can Llull","wikidata":"Q106049901"}},
{"type":"Feature","id":"w764361469","geometry":{"type":"LineString","coordinates":[[2.6473813,39.5721171],[2.6474966,39.5723449],[2.6478265,39.5722029],[2.6477523,39.5720912],[2.6477916,39.5720757],[2.6477814,39.5720601],[2.6477125,39.5719548],[2.6476173,39.5719992],[2.6476682,39.5720571],[2.647565,39.5721068],[2.6475194,39.5720458],[2.6473813,39.5721171]]},"properties":{"addr:city":"Palma","addr:housenumber":"6","addr:street":"Carrer de Sant Jaume","building":"yes","historic":"manor","name":"Can Cotoner","name:ca":"Can Cotoner","wikidata":"Q115057239"}},
{"type":"Feature","id":"w777223405","geometry":{"type":"LineString","coordinates":[[2.6472644,39.5721807],[2.6473547,39.572149],[2.6473583,39.5721477],[2.647323,39.5720754],[2.6473085,39.5720466],[2.6472964,39.572021],[2.647291,39.5720072],[2.6472296,39.5720269],[2.647187,39.5720385],[2.6471925,39.5720502],[2.6471806,39.5720543],[2.6471905,39.5720757],[2.6471497,39.5720966],[2.6471057,39.5721176],[2.6470875,39.5720858],[2.6470338,39.5721046],[2.6469851,39.5721209],[2.6470051,39.5721499],[2.647038,39.5721907],[2.6470671,39.5721748],[2.6471106,39.5721553],[2.6471449,39.5721364],[2.6471414,39.5721301],[2.647205,39.5720955],[2.6472362,39.5721419],[2.6472644,39.5721807]]},"properties":{"building":"yes","historic":"manor","name":"Can Maroto","wikidata":"Q106192327"}},
{"type":"Feature","id":"w779713947","geometry":{"type":"LineString","coordinates":[[3.1175096,39.9287109],[3.1175464,39.9286983],[3.1175275,39.9286659],[3.1174907,39.9286786],[3.1175096,39.9287109]]},"properties":{"building":"yes","historic":"ruins","ruins":"yes"}},
{"type":"Feature","id":"w791810734","geometry":{"type":"LineString","coordinates":[[3.3390158,39.541229],[3.3390537,39.5412332],[3.3390594,39.5412028],[3.3390215,39.5411985],[3.3390158,39.541229]]},"properties":{"historic":"ruins","name":"Basílica de sa Carrotja"}},
{"type":"Feature","id":"w802608512","geometry":{"type":"LineString","coordinates":[[2.68037,39.5975775],[2.6805689,39.5976717],[2.6803276,39.5979741],[2.6801288,39.59788],[2.68037,39.5975775]]},"properties":{"amenity":"theatre","building":"yes","name":"sala Odeón"}},
{"type":"Feature","id":"w836359659","geometry":{"type":"LineString","coordinates":[[3.1106989,39.6115194],[3.110596,39.6114886],[3.1105561,39.6114757],[3.1105484,39.6114731],[3.1105097,39.6114698],[3.1104843,39.6114243],[3.1105462,39.6114306],[3.1105693,39.611433],[3.1105882,39.611435],[3.1105836,39.6114552],[3.1106091,39.6114618],[3.1106269,39.6114386],[3.1107186,39.611463],[3.1107286,39.6114663],[3.1106989,39.6115194]]},"properties":{"building":"yes","name":"Casa natal del Fra Juníper Serra","name:es":"Casa natal de Fray Junípero Serra","tourism":"museum","wikidata":"Q43128826","wikimedia_commons":"Category:Casa del Beat Juníper Serra"}},
{"type":"Feature","id":"w839623682","geometry":{"type":"LineString","coordinates":[[3.3504809,39.6949231],[3.3505162,39.6949595],[3.3505689,39.6949287],[3.3506041,39.6949639],[3.3506276,39.6949874],[3.3507478,39.6949163],[3.3507591,39.6949265],[3.3508062,39.6949662],[3.3508378,39.6949922],[3.350912,39.6949564],[3.3508839,39.6949277],[3.3507203,39.6947608],[3.3506219,39.6948275],[3.3504809,39.6949231]]},"properties":{"building":"yes","historic":"manor","name":"Can Cardaix","name:ca":"Can Cardaix","wikidata":"Q26822225"}},
{"type":"Feature","id":"w842379822","geometry":{"type":"LineString","coordinates":[[2.6886563,39.6827236],[2.6886818,39.6828738],[2.6887126,39.6830777],[2.6887125,39.6833091],[2.6886817,39.683535],[2.6886388,39.6837703],[2.6884995,39.684184],[2.6880741,39.6849366],[2.6875712,39.6858008],[2.6873903,39.6861926],[2.6872502,39.686589],[2.687181,39.6868304],[2.6871423,39.6870523],[2.6871043,39.6872905],[2.6870985,39.687494],[2.6871078,39.6878707],[2.6871441,39.6881565],[2.6872534,39.6885882],[2.6876725,39.6898944],[2.6881985,39.6913903],[2.6885256,39.6923813],[2.6890833,39.6940432],[2.6892813,39.6944671],[2.6895053,39.6948548],[2.6898125,39.6952544],[2.690185,39.69566],[2.6907428,39.6960964],[2.6910548,39.69631],[2.6915237,39.6965561],[2.6918604,39.6967123],[2.6924478,39.6969283],[2.6927587,39.6970246],[2.6935784,39.6972794],[2.6941475,39.6974505],[2.6945871,39.6975859],[2.6947336,39.697634],[2.6948484,39.6976844],[2.6949591,39.697738],[2.6950676,39.697797]]},"properties":{"electrified":"contact_line","fixme":"layer?","frequency":"0","gauge":"914","name":"Tren de Sóller","name:ca":"Tren de Sóller","passenger_lines":"1","railway":"narrow_gauge","start_date":"1912","usage":"branch","voltage":"1200"}},
{"type":"Feature","id":"w842379823","geometry":{"type":"LineString","coordinates":[[2.6886412,39.6826344],[2.6886563,39.6827236]]},"properties":{"bridge":"yes","electrified":"contact_line","fixme":"layer?","frequency":"0","gauge":"914","layer":"1","name":"Tren de Sóller","name:ca":"Tren de Sóller","passenger_lines":"1","railway":"narrow_gauge","start_date":"1912","usage":"branch","voltage":"1200"}},
{"type":"Feature","id":"w844017598","geometry":{"type":"LineString","coordinates":[[2.6922902,39.7077175],[2.6918299,39.7079685],[2.6915443,39.7081408],[2.6913024,39.7083031],[2.6910481,39.7085081],[2.6908251,39.7087404],[2.6906766,39.7089136],[2.6905168,39.7091463],[2.690357,39.7094637],[2.6902823,39.7096595],[2.6902102,39.7099323],[2.6901876,39.710076],[2.690193,39.7104859],[2.69023,39.7107799],[2.6903004,39.7110481],[2.6903737,39.7112433],[2.690567,39.7115896],[2.6911148,39.7123591],[2.6913622,39.7127448],[2.6915732,39.7131171],[2.6916277,39.7132496],[2.691676,39.7133869],[2.6917056,39.7135457]]},"properties":{"electrified":"contact_line","frequency":"0","gauge":"914","name":"Tren de Sóller","name:ca":"Tren de Sóller","passenger_lines":"1","railway":"narrow_gauge","usage":"branch","voltage":"1200"}},
{"type":"Feature","id":"w844017599","geometry":{"type":"LineString","coordinates":[[2.6923858,39.7076654],[2.6922902,39.7077175]]},"properties":{"bridge":"yes","electrified":"contact_line","frequency":"0","gauge":"914","layer":"1","name":"Tren de Sóller","name:ca":"Tren de Sóller","passenger_lines":"1","railway":"narrow_gauge","usage":"branch","voltage":"1200"}},
{"type":"Feature","id":"w855314681","geometry":{"type":"LineString","coordinates":[[2.7899151,39.7083033],[2.7899284,39.7082776],[2.7900522,39.7083157],[2.7900364,39.7083462],[2.7899774,39.7084595],[2.7898537,39.7084214],[2.7899151,39.7083033]]},"properties":{"amenity":"theatre","name:signed":"no","theatre:type":"open_air"}},
{"type":"Feature","id":"w862454877","geometry":{"type":"LineString","coordinates":[[2.6521076,39.5697127],[2.6523475,39.5696788],[2.6523597,39.5697188],[2.6522776,39.5697293],[2.65231,39.5698265],[2.6523864,39.5698082],[2.6523914,39.569821],[2.6523496,39.5698288],[2.6523777,39.5698921],[2.6523359,39.5698998],[2.6523475,39.5699387],[2.6523929,39.5699271],[2.6524188,39.5699881],[2.6522163,39.5700281],[2.6521691,39.5699006],[2.6521558,39.5698649],[2.6521789,39.5698576],[2.6522264,39.5698426],[2.6522185,39.569831],[2.6521717,39.5698399],[2.6521623,39.5698143],[2.6521551,39.5698154],[2.6521076,39.5697127]]},"properties":{"historic":"manor","name":"Can Catlar del Llorer"}},
{"type":"Feature","id":"w862454878","geometry":{"type":"LineString","coordinates":[[2.6521076,39.5697127],[2.6516626,39.5697975],[2.6515897,39.5698164],[2.6516464,39.5699152],[2.651679,39.5699078],[2.651683,39.5699178],[2.6517099,39.5699113],[2.6517178,39.5699303],[2.6517629,39.5699186],[2.6517614,39.5699155],[2.6517666,39.5699136],[2.6517481,39.5698583],[2.6518183,39.5698479],[2.651839,39.5698971],[2.6517687,39.5699135],[2.6517638,39.5699204],[2.651774,39.5699481],[2.6518364,39.5699334],[2.6518474,39.5699592],[2.651856,39.5699793],[2.6519083,39.5699698],[2.651918,39.5699959],[2.6519594,39.570075],[2.6519353,39.5700811],[2.651946,39.5701023],[2.6521247,39.5700464],[2.6522163,39.5700281],[2.6521691,39.5699006],[2.6521348,39.5699078],[2.6521247,39.5698719],[2.6521558,39.5698649],[2.6521789,39.5698576],[2.6521717,39.5698399],[2.6521623,39.5698143],[2.6521551,39.5698154],[2.6521076,39.5697127]]},"properties":{"historic":"manor","name":"Can Savellà","old_name":"Can Juny"}},
{"type":"Feature","id":"w879337576","geometry":{"type":"LineString","coordinates":[[2.7395123,39.5546738],[2.7395441,39.5547056],[2.7395888,39.554679],[2.739557,39.5546472],[2.7395123,39.5546738]]},"properties":{"historic":"monument"}},
{"type":"Feature","id":"w879337577","geometry":{"type":"LineString","coordinates":[[2.741285,39.5557011],[2.7413002,39.5557108],[2.7413194,39.5557048],[2.7413238,39.5556892],[2.7413072,39.5556792],[2.7412876,39.5556852],[2.741285,39.5557011]]},"properties":{"historic":"pillory"}},
{"type":"Feature","id":"w912984269","geometry":{"type":"LineString","coordinates":[[2.843536,39.6887668],[2.8436254,39.6888343],[2.8435816,39.6888708],[2.8436391,39.688908],[2.8436044,39.6889333],[2.8436546,39.6889712],[2.8436291,39.6889909],[2.8436647,39.689014],[2.8436355,39.6890133],[2.8434183,39.6888652],[2.843536,39.6887668]]},"properties":{"building":"yes","historic":"manor","name":"Cal General Moranta","name:ca":"Cal General Moranta"}},
{"type":"Feature","id":"w913678059","geometry":{"type":"LineString","coordinates":[[2.8142538,39.6679145],[2.814332,39.6678324],[2.8140854,39.6676931],[2.8139016,39.667886],[2.8140176,39.6679515],[2.8140815,39.6678844],[2.8141367,39.6679155],[2.8141783,39.6678719],[2.8142538,39.6679145]]},"properties":{"building":"yes","historic":"manor","name":"Can Ribes","name:ca":"Can Ribes"}},
{"type":"Feature","id":"w913678060","geometry":{"type":"LineString","coordinates":[[2.8141484,39.6674712],[2.8142547,39.6672819],[2.8143784,39.6673195],[2.8143776,39.6673216],[2.8144773,39.6673539],[2.8144562,39.6673921],[2.8143555,39.667359],[2.8143106,39.6674332],[2.8144259,39.6674751],[2.8144188,39.6674895],[2.8144504,39.6675003],[2.8144345,39.6675307],[2.8144439,39.6675348],[2.8145356,39.6675534],[2.8145177,39.6675993],[2.8144703,39.6675863],[2.8144198,39.6675721],[2.8141497,39.6674716],[2.8141484,39.6674712]]},"properties":{"building":"yes","historic":"manor","name":"Son Fiol","name:ca":"Son Fiol"}},
{"type":"Feature","id":"w913680939","geometry":{"type":"LineString","coordinates":[[2.9077093,39.7196334],[2.9079545,39.719513],[2.9079594,39.7194909],[2.9078676,39.7193844],[2.907703,39.7194657],[2.9076911,39.7194714],[2.9076831,39.719464],[2.9076434,39.7194739],[2.907555,39.7194995],[2.9076845,39.7196297],[2.9077093,39.7196334]]},"properties":{"amenity":"arts_centre","building":"yes","check_date":"2023-09-06","name":"sa Quartera"}},
{"type":"Feature","id":"w914366149","geometry":{"type":"LineString","coordinates":[[2.8716985,39.7510025],[2.8715474,39.7508943],[2.8714973,39.7509376],[2.8714277,39.7509977],[2.871491,39.7510382],[2.8715214,39.7510105],[2.8715282,39.751015],[2.8715677,39.7509812],[2.8716312,39.7510249],[2.8715924,39.7510552],[2.8715305,39.7510174],[2.8714824,39.7510578],[2.8714133,39.7510104],[2.8713443,39.7510695],[2.8715011,39.7511776],[2.871533,39.7511516],[2.8715769,39.7511138],[2.8716985,39.7510025]]},"properties":{"building":"yes","historic":"manor","name":"Son Collell","name:ca":"Son Collell"}},
{"type":"Feature","id":"w914366153","geometry":{"type":"LineString","coordinates":[[2.8728481,39.74958],[2.8730947,39.7496681],[2.8729273,39.7498727],[2.872884,39.7498455],[2.8728727,39.7498548],[2.8727152,39.7497528],[2.8726876,39.7497786],[2.8726475,39.7497466],[2.8726852,39.7497101],[2.8727285,39.7497416],[2.8727642,39.7497141],[2.8727715,39.7497197],[2.8727791,39.7497144],[2.8728511,39.7497634],[2.8728631,39.7497532],[2.8729167,39.7497896],[2.8729269,39.749778],[2.8729437,39.7497864],[2.872984,39.7497375],[2.8728173,39.7496734],[2.8728216,39.7496682],[2.8727875,39.7496528],[2.8728481,39.74958]]},"properties":{"building":"yes","historic":"manor","name":"Son Morro","name:ca":"Son Morro"}},
{"type":"Feature","id":"w914475897","geometry":{"type":"LineString","coordinates":[[2.9037832,39.7569898],[2.9038537,39.7568794],[2.9039781,39.7568973],[2.9041128,39.7569141],[2.9040658,39.756992],[2.904007,39.7569769],[2.903979,39.7570446],[2.9039428,39.7571188],[2.9038685,39.757103],[2.9039035,39.7570237],[2.9038468,39.757012],[2.903791,39.7571301],[2.9036389,39.7570803],[2.9036713,39.7569848],[2.9037057,39.7569937],[2.9037105,39.7569752],[2.9037832,39.7569898]]},"properties":{"building":"yes","historic":"manor","name":"Son Vic","name:ca":"Son Vic"}},
{"type":"Feature","id":"w914480350","geometry":{"type":"LineString","coordinates":[[2.9038927,39.7723954],[2.9040356,39.7724473],[2.9041856,39.7722033],[2.9041117,39.7721764],[2.9041361,39.7721367],[2.903857,39.7720354],[2.9037678,39.7721804],[2.9037401,39.7722255],[2.9038191,39.7722542],[2.9038749,39.7721634],[2.9038495,39.7721542],[2.903866,39.7721275],[2.9040247,39.7721851],[2.9039499,39.7723069],[2.9038778,39.7722807],[2.9038555,39.772317],[2.9039253,39.7723423],[2.9038927,39.7723954]]},"properties":{"building":"yes","historic":"manor","name":"Son Albertí","name:ca":"Son Albertí"}},
{"type":"Feature","id":"w914665370","geometry":{"type":"LineString","coordinates":[[2.8764861,39.6676815],[2.8761196,39.6675287],[2.8760433,39.6675816],[2.8760509,39.667609],[2.8755139,39.6680302],[2.8755063,39.6680753],[2.8757506,39.6682536],[2.8759058,39.668136],[2.8758142,39.6680694],[2.8757582,39.6681145],[2.8756564,39.668042],[2.875832,39.6679068],[2.8759847,39.6680263],[2.876196,39.6678284],[2.8761527,39.6677991],[2.8760586,39.6678833],[2.8759873,39.6678343],[2.8761044,39.6677422],[2.8760942,39.6677285],[2.8761375,39.6676913],[2.8762749,39.667756],[2.8763029,39.6677187],[2.8764225,39.667754],[2.8764861,39.6676815]]},"properties":{"building":"yes","historic":"manor","name":"Can Gall","name:ca":"Can Gall"}},
{"type":"Feature","id":"w930757879","geometry":{"type":"LineString","coordinates":[[2.6625686,39.5647584],[2.6626214,39.5647791],[2.6627256,39.5650212],[2.6626824,39.5650338],[2.6627108,39.5650996],[2.662754,39.5650871],[2.6627886,39.565167],[2.6626021,39.5652148],[2.6625853,39.5651752],[2.6625447,39.5651862],[2.6625625,39.5652254],[2.6622713,39.5653006],[2.6621377,39.5649919],[2.6621016,39.5649081],[2.6620863,39.5648732],[2.6625686,39.5647584]]},"properties":{"amenity":"marketplace","building":"retail","name":"Mercat Municipal de Llevant"}},
{"type":"Feature","id":"w933168771","geometry":{"type":"LineString","coordinates":[[2.6517626,39.5686995],[2.6515967,39.568779],[2.6516308,39.5688238],[2.6516653,39.5688627],[2.6516613,39.5688651],[2.6516669,39.5688721],[2.6516857,39.5688958],[2.6517343,39.5689515],[2.6518051,39.5690291],[2.6518628,39.5689977],[2.6518704,39.5690068],[2.6518905,39.5689988],[2.6518781,39.568981],[2.6518582,39.5689901],[2.6518133,39.5689382],[2.6518279,39.5689301],[2.6518321,39.5689343],[2.6519325,39.5688902],[2.6519164,39.5688767],[2.6519018,39.5688644],[2.6518867,39.5688464],[2.6518633,39.5688596],[2.6518334,39.5688274],[2.6518597,39.5688141],[2.6517999,39.5687423],[2.6517626,39.5686995]]},"properties":{"building":"yes","historic":"manor","name":"Can Fàbregues","name:ca":"Can Fàbregues","wikidata":"Q52849810"}},
{"type":"Feature","id":"w933168772","geometry":{"type":"LineString","coordinates":[[2.6515967,39.568779],[2.6515932,39.5687793],[2.651487,39.5688272],[2.6514636,39.568839],[2.651499,39.5688811],[2.6515251,39.5688694],[2.6515277,39.5688733],[2.6515452,39.5688656],[2.6515673,39.5688963],[2.651543,39.5689101],[2.6515253,39.5689219],[2.6515309,39.5689291],[2.6515574,39.5689628],[2.6515588,39.5689619],[2.6515819,39.5689476],[2.6516197,39.5689947],[2.6516531,39.5690337],[2.6516487,39.5690363],[2.6516579,39.5690494],[2.6516768,39.5690764],[2.6517396,39.5691493],[2.6517445,39.569148],[2.6517646,39.5691845],[2.6517737,39.5691826],[2.6517874,39.5691782],[2.6517675,39.56914],[2.6517228,39.5690803],[2.6517892,39.5690458],[2.6517841,39.5690387],[2.6518051,39.5690291],[2.6517343,39.5689515],[2.6516857,39.5688958],[2.6516669,39.5688721],[2.6516529,39.5688796],[2.6516144,39.5688335],[2.6516308,39.5688238],[2.6515967,39.568779]]},"properties":{"building":"yes","historic":"manor","name":"Can Rosselló","name:ca":"Can Rosselló","wikidata":"Q108373811"}},
{"type":"Feature","id":"w933168773","geometry":{"type":"LineString","coordinates":[[2.6514636,39.568839],[2.6513917,39.5688683],[2.651318,39.5688987],[2.6513784,39.5689872],[2.6514078,39.5690308],[2.6513227,39.5690639],[2.6513286,39.5690736],[2.6512753,39.5690927],[2.6512968,39.5691287],[2.6513216,39.5691221],[2.6513486,39.5691135],[2.6513797,39.5691006],[2.651435,39.5691805],[2.6515065,39.569151],[2.6515587,39.5691301],[2.6515638,39.5691278],[2.6515357,39.5690883],[2.6515653,39.5690746],[2.6515746,39.5690874],[2.6516579,39.5690494],[2.6516487,39.5690363],[2.6516531,39.5690337],[2.6516197,39.5689947],[2.6515819,39.5689476],[2.6515588,39.5689619],[2.6515538,39.5689652],[2.6515804,39.5689984],[2.6515142,39.5690315],[2.6514642,39.5689567],[2.6515309,39.5689291],[2.6515253,39.5689219],[2.6514954,39.5688823],[2.651499,39.5688811],[2.6514636,39.568839]]},"properties":{"building":"yes","historic":"manor","name":"Can March","name:ca":"Can March","wikidata":"Q108290924"}},
{"type":"Feature","id":"w933820678","geometry":{"type":"LineString","coordinates":[[2.6340624,39.5822394],[2.634104,39.5822834],[2.6341999,39.5823846],[2.6342788,39.5823408],[2.6342947,39.5823329],[2.6343974,39.5822754],[2.6343394,39.5822156],[2.6343282,39.5822014],[2.6342959,39.5821679],[2.6342794,39.5821509],[2.6342581,39.5821289],[2.6342565,39.5821299],[2.6342433,39.5821383],[2.6341812,39.5821725],[2.6341566,39.5821863],[2.6340624,39.5822394]]},"properties":{"addr:city":"Palma","addr:housenumber":"16","addr:postcode":"07011","addr:street":"carrer de Margarida Xirgu","air_conditioning":"yes","building":"yes","email":"shnb@shnb.org","internet_access":"wlan","museum":"nature","name":"Societat d’Història Natural de les Balears","opening_hours":"Mo-Fr 08:00-17:00","toilets":"yes","tourism":"museum","website":"https://www.shnb.org/","wheelchair":"yes"}},
{"type":"Feature","id":"w934174885","geometry":{"type":"LineString","coordinates":[[2.6521303,39.5681034],[2.6520376,39.5681155],[2.6519734,39.5681234],[2.6519105,39.5681311],[2.6519092,39.5681333],[2.6518827,39.5681368],[2.6518923,39.5681951],[2.65191,39.5682394],[2.6518671,39.5682509],[2.6518968,39.5682826],[2.6519047,39.5682908],[2.6519545,39.5683448],[2.6519749,39.5683301],[2.6520807,39.5682523],[2.6520873,39.5682596],[2.6521335,39.5682336],[2.652167,39.5682154],[2.6522078,39.5681933],[2.6521906,39.5681745],[2.6521848,39.568166],[2.6521697,39.5681439],[2.6521303,39.5681034]]},"properties":{"building":"yes","historic":"manor","name":"Cal Comte de la Cova","name:ca":"Cal Comte de la Cova","wikidata":"Q105942826","wikimedia_commons":"Category:Cal Comte de la Cova"}},
{"type":"Feature","id":"w950078609","geometry":{"type":"LineString","coordinates":[[2.7565291,39.4999805],[2.7565087,39.5000032],[2.7564832,39.5000226],[2.7564415,39.5000425],[2.7563925,39.5000539],[2.7563414,39.5000548],[2.7562918,39.5000452],[2.7562461,39.5000253],[2.7562092,39.4999966],[2.7561838,39.4999612],[2.7561711,39.4999116],[2.7561807,39.4998617],[2.7561987,39.4998315],[2.756225,39.4998052],[2.7565291,39.4999805]]},"properties":{"amenity":"theatre","theatre:type":"amphi"}},
{"type":"Feature","id":"w981006122","geometry":{"type":"LineString","coordinates":[[3.3910223,39.6135735],[3.3910337,39.6135937],[3.3910511,39.613604],[3.3910726,39.6136056],[3.3915872,39.6134959],[3.3915231,39.6133594],[3.3915212,39.6133559],[3.3914518,39.6132158],[3.39143,39.6131702],[3.3914178,39.6131447],[3.3913636,39.6130311],[3.3912863,39.613057],[3.3910069,39.6131505],[3.3909801,39.613166],[3.3910223,39.6135735]]},"properties":{"description":"Trampolins and other stuff","fee":"yes","name":"Fantasy Park","tourism":"theme_park"}},
{"type":"Feature","id":"w987693238","geometry":{"type":"LineString","coordinates":[[3.1837653,39.7543263],[3.1838805,39.7543613],[3.1840126,39.754263],[3.1839893,39.7541712],[3.1840274,39.7540924],[3.1839185,39.7540241],[3.1838139,39.7540371],[3.1837072,39.7540688],[3.1837326,39.7542045],[3.1837653,39.7543263]]},"properties":{"disused":"yes","historic":"archaeological_site","landuse":"quarry"}},
{"type":"Feature","id":"w987733299","geometry":{"type":"LineString","coordinates":[[2.935148,39.1435945],[2.9353371,39.143555],[2.9353948,39.1432637],[2.9351628,39.1432492],[2.935148,39.1435945]]},"properties":{"historic":"memorial","memorial":"plaque","name":"Emblema del Ejército de Tierra"}},
{"type":"Feature","id":"w1030892935","geometry":{"type":"LineString","coordinates":[[3.105651,39.7970783],[3.1057117,39.7970885],[3.1057312,39.7970206],[3.1057808,39.7970288],[3.1057613,39.7970969],[3.1058907,39.7971191],[3.1059038,39.7970734],[3.1059138,39.7970387],[3.1056747,39.7969975],[3.105651,39.7970783]]},"properties":{"building":"yes","check_date:opening_hours":"2023-10-20","fee":"no","name":"Can Bateman","opening_hours":"Mo-Su 09:00-16:00","tourism":"museum"}},
{"type":"Feature","id":"w1033312981","geometry":{"type":"LineString","coordinates":[[2.6935212,39.5982669],[2.6933924,39.5983887],[2.6935388,39.5984876],[2.6935123,39.5985164],[2.6937845,39.5986478],[2.6937278,39.5987163],[2.6932874,39.5984981],[2.6932957,39.5984899],[2.6932187,39.5984545],[2.6932125,39.5984598],[2.6931788,39.5984424],[2.6931583,39.5984634],[2.6930935,39.5985295],[2.6938679,39.5988994],[2.6939001,39.598865],[2.6939615,39.5987993],[2.6940252,39.5987312],[2.694086,39.5986662],[2.6941164,39.5986337],[2.6935212,39.5982669]]},"properties":{"building":"yes","historic":"building"}},
{"type":"Feature","id":"w1033312984","geometry":{"type":"LineString","coordinates":[[2.6930152,39.5984922],[2.6930658,39.5984302],[2.6930226,39.5984085],[2.6931913,39.598227],[2.6932432,39.5982579],[2.6932143,39.5982871],[2.6932507,39.5983108],[2.6932557,39.5983055],[2.6933397,39.5983571],[2.6934683,39.5982342],[2.6930968,39.5980048],[2.6930641,39.5980361],[2.6930674,39.5980374],[2.6929769,39.5981247],[2.6929075,39.5982062],[2.692905,39.5982047],[2.6927857,39.5983506],[2.6928894,39.598393],[2.6928779,39.5984267],[2.6930152,39.5984922]]},"properties":{"building":"yes","historic":"building"}},
{"type":"Feature","id":"w1033473685","geometry":{"type":"LineString","coordinates":[[2.7154003,39.7648337],[2.715535,39.7649062]]},"properties":{"electrified":"contact_line","frequency":"0","gauge":"914","name":"Tren de Sóller","name:ca":"Tren de Sóller","passenger_lines":"1","railway":"narrow_gauge","usage":"branch","voltage":"1200"}},
{"type":"Feature","id":"w1033473686","geometry":{"type":"LineString","coordinates":[[2.715214,39.7647305],[2.7153181,39.7647894],[2.7154003,39.7648337]]},"properties":{"covered":"yes","electrified":"contact_line","frequency":"0","gauge":"914","name":"Tren de Sóller","name:ca":"Tren de Sóller","passenger_lines":"1","railway":"narrow_gauge","usage":"branch","voltage":"1200"}},
{"type":"Feature","id":"w1036230730","geometry":{"type":"LineString","coordinates":[[2.8538084,39.811307],[2.8538342,39.8113484],[2.8539441,39.8113082],[2.8539184,39.8112667],[2.8538084,39.811307]]},"properties":{"building":"ruins","historic":"ruins","name":"casa de neu de Son Lluc","ruins":"building"}},
{"type":"Feature","id":"w1047089676","geometry":{"type":"LineString","coordinates":[[2.454618,39.6501799],[2.454664,39.6502227],[2.4547021,39.6501984],[2.4546562,39.6501556],[2.454618,39.6501799]]},"properties":{"historic":"ruins"}},
{"type":"Feature","id":"w1047089677","geometry":{"type":"LineString","coordinates":[[2.4546262,39.6501604],[2.4546652,39.6501485],[2.4546547,39.6501282],[2.4546158,39.65014],[2.4546262,39.6501604]]},"properties":{"historic":"ruins"}},
{"type":"Feature","id":"w1047100501","geometry":{"type":"LineString","coordinates":[[2.4644271,39.6493529],[2.4645013,39.649331],[2.4644849,39.649298],[2.4644107,39.6493199],[2.4644271,39.6493529]]},"properties":{"historic":"ruins"}},
{"type":"Feature","id":"w1047106027","geometry":{"type":"LineString","coordinates":[[2.4662504,39.6493662],[2.4662788,39.6493861],[2.4663259,39.6493461],[2.4662975,39.6493262],[2.4662504,39.6493662]]},"properties":{"historic":"ruins"}},
{"type":"Feature","id":"w1056811655","geometry":{"type":"LineString","coordinates":[[2.6956655,39.7974429],[2.6955948,39.7973852],[2.6956133,39.7973718],[2.695684,39.7974295],[2.6956655,39.7974429]]},"properties":{"building":"yes","building:levels":"1","building:material":"wood","historic":"yes","note":"used as an information and ticket office","roof:height":"0.4","roof:levels":"0","roof:shape":"round"}},
{"type":"Feature","id":"w1059256692","geometry":{"type":"LineString","coordinates":[[2.4686712,39.6445383],[2.4685466,39.6443702],[2.4686016,39.6443498],[2.4687254,39.6445158],[2.4686712,39.6445383]]},"properties":{"historic":"ruins","ruins":"building"}},
{"type":"Feature","id":"w1078280814","geometry":{"type":"LineString","coordinates":[[3.2786199,39.4623962],[3.27889,39.4625101],[3.2789166,39.4624725],[3.2789457,39.4624844],[3.2791377,39.4622069],[3.27912,39.4621994],[3.2791572,39.4621469],[3.2788794,39.4620297],[3.2786199,39.4623962]]},"properties":{"name":"Peques Park","tourism":"theme_park"}},
{"type":"Feature","id":"w1078628186","geometry":{"type":"LineString","coordinates":[[2.8252074,39.4728499],[2.8252423,39.4728395],[2.8252287,39.4728124],[2.8251937,39.4728228],[2.8252074,39.4728499]]},"properties":{"building":"historic","historic":"house"}},
{"type":"Feature","id":"w1081405022","geometry":{"type":"LineString","coordinates":[[3.1201656,39.7221394],[3.1202308,39.7220866],[3.1202614,39.722109],[3.1201962,39.7221618],[3.1201656,39.7221394]]},"properties":{"historic":"ruins"}},
{"type":"Feature","id":"w1099866594","geometry":{"type":"LineString","coordinates":[[2.9814355,39.5670064],[2.9812162,39.5671651],[2.981295,39.5672395],[2.9813451,39.5672867],[2.9813881,39.5672469],[2.9813431,39.5672133],[2.9814849,39.5671],[2.9814533,39.5670634],[2.9814743,39.5670471],[2.9814355,39.5670064]]},"properties":{"addr:city":"Montuïri","addr:housenumber":"2","addr:postcode":"07230","addr:street":"carrer d'en Vanrell","amenity":"theatre","building":"yes","name":"Sala Mariana"}},
{"type":"Feature","id":"w1102892286","geometry":{"type":"LineString","coordinates":[[3.1211429,39.8524656],[3.1212239,39.8524871],[3.1212836,39.8525029],[3.1212829,39.8525046],[3.1212757,39.8525227],[3.1212743,39.8525272],[3.1212656,39.852549],[3.1212604,39.8525599],[3.1213655,39.852583],[3.1214314,39.8525976],[3.1215366,39.8524196],[3.1215321,39.8524179],[3.1215331,39.8524162],[3.1215608,39.8523736],[3.1215131,39.8523554],[3.1214778,39.8524027],[3.1214056,39.8523856],[3.1213726,39.8523777],[3.1213811,39.8523555],[3.1213313,39.8523426],[3.1213043,39.8523356],[3.1213103,39.8523266],[3.1212355,39.8522986],[3.121195,39.8523719],[3.1211731,39.8524105],[3.1211429,39.8524656]]},"properties":{"name":"Can Domènec","name:ca":"Can Domènec","tourism":"museum"}},
{"type":"Feature","id":"w1117101651","geometry":{"type":"LineString","coordinates":[[2.7133967,39.7669055],[2.7132472,39.7670752],[2.7130818,39.7670008],[2.7130479,39.7669855],[2.7130989,39.7669342],[2.7131374,39.7669559],[2.7132714,39.7668189],[2.7133967,39.7669055]]},"properties":{"building":"house","historic":"manor","name":"Can Canals","name:ca":"Can Canals"}},
{"type":"Feature","id":"w1126467708","geometry":{"type":"LineString","coordinates":[[2.7965246,39.6859545],[2.7965702,39.6859682],[2.7966502,39.6859922],[2.796695,39.6859156],[2.7965766,39.6858789],[2.7965246,39.6859545]]},"properties":{"access":"permit","archaeological_site":"talayot","historic":"archaeological_site","historic:civilization":"iron-age_balearic","inscription":"talaiot que conserva el seu portal adovellat, encara que la llinda està trencada i amb prou feines se sosté al seu lloc. L'interior del talaiot està tancat però, en aquest cas, no sembla que sigui per l'esfondrament del sostre de lloses.","name":"Talaiot Son Palou","source":"juan_bali","wikidata":"Q30065329","wikimedia_commons":"Category:Talaiot de Son Palou"}},
{"type":"Feature","id":"w1148048513","geometry":{"type":"LineString","coordinates":[[2.6879468,39.5571251],[2.6879995,39.5571585],[2.6880644,39.557176],[2.6881325,39.5571752],[2.688197,39.5571562],[2.6882483,39.5571216],[2.6882809,39.5570766],[2.6882919,39.5570247],[2.6882883,39.5569979],[2.68825,39.5569333],[2.6881821,39.5568908],[2.6881167,39.5568762],[2.6880706,39.5568766],[2.6880056,39.5568922],[2.6879765,39.5569065],[2.6879304,39.5569451],[2.6878999,39.5570171],[2.6879075,39.5570693],[2.6879468,39.5571251]]},"properties":{"historic":"monument"}},
{"type":"Feature","id":"w1152390395","geometry":{"type":"LineString","coordinates":[[3.0124792,39.8805946],[3.0125022,39.8805916],[3.0125213,39.8805812],[3.0125327,39.8805655],[3.012534,39.8805476],[3.0125251,39.880531],[3.0125077,39.8805191],[3.0124919,39.8805375],[3.0123997,39.8804758],[3.012386,39.8805173],[3.0123733,39.8805556],[3.0124563,39.880598],[3.0124792,39.8805946]]},"properties":{"area:highway":"pedestrian","name":"Mirador del Calvari","name:ca":"Mirador del Calvari","surface":"concrete","tourism":"viewpoint"}},
{"type":"Feature","id":"w1154137364","geometry":{"type":"LineString","coordinates":[[2.8937732,39.4901948],[2.8941417,39.4900327],[2.8940501,39.4899191],[2.8939853,39.4899472],[2.8939453,39.4898966],[2.8939105,39.4899124],[2.894014,39.4900469],[2.8938884,39.4901041],[2.8938345,39.4900334],[2.8938269,39.4900225],[2.8938742,39.4900012],[2.8938649,39.4899894],[2.8938389,39.4900005],[2.8938182,39.4900109],[2.8936825,39.4900755],[2.8937732,39.4901948]]},"properties":{"building":"yes","name":"Toni Catany","tourism":"museum"}},
{"type":"Feature","id":"w1186459873","geometry":{"type":"LineString","coordinates":[[3.1170698,39.8007554],[3.1171104,39.8006938],[3.1171898,39.8007247],[3.1171491,39.8007863],[3.1170698,39.8007554]]},"properties":{"building":"yes","historic":"building","ruins":"yes"}},
{"type":"Feature","id":"w1186459876","geometry":{"type":"LineString","coordinates":[[3.1167482,39.8006253],[3.1167888,39.8005637],[3.1168682,39.8005946],[3.1168275,39.8006562],[3.1167482,39.8006253]]},"properties":{"building":"yes","historic":"building","ruins":"yes"}},
{"type":"Feature","id":"w1229186538","geometry":{"type":"LineString","coordinates":[[3.0250476,39.4321631],[3.0252458,39.4321911],[3.0252618,39.4321334],[3.0252735,39.4320891],[3.0252851,39.4320454],[3.0251027,39.4319479],[3.0250476,39.4321631]]},"properties":{"building":"yes","name":"Etnogràfic","tourism":"museum"}},
{"type":"Feature","id":"w1256543456","geometry":{"type":"LineString","coordinates":[[3.1483324,39.467597],[3.1482747,39.4676893],[3.1483837,39.4677194],[3.1484409,39.4677307],[3.1485085,39.467747],[3.1485569,39.4677604],[3.1485727,39.4677642],[3.1486014,39.4677185],[3.1485617,39.4677031],[3.1485408,39.4676952],[3.1484378,39.467643],[3.1483324,39.467597]]},"properties":{"building":"yes","name":"Malene Birger","tourism":"gallery"}},
{"type":"Feature","id":"w1283025418","geometry":{"type":"LineString","coordinates":[[2.5992962,39.6112304],[2.5992926,39.6112228],[2.5992861,39.6112164],[2.5992772,39.6112119],[2.599267,39.6112098],[2.5992558,39.6112104],[2.5992455,39.6112139],[2.5992373,39.6112199],[2.5992321,39.6112276],[2.5992307,39.6112362],[2.599233,39.6112447],[2.5992389,39.6112521],[2.5992477,39.6112575],[2.5992584,39.6112603],[2.5992689,39.6112604],[2.5992789,39.6112578],[2.5992874,39.611253],[2.5992935,39.6112463],[2.5992965,39.6112385],[2.5992962,39.6112304]]},"properties":{"barrier":"retaining_wall","disused":"yes","historic":"yes","man_made":"kiln","material":"dry_stone","name":"Forn de Calç","name:ca":"Forn de Calç","note":"Forn de calç?","product":"lime","source":"survey"}},
{"type":"Feature","id":"w1283025426","geometry":{"type":"LineString","coordinates":[[2.5999109,39.6080995],[2.5999135,39.6080915],[2.5999126,39.6080832],[2.5999084,39.6080755],[2.5999012,39.6080693],[2.5998919,39.6080651],[2.5998807,39.6080635],[2.5998694,39.6080648],[2.5998593,39.608069],[2.5998516,39.6080755],[2.5998472,39.6080836],[2.5998466,39.6080924],[2.5998499,39.6081009],[2.5998566,39.608108],[2.5998655,39.6081127],[2.5998759,39.6081151],[2.5998867,39.6081148],[2.5998968,39.6081118],[2.5999051,39.6081066],[2.5999109,39.6080995]]},"properties":{"disused":"yes","historic":"yes","man_made":"kiln","material":"dry_stone","name":"Forn de Calç","name:ca":"Forn de Calç","note":"Forn de calç?","product":"lime","source":"survey","width":"4"}},
{"type":"Feature","id":"w1308456287","geometry":{"type":"LineString","coordinates":[[3.321468,39.5468167],[3.3224829,39.5465133],[3.3222721,39.5463245],[3.3220851,39.5460435],[3.3218524,39.545688],[3.321823,39.5455107],[3.3212905,39.5457094],[3.3212587,39.545752],[3.3212252,39.5457371],[3.3211944,39.5457784],[3.3210106,39.5459704],[3.321468,39.5468167]]},"properties":{"name":"Dinosaur Land","opening_hours":"Mo-Su,PH 10:00-16:30","tourism":"theme_park"}},
{"type":"Feature","id":"w1376726373","geometry":{"type":"LineString","coordinates":[[3.0327805,39.7688567],[3.0328212,39.7688741],[3.0328437,39.7688415],[3.032804,39.7688243]]},"properties":{"historic":"ruins"}},
{"type":"Feature","id":"w1392380394","geometry":{"type":"LineString","coordinates":[[3.0186714,39.7475964],[3.0186714,39.7475775],[3.0186969,39.7475514]]},"properties":{"addr:city":"Sa Pobla","addr:postcode":"07420","check_date":"2025-06-05","historic":"ruins","source":"catastro;IDEIB;gabpr05"}},
{"type":"Feature","id":"w1393256342","geometry":{"type":"LineString","coordinates":[[3.0579719,39.7347369],[3.0581009,39.7345492],[3.0582073,39.7345845],[3.0581805,39.7346251],[3.0583492,39.7346843],[3.0583129,39.7347348],[3.0583041,39.7347445],[3.0582747,39.7347832],[3.0582532,39.7348114],[3.0583207,39.7348274],[3.0582887,39.7349299],[3.0581831,39.7350983],[3.0580888,39.735029],[3.058191,39.7348984],[3.0582142,39.7348687],[3.0581433,39.7348307],[3.0579719,39.7347369]]},"properties":{"name":"Museu etnològic","tourism":"museum","wikidata":"Q1954349","wikipedia":"es:Museo Etnológico de Muro"}},
{"type":"Feature","id":"w1432573294","geometry":{"type":"LineString","coordinates":[[2.6266354,39.572555],[2.6266524,39.5725459],[2.626692,39.5725248],[2.6266869,39.5725191],[2.6266626,39.5724921],[2.6266071,39.5724304],[2.6265645,39.5724531],[2.6265502,39.5724608],[2.6265777,39.5724914],[2.6265894,39.5724851],[2.6266152,39.5725138],[2.6266038,39.5725199],[2.6266354,39.572555]]},"properties":{"building":"yes","historic":"city_gate","name":"Puerta de Toledo (reproduction)"}},
{"type":"Feature","id":"w1432573295","geometry":{"type":"LineString","coordinates":[[2.6264748,39.5723761],[2.6264856,39.5723694],[2.6265011,39.5723597],[2.6264738,39.5723337],[2.6264591,39.5723428],[2.6264475,39.5723501],[2.6264748,39.5723761]]},"properties":{"building":"yes","historic":"city_gate"}},
{"type":"Feature","id":"w1432573301","geometry":{"type":"LineString","coordinates":[[2.6270033,39.5720997],[2.6270539,39.5721423],[2.6270759,39.5721269],[2.6270253,39.5720842],[2.6270033,39.5720997]]},"properties":{"building":"yes","historic":"city_gate"}},
{"type":"Feature","id":"w1453518506","geometry":{"type":"LineString","coordinates":[[3.0583992,39.7352958],[3.058431,39.7353132],[3.058357,39.7353932],[3.0583252,39.7353758],[3.0583992,39.7352958]]},"properties":{"addr:city":"MURO","addr:housenumber":"17","addr:postcode":"07440","addr:street":"Carrer Jesús","building":"yes","name":"Si Déu Vol","tourism":"gallery"}},
{"type":"Feature","id":"w1463957060","geometry":{"type":"LineString","coordinates":[[2.6010787,39.6130116],[2.6010887,39.6130119],[2.6010982,39.6130096],[2.6011061,39.6130049],[2.6011112,39.6129991],[2.6011138,39.6129923],[2.6011135,39.6129853],[2.6011104,39.6129787],[2.6011047,39.6129732],[2.6010972,39.6129692],[2.6010884,39.6129673],[2.6010793,39.6129675],[2.60107,39.6129702],[2.6010624,39.6129751],[2.6010574,39.6129818],[2.6010556,39.6129893],[2.6010572,39.6129969],[2.601062,39.6130036],[2.6010695,39.6130087],[2.6010787,39.6130116]]},"properties":{"barrier":"retaining_wall","disused":"yes","historic":"yes","man_made":"kiln","material":"dry_stone","name":"Forn de Calç","name:ca":"Forn de Calç","note":"Forn de calç?","product":"lime","source":"survey"}},
{"type":"Feature","id":"w1545394960","geometry":{"type":"LineString","coordinates":[[2.9334452,39.6531486],[2.9335383,39.6530704],[2.9334255,39.6529907],[2.9333323,39.6530688],[2.9334452,39.6531486]]},"properties":{"historic":"archaeological_site"}},
{"type":"Feature","id":"w1550114414","geometry":{"type":"LineString","coordinates":[[2.8349038,39.3609685],[2.8348918,39.3609995],[2.8349052,39.3610257],[2.8349462,39.3610769],[2.8349454,39.3611005],[2.8349219,39.3611387],[2.8348813,39.3611813],[2.8348493,39.3612851],[2.8348763,39.3613488],[2.8348612,39.361395],[2.8348732,39.3614195],[2.8348878,39.3614877],[2.8348819,39.3615498],[2.8348918,39.3615689],[2.8349414,39.3615887],[2.8349591,39.3616705],[2.8349063,39.3618147],[2.8348409,39.361954],[2.8348004,39.3620831],[2.8347454,39.3622109],[2.8347539,39.3623024],[2.8348133,39.3623602],[2.8348244,39.3624586],[2.8350312,39.3627398],[2.8351456,39.3628456],[2.8353086,39.363101],[2.8354793,39.3632649],[2.8357038,39.3634164],[2.8358646,39.3634474],[2.8360922,39.3635527],[2.8362227,39.3636856],[2.8360955,39.3638489],[2.835901,39.3639738],[2.8358557,39.3639195],[2.8357228,39.3638213],[2.8355777,39.3637234],[2.8354919,39.3636819],[2.8354007,39.363628],[2.8352278,39.3636117],[2.8351003,39.3635678],[2.8349179,39.3633833],[2.8347248,39.3632277],[2.8345959,39.363078],[2.8344698,39.3629019],[2.8343171,39.3628379],[2.8341374,39.3626699],[2.8338517,39.3623504],[2.8337485,39.3621805],[2.8337377,39.3620499],[2.8337404,39.3619731],[2.8337863,39.3618948],[2.8337914,39.361886],[2.8338446,39.3617279],[2.8338075,39.361689],[2.8337565,39.361604],[2.833735,39.3615293],[2.8337404,39.361407],[2.8338021,39.3612618],[2.833735,39.361212],[2.8337055,39.3611519],[2.8337059,39.3611375],[2.8337082,39.3610441],[2.8336787,39.3609051],[2.8336653,39.3607766],[2.8336734,39.3607392],[2.8336143,39.360621],[2.8336278,39.3605588],[2.8336331,39.3604593],[2.8335392,39.3602063],[2.8349038,39.3609685]]},"properties":{"name":"Cala Pi","natural":"water","tourism":"attraction","water":"cove"}},
{"type":"Feature","id":"a46534932","geometry":{"type":"MultiPolygon","coordinates":[[[[2.6404108,39.5697796],[2.64123,39.5695588],[2.6413299,39.5697069],[2.6414564,39.5696597],[2.6415372,39.5696296],[2.64158,39.5700093],[2.6416385,39.5702352],[2.6416776,39.5703875],[2.6418698,39.5705946],[2.6417658,39.5706482],[2.6415583,39.5702886],[2.6414576,39.5703318],[2.6414032,39.5703487],[2.641598,39.5706503],[2.6413161,39.5707541],[2.6412704,39.5707014],[2.6404149,39.5698387],[2.6404108,39.5697796]]]]},"properties":{"building":"yes","historic":"yes","name":"Bastió de Sant Pere","name:ca":"Bastió de Sant Pere","name:es":"Bastión de San Pedro"}},
{"type":"Feature","id":"a46565502","geometry":{"type":"MultiPolygon","coordinates":[[[[2.6440276,39.5684036],[2.6443752,39.568151],[2.6446052,39.5683401],[2.6442578,39.5685923],[2.6440276,39.5684036]]]]},"properties":{"addr:housenumber":"5","addr:place":"Plaça de la Llotja","alt_name":"Llotja de Palma","architect":"Guillem Sagrera","building":"yes","description:en":"1400s gothic building for merchants to trade at.","heritage":"3","heritage:operator":"Consell de Mallorca","historic":"yes","name":"Sa Llotja","name:ca":"Sa Llotja","official_name":"La Llotja dels Mercaders de Palma","opening_hours":"Apr-Oct 10:30-13:30,16:00-21:00; Nov-Mar 10:30-13:30,16:00-19:00; Dec 24,Dec 31 10:30-13:30; Dec 25,Jan 01 off","source:opening_hours":"https://www.caib.es/sites/consolatdemar/ca/horaris_dobertura/","tourism":"attraction","wikimedia_commons":"Category:Llotja de Palma"}},
{"type":"Feature","id":"a51767258","geometry":{"type":"MultiPolygon","coordinates":[[[[2.6475738,39.5674586],[2.6476372,39.5674256],[2.647669,39.5674367],[2.6479771,39.5672846],[2.6484082,39.567078],[2.6485236,39.5670787],[2.6487917,39.5670528],[2.6488864,39.5670909],[2.648932,39.5671464],[2.6489404,39.56722],[2.6487646,39.5673149],[2.6488018,39.5673709],[2.6488017,39.5674058],[2.6487264,39.5674456],[2.6487634,39.5674877],[2.648716,39.5675118],[2.648744,39.5675527],[2.6487739,39.5675418],[2.6488048,39.5675954],[2.6488744,39.5677163],[2.6488834,39.5677319],[2.6488917,39.5677464],[2.6488788,39.5677506],[2.6488585,39.5677582],[2.6487704,39.5677894],[2.6487081,39.5678133],[2.6486902,39.5678208],[2.6486626,39.5677725],[2.648635,39.5677921],[2.6486204,39.5677927],[2.6486083,39.5677894],[2.6485728,39.5677786],[2.648429,39.5678245],[2.648416,39.5677886],[2.6484051,39.5677584],[2.6483658,39.5676853],[2.6483222,39.5677073],[2.6480034,39.5678686],[2.6480199,39.5678877],[2.6479568,39.5679197],[2.6479199,39.5678796],[2.6479308,39.5678583],[2.6478665,39.5677826],[2.6478251,39.5678009],[2.6477827,39.5677547],[2.6477915,39.5677447],[2.6477515,39.5676956],[2.6477042,39.5676377],[2.6476901,39.5676439],[2.6476633,39.5676064],[2.6476702,39.5675895],[2.6476932,39.567575],[2.6476365,39.5674945],[2.6476089,39.567503],[2.6475738,39.5674586]]]]},"properties":{"addr:place":"Plaça La Seu","addr:postcode":"07001","alt_name":"Catedral de Mallorca","amenity":"place_of_worship","basilica":"minor","building":"cathedral","building:architecture":"gothic","check_date":"2025-12-17","denomination":"catholic","height":"44","heritage":"3","heritage:operator":"Consell de Mallorca","historic":"church","image":"https://photos.app.goo.gl/tYybDRWVK3y285os9","name":"La Seu","name:ca":"La Seu","name:de":"Kathedrale der Heiligen Maria von Palma de Mallorca","name:en":"Palma Cathedral","name:es":"Catedral de Santa María de Palma de Mallorca","name:fr":"Cathédrale Santa María de Palma de Mallorque","opening_hours":"Apr-Oct Mo-Fr 10:00-17:15; Nov-Mar Mo-Fr 10:00-15:15; Sa 10:00-14:15","religion":"christian","toilets:wheelchair":"yes","tourism":"attraction","url":"https://www.youtube.com/c/CatedralMallorca","url:0":"https://youtu.be/uHkyJslzA_U","website":"https://catedraldemallorca.org","wheelchair":"yes","wheelchair:description":"Der Zugang für Rollstuhlfahrer ist über den Ausgang des Souvenir Shops. Toilette sogleich im Laubengang.","wikidata":"Q1298819","wikimedia_commons":"Category:Cathedral of Palma de Mallorca","wikipedia":"es:Catedral de Santa María de Palma de Mallorca"}},
{"type":"Feature","id":"a54891300","geometry":{"type":"MultiPolygon","coordinates":[[[[3.123524,39.8531339],[3.1235849,39.8531182],[3.1236162,39.8531895],[3.1236482,39.8532622],[3.1235874,39.853278],[3.1235556,39.8532056],[3.123524,39.8531339]]]]},"properties":{"alt_name":"Porta de Xara","building":"yes","historic":"city_gate","name":"Porta des Moll","name:es":"Puerta del Muelle","tourism":"attraction"}},
{"type":"Feature","id":"a54915644","geometry":{"type":"MultiPolygon","coordinates":[[[[3.1189001,39.8526987],[3.1190358,39.8527021],[3.1190984,39.8527701],[3.1190552,39.8528062],[3.1190502,39.8528741],[3.1190344,39.852983],[3.1189915,39.8529817],[3.1189374,39.8529792],[3.1189402,39.8529267],[3.119003,39.8529286],[3.1190113,39.8528072],[3.1189501,39.8528051],[3.1189509,39.8527758],[3.1189035,39.8527729],[3.1189001,39.8526987]]]]},"properties":{"alt_name":"Porta de Sant Sebastià","building":"yes","historic":"city_gate","name":"Porta de Mallorca","name:es":"Puerta de Mallorca"}},
{"type":"Feature","id":"a56949218","geometry":{"type":"MultiPolygon","coordinates":[[[[2.6458606,39.5673854],[2.645984,39.5673426],[2.6460491,39.5673204],[2.6461257,39.5672941],[2.6461394,39.56729],[2.6461532,39.5672858],[2.6461786,39.5672766],[2.646157,39.5672411],[2.6461655,39.567238],[2.646196,39.5672919],[2.6464233,39.567692],[2.6464305,39.5677047],[2.6464801,39.5677921],[2.6465867,39.5677625],[2.6468567,39.5683967],[2.6469477,39.5686035],[2.6469549,39.56861],[2.646955,39.5686195],[2.6469494,39.568632],[2.646838,39.5686063],[2.646843,39.568593],[2.646709,39.5685602],[2.6467104,39.5685579],[2.646649,39.5685431],[2.6466462,39.5685464],[2.6466094,39.5685361],[2.6466102,39.5685337],[2.6465815,39.5685272],[2.6465795,39.5685288],[2.6465173,39.568514],[2.646183,39.5679396],[2.6458606,39.5673854]]]]},"properties":{"addr:housenumber":"18","addr:street":"Avinguda d'Antoni Maura","historic":"yes","leisure":"park","name":"s'Hort del Rei","name:ca":"s'Hort del Rei","name:es":"Huerto del Rey","wikidata":"Q20796005","wikimedia_commons":"Category:Hort del Rei","wikipedia":"ca:Hort del Rei"}},
{"type":"Feature","id":"a57272206","geometry":{"type":"MultiPolygon","coordinates":[[[[2.6639287,39.5748786],[2.6641342,39.5746474],[2.6643367,39.5744162],[2.6644424,39.574472],[2.6643974,39.5745245],[2.6645151,39.5745867],[2.6645604,39.5745343],[2.6646651,39.5745903],[2.6642577,39.5750531],[2.6641522,39.5749961],[2.6641978,39.5749441],[2.6640807,39.574884],[2.6640348,39.5749358],[2.6639287,39.5748786]]]]},"properties":{"addr:street":"Plaça de Pere Garau","amenity":"marketplace","building":"yes","name":"Mercat de Pere Garau","opening_hours":"Mo-Sa 08:00-14:00","wikidata":"Q111895516","wikimedia_commons":"Category:Mercat de Pere Garau","wikipedia":"ca:Mercat de Pere Garau"}},
{"type":"Feature","id":"a67690694","geometry":{"type":"MultiPolygon","coordinates":[[[[2.6528119,39.573712],[2.6528793,39.5736163],[2.6529259,39.573636],[2.6530107,39.5735158],[2.6530716,39.5734291],[2.6530253,39.5734089],[2.6530926,39.5733128],[2.6532122,39.5733636],[2.6532198,39.5733517],[2.6540407,39.5736971],[2.6540341,39.5737074],[2.6539598,39.5738116],[2.6539167,39.5737944],[2.6537819,39.5739864],[2.6538247,39.574004],[2.6537606,39.5740963],[2.6537432,39.57412],[2.6536479,39.5740797],[2.653622,39.5741173],[2.6535205,39.5742612],[2.6534368,39.5743795],[2.6533699,39.5744733],[2.6532501,39.574423],[2.6532949,39.5743604],[2.6532779,39.5743538],[2.6532214,39.5743295],[2.6531403,39.5742956],[2.6531664,39.574258],[2.6531513,39.5742513],[2.6532013,39.5741797],[2.6531756,39.5741688],[2.6531738,39.5741709],[2.6531538,39.5741635],[2.6531552,39.5741601],[2.6532859,39.573974],[2.6532405,39.5739553],[2.6532499,39.5739427],[2.6532664,39.5739195],[2.6529742,39.5737958],[2.6529232,39.5737747],[2.6529317,39.5737627],[2.6528119,39.573712]]]]},"properties":{"addr:housenumber":"4","addr:postcode":"07002","addr:street":"Plaça de l'Olivar","amenity":"marketplace","building":"yes","name":"Mercat de l'Olivar","name:ca":"Mercat de l'Olivar","name:en":"Central Market Olivar","name:es":"Mercado del Olivar","opening_hours":"Mo-Th 07:00-14:30; Fr 07:00-20:00; Sa 07:00-15:00","website":"https://mercatolivar.com/","wheelchair":"yes","wikidata":"Q105934986","wikimedia_commons":"Category:Mercat de l'Olivar","wikipedia":"ca:Mercat de l'Olivar"}},
{"type":"Feature","id":"a71923226","geometry":{"type":"MultiPolygon","coordinates":[[[[3.4324087,39.7042831],[3.4328944,39.7041465],[3.4328752,39.7041061],[3.4329432,39.7040867],[3.4329638,39.7041282],[3.4332658,39.7040394],[3.4332712,39.7040033],[3.433328,39.7039896],[3.4333238,39.7040262],[3.4333632,39.7040485],[3.4335302,39.7041415],[3.4335816,39.7041238],[3.4335794,39.7041707],[3.4335293,39.7041872],[3.4335078,39.7043622],[3.4334768,39.7045296],[3.4335235,39.7045331],[3.4335196,39.7045781],[3.4334706,39.704572],[3.4334243,39.7048225],[3.43349,39.7048324],[3.4334702,39.704904],[3.433474,39.7049039],[3.4334521,39.7049672],[3.4334458,39.7049821],[3.4334099,39.7050208],[3.433332,39.704983],[3.4333388,39.7049748],[3.4332523,39.7049369],[3.4332638,39.7049235],[3.4332445,39.7049156],[3.4332547,39.704902],[3.4330842,39.7048273],[3.4330021,39.704737],[3.4325501,39.7044221],[3.4324087,39.7042831]]]]},"properties":{"barrier":"wall","castle_type":"defensive","historic":"castle","name":"Castell de Capdepera","name:ca":"Castell de Capdepera","tourism":"attraction","website":"https://www.capdeperacastell.com/","wheelchair":"no","wikidata":"Q1048676","wikipedia":"es:Castillo de Capdepera"}},
{"type":"Feature","id":"a71936314","geometry":{"type":"MultiPolygon","coordinates":[[[[2.7088612,39.7647403],[2.7092525,39.7637965],[2.7093588,39.7638911],[2.7098302,39.7643103],[2.7101203,39.764633],[2.7101723,39.7648085],[2.7101766,39.7649091],[2.710134,39.7652602],[2.7098109,39.7653743],[2.709501,39.7651489],[2.7091967,39.7649341],[2.7088612,39.7647403]]]]},"properties":{"email":"jbs@jardibotanicdesoller.org","leisure":"garden","name":"jardí botànic","name:ca":"jardí botànic","opening_hours":"Mo-Sa 10:00-18:00; Su 10:00-14:00","phone":"+34 971634014","tourism":"attraction","website":"https://www.jardibotanicdesoller.org/","wikidata":"Q3162407","wikipedia":"ca:Jardí Botànic de Sóller"}},
{"type":"Feature","id":"a77654280","geometry":{"type":"MultiPolygon","coordinates":[[[[2.9741889,39.3529077],[2.9749026,39.3523275],[2.9770902,39.3508728],[2.9786147,39.3497269],[2.9802002,39.3482355],[2.9809101,39.3476133],[2.9818685,39.3468448],[2.9823716,39.3462766],[2.9830517,39.3457651],[2.983451,39.3453181],[2.9848038,39.3440715],[2.9855373,39.3431748],[2.9858331,39.3427447],[2.9862608,39.3425653],[2.9864957,39.3421408],[2.9866926,39.3418294],[2.9870191,39.3415276],[2.9872438,39.3413261],[2.9872234,39.3412075],[2.987389,39.3409787],[2.9875914,39.3405826],[2.9878592,39.3406085],[2.9882398,39.3402397],[2.9885577,39.3399712],[2.988997,39.3394826],[2.9892103,39.3391947],[2.9893274,39.3389068],[2.9893233,39.3385606],[2.9894613,39.3383794],[2.9899063,39.3381969],[2.9901661,39.3378656],[2.9907045,39.3368956],[2.9911186,39.33577],[2.9911915,39.3354687],[2.9909914,39.335166],[2.9909678,39.3349418],[2.9910032,39.3345895],[2.9910151,39.3344797],[2.9908322,39.334315],[2.9906282,39.333935],[2.9907845,39.3335872],[2.9909847,39.333532],[2.9909851,39.3336537],[2.9910546,39.3341222],[2.9912062,39.334747],[2.9912676,39.33517],[2.9913341,39.3357195],[2.990954,39.3370552],[2.9902199,39.3383939],[2.9897982,39.3387191],[2.9895349,39.3391446],[2.9891563,39.3396434],[2.9888977,39.3398871],[2.9887735,39.3401017],[2.9879602,39.3408177],[2.9873829,39.3416006],[2.986897,39.3419806],[2.986814,39.3422385],[2.9863666,39.3427942],[2.9852781,39.3439655],[2.9845085,39.3448509],[2.9842261,39.3450584],[2.9837615,39.3455694],[2.9834548,39.3458989],[2.9830277,39.3461658],[2.9824704,39.3465956],[2.9819059,39.3470778],[2.9811933,39.3477078],[2.9801934,39.3486262],[2.979011,39.3497998],[2.9781479,39.3505706],[2.9771208,39.3512962],[2.9763701,39.3518225],[2.9757175,39.3523077],[2.9750854,39.3528203],[2.9746724,39.3531033],[2.9744588,39.3530151],[2.9741889,39.3529077]]]]},"properties":{"name":"Platja d'es Trenc","name:ca":"Platja d'es Trenc","name:en":"Es Trenc Beach","name:es":"Playa de es Trenc","natural":"beach","nudism":"yes","opening_hours":"24/7","surface":"sand","tourism":"attraction","wheelchair":"limited","wikidata":"Q11919677","wikimedia_commons":"Category:Es Trenc","wikipedia":"en:Es Trenc"}},
{"type":"Feature","id":"a77751482","geometry":{"type":"MultiPolygon","coordinates":[[[[3.0620259,39.3433503],[3.0621868,39.3415183],[3.0626877,39.3414752],[3.0631868,39.3415006],[3.0638968,39.3415367],[3.0646328,39.3415741],[3.064814,39.3413888],[3.0645059,39.339936],[3.0651961,39.3398647],[3.0658165,39.3399972],[3.066259,39.3401331],[3.0663258,39.3402403],[3.0659543,39.3407664],[3.0655637,39.3408859],[3.0653985,39.3411357],[3.0647467,39.3408152],[3.0649428,39.3415571],[3.06584,39.3414532],[3.0659477,39.3414552],[3.0659261,39.340974],[3.0662286,39.3408484],[3.0665615,39.3403404],[3.0667815,39.3402906],[3.0683132,39.3407814],[3.0695763,39.34072],[3.0687858,39.3410198],[3.0683237,39.3417801],[3.0677712,39.3422219],[3.0665374,39.3435557],[3.0620259,39.3433503]]]]},"properties":{"leisure":"garden","name":"Botanicactus","name:ca":"Botanicactus","opening_hours":"Mo-Su 09:00-18:00; Nov-Jan: 10:30-16:30; Jun-Aug: Sa-Su 09:00-14:00","phone":"+34 971649494","tourism":"attraction","website":"https://www.botanicactussalines.com/","wikidata":"Q429533","wikimedia_commons":"Category:Botanicactus (Mallorca)","wikipedia":"es:Botanicactus"}},
{"type":"Feature","id":"a83917204","geometry":{"type":"MultiPolygon","coordinates":[[[[3.3505057,39.6929735],[3.3507362,39.6928828],[3.3507572,39.6929144],[3.3507781,39.6929458],[3.3508009,39.6929802],[3.3508262,39.6930182],[3.3508517,39.6930565],[3.3508752,39.6930919],[3.3508985,39.693127],[3.3509452,39.6931973],[3.3509596,39.6932189],[3.3509179,39.6932345],[3.3508708,39.6932521],[3.3508216,39.6932712],[3.3507758,39.693289],[3.3507282,39.6933075],[3.3505454,39.6930331],[3.3505057,39.6929735]]]]},"properties":{"amenity":"theatre","building":"yes","building:levels":"2","height":"9","roof:shape":"flat","wheelchair":"yes","wheelchair:description":"voll Rollstuhlgerecht"}},
{"type":"Feature","id":"a89283022","geometry":{"type":"MultiPolygon","coordinates":[[[[2.950185,39.6422236],[2.9504247,39.6422188],[2.9504916,39.6422534],[2.9505163,39.642315],[2.9504845,39.6423712],[2.9504309,39.6424027],[2.9501912,39.6424075],[2.9501884,39.6423247],[2.950185,39.6422236]]]]},"properties":{"building":"yes","name":"Planetarium","tourism":"attraction"}},
{"type":"Feature","id":"a94561852","geometry":{"type":"MultiPolygon","coordinates":[[[[2.4695166,39.6071357],[2.4695505,39.6068246],[2.4703656,39.606888],[2.4703432,39.6069866],[2.4704053,39.6069917],[2.4703896,39.6070642],[2.470332,39.6070568],[2.4703038,39.6071995],[2.469945,39.6071723],[2.4699454,39.6071429],[2.4696565,39.6071204],[2.4696593,39.6070844],[2.4695937,39.607079],[2.4695901,39.607123],[2.4695166,39.6071357]]]]},"properties":{"building":"yes","layer":"1","name":"Galatzó","opening_hours":"Mo-Su 07:00-19:00","tourism":"museum"}},
{"type":"Feature","id":"a97954994","geometry":{"type":"MultiPolygon","coordinates":[[[[2.611264,39.5501136],[2.6113398,39.5501081],[2.6113409,39.550096],[2.6113555,39.5500949],[2.6113497,39.5500177],[2.6114393,39.5500132],[2.611448,39.5500892],[2.6116139,39.5500826],[2.6116093,39.5499863],[2.6117166,39.5499806],[2.6117226,39.5500759],[2.6116871,39.5500806],[2.6116949,39.5501971],[2.6113476,39.5502123],[2.6113456,39.5501966],[2.6112696,39.5502014],[2.611264,39.5501136]]]]},"properties":{"building":"public","historic":"manor","name":"Palau de Marivent","name:ca":"Palau de Marivent","name:es":"Palacio de Marivent","source":"http://www.mallorcaweb.com/fotos-de-mallorca/palma/lugares-interes-cultural/palacio-de-marivent/"}},
{"type":"Feature","id":"a98393798","geometry":{"type":"MultiPolygon","coordinates":[[[[2.6379031,39.5711578],[2.6379108,39.5711412],[2.6379282,39.5711281],[2.6384551,39.5710017],[2.6384761,39.5709983],[2.6385006,39.5710049],[2.6385146,39.5710153],[2.6386269,39.5712928],[2.6386319,39.5713087],[2.6386275,39.5713236],[2.6386166,39.5713383],[2.6386016,39.5713468],[2.6380731,39.5714747],[2.6380628,39.5714748],[2.638049,39.5714748],[2.6380319,39.5714668],[2.6380175,39.5714552],[2.6379043,39.5711686],[2.6379031,39.5711578]]]]},"properties":{"addr:postcode":"07013","addr:street":"Plaça de la Navegació","amenity":"marketplace","building":"yes","name":"Mercat de Santa Catalina","name:ca":"Mercat de Santa Catalina","name:es":"Mercado de Santa Catalina","opening_hours":"Mo-Sa 07:00-17:00","phone":"+34 971 73 07 10","website":"https://mercatdesantacatalina.com/","wikidata":"Q11936532","wikipedia":"ca:Mercat de Santa Catalina"}},
{"type":"Feature","id":"a104770744","geometry":{"type":"MultiPolygon","coordinates":[[[[3.3473116,39.7468607],[3.347374,39.7468215],[3.3475218,39.7466965],[3.3476815,39.7465818],[3.3477451,39.7465021],[3.3477794,39.7464262],[3.3477727,39.7463499],[3.3477336,39.7462792],[3.3476917,39.7462299],[3.3475777,39.7461544],[3.3475405,39.7460287],[3.3479169,39.7456513],[3.3482614,39.7456656],[3.3487436,39.7460656],[3.3479066,39.7467339],[3.3473116,39.7468607]]]]},"properties":{"area":"yes","historic":"ruins","name":"Campament dels Soldats","name:ca":"Campament dels Soldats","name:de":"Lager der Soldaten","tourism":"attraction"}},
{"type":"Feature","id":"a104960768","geometry":{"type":"MultiPolygon","coordinates":[[[[2.3606945,39.5997876],[2.3607722,39.5997069],[2.3608485,39.5997505],[2.3607708,39.5998312],[2.3606945,39.5997876]]]]},"properties":{"amenity":"place_of_worship","building":"yes","denomination":"catholic","historic":"ruins","name":"antic monestir de La Trapa","name:ca":"antic monestir de La Trapa","religion":"christian"}},
{"type":"Feature","id":"a104960770","geometry":{"type":"MultiPolygon","coordinates":[[[[2.3602488,39.6002867],[2.360265,39.6002263],[2.3603462,39.6002392],[2.36033,39.6002996],[2.3602488,39.6002867]]]]},"properties":{"building":"yes","description":"Oil Mill Sa Trapa","historic":"monument","man_made":"works","name":"Molí de Sang","operator":"GOB (Grup Ornitològic de Mallorca)","product":"oil","source":"Official documentation (http://www.gobmallorca.com/trapa/index.htm) and ideib.cat"}},
{"type":"Feature","id":"a105293356","geometry":{"type":"MultiPolygon","coordinates":[[[[2.628871,39.751376],[2.6290906,39.751013],[2.6292692,39.7510799],[2.6293839,39.7511228],[2.6293066,39.7512559],[2.629227,39.7512272],[2.6292483,39.7511875],[2.6292176,39.7511733],[2.6291405,39.7511482],[2.6290924,39.7512287],[2.6290439,39.7513217],[2.6291617,39.7513591],[2.6291791,39.7513381],[2.6292381,39.7513567],[2.629174,39.7514591],[2.6290382,39.7514124],[2.6290275,39.7514299],[2.628871,39.751376]]]]},"properties":{"addr:housename":"Son Marroig","addr:housenumber":"Cr, 13","addr:postcode":"07179","addr:street":"Diseminado Valldemossa","building":"house","fee":"yes","name":"Son Marroig","name:ca":"Son Marroig","opening_hours":"Mo-Sa 09:30-14:00, 15:30-18:00","phone":"+34 971 63 91 58","tourism":"museum","website":"https://sonmarroig.com/","wikidata":"Q2300784","wikimedia_commons":"Category:Son Marroig","wikipedia":"ca:Son Marroig"}},
{"type":"Feature","id":"a107631794","geometry":{"type":"MultiPolygon","coordinates":[[[[2.83539,39.6099985],[2.8357645,39.609697],[2.8356756,39.6096101],[2.8357381,39.6093234],[2.8363197,39.6094145],[2.8363819,39.6088072],[2.8374874,39.6089068],[2.8374777,39.6093598],[2.8380542,39.6094025],[2.8381211,39.6093483],[2.8381688,39.6096373],[2.8375179,39.6095759],[2.8373543,39.6104707],[2.837032,39.6112209],[2.8357236,39.6108584],[2.8362038,39.6105459],[2.83539,39.6099985]]]]},"properties":{"area":"yes","name":"Natura Parc","opening_hours":"10:00-19:00","tourism":"zoo"}},
{"type":"Feature","id":"a109465082","geometry":{"type":"MultiPolygon","coordinates":[[[[3.1230266,39.852123],[3.1230491,39.8520807],[3.1231059,39.8521001],[3.1230854,39.8521317],[3.1231977,39.8521945],[3.1231888,39.8522066],[3.1230784,39.8521469],[3.1230266,39.852123]]]]},"properties":{"barrier":"city_wall","historic":"citywalls"}},
{"type":"Feature","id":"a110341370","geometry":{"type":"MultiPolygon","coordinates":[[[[2.7289413,39.5316361],[2.7289528,39.5316046],[2.7289946,39.5315544],[2.729033,39.531524],[2.7291546,39.5314768],[2.7292276,39.5314384],[2.7292318,39.531406],[2.7292568,39.5313657],[2.7292998,39.5313369],[2.7293765,39.5313155],[2.7294402,39.531311],[2.7294983,39.5313217],[2.7295485,39.5313456],[2.7296411,39.5314367],[2.7296547,39.5314501],[2.7296636,39.5314588],[2.7297258,39.5315695],[2.7297708,39.5315848],[2.7297997,39.5316232],[2.7298826,39.5317395],[2.7299999,39.5318563],[2.7299822,39.5318914],[2.7299512,39.5319214],[2.7299167,39.5319451],[2.7298716,39.5319637],[2.7298298,39.5319676],[2.7298356,39.5319831],[2.7298335,39.5320038],[2.7298224,39.5320172],[2.7298029,39.5320212],[2.7297853,39.5320139],[2.729777,39.5320001],[2.7296679,39.5320367],[2.7296292,39.5320675],[2.7296066,39.5320982],[2.7296266,39.5321172],[2.7296539,39.5321272],[2.7296748,39.5321483],[2.7296818,39.5321744],[2.7296786,39.5321985],[2.7296637,39.5322334],[2.7296489,39.5322572],[2.729632,39.5322799],[2.7295955,39.5323018],[2.7295616,39.5323101],[2.7295321,39.5323128],[2.7294919,39.5323154],[2.7294786,39.5323031],[2.7294603,39.5322983],[2.7294599,39.5322881],[2.7294645,39.532243],[2.7294546,39.5322348],[2.7293839,39.5321836],[2.729305,39.5320853],[2.7292868,39.5320832],[2.7291189,39.5318763],[2.7291427,39.5318193],[2.7291108,39.531767],[2.7290896,39.5317251],[2.7290391,39.5317178],[2.7289886,39.5317003],[2.7289529,39.5316692],[2.7289413,39.5316361]]]]},"properties":{"addr:city":"Palma","addr:housenumber":"21","addr:postcode":"07610","addr:street":"Carrer Manuela de los Herreros","building":"yes","building:levels":"2","check_date":"2026-07-30","fee":"yes","internet_access":"wlan","name":"Palma Aquarium","name:ca":"Palma Aquarium","opening_hours":"Mo-Su 09:30-17:00","phone":"+34 902 702902","source":"Bing + knowledge","tourism":"aquarium","website":"https://palmaaquarium.com/","wheelchair":"yes","wikidata":"Q1656431","wikimedia_commons":"Category:Palma Aquarium","wikipedia":"es:Palma Aquarium"}},
{"type":"Feature","id":"a110341372","geometry":{"type":"MultiPolygon","coordinates":[[[[2.727886,39.5320569],[2.7287894,39.5315442],[2.7292861,39.5312622],[2.7295922,39.5310518],[2.7296758,39.5311183],[2.7298242,39.5312327],[2.7299436,39.5311405],[2.7299934,39.5311796],[2.7300049,39.5314017],[2.7299132,39.5316307],[2.7304639,39.5322522],[2.7297331,39.5331278],[2.7291375,39.5334439],[2.727886,39.5320569]]]]},"properties":{"tourism":"zoo","wheelchair":"yes"}},
{"type":"Feature","id":"a112926642","geometry":{"type":"MultiPolygon","coordinates":[[[[3.1735467,39.8658414],[3.1735528,39.865803],[3.1735906,39.8658067],[3.1736056,39.8658082],[3.1736657,39.8658142],[3.1736596,39.865853],[3.1735467,39.8658414]]]]},"properties":{"historic":"ruins"}},
{"type":"Feature","id":"a114760320","geometry":{"type":"MultiPolygon","coordinates":[[[[2.6287298,39.5674237],[2.6287623,39.5674025],[2.6287774,39.5673926],[2.6288027,39.5673761],[2.6290014,39.5672275],[2.6292184,39.5670699],[2.6293123,39.5671645],[2.6294831,39.5673267],[2.6292493,39.5674506],[2.6292755,39.5674868],[2.629094,39.5676173],[2.629125,39.5676325],[2.6290901,39.5676736],[2.6290667,39.5677011],[2.6289493,39.5676208],[2.6287298,39.5674237]]]]},"properties":{"amenity":"theatre","building":"yes","name":"Auditòrium","name:ca":"Auditòrium","wikidata":"Q17587295","wikipedia":"ca:Auditòrium de Palma"}},
{"type":"Feature","id":"a115483634","geometry":{"type":"MultiPolygon","coordinates":[[[[2.6391175,39.574037],[2.639233,39.5739527],[2.6393239,39.5740266],[2.6392083,39.574111],[2.6391175,39.574037]]]]},"properties":{"building":"yes","historic":"yes"}},
{"type":"Feature","id":"a115483638","geometry":{"type":"MultiPolygon","coordinates":[[[[2.6388805,39.5742163],[2.6390048,39.5741234],[2.6390954,39.5741954],[2.6389711,39.5742883],[2.6388805,39.5742163]]]]},"properties":{"building":"yes","historic":"yes"}},
{"type":"Feature","id":"a115483640","geometry":{"type":"MultiPolygon","coordinates":[[[[2.638377,39.5745855],[2.6384974,39.5745033],[2.6385976,39.5745906],[2.6384771,39.5746727],[2.638377,39.5745855]]]]},"properties":{"building":"yes","historic":"yes"}},
{"type":"Feature","id":"a115483644","geometry":{"type":"MultiPolygon","coordinates":[[[[2.6386314,39.5743883],[2.6387656,39.5742921],[2.6388671,39.5743763],[2.6387329,39.5744724],[2.6386314,39.5743883]]]]},"properties":{"building":"yes","historic":"yes"}},
{"type":"Feature","id":"a124729256","geometry":{"type":"MultiPolygon","coordinates":[[[[3.1085132,39.6489811],[3.1085393,39.6489671],[3.1085176,39.648943],[3.1086023,39.6488977],[3.1086203,39.6489176],[3.1086473,39.6489031],[3.1086686,39.6489267],[3.1087488,39.6490154],[3.1088043,39.6489857],[3.1088212,39.6490044],[3.1087897,39.6490212],[3.1088489,39.6490868],[3.1088801,39.6490701],[3.1089039,39.6490964],[3.1086858,39.6492131],[3.1085875,39.6491042],[3.1086123,39.6490909],[3.1085132,39.6489811]]]]},"properties":{"amenity":"place_of_worship","building":"yes","denomination":"catholic","historic":"yes","name":"Nostra Senyora d'Atotxa","religion":"christian"}},
{"type":"Feature","id":"a145703324","geometry":{"type":"MultiPolygon","coordinates":[[[[2.6434947,39.5688313],[2.6435768,39.5687652],[2.6435558,39.568748],[2.6438055,39.5685545],[2.643888,39.5686273],[2.6437729,39.5687015],[2.6438426,39.5687627],[2.6438845,39.5687357],[2.6439417,39.5687889],[2.6436824,39.5689463],[2.6436874,39.5689503],[2.6436102,39.5689984],[2.6435763,39.5689519],[2.6434947,39.5688313]]]]},"properties":{"addr:housenumber":"3","addr:street":"Carrer de la Llotja","building":"yes","heritage":"3","heritage:operator":"Consell de Mallorca","historic":"building","name":"Consolat de Mar","name:ca":"Consolat de Mar","office":"government","wikimedia_commons":"Category:Consolat de Mar de Palma"}},
{"type":"Feature","id":"a146079582","geometry":{"type":"MultiPolygon","coordinates":[[[[2.6470715,39.5686945],[2.647363,39.5685551],[2.6473705,39.5685643],[2.6473969,39.5685507],[2.6476729,39.5686331],[2.647914,39.5687071],[2.6478141,39.5689063],[2.6477843,39.5689657],[2.647783,39.5689683],[2.6477683,39.5689648],[2.6477657,39.5689691],[2.647637,39.5689306],[2.6476395,39.5689259],[2.6476298,39.5689228],[2.6476308,39.5689155],[2.6475251,39.5688845],[2.6475192,39.5688944],[2.6470798,39.5687667],[2.6470715,39.5686945]]]]},"properties":{"name":"Fundación Bartolomé March Servera (Museo Palau March)","source":"ideib.cat","tourism":"museum","website":"https://www.fundacionbmarch.es/es/museo-palau-march/"}},
{"type":"Feature","id":"a146086918","geometry":{"type":"MultiPolygon","coordinates":[[[[2.6498667,39.5719509],[2.6499163,39.5717562],[2.6499302,39.5717024],[2.649944,39.5716524],[2.6499929,39.5716537],[2.6500841,39.5716572],[2.65018,39.5716602],[2.6501795,39.5716667],[2.6501667,39.5717584],[2.6501814,39.5717579],[2.6501786,39.5717975],[2.6501981,39.5717981],[2.6502136,39.5717987],[2.6502556,39.5718001],[2.6502562,39.571784],[2.6502677,39.5717831],[2.6502843,39.571783],[2.6502972,39.5717819],[2.6503693,39.5717777],[2.6503658,39.5717184],[2.650355,39.5717179],[2.6503519,39.5716596],[2.650416,39.5716588],[2.6504169,39.5716689],[2.6504192,39.5717129],[2.650413,39.5717134],[2.6504216,39.5717853],[2.6504245,39.5718196],[2.6502551,39.5718259],[2.6502523,39.5719274],[2.6501798,39.5719257],[2.6501266,39.5719252],[2.6501258,39.5719344],[2.6500072,39.5719404],[2.6499386,39.5719471],[2.6498769,39.5719538],[2.6498667,39.5719509]]]]},"properties":{"addr:housenumber":"3","addr:postcode":"07001","addr:street":"Plaça d'en Weyler","alt_name":"CaixaFòrum","architect":"Lluís Domènech i Montaner","building":"yes","heritage":"3","heritage:operator":"Consell de Mallorca","historic":"yes","listed_status":"Béns d'Interès Cultural","name":"Gran Hotel CaixaForum","opening_hours":"Mo-Sa 10:00-20:00; Su 11:00-14:00","operator":"Fundació La Caixa","phone":"+34 971 17 85 00","start_date":"1903","tourism":"museum","website":"https://obrasociallacaixa.org/","wikidata":"Q3780261","wikimedia_commons":"Category:Grand Hotel de Palma","wikipedia":"en:Gran Hotel (Palma)"}},
{"type":"Feature","id":"a146086934","geometry":{"type":"MultiPolygon","coordinates":[[[[2.6492752,39.5712422],[2.6493631,39.5711381],[2.649295,39.5711076],[2.6496896,39.5708239],[2.6498018,39.5709386],[2.6498383,39.5709759],[2.64992,39.5710594],[2.6498764,39.5710826],[2.6498322,39.57122],[2.6499886,39.5711816],[2.6500261,39.5712448],[2.6497303,39.5713343],[2.6492752,39.5712422]]]]},"properties":{"building":"yes","historic":"manor","name":"Can Berga","name:ca":"Can Berga","wikidata":"Q18005299","wikimedia_commons":"Category:Can Berga","wikipedia":"ca:Can Berga (Palma)"}},
{"type":"Feature","id":"a146086938","geometry":{"type":"MultiPolygon","coordinates":[[[[2.6505421,39.5714677],[2.6508754,39.5714889],[2.6509417,39.5715265],[2.6510391,39.5716457],[2.6510975,39.5717062],[2.6510712,39.5717207],[2.6510861,39.5717772],[2.6511017,39.5718324],[2.6510463,39.5718814],[2.6510096,39.5718599],[2.6509329,39.571931],[2.6508912,39.5719711],[2.6508683,39.5719596],[2.6508419,39.5719439],[2.6507674,39.5718162],[2.6506672,39.5716638],[2.6505421,39.5714677]]]]},"properties":{"amenity":"theatre","building":"yes","name":"Teatre Principal","name:ca":"Teatre Principal","operator":"Consell de Mallorca","wikidata":"Q9082190","wikimedia_commons":"Category:Teatre Principal (Palma)","wikipedia":"ca:Teatre Principal (Palma)"}},
{"type":"Feature","id":"a162117138","geometry":{"type":"MultiPolygon","coordinates":[[[[3.0101386,39.9223187],[3.0101486,39.9222787],[3.0102367,39.9222748],[3.0102487,39.9223039],[3.0102552,39.9223853],[3.0101771,39.9223904],[3.0101755,39.9223336],[3.0101386,39.9223187]]]]},"properties":{"access":"private","building":"yes","castle_type":"defensive","ele":"477","historic":"castle","name":"Castell del Rei","name:ca":"Castell del Rei","note":"This is a BIC (Bé d'Interès Cultural)","ruins":"yes","wikidata":"Q8342667","wikimedia_commons":"Category:Castell del Rei","wikipedia":"es:Castillo del Rey (Pollensa)"}},
{"type":"Feature","id":"a162703608","geometry":{"type":"MultiPolygon","coordinates":[[[[3.2702638,39.4592647],[3.2704762,39.4592204],[3.2705575,39.4595135],[3.2703527,39.4595474],[3.2702638,39.4592647]]]]},"properties":{"leisure":"pitch","name":"pista 2","name:ca":"pista 2","sport":"tennis","tourism":"attraction"}},
{"type":"Feature","id":"a162703610","geometry":{"type":"MultiPolygon","coordinates":[[[[3.2702116,39.4591156],[3.2705969,39.4590353],[3.2706491,39.4591843],[3.2704762,39.4592204],[3.2702638,39.4592647],[3.2702116,39.4591156]]]]},"properties":{"leisure":"pitch","name":"pista 1","name:ca":"pista 1","sport":"tennis","tourism":"attraction"}},
{"type":"Feature","id":"a162875542","geometry":{"type":"MultiPolygon","coordinates":[[[[2.8288556,39.7769923],[2.8288902,39.7769301],[2.8290188,39.7769723],[2.8289842,39.7770345],[2.8288556,39.7769923]]]]},"properties":{"building":"yes","historic":"yes","name":"ses Cases Velles des Tossals"}},
{"type":"Feature","id":"a164855612","geometry":{"type":"MultiPolygon","coordinates":[[[[3.3960803,39.5798854],[3.3961655,39.5798378],[3.3962313,39.5799078],[3.3961462,39.5799554],[3.3961219,39.5799292],[3.3960803,39.5798854]]]]},"properties":{"building":"yes","fee":"no","historic":"castle","name":"Castell de la Punta de n'Amer","name:ca":"Castell de la Punta de n'Amer","tourism":"viewpoint","wheelchair":"limited","wikidata":"Q1048680","wikimedia_commons":"Category:Es Castell de Sa Punta de n'Amer","wikipedia":"ca:Castell de la Punta de n'Amer"}},
{"type":"Feature","id":"a167273478","geometry":{"type":"MultiPolygon","coordinates":[[[[3.1086686,39.6489267],[3.1088422,39.6488344],[3.1088847,39.6488118],[3.1088953,39.6488237],[3.1089645,39.6487869],[3.1090082,39.6488356],[3.1088196,39.6489359],[3.1087982,39.6489121],[3.1087569,39.648934],[3.1088043,39.6489857],[3.1087488,39.6490154],[3.1086686,39.6489267]]]]},"properties":{"building":"yes","denomination":"catholic","historic":"yes","name":"Rectoria","name:ca":"Rectoria","religion":"christian"}},
{"type":"Feature","id":"a169605878","geometry":{"type":"MultiPolygon","coordinates":[[[[2.9532892,39.3625114],[2.9532928,39.3625029],[2.9532997,39.3624957],[2.9533092,39.3624905],[2.9533203,39.3624879],[2.9533319,39.3624882],[2.9533428,39.3624912],[2.9533519,39.3624968],[2.9533582,39.3625043],[2.9533613,39.3625129],[2.9533604,39.3625225],[2.9533555,39.3625313],[2.953347,39.3625383],[2.9533359,39.3625427],[2.9533236,39.3625439],[2.9533115,39.3625419],[2.953301,39.3625369],[2.9532932,39.3625294],[2.9532892,39.3625203],[2.9532892,39.3625114]]]]},"properties":{"building":"yes","historic":"yes","man_made":"tower","material":"sandstone","name":"Torre de Son Durí","tower:construction":"freestanding","tower:type":"defensive","wikidata":"Q890748","wikimedia_commons":"Category:Torre de Son Durí","wikipedia":"es:Torre de Son Durí"}},
{"type":"Feature","id":"a172518368","geometry":{"type":"MultiPolygon","coordinates":[[[[3.0228359,39.5179517],[3.022871,39.5178527],[3.0229802,39.5178741],[3.0230356,39.5178825],[3.023031,39.5178959],[3.0230138,39.5179466],[3.0230638,39.5179559],[3.0230479,39.5180021],[3.0228359,39.5179517]]]]},"properties":{"building":"yes","name":"Museu de Porreres","tourism":"museum"}},
{"type":"Feature","id":"a174632378","geometry":{"type":"MultiPolygon","coordinates":[[[[2.6921472,39.5496151],[2.6926839,39.5493283],[2.6935954,39.5488539],[2.6935826,39.548774],[2.6936392,39.5487566],[2.693684,39.5487687],[2.6936841,39.5488532],[2.6946769,39.5493738],[2.6946721,39.5494058],[2.6937146,39.5498789],[2.6937594,39.5499301],[2.6937351,39.5499635],[2.6936873,39.5499764],[2.6936275,39.5499167],[2.6928777,39.5503389],[2.6928515,39.5503371],[2.6925848,39.5499988],[2.6926193,39.5499817],[2.6925915,39.5499497],[2.6925454,39.5498933],[2.6924362,39.5499475],[2.6923929,39.549933],[2.6923768,39.5499029],[2.6924289,39.5498665],[2.6921489,39.5496361],[2.6921472,39.5496151]]]]},"properties":{"area":"yes","barrier":"city_wall","historic":"yes","operator":"Ajuntament de Palma"}},
{"type":"Feature","id":"a175975094","geometry":{"type":"MultiPolygon","coordinates":[[[[2.6189558,39.5832441],[2.6193643,39.5829518],[2.619598,39.5831458],[2.6191895,39.5834381],[2.6189558,39.5832441]]]]},"properties":{"addr:city":"Palma","addr:housenumber":"29","addr:street":"Camí de Son Rapinya","amenity":"theatre","building":"yes","name":"Trui Teatre","operator":"Trui","source":"ideib WMS"}},
{"type":"Feature","id":"a176728442","geometry":{"type":"MultiPolygon","coordinates":[[[[2.6491613,39.584967],[2.6492005,39.5848462],[2.6493667,39.5848783],[2.6494956,39.584903],[2.6496639,39.5849356],[2.6496529,39.5849693],[2.6496348,39.5850252],[2.6496246,39.5850565],[2.6494578,39.5850243],[2.6493313,39.5849999],[2.6491613,39.584967]]]]},"properties":{"amenity":"cinema","building":"yes","name":"Cineciutat","website":"https://cineciutat.org/"}},
{"type":"Feature","id":"a183747594","geometry":{"type":"MultiPolygon","coordinates":[[[[3.1484832,39.4690409],[3.1485094,39.4690036],[3.1484968,39.4689795],[3.1486519,39.4687231],[3.1486815,39.4687209],[3.1489437,39.4688383],[3.1489543,39.4688623],[3.1487387,39.4690933],[3.1487142,39.4690967],[3.1486833,39.4691379],[3.1484832,39.4690409]]]]},"properties":{"addr:city":"Felanitx","addr:postcode":"07200","addr:street":"Plaza de La Constitución","amenity":"marketplace","building":"yes","name":"Mercat Municipal","name:ca":"Mercat Municipal","source":"ideib WMS","wikidata":"Q111941048","wikimedia_commons":"Category:Mercat de Felanitx"}},
{"type":"Feature","id":"a193463818","geometry":{"type":"MultiPolygon","coordinates":[[[[3.3497538,39.7806559],[3.3497555,39.780649],[3.34976,39.7806432],[3.3497671,39.7806387],[3.3497802,39.780636],[3.3497892,39.7806372],[3.3497988,39.7806419],[3.3498041,39.7806476],[3.3498065,39.7806549],[3.3498056,39.7806619],[3.349803,39.7806666],[3.3497971,39.780672],[3.3497905,39.780675],[3.3497816,39.7806766],[3.3497725,39.7806758],[3.3497643,39.7806726],[3.3497559,39.7806644],[3.3497538,39.7806559]]]]},"properties":{"building":"yes","historic":"yes","man_made":"tower","name":"Torre de sa Talaia d'en Morey","note":"Signal tower","tourism":"attraction","tower:type":"defensive"}},
{"type":"Feature","id":"a193470352","geometry":{"type":"MultiPolygon","coordinates":[[[[3.307499,39.7380357],[3.3076115,39.7380282],[3.3076149,39.7380583],[3.3075821,39.7380604],[3.3075836,39.7380734],[3.3075038,39.7380787],[3.307499,39.7380357]]]]},"properties":{"building":"ruins","historic":"yes","name":"s'Observatori","ruins":"yes"}},
{"type":"Feature","id":"a193470354","geometry":{"type":"MultiPolygon","coordinates":[[[[3.3110341,39.7371966],[3.3110768,39.7371554],[3.3110743,39.7371413],[3.311112,39.7371081],[3.3110978,39.737089],[3.3111865,39.7370079],[3.3112785,39.7370722],[3.3113412,39.7371161],[3.3113836,39.7370948],[3.3116156,39.7373691],[3.3115331,39.7374103],[3.3114626,39.7373659],[3.3114264,39.7373777],[3.3113367,39.737302],[3.3112903,39.7373354],[3.3112064,39.7372519],[3.311172,39.7372878],[3.3110341,39.7371966]]]]},"properties":{"wheelchair":"no"}},
{"type":"Feature","id":"a193524004","geometry":{"type":"MultiPolygon","coordinates":[[[[3.4033806,39.7632609],[3.4033843,39.7632472],[3.4033935,39.7632352],[3.4034074,39.7632261],[3.4034244,39.763221],[3.4034426,39.7632205],[3.40346,39.7632246],[3.4034747,39.7632328],[3.4034852,39.7632442],[3.4034901,39.7632575],[3.4034892,39.7632714],[3.4034826,39.7632842],[3.4034709,39.7632947],[3.4034554,39.7633018],[3.4034377,39.7633046],[3.4034199,39.7633028],[3.4034037,39.7632968],[3.4033909,39.763287],[3.403383,39.7632746],[3.4033806,39.7632609]]]]},"properties":{"alt_name":"Torre des Matzoc, Torre d’Aubarca","building":"yes","historic":"yes","man_made":"tower","name":"Torre d'Albarca","name:ca":"Torre d'Albarca","note":"Defense tower","seamark:landmark:category":"tower","seamark:type":"landmark","tourism":"viewpoint","tower:type":"defensive","wikidata":"Q2444582","wikimedia_commons":"Category:Torre des Matzoc","wikipedia":"de:Torre des Matzoc"}},
{"type":"Feature","id":"a193712246","geometry":{"type":"MultiPolygon","coordinates":[[[[3.118128,39.8520096],[3.1181486,39.8519961],[3.1181292,39.8519685],[3.1182529,39.8518471],[3.118748,39.8521092],[3.1187291,39.8521453],[3.1185312,39.8522175],[3.1183381,39.8522889],[3.1183138,39.852249],[3.1182101,39.8522695],[3.1182113,39.8520794],[3.118171,39.8520954],[3.118128,39.8520096]]]]},"properties":{"amenity":"theatre","building":"yes","name":"Auditori d'Alcúdia","name:ca":"Auditori d'Alcúdia","name:es":"Auditorio de Alcudia","source":"ideib WMS","toilets:wheelchair":"yes","website":"https://www.auditorialcudia.net/","wheelchair":"yes"}},
{"type":"Feature","id":"a193722830","geometry":{"type":"MultiPolygon","coordinates":[[[[3.1332321,39.8675121],[3.1333761,39.8673807],[3.1334699,39.8674412],[3.1333259,39.8675726],[3.133299,39.8675553],[3.1332321,39.8675121]]]]},"properties":{"building":"yes","historic":"castle","name":"Castell de Manresa","name:ca":"Castell de Manresa"}},
{"type":"Feature","id":"a193866380","geometry":{"type":"MultiPolygon","coordinates":[[[[2.8375723,39.8470357],[2.8376145,39.8470065],[2.8376827,39.8470647],[2.8379493,39.8468806],[2.8380346,39.8469533],[2.8377257,39.8471666],[2.8375723,39.8470357]]]]},"properties":{"building":"yes","name":"Quarter des Carabiners","tourism":"attraction"}},
{"type":"Feature","id":"a195134890","geometry":{"type":"MultiPolygon","coordinates":[[[[3.1709148,39.8736953],[3.1711596,39.8736366],[3.1712022,39.8737414],[3.1709574,39.8738],[3.1709148,39.8736953]]]]},"properties":{"amenity":"place_of_worship","building":"yes","denomination":"catholic","name":"Ermita de la Victòria","name:ca":"Ermita de la Victòria","religion":"christian","source":"ideib WMS","tourism":"attraction","wikidata":"Q17619071","wikimedia_commons":"Category:Ermita de la Victoria","wikipedia":"ca:Mare de Déu de la Victòria"}},
{"type":"Feature","id":"a195889790","geometry":{"type":"MultiPolygon","coordinates":[[[[2.7932151,39.7326138],[2.7933322,39.7325414],[2.7933443,39.7325531],[2.7934216,39.7326189],[2.79337,39.7326555],[2.79335,39.7326373],[2.7932891,39.7326736],[2.793274,39.7326606],[2.7932668,39.7326552],[2.7932151,39.7326138]]]]},"properties":{"building":"church","denomination":"catholic","historic":"yes","name":"Mare de Déu del Refugi","religion":"christian","source":"PNOA Spain","wheelchair":"no"}},
{"type":"Feature","id":"a195897680","geometry":{"type":"MultiPolygon","coordinates":[[[[2.7913847,39.7337911],[2.7914625,39.7337873],[2.7914644,39.7338085],[2.7914673,39.733851],[2.7913899,39.7338547],[2.7913875,39.7338252],[2.7913862,39.7338095],[2.7913847,39.7337911]]]]},"properties":{"alt_name":"es Constiipador","building":"yes","heritage":"yes","historic":"yes","man_made":"tower","name":"Torre de l'Homenatge (\"Es Costipador\")","ruins":"yes","tower:type":"defensive","wheelchair":"no"}},
{"type":"Feature","id":"a197154806","geometry":{"type":"MultiPolygon","coordinates":[[[[2.6174355,39.7389616],[2.6176012,39.7389611],[2.6176024,39.7392219],[2.6174368,39.7392224],[2.6174355,39.7389616]]]]},"properties":{"building":"monastery","charge":"4 EUR","fee":"yes","opening_hours":"Mo-Sa 10:00-17:45","tourism":"attraction","website":"http://www.monestirdemiramar.es/"}},
{"type":"Feature","id":"a197519006","geometry":{"type":"MultiPolygon","coordinates":[[[[3.3370523,39.533309],[3.3370531,39.533299],[3.337058,39.5332896],[3.3370666,39.5332821],[3.337078,39.533277],[3.3370908,39.5332752],[3.3371038,39.5332766],[3.3371154,39.5332812],[3.3371245,39.5332884],[3.33713,39.5332975],[3.3371314,39.5333075],[3.3371285,39.5333174],[3.3371216,39.533326],[3.3371115,39.5333323],[3.3370993,39.5333359],[3.3370862,39.5333361],[3.3370737,39.5333331],[3.3370632,39.5333271],[3.3370558,39.5333187],[3.3370523,39.533309]]]]},"properties":{"building":"yes","historic":"yes","man_made":"tower","tower:type":"defensive","wikidata":"Q11952331","wikimedia_commons":"Category:Torre del Serral dels Falcons","wikipedia":"ca:Torre del Serral dels Falcons"}},
{"type":"Feature","id":"a198167834","geometry":{"type":"MultiPolygon","coordinates":[[[[3.2093701,39.5679121],[3.2094365,39.5678069],[3.2095941,39.567866],[3.2095276,39.5679712],[3.2093701,39.5679121]]]]},"properties":{"amenity":"marketplace","building":"yes"}},
{"type":"Feature","id":"a198167900","geometry":{"type":"MultiPolygon","coordinates":[[[[3.2096087,39.5679978],[3.2096752,39.5678926],[3.2098327,39.5679516],[3.2097662,39.5680569],[3.2096087,39.5679978]]]]},"properties":{"amenity":"marketplace","building":"yes","name":"sa plaça"}},
{"type":"Feature","id":"a199389868","geometry":{"type":"MultiPolygon","coordinates":[[[[3.1469813,39.8355675],[3.1469818,39.8355469],[3.1469908,39.8355274],[3.1470074,39.8355112],[3.1470298,39.8354999],[3.1470558,39.8354946],[3.1470825,39.8354959],[3.1471074,39.8355036],[3.1471278,39.835517],[3.1471421,39.8355357],[3.1471474,39.835557],[3.1471433,39.8355784],[3.1471301,39.8355975],[3.1471093,39.8356122],[3.1470834,39.8356207],[3.1470553,39.8356221],[3.1470282,39.8356163],[3.1470051,39.8356038],[3.1469894,39.8355871],[3.1469813,39.8355675]]]]},"properties":{"building":"yes","historic":"yes","name":"Torre Major","name:ca":"Torre Major","wikidata":"Q9088832","wikimedia_commons":"Category:Torre Major (Alcúdia)","wikipedia":"ca:Torre Major d'Alcúdia"}},
{"type":"Feature","id":"a199987216","geometry":{"type":"MultiPolygon","coordinates":[[[[3.1259858,39.8472718],[3.1261392,39.8472236],[3.1266135,39.8472157],[3.1266051,39.8473437],[3.1265816,39.8474253],[3.1265212,39.8474956],[3.1264085,39.8476109],[3.1262266,39.8475296],[3.1259858,39.8472718]]]]},"properties":{"name":"Teatre Romà","name:ca":"Teatre Romà","name:es":"teatro romano","opening_hours":"Apr-Sep: Mo-Fr 09:30-20:30; Apr-Sep: Sa,Su 09:30-14:30; Oct-Mar: Mo-Fr 09:30-15:30","tourism":"attraction","wheelchair":"limited","wikidata":"Q9082219","wikimedia_commons":"Category:Ancient Roman theater (Pollentia)","wikipedia":"ca:Teatre romà d'Alcúdia"}},
{"type":"Feature","id":"a202014084","geometry":{"type":"MultiPolygon","coordinates":[[[[2.7141531,39.7672775],[2.7141907,39.7672759],[2.7141912,39.7672159],[2.7142795,39.767214],[2.7142837,39.7672747],[2.714316,39.7672765],[2.7143176,39.7672924],[2.714322,39.7673366],[2.7145312,39.767335],[2.7145283,39.7673031],[2.7146074,39.7673046],[2.7146222,39.7673102],[2.7146228,39.767336],[2.7146677,39.7673359],[2.7147023,39.7673698],[2.7146996,39.7674077],[2.7146869,39.767445],[2.7146592,39.7674584],[2.7145774,39.7674586],[2.7141538,39.7674594],[2.7141531,39.7672775]]]]},"properties":{"amenity":"marketplace","building":"yes","name":"Mercat municipal","name:ca":"Mercat municipal"}},
{"type":"Feature","id":"a209685528","geometry":{"type":"MultiPolygon","coordinates":[[[[2.6462493,39.5723536],[2.6463151,39.5722508],[2.6463395,39.5722108],[2.6465402,39.5722794],[2.6464711,39.5723747],[2.6465228,39.5723861],[2.6465442,39.572356],[2.6465805,39.5723382],[2.6466084,39.5723392],[2.6466146,39.5723268],[2.646743,39.572373],[2.6466366,39.5725053],[2.6464316,39.5724175],[2.6462493,39.5723536]]]]},"properties":{"addr:city":"Palma de Mallorca","addr:housenumber":"12","addr:postcode":"07012","addr:street":"Carrer de la Concepció","amenity":"arts_centre","building":"yes","contact:email":"fundacio@sanostra.es","contact:phone":"+34 971 725 210","contact:website":"http://www.obrasocialsanostra.com/conoce/centro/id/1/","name":"Centre Cultural Sa Nostra","operator":"Sa Nostra, Caixa de Balears","source":"survey","wikidata":"Q106192257"}},
{"type":"Feature","id":"a213036888","geometry":{"type":"MultiPolygon","coordinates":[[[[2.5943569,39.5660385],[2.5944907,39.5660316],[2.5944997,39.5661354],[2.5943659,39.5661423],[2.5943569,39.5660385]]]]},"properties":{"building":"yes","historic":"monument","name":"Monument a la Verge de la Pau"}},
{"type":"Feature","id":"a217882642","geometry":{"type":"MultiPolygon","coordinates":[[[[2.6272916,39.5731248],[2.627295,39.5731076],[2.6272986,39.5730957],[2.6273102,39.5730804],[2.6273185,39.5730727],[2.6273338,39.573063],[2.6273559,39.5730541],[2.6273877,39.5730498],[2.6273898,39.5730273],[2.6279709,39.5730846],[2.6279786,39.5730286],[2.6279747,39.573028],[2.6279672,39.5730251],[2.6279596,39.5730209],[2.6279538,39.5730151],[2.6279483,39.5730083],[2.6279444,39.5730006],[2.6279431,39.5729935],[2.6279431,39.5729858],[2.6279451,39.5729794],[2.6279476,39.5729745],[2.6279496,39.5729709],[2.6279552,39.5729651],[2.6279637,39.5729592],[2.6279713,39.5729555],[2.6279825,39.5729527],[2.6279912,39.5729519],[2.6279974,39.5729099],[2.628062,39.5729166],[2.6280385,39.5730603],[2.6282188,39.5730712],[2.6282048,39.5731887],[2.6280534,39.5732918],[2.627921,39.5732778],[2.6279037,39.5733285],[2.6278849,39.5733684],[2.6278692,39.573395],[2.6278176,39.5734356],[2.6277398,39.5734885],[2.6277096,39.5734947],[2.6276702,39.5734996],[2.6276612,39.5735538],[2.6275518,39.5735431],[2.6275605,39.5734816],[2.6275431,39.5734788],[2.6275196,39.5734742],[2.6274789,39.5734539],[2.6274402,39.5734242],[2.6274121,39.5733927],[2.6273906,39.5733548],[2.6273807,39.5733267],[2.6273764,39.5732997],[2.6273772,39.5732509],[2.6273803,39.5732241],[2.6273588,39.5732222],[2.6273634,39.5731929],[2.6273505,39.5731909],[2.6273288,39.5731814],[2.6273088,39.5731647],[2.6272965,39.5731457],[2.6272916,39.5731248]]]]},"properties":{"building":"yes","castle_type":"fortress","historic":"castle","name":"Poble Espanol","source":"ideib WMS;cadastre"}},
{"type":"Feature","id":"a217882650","geometry":{"type":"MultiPolygon","coordinates":[[[[2.6268589,39.5728138],[2.6268859,39.5727779],[2.6269397,39.5727572],[2.6273879,39.5727911],[2.6280492,39.572861],[2.6283088,39.572895],[2.6284018,39.5729346],[2.6284386,39.5729912],[2.6284018,39.5730535],[2.6282048,39.5731887],[2.6281128,39.5732518],[2.6280534,39.5732918],[2.6276612,39.5735538],[2.6276328,39.5735746],[2.6275692,39.5735629],[2.6275518,39.5735431],[2.6273953,39.5733896],[2.626903,39.5728572],[2.6268589,39.5728138]]]]},"properties":{"area":"yes","barrier":"wall"}},
{"type":"Feature","id":"a3092655","geometry":{"type":"MultiPolygon","coordinates":[[[[2.6263226,39.5721266],[2.6263249,39.5721176],[2.6263304,39.5721096],[2.6263382,39.5721034],[2.6263479,39.5720991],[2.6263587,39.5720969],[2.6263723,39.5720975],[2.6263849,39.5721015],[2.6264034,39.5720866],[2.6264529,39.5720466],[2.6264401,39.5720374],[2.6264824,39.5720027],[2.6264931,39.5720104],[2.6265151,39.5719874],[2.6265459,39.571955],[2.6265347,39.5719483],[2.6265577,39.5719308],[2.6265734,39.5719428],[2.6266679,39.5719136],[2.626664,39.5718962],[2.6267045,39.5718908],[2.6267084,39.571908],[2.6268437,39.5719241],[2.6268608,39.5718928],[2.6269026,39.5719064],[2.6268972,39.5719164],[2.6270194,39.5719741],[2.6270493,39.5719993],[2.6270623,39.5719877],[2.6271026,39.5720147],[2.6270677,39.5720458],[2.6270253,39.5720842],[2.6270759,39.5721269],[2.6271067,39.572107],[2.6271033,39.5720985],[2.6271035,39.5720896],[2.6271059,39.5720834],[2.6271102,39.5720777],[2.627116,39.572073],[2.6271262,39.5720684],[2.6271378,39.5720666],[2.6271495,39.5720677],[2.6271587,39.572071],[2.6271664,39.5720761],[2.627172,39.5720826],[2.627175,39.5720903],[2.6271751,39.5720982],[2.6271722,39.5721059],[2.6271667,39.5721127],[2.6271577,39.5721185],[2.6271468,39.5721218],[2.6271498,39.5721368],[2.6271949,39.572134],[2.6272868,39.5721749],[2.6272931,39.572168],[2.6273363,39.5721802],[2.6273318,39.5721935],[2.6273616,39.5721951],[2.6274976,39.5722025],[2.627497,39.5721952],[2.6275516,39.5721945],[2.6275531,39.572212],[2.6276794,39.5722022],[2.6276742,39.5721743],[2.6277783,39.5721628],[2.6277858,39.5722032],[2.6279338,39.5721817],[2.6280579,39.5722851],[2.6280816,39.5723048],[2.6281609,39.5723707],[2.6282121,39.5724126],[2.6282388,39.5724128],[2.6282658,39.5724337],[2.6282653,39.5724617],[2.6282438,39.5724786],[2.6282066,39.5724769],[2.6281418,39.5725214],[2.6281642,39.5725423],[2.6281273,39.5725658],[2.6281156,39.5725548],[2.6280576,39.5726319],[2.6280668,39.5726689],[2.6280708,39.5726786],[2.6280704,39.5726889],[2.6280657,39.5726984],[2.628057,39.5727063],[2.6280455,39.5727116],[2.6280323,39.5727136],[2.6280193,39.5727121],[2.6280075,39.5727075],[2.6279969,39.5726996],[2.6279651,39.5727084],[2.6279343,39.5727168],[2.6279415,39.5727261],[2.6279442,39.5727368],[2.6279422,39.5727475],[2.6279358,39.572757],[2.6279257,39.5727643],[2.6279179,39.5727674],[2.6279094,39.5727692],[2.6278989,39.5727695],[2.6278886,39.5727677],[2.627878,39.5727633],[2.6278694,39.5727568],[2.6278644,39.5727501],[2.6278617,39.5727426],[2.6277324,39.5727332],[2.627723,39.5727323],[2.6277218,39.5727401],[2.6277169,39.5727464],[2.6277096,39.572751],[2.6277006,39.5727534],[2.6276911,39.5727533],[2.6276827,39.5727509],[2.6276758,39.5727465],[2.627671,39.5727407],[2.6276689,39.572734],[2.62767,39.572727],[2.6276623,39.5727262],[2.6276359,39.5727237],[2.6276333,39.5727389],[2.6275697,39.5727324],[2.6275728,39.5727145],[2.627443,39.5727006],[2.6274243,39.5726986],[2.6274218,39.5727142],[2.6273605,39.5727085],[2.6273637,39.572692],[2.6271958,39.5726775],[2.6271949,39.5726884],[2.6271544,39.5726864],[2.6271559,39.5726689],[2.6269831,39.5726508],[2.6269815,39.5726624],[2.6269409,39.5726592],[2.6269426,39.5726467],[2.6268635,39.572641],[2.6268629,39.5726498],[2.6268224,39.572648],[2.6268231,39.5726386],[2.6267389,39.5726286],[2.6267177,39.5726414],[2.6267006,39.5726246],[2.6267037,39.5726063],[2.6266524,39.5725459],[2.6266354,39.572555],[2.6266038,39.5725199],[2.6266152,39.5725138],[2.6265894,39.5724851],[2.6265777,39.5724914],[2.6265502,39.5724608],[2.6265645,39.5724531],[2.6264856,39.5723694],[2.6264748,39.5723761],[2.6264475,39.5723501],[2.6264591,39.5723428],[2.6263867,39.5722641],[2.6263755,39.5722685],[2.6263548,39.5722388],[2.6263663,39.5722338],[2.6263484,39.5721574],[2.6263372,39.5721523],[2.6263287,39.5721448],[2.6263237,39.5721356],[2.6263226,39.5721266]]],[[[2.6268589,39.5728138],[2.6268859,39.5727779],[2.6269397,39.5727572],[2.6273879,39.5727911],[2.6280492,39.572861],[2.6283088,39.572895],[2.6284018,39.5729346],[2.6284386,39.5729912],[2.6284018,39.5730535],[2.6282048,39.5731887],[2.6281128,39.5732518],[2.6280534,39.5732918],[2.6276612,39.5735538],[2.6276328,39.5735746],[2.6275692,39.5735629],[2.6275518,39.5735431],[2.6273953,39.5733896],[2.626903,39.5728572],[2.6268589,39.5728138]]]]},"properties":{"date":"1967","name":"Poble Espanyol","name:ca":"Poble Espanyol","name:es":"Pueblo Español","tourism":"attraction","wikidata":"Q9064319","wikipedia":"es:Pueblo Español de Palma de Mallorca"}},
{"type":"Feature","id":"a217882680","geometry":{"type":"MultiPolygon","coordinates":[[[[2.6263226,39.5721266],[2.6263249,39.5721176],[2.6263304,39.5721096],[2.6263382,39.5721034],[2.6263479,39.5720991],[2.6263587,39.5720969],[2.6263723,39.5720975],[2.6263849,39.5721015],[2.6264034,39.5720866],[2.6264529,39.5720466],[2.6264401,39.5720374],[2.6264824,39.5720027],[2.6264931,39.5720104],[2.6265151,39.5719874],[2.6265459,39.571955],[2.6265347,39.5719483],[2.6265577,39.5719308],[2.6265734,39.5719428],[2.6266679,39.5719136],[2.626664,39.5718962],[2.6267045,39.5718908],[2.6267084,39.571908],[2.6268437,39.5719241],[2.6268608,39.5718928],[2.6269026,39.5719064],[2.6268972,39.5719164],[2.6270194,39.5719741],[2.6270493,39.5719993],[2.6270623,39.5719877],[2.6271026,39.5720147],[2.6270677,39.5720458],[2.6270253,39.5720842],[2.6270759,39.5721269],[2.6271067,39.572107],[2.6271033,39.5720985],[2.6271035,39.5720896],[2.6271059,39.5720834],[2.6271102,39.5720777],[2.627116,39.572073],[2.6271262,39.5720684],[2.6271378,39.5720666],[2.6271495,39.5720677],[2.6271587,39.572071],[2.6271664,39.5720761],[2.627172,39.5720826],[2.627175,39.5720903],[2.6271751,39.5720982],[2.6271722,39.5721059],[2.6271667,39.5721127],[2.6271577,39.5721185],[2.6271468,39.5721218],[2.6271498,39.5721368],[2.6271949,39.572134],[2.6272868,39.5721749],[2.6272931,39.572168],[2.6273363,39.5721802],[2.6273318,39.5721935],[2.6273616,39.5721951],[2.6274976,39.5722025],[2.627497,39.5721952],[2.6275516,39.5721945],[2.6275531,39.572212],[2.6276794,39.5722022],[2.6276742,39.5721743],[2.6277783,39.5721628],[2.6277858,39.5722032],[2.6279338,39.5721817],[2.6280579,39.5722851],[2.6280816,39.5723048],[2.6281609,39.5723707],[2.6282121,39.5724126],[2.6282388,39.5724128],[2.6282658,39.5724337],[2.6282653,39.5724617],[2.6282438,39.5724786],[2.6282066,39.5724769],[2.6281418,39.5725214],[2.6281642,39.5725423],[2.6281273,39.5725658],[2.6281156,39.5725548],[2.6280576,39.5726319],[2.6280668,39.5726689],[2.6280708,39.5726786],[2.6280704,39.5726889],[2.6280657,39.5726984],[2.628057,39.5727063],[2.6280455,39.5727116],[2.6280323,39.5727136],[2.6280193,39.5727121],[2.6280075,39.5727075],[2.6279969,39.5726996],[2.6279651,39.5727084],[2.6279343,39.5727168],[2.6279415,39.5727261],[2.6279442,39.5727368],[2.6279422,39.5727475],[2.6279358,39.572757],[2.6279257,39.5727643],[2.6279179,39.5727674],[2.6279094,39.5727692],[2.6278989,39.5727695],[2.6278886,39.5727677],[2.627878,39.5727633],[2.6278694,39.5727568],[2.6278644,39.5727501],[2.6278617,39.5727426],[2.6277324,39.5727332],[2.627723,39.5727323],[2.6277218,39.5727401],[2.6277169,39.5727464],[2.6277096,39.572751],[2.6277006,39.5727534],[2.6276911,39.5727533],[2.6276827,39.5727509],[2.6276758,39.5727465],[2.627671,39.5727407],[2.6276689,39.572734],[2.62767,39.572727],[2.6276623,39.5727262],[2.6276359,39.5727237],[2.6276333,39.5727389],[2.6275697,39.5727324],[2.6275728,39.5727145],[2.627443,39.5727006],[2.6274243,39.5726986],[2.6274218,39.5727142],[2.6273605,39.5727085],[2.6273637,39.572692],[2.6271958,39.5726775],[2.6271949,39.5726884],[2.6271544,39.5726864],[2.6271559,39.5726689],[2.6269831,39.5726508],[2.6269815,39.5726624],[2.6269409,39.5726592],[2.6269426,39.5726467],[2.6268635,39.572641],[2.6268629,39.5726498],[2.6268224,39.572648],[2.6268231,39.5726386],[2.6267389,39.5726286],[2.6267177,39.5726414],[2.6267006,39.5726246],[2.6267037,39.5726063],[2.6266524,39.5725459],[2.6266354,39.572555],[2.6266038,39.5725199],[2.6266152,39.5725138],[2.6265894,39.5724851],[2.6265777,39.5724914],[2.6265502,39.5724608],[2.6265645,39.5724531],[2.6264856,39.5723694],[2.6264748,39.5723761],[2.6264475,39.5723501],[2.6264591,39.5723428],[2.6263867,39.5722641],[2.6263755,39.5722685],[2.6263548,39.5722388],[2.6263663,39.5722338],[2.6263484,39.5721574],[2.6263372,39.5721523],[2.6263287,39.5721448],[2.6263237,39.5721356],[2.6263226,39.5721266]]]]},"properties":{"barrier":"wall"}},
{"type":"Feature","id":"a226328430","geometry":{"type":"MultiPolygon","coordinates":[[[[2.6498575,39.5735969],[2.6499819,39.5734529],[2.650511,39.5735761],[2.6504716,39.573736],[2.6498575,39.5735969]]]]},"properties":{"access":"private","landuse":"orchard","trees":"olive_trees"}},
{"type":"Feature","id":"a3170495","geometry":{"type":"MultiPolygon","coordinates":[[[[2.6497537,39.5736049],[2.650104,39.5732249],[2.6502743,39.5732542],[2.6503056,39.5731251],[2.6506521,39.5731578],[2.6506477,39.5732551],[2.6506482,39.5732865],[2.6505094,39.5737581],[2.6505048,39.573776],[2.6497537,39.5736049]],[[2.6498575,39.5735969],[2.6504716,39.573736],[2.650511,39.5735761],[2.6499819,39.5734529],[2.6498575,39.5735969]],[[2.6503533,39.5733986],[2.6505151,39.5734306],[2.6505525,39.5732818],[2.6503989,39.5732562],[2.6503533,39.5733986]]]]},"properties":{"amenity":"place_of_worship","building":"yes","denomination":"catholic","heritage":"3","heritage:operator":"Consell de Mallorca","historic":"monastery","name":"Santa Teresa","name:ca":"Convent de Santa Teresa","religion":"christian","wikidata":"Q11915460","wikipedia":"ca:Convent de Santa Teresa (Palma)"}},
{"type":"Feature","id":"a226328436","geometry":{"type":"MultiPolygon","coordinates":[[[[2.6503533,39.5733986],[2.6503989,39.5732562],[2.6505525,39.5732818],[2.6505151,39.5734306],[2.6503533,39.5733986]]]]},"properties":{"access":"private","leisure":"garden"}},
{"type":"Feature","id":"a233906588","geometry":{"type":"MultiPolygon","coordinates":[[[[2.6461704,39.5750133],[2.6467313,39.5747494],[2.6468496,39.5748961],[2.6465362,39.5750665],[2.6461704,39.5750133]]]]},"properties":{"access":"designated","area":"yes","highway":"pedestrian","name":"pati de les dones","name:ca":"pati de les dones","note:ca":"Pati interior de la Misericòrdia. Accés restringit"}},
{"type":"Feature","id":"a3236347","geometry":{"type":"MultiPolygon","coordinates":[[[[2.6459181,39.5750438],[2.6459284,39.5750079],[2.6464222,39.5747735],[2.6467643,39.574605],[2.647133,39.5742998],[2.6472574,39.5741992],[2.6477829,39.5745907],[2.6477755,39.574651],[2.6467539,39.5751615],[2.6459181,39.5750438]],[[2.6461704,39.5750133],[2.6465362,39.5750665],[2.6468496,39.5748961],[2.6467313,39.5747494],[2.6461704,39.5750133]],[[2.6468281,39.5746555],[2.6469668,39.5748074],[2.6475277,39.5745229],[2.6472449,39.5743122],[2.6468281,39.5746555]]]]},"properties":{"amenity":"arts_centre","building":"public","heritage":"3","name":"La Misericòrdia","name:ca":"La Misericòrdia","name:es":"La Misericordia","operator":"Consell de Mallorca","wikidata":"Q17594150","wikipedia":"ca:Casa de Misericòrdia"}},
{"type":"Feature","id":"a233906590","geometry":{"type":"MultiPolygon","coordinates":[[[[2.6468281,39.5746555],[2.6472449,39.5743122],[2.6475277,39.5745229],[2.6469668,39.5748074],[2.6468281,39.5746555]]]]},"properties":{"access":"yes","area":"yes","highway":"pedestrian","name":"Pati dels homes","name:ca":"Pati dels homes","note:ca":"Pati interior de la Misericòrdia"}},
{"type":"Feature","id":"a241483030","geometry":{"type":"MultiPolygon","coordinates":[[[[3.3668426,39.5804435],[3.3668541,39.5804087],[3.3668803,39.5803789],[3.366918,39.5803579],[3.3669629,39.580348],[3.3670094,39.5803504],[3.367052,39.5803649],[3.3670831,39.5803871],[3.3671037,39.5804157],[3.3671118,39.5804477],[3.3671066,39.5804801],[3.3670886,39.5805097],[3.3670596,39.5805335],[3.3670224,39.5805492],[3.3669808,39.5805552],[3.3669388,39.580551],[3.3669005,39.5805369],[3.3668673,39.5805117],[3.3668472,39.5804793],[3.3668426,39.5804435]]]]},"properties":{"historic":"archaeological_site","name":"Talaiot de na Pol","name:ca":"Talaiot de na Pol"}},
{"type":"Feature","id":"a241483032","geometry":{"type":"MultiPolygon","coordinates":[[[[3.3716706,39.5688763],[3.3717472,39.568739],[3.3717641,39.5685967],[3.371895,39.5684132],[3.3719939,39.568337],[3.372231,39.5681749],[3.372554,39.5679957],[3.372795,39.5683088],[3.3726678,39.5683916],[3.3726577,39.5685435],[3.3726627,39.5687888],[3.3726147,39.5688628],[3.3725188,39.5689173],[3.3724346,39.5689331],[3.3724152,39.5689367],[3.3723452,39.5689215],[3.3723344,39.5689192],[3.3722951,39.5688977],[3.3722353,39.5688649],[3.3722207,39.5688569],[3.3721677,39.5688413],[3.3720136,39.5688705],[3.3718596,39.5688939],[3.3717889,39.5689212],[3.3717257,39.5689124],[3.3716706,39.5688763]]]]},"properties":{"historic":"archaeological_site","name":"Talaiot de S'Illot","name:ca":"Talaiot de s'Illot","opening_hours":"24/7","surface":"grass","wikidata":"Q2389827","wikimedia_commons":"Category:Talaiot de l'Illot","wikipedia":"es:Yacimiento de s'Illot"}},
{"type":"Feature","id":"a242782852","geometry":{"type":"MultiPolygon","coordinates":[[[[2.6973433,39.8063686],[2.6973485,39.80635],[2.6973614,39.8063336],[2.6973805,39.8063215],[2.6974038,39.8063148],[2.6974286,39.8063143],[2.6974523,39.8063201],[2.6974722,39.8063316],[2.6974861,39.8063474],[2.6974924,39.8063659],[2.6974905,39.8063849],[2.6974807,39.8064024],[2.6974638,39.8064165],[2.6974419,39.8064255],[2.6974186,39.8064286],[2.6973952,39.8064258],[2.697374,39.8064176],[2.6973573,39.8064047],[2.6973463,39.8063876],[2.6973433,39.8063686]]]]},"properties":{"building":"yes","historic":"yes","name":"Torre Picada","seamark:landmark:category":"tower","seamark:type":"landmark"}},
{"type":"Feature","id":"a244780898","geometry":{"type":"MultiPolygon","coordinates":[[[[2.6500557,39.5686246],[2.650121,39.5685722],[2.6502061,39.5685038],[2.6503052,39.5684267],[2.6502996,39.5684062],[2.6503222,39.5683989],[2.6503291,39.5684175],[2.6503533,39.5684055],[2.6504052,39.5683814],[2.6504321,39.5684584],[2.6504045,39.5684691],[2.6503558,39.5684943],[2.6503851,39.5685639],[2.6504299,39.56855],[2.6504659,39.5686116],[2.6504569,39.5686159],[2.6504033,39.5686487],[2.6503739,39.5686209],[2.6502504,39.5687341],[2.6503497,39.5687806],[2.6503191,39.5688079],[2.6502905,39.5687896],[2.6500557,39.5686246]]]]},"properties":{"building":"public","historic":"manor","name":"Can Bordils","name:ca":"Can Bordils","source":"cadastre","wikidata":"Q105889948","wikimedia_commons":"Category:Can Bordils","wikipedia":"ca:Can Bordils"}},
{"type":"Feature","id":"a247451914","geometry":{"type":"MultiPolygon","coordinates":[[[[2.6490804,39.566882],[2.649166,39.5668434],[2.6491156,39.5667523],[2.6494234,39.5666429],[2.6494122,39.5666242],[2.6494868,39.5666043],[2.6494882,39.5666066],[2.6494868,39.5666075],[2.6494911,39.5666233],[2.6495001,39.5666638],[2.6495161,39.5666622],[2.6495282,39.566683],[2.6495081,39.5666904],[2.6495739,39.5667944],[2.6496162,39.5668575],[2.6496255,39.5668714],[2.6496624,39.5668585],[2.6496714,39.5668735],[2.6496853,39.5668982],[2.6496565,39.5669105],[2.6497112,39.5669868],[2.6497283,39.5670085],[2.6497352,39.5670173],[2.649748,39.5670387],[2.6497306,39.5670467],[2.6497161,39.5670528],[2.6496961,39.5670236],[2.6493167,39.567193],[2.6491884,39.5670418],[2.6491246,39.5669477],[2.6490804,39.566882]]]]},"properties":{"source":"ideib WMS layer;cadastre;survey"}},
{"type":"Feature","id":"a247522924","geometry":{"type":"MultiPolygon","coordinates":[[[[2.6505738,39.5668868],[2.650691,39.5668733],[2.6506865,39.5668561],[2.6507682,39.56684],[2.6507954,39.5668327],[2.6507984,39.5668371],[2.6508907,39.5668142],[2.6509223,39.5668065],[2.6509902,39.5669024],[2.6511622,39.567068],[2.6511015,39.5670924],[2.6509428,39.5671639],[2.6509165,39.567176],[2.6508066,39.5672258],[2.6507716,39.5672432],[2.6507408,39.5672564],[2.6506168,39.567107],[2.6505738,39.5668868]]]]},"properties":{"alt_name":"Ca la Gran Cristiana","building":"yes","name":"Museu de Mallorca","name:ca":"Museu de Mallorca","name:es":"Museo de Mallorca","source":"ideib WMS layer;cadastre;survey","tourism":"museum","website":"http://www.museudemallorca.es","wikidata":"Q9047027","wikimedia_commons":"Category:Museu de Mallorca","wikipedia":"ca:Museu de Mallorca"}},
{"type":"Feature","id":"a247522956","geometry":{"type":"MultiPolygon","coordinates":[[[[2.6505487,39.5666956],[2.6506075,39.5666887],[2.6506098,39.5666731],[2.6507449,39.5666452],[2.6507496,39.5666528],[2.650799,39.5666416],[2.6508435,39.5666296],[2.6509223,39.5668065],[2.6508907,39.5668142],[2.6507984,39.5668371],[2.6507954,39.5668327],[2.6507682,39.56684],[2.6506865,39.5668561],[2.650691,39.5668733],[2.6505738,39.5668868],[2.6505562,39.5667857],[2.6505487,39.5666956]]]]},"properties":{"building":"yes","historic":"manor","name":"Can Fontirroig","source":"ideib WMS layer;cadastre;survey","wikidata":"Q105882390","wikimedia_commons":"Category:Can Fontirroig"}},
{"type":"Feature","id":"a247525560","geometry":{"type":"MultiPolygon","coordinates":[[[[2.6484229,39.5668006],[2.6487016,39.5667263],[2.6488534,39.5668764],[2.6487927,39.5669438],[2.6485783,39.5669838],[2.6484265,39.5669755],[2.6484229,39.5668006]]]]},"properties":{"amenity":"theatre","check_date":"2025-03-13","fee":"no","name":"Ses Voltes","name:ca":"Ses Voltes","note:ca":"Escenari de música","theatre:type":"open_air"}},
{"type":"Feature","id":"a248857508","geometry":{"type":"MultiPolygon","coordinates":[[[[2.8644284,39.717342],[2.8644992,39.7172008],[2.8645416,39.7171199],[2.8647793,39.7171914],[2.8646783,39.71741],[2.864447,39.7173471],[2.8644284,39.717342]]]]},"properties":{"amenity":"theatre","building":"yes","name":"Teatre de Lloseta","name:ca":"Teatre de Lloseta"}},
{"type":"Feature","id":"a253937776","geometry":{"type":"MultiPolygon","coordinates":[[[[2.6404257,39.5698316],[2.6406683,39.5698269],[2.6408156,39.5699637],[2.6408688,39.5699611],[2.6411913,39.5699307],[2.6412725,39.5699222],[2.6412813,39.5700388],[2.6413335,39.5702977],[2.6413366,39.5703133],[2.6413598,39.5704156],[2.6413676,39.5704425],[2.6414001,39.5705551],[2.6414599,39.5705868],[2.6414768,39.5706355],[2.6412704,39.5707014],[2.6404257,39.5698316]]]]},"properties":{"building":"yes","fee":"yes","name":"Es Baluard","name:en":"Es Baluard Museum of Contemporary Art of Palma","official_name:ca":"Es Baluard Museu d'Art Contemporani de Palma","official_name:es":"Es Baluard Museo de Arte Contemporáneo de Palma","opening_hours":"Tu-Sa 10:00-20:00; Su 10:00-15:00","operator":"Ajuntament de Palma;Govern de les Illes Balears;Consell de Mallorca;Fundació Art Serra","toilets:wheelchair":"yes","tourism":"museum","website":"https://www.esbaluard.org/","wheelchair":"yes","wikidata":"Q357917","wikimedia_commons":"Category:Es Baluard","wikipedia":"ca:Es Baluard"}},
{"type":"Feature","id":"a254103046","geometry":{"type":"MultiPolygon","coordinates":[[[[2.6386646,39.5696954],[2.6387265,39.5696815],[2.6387812,39.569811],[2.6387857,39.5698218],[2.6387014,39.569847],[2.6386646,39.5696954]]]]},"properties":{"building":"yes","historic":"yes","name":"Rentador"}},
{"type":"Feature","id":"a271517900","geometry":{"type":"MultiPolygon","coordinates":[[[[2.7834187,39.8483],[2.7834196,39.8482868],[2.7834263,39.8482746],[2.7834381,39.8482649],[2.7834535,39.8482589],[2.7834706,39.8482572],[2.7834875,39.8482602],[2.7835019,39.8482675],[2.7835123,39.848278],[2.7835174,39.8482907],[2.7835164,39.8483039],[2.7835097,39.8483161],[2.7834979,39.8483258],[2.7834825,39.8483319],[2.7834654,39.8483335],[2.7834486,39.8483305],[2.7834341,39.8483233],[2.7834237,39.8483127],[2.7834187,39.8483]]]]},"properties":{"access":"permissive","building":"yes","disused":"yes","historic":"yes","man_made":"tower","name":"Torre de sa Mola de Can Palou","tower:type":"defensive"}},
{"type":"Feature","id":"a272873684","geometry":{"type":"MultiPolygon","coordinates":[[[[3.0868734,39.5943477],[3.0868975,39.5943243],[3.0870658,39.594427],[3.0872433,39.5942544],[3.0874337,39.5943707],[3.0874064,39.5943972],[3.0875138,39.5944628],[3.087294,39.5946766],[3.0870906,39.5945524],[3.0871361,39.5945081],[3.0868734,39.5943477]]]]},"properties":{"amenity":"place_of_worship","building":"yes","ele":"317","name":"Ermita de Bonany","religion":"christian","tourism":"attraction","wikidata":"Q3949865","wikimedia_commons":"Category:Eremita de Bonany"}},
{"type":"Feature","id":"a281911114","geometry":{"type":"MultiPolygon","coordinates":[[[[2.5621984,39.53303],[2.5623248,39.5326069],[2.5623711,39.532272],[2.562569,39.532273],[2.5627988,39.532141],[2.5628475,39.5320449],[2.5631233,39.5318556],[2.5632133,39.5318484],[2.5632827,39.5319369],[2.5633567,39.5320312],[2.5633783,39.5321851],[2.5635,39.5330528],[2.5633152,39.5330675],[2.5630302,39.5330902],[2.5622625,39.5331514],[2.5621984,39.53303]]]]},"properties":{"fee":"yes","name":"Marineland","opening_hours":"PH,Mo-Su 10:00-17:00","tourism":"zoo","website":"https://www.marineland.es/mallorca/","wheelchair":"yes","zoo":"marine"}},
{"type":"Feature","id":"a288058450","geometry":{"type":"MultiPolygon","coordinates":[[[[3.1552539,39.5750289],[3.1553937,39.5746146],[3.1558268,39.5745968],[3.1559041,39.5743375],[3.1566541,39.5743164],[3.1564119,39.5748233],[3.155983,39.5748237],[3.1552539,39.5750289]]]]},"properties":{"addr:milestone":"km. 44","addr:postcode":"07500","addr:street":"Ma-15","aeroway":"balloon","area":"yes","display_name":"Globódromo de Son Perot","name":"Globòdrom de Son Perot","note":"For aerostatic balloon launch","opening_hours":"Mo-Sa 07:00-22:00","phone":"+34 971596969","tourism":"attraction","website":"http://www.mallorcaballoons.com"}},
{"type":"Feature","id":"a288214634","geometry":{"type":"MultiPolygon","coordinates":[[[[3.3815378,39.5931057],[3.3815711,39.5928851],[3.3816068,39.5928879],[3.3816174,39.5928124],[3.381879,39.5927419],[3.3819308,39.592824],[3.3820545,39.5928576],[3.3820227,39.5929453],[3.3820437,39.5929724],[3.3815656,39.5931736],[3.3815754,39.5931107],[3.3815378,39.5931057]]]]},"properties":{"amenity":"theatre","building":"yes","name":"Sa Màniga","wheelchair":"yes","wikidata":"Q63982878","wikimedia_commons":"Category:Sa Màniga"}},
{"type":"Feature","id":"a288421236","geometry":{"type":"MultiPolygon","coordinates":[[[[3.3794241,39.5948443],[3.3804024,39.594387],[3.3808326,39.5949263],[3.3808234,39.5949866],[3.3807156,39.5950492],[3.3807123,39.5950594],[3.3802724,39.5953075],[3.3802492,39.5953084],[3.3799934,39.5954592],[3.3797026,39.5951856],[3.3794241,39.5948443]]]]},"properties":{"addr:housenumber":"102","addr:street":"Carrer d'en Cristòfol Colom","contact:facebook":"https://www.facebook.com/pg/Fantasy-Park-Cala-Millor-162872977179611","name":"Fantasy Park","tourism":"theme_park"}},
{"type":"Feature","id":"a293505242","geometry":{"type":"MultiPolygon","coordinates":[[[[2.5271565,39.5041341],[2.5272818,39.5041153],[2.5272932,39.5041606],[2.5275359,39.5041243],[2.5276182,39.5044512],[2.5272982,39.5044991],[2.5272167,39.5041753],[2.5271686,39.5041825],[2.5271565,39.5041341]]]]},"properties":{"amenity":"theatre","building":"yes","name":"Pirates Adventure","website":"https://piratesadventure.com/","wheelchair":"yes"}},
{"type":"Feature","id":"a296694816","geometry":{"type":"MultiPolygon","coordinates":[[[[2.635455,39.7646078],[2.6354576,39.7645938],[2.6354693,39.7645785],[2.6354841,39.7645699],[2.6355024,39.7645657],[2.6355209,39.7645666],[2.6355333,39.7645703],[2.6355479,39.764579],[2.6355564,39.7645889],[2.6355613,39.7646027],[2.6355598,39.7646168],[2.6355535,39.764628],[2.6355412,39.7646386],[2.6355248,39.7646453],[2.6355075,39.7646474],[2.6354893,39.7646447],[2.6354726,39.7646368],[2.6354612,39.7646256],[2.635455,39.7646078]]]]},"properties":{"access":"private","building":"yes","date":"1614","historic":"yes","man_made":"tower","note":"Historically defense tower","seamark:landmark:category":"tower","seamark:type":"landmark","tower:type":"defensive"}},
{"type":"Feature","id":"a302514944","geometry":{"type":"MultiPolygon","coordinates":[[[[2.4989094,39.493402],[2.4990321,39.4931441],[2.4990902,39.4931598],[2.4993133,39.4932201],[2.4991955,39.4934794],[2.499178,39.4934747],[2.4989094,39.493402]]]]},"properties":{"geological":"palaeontological_site","historic":"archaeological_site","name":"Túmul de Son Ferrer","name:ca":"Túmul de Son Ferrer","wikidata":"Q9090620","wikimedia_commons":"Category:Túmul de Son Ferrer","wikipedia":"ca:Turriforme esglaonat de Son Ferrer"}},
{"type":"Feature","id":"a313577812","geometry":{"type":"MultiPolygon","coordinates":[[[[2.3508028,39.5959052],[2.3508097,39.595888],[2.3508287,39.5958776],[2.350849,39.5958774],[2.3508578,39.5958801],[2.3508641,39.5958861],[2.35087,39.5958893],[2.3508727,39.5958986],[2.3508754,39.595908],[2.3508674,39.5959224],[2.3508465,39.595932],[2.350826,39.5959307],[2.3508102,39.5959215],[2.3508028,39.5959052]]]]},"properties":{"access":"yes","alt_name":"torre de sa Rabassada","building":"yes","description":"This was a fire signal tower","disused":"yes","historic":"yes","man_made":"tower","name":"Torre de cala en Basset","name:ca":"Torre de cala en Basset","source":"ideib WMS;survey;Peter_99 merge","tower:type":"defensive","wheelchair":"no","wikidata":"Q43141139","wikimedia_commons":"Category:Torre de Cala en Basset","wikipedia":"ca:Torre de Cala en Basset"}},
{"type":"Feature","id":"a315496778","geometry":{"type":"MultiPolygon","coordinates":[[[[2.9995393,39.3186163],[2.9995396,39.3185939],[2.9995538,39.3185672],[2.9995695,39.3185539],[2.9995937,39.3185426],[2.9996311,39.3185379],[2.9996652,39.3185449],[2.9996887,39.318558],[2.9997042,39.3185744],[2.9997114,39.318589],[2.999714,39.3186099],[2.9997041,39.3186376],[2.9996875,39.3186547],[2.9996624,39.3186679],[2.999631,39.3186738],[2.9995971,39.3186701],[2.99957,39.3186582],[2.9995467,39.318635],[2.9995393,39.3186163]]]]},"properties":{"addr:city":"Colònia de Sant Jordi","addr:postcode":"07638","addr:street":"Carrer Gabriel Roca","building":"yes","fee":"yes","name":"Centre d'Interpretació del Parc Nacional de Cabrera","opening_hours":"Feb-Nov","phone":"+34 971176124","tourism":"museum","website":"https://es.balearsnatura.com/parque_natural/parque-nacional-maritimo-terrestre-del-archipielago-de-cabrera/"}},
{"type":"Feature","id":"a322169014","geometry":{"type":"MultiPolygon","coordinates":[[[[2.9286339,39.8425927],[2.9286563,39.8425825],[2.9287036,39.8425778],[2.9287383,39.8426445],[2.9287336,39.8426574],[2.9287266,39.8426671],[2.9287112,39.8426703],[2.9286935,39.8426696],[2.9286791,39.8426621],[2.9286504,39.8426407],[2.9286339,39.8425927]]]]},"properties":{"disused":"yes","historic":"ruins","name":"Casa de Neu","note":"For accumulate snow"}},
{"type":"Feature","id":"a326520014","geometry":{"type":"MultiPolygon","coordinates":[[[[2.6156325,39.733234],[2.6159569,39.7327667],[2.6164908,39.733005],[2.6161582,39.7334588],[2.6158744,39.7333374],[2.6156325,39.733234]]]]},"properties":{"barrier":"wall","historic":"ruins"}},
{"type":"Feature","id":"a326521730","geometry":{"type":"MultiPolygon","coordinates":[[[[2.6158371,39.733522],[2.6159603,39.7334565],[2.6160126,39.7334287],[2.6161176,39.7334835],[2.616139,39.7335021],[2.6161497,39.7335237],[2.6161511,39.7335547],[2.6161484,39.7335815],[2.6161417,39.7336093],[2.6161296,39.7336341],[2.6160944,39.7336545],[2.6160264,39.7336815],[2.6159898,39.7336507],[2.6158371,39.733522]]]]},"properties":{"barrier":"wall","historic":"ruins"}},
{"type":"Feature","id":"a326734144","geometry":{"type":"MultiPolygon","coordinates":[[[[2.6160446,39.7330542],[2.6160647,39.7330263],[2.6160924,39.7330382],[2.6160722,39.7330665],[2.6160446,39.7330542]]]]},"properties":{"building":"collapsed","historic":"ruins"}},
{"type":"Feature","id":"a326734146","geometry":{"type":"MultiPolygon","coordinates":[[[[2.6159872,39.7335927],[2.6160569,39.7335493],[2.6161092,39.7335937],[2.6160408,39.7336401],[2.6159872,39.7335927]]]]},"properties":{"building":"collapsed","historic":"ruins"}},
{"type":"Feature","id":"a330921734","geometry":{"type":"MultiPolygon","coordinates":[[[[2.4845652,39.4740733],[2.4845653,39.4740615],[2.4845735,39.4740516],[2.4845874,39.4740468],[2.4846025,39.4740485],[2.484614,39.4740562],[2.4846183,39.4740675],[2.484614,39.4740788],[2.4846024,39.4740865],[2.4845873,39.4740881],[2.4845735,39.4740832],[2.4845652,39.4740733]]]]},"properties":{"building":"yes","bunker_type":"gun_emplacement","disused":"yes","historic":"yes","image":"https://commons.wikimedia.org/wiki/File:Beobachtungsbunker_El_Toro,_Santa_Ponca,_Mallorca.jpg","military":"bunker","note":"gun emplacement 15cm"}},
{"type":"Feature","id":"a332530392","geometry":{"type":"MultiPolygon","coordinates":[[[[3.127775,39.3548128],[3.1278054,39.3547596],[3.1278441,39.3547731],[3.12788,39.354783],[3.1278506,39.3548382],[3.1278054,39.3548221],[3.127775,39.3548128]]]]},"properties":{"building":"yes","historic":"city_gate","name":"Sa Porta Murada"}},
{"type":"Feature","id":"a334099876","geometry":{"type":"MultiPolygon","coordinates":[[[[2.5351075,39.507886],[2.5351153,39.5077798],[2.5353052,39.5077882],[2.5352973,39.5078944],[2.5351075,39.507886]]]]},"properties":{"access":"private","leisure":"swimming_pool","tourism":"attraction","url":"https://youtu.be/zYI2ed2d5BM"}},
{"type":"Feature","id":"a335969818","geometry":{"type":"MultiPolygon","coordinates":[[[[3.3820974,39.5962432],[3.3824753,39.5961084],[3.3826736,39.5964136],[3.382701,39.5964585],[3.3823093,39.5966131],[3.3820974,39.5962432]]]]},"properties":{"contact:facebook":"https://www.facebook.com/people/Happy-park/100054287539944","name":"Happy Park","phone":"+34 664 43 31 33","tourism":"theme_park"}},
{"type":"Feature","id":"a341292528","geometry":{"type":"MultiPolygon","coordinates":[[[[2.8244258,39.8158493],[2.8244356,39.8158483],[2.8244452,39.8158472],[2.8246469,39.8167229],[2.824639,39.8167327],[2.8246286,39.8167262],[2.8244258,39.8158493]]]]},"properties":{"bridge":"aqueduct","layer":"1","man_made":"bridge","name":"els Arcs","name:ca":"els Arcs","tourism":"attraction","wikidata":"Q111708900","wikimedia_commons":"Category:Els Arcs (Escorca)"}},
{"type":"Feature","id":"a341689902","geometry":{"type":"MultiPolygon","coordinates":[[[[3.4678002,39.7122366],[3.4679223,39.7120546],[3.4681536,39.7121464],[3.4680316,39.7123284],[3.4678002,39.7122366]]]]},"properties":{"addr:city":"Capdepera","addr:postcode":"07590","architect":"Guillem Reynés Font","building":"yes","fee":"yes","name":"Sa Torre Cega","tourism":"attraction","website":"https://www.fundacionbmarch.es/es/cala-ratjada"}},
{"type":"Feature","id":"a4572091","geometry":{"type":"MultiPolygon","coordinates":[[[[3.1557782,39.3577769],[3.1574788,39.3565268],[3.1584653,39.35635],[3.1599934,39.355552],[3.1612368,39.3550069],[3.1620878,39.3541151],[3.1627698,39.3538508],[3.1635816,39.3541294],[3.1637965,39.3534579],[3.1627598,39.3529164],[3.1638341,39.3516357],[3.1641279,39.3503928],[3.1618099,39.3498794],[3.1622599,39.3492001],[3.1613574,39.3484389],[3.1626594,39.3481787],[3.1633838,39.3476927],[3.1642422,39.3471294],[3.1663924,39.3449498],[3.1661907,39.343943],[3.1687571,39.3435004],[3.1713483,39.3439118],[3.1721602,39.3431795],[3.1727257,39.343467],[3.1729938,39.3429555],[3.1734809,39.3412462],[3.1743983,39.3414389],[3.1754178,39.3420737],[3.1762849,39.3412807],[3.1760182,39.3411168],[3.1756392,39.3408805],[3.1753903,39.3406879],[3.1751199,39.3405463],[3.1747266,39.34046],[3.1738788,39.34028],[3.1731809,39.3400564],[3.1725651,39.3397507],[3.1722927,39.3395332],[3.1719705,39.3392432],[3.1717767,39.3390668],[3.1716193,39.3389694],[3.1714618,39.3389644],[3.171219,39.339066],[3.1707122,39.3393482],[3.1703325,39.3395144],[3.1701145,39.3395164],[3.1699377,39.3394739],[3.1697769,39.3394287],[3.1704102,39.3382056],[3.1709344,39.3379516],[3.1719226,39.3374932],[3.1720198,39.3374247],[3.1720876,39.337339],[3.1722251,39.337105],[3.1725468,39.336441],[3.1726251,39.3363558],[3.172717,39.3361982],[3.1728554,39.3360829],[3.1730369,39.3359081],[3.1731264,39.3357143],[3.1732517,39.3353451],[3.1733352,39.334939],[3.1734605,39.3345697],[3.1735647,39.334388],[3.1737736,39.3341203],[3.1740719,39.333848],[3.1747403,39.333225],[3.1751102,39.3328834],[3.1751235,39.3328716],[3.175264,39.3327417],[3.1753488,39.3327048],[3.1754761,39.3327024],[3.1756928,39.3327375],[3.1765742,39.3329751],[3.1769284,39.3331218],[3.1769958,39.3331834],[3.1772285,39.3334696],[3.1774015,39.3337511],[3.1776522,39.3340003],[3.1779863,39.3342449],[3.1780392,39.3342765],[3.1783801,39.3344803],[3.1786964,39.3346926],[3.178941,39.3348449],[3.1792394,39.3350157],[3.1797227,39.3352418],[3.1802744,39.3354338],[3.1804868,39.3355221],[3.180879,39.3352013],[3.1819874,39.3353668],[3.1831667,39.3354475],[3.184292,39.3353342],[3.1855293,39.3349133],[3.1865185,39.3350307],[3.1873638,39.33562],[3.1872515,39.3359856],[3.1870291,39.336297],[3.1869358,39.3363642],[3.1869781,39.3364353],[3.1872036,39.3365172],[3.1873286,39.3365844],[3.1872927,39.3368757],[3.1875817,39.3369764],[3.1879719,39.3369355],[3.1880173,39.3369753],[3.1878748,39.3370837],[3.187907,39.3372633],[3.1881672,39.3373698],[3.188491,39.3372983],[3.1885041,39.3373455],[3.1885349,39.337448],[3.1884276,39.3375553],[3.1884346,39.3376663],[3.1885811,39.3376021],[3.1885564,39.3377757],[3.1886987,39.3379937],[3.1889899,39.3377042],[3.1889634,39.3379171],[3.1891144,39.3380533],[3.1890161,39.3380931],[3.1891317,39.3381692],[3.1892895,39.3387241],[3.1891288,39.3387109],[3.1890407,39.3386363],[3.1889539,39.338632],[3.1889708,39.3387197],[3.1888341,39.3387166],[3.1887414,39.3387858],[3.188181,39.3387242],[3.1874221,39.3387751],[3.187171,39.3386223],[3.1869353,39.3385745],[3.1869271,39.3386168],[3.1870628,39.3386469],[3.1870678,39.3386792],[3.1871489,39.338695],[3.187171,39.3387266],[3.1872171,39.3389021],[3.1873377,39.3389041],[3.187348,39.3389689],[3.1874034,39.3389871],[3.1874707,39.338955],[3.187535,39.3389559],[3.1875434,39.3389876],[3.1875015,39.3389963],[3.1874459,39.3390022],[3.1874901,39.3390215],[3.1874537,39.339055],[3.1875012,39.3390628],[3.1875518,39.3390193],[3.1876814,39.33906],[3.1877943,39.3390025],[3.1878676,39.3390253],[3.1878433,39.3390685],[3.1879332,39.3391301],[3.1880087,39.3391067],[3.1879805,39.3391941],[3.1879707,39.3394043],[3.1879459,39.3395749],[3.1882681,39.3396549],[3.1879927,39.3397673],[3.1881121,39.3399819],[3.1881896,39.3400284],[3.1880108,39.3403857],[3.1881554,39.3409076],[3.1887332,39.3414989],[3.1887097,39.3415876],[3.1887151,39.3416479],[3.1887549,39.3416379],[3.1888951,39.3416646],[3.189087,39.3418609],[3.1891172,39.3424506],[3.1891361,39.34261],[3.1890541,39.3427787],[3.1892527,39.3431305],[3.1891336,39.3434199],[3.1892757,39.3435441],[3.1891851,39.3436564],[3.189063,39.3436805],[3.1890422,39.3437983],[3.189177,39.343858],[3.1893148,39.3438429],[3.1894933,39.3439222],[3.1896602,39.3439056],[3.1902662,39.3442373],[3.1902841,39.3444526],[3.1903937,39.3445854],[3.1906391,39.3446913],[3.1907833,39.344671],[3.1908926,39.3445487],[3.1913494,39.3447136],[3.1918623,39.3450189],[3.1921107,39.3455906],[3.1919291,39.3459386],[3.1922839,39.3462369],[3.1919539,39.3462466],[3.1918542,39.3463138],[3.191872,39.346443],[3.191646,39.346442],[3.1912965,39.3465508],[3.1913637,39.3466299],[3.1912588,39.3467565],[3.1911322,39.3467123],[3.1911292,39.3468305],[3.1909696,39.3467945],[3.190946,39.346725],[3.1908211,39.3467859],[3.1903815,39.3469336],[3.1905463,39.3471576],[3.19019,39.3473765],[3.1903824,39.3475932],[3.1895314,39.3473648],[3.1892048,39.347381],[3.1898742,39.3477383],[3.1901539,39.3479716],[3.1900036,39.3481141],[3.1900918,39.3482004],[3.1901367,39.3482868],[3.1899949,39.3483224],[3.1896614,39.348214],[3.1891377,39.3483134],[3.1886652,39.3484947],[3.1884607,39.3485778],[3.1882631,39.348682],[3.1879309,39.3489287],[3.1872833,39.3496018],[3.1870421,39.3497698],[3.1869115,39.3498392],[3.1868163,39.3498446],[3.1867444,39.3498273],[3.1865835,39.3496992],[3.186474,39.3495295],[3.1862718,39.3495459],[3.1860647,39.3495727],[3.185889,39.3496208],[3.1857319,39.3496909],[3.1855806,39.3498115],[3.1854725,39.3499389],[3.1853946,39.3500802],[3.1853458,39.3502317],[3.1853041,39.3504174],[3.1856599,39.3504163],[3.185746,39.350434],[3.1858663,39.3504735],[3.1861168,39.350609],[3.1863418,39.3507308],[3.1865111,39.3507789],[3.1867096,39.3508238],[3.1869061,39.3508449],[3.1869218,39.3508245],[3.1870781,39.3508319],[3.1871705,39.3508737],[3.187211,39.3509163],[3.187271,39.3509255],[3.1872777,39.3509379],[3.187324,39.3509547],[3.187373,39.3509618],[3.187417,39.3510036],[3.1874998,39.3510509],[3.187573,39.3510617],[3.1875914,39.3510436],[3.1876241,39.3510457],[3.1876462,39.3510724],[3.1876953,39.3510723],[3.1877619,39.3511156],[3.1877627,39.3511516],[3.1878167,39.3511659],[3.187843,39.3511613],[3.1879117,39.3512177],[3.1879781,39.3514109],[3.1879634,39.351533],[3.1880208,39.3516171],[3.1880041,39.3517084],[3.1879774,39.3517417],[3.1879655,39.351863],[3.1879507,39.3518889],[3.1879613,39.351925],[3.1880557,39.3519628],[3.1882264,39.3520023],[3.188413,39.3520217],[3.188855,39.3520096],[3.1888502,39.351901],[3.1888794,39.3518345],[3.1889589,39.3517901],[3.1889879,39.3516938],[3.1889802,39.3515282],[3.1889637,39.3514129],[3.188988,39.3513356],[3.188982,39.3512972],[3.1889606,39.351291],[3.1889658,39.3512752],[3.1889555,39.3512627],[3.1889565,39.3512258],[3.1889709,39.3511931],[3.1889841,39.3511482],[3.1889777,39.3510939],[3.1889438,39.3510663],[3.1889209,39.351032],[3.1889031,39.350939],[3.1888786,39.3509139],[3.1887874,39.3506919],[3.1887636,39.3506623],[3.1886942,39.3505759],[3.1886838,39.3505521],[3.1886667,39.3504673],[3.188673,39.3504125],[3.1887043,39.3504129],[3.1887133,39.3504194],[3.1887316,39.3504325],[3.1887742,39.3504372],[3.1888005,39.350427],[3.1887924,39.3503618],[3.1888019,39.3503214],[3.188789,39.3502915],[3.1887833,39.350255],[3.1888234,39.3502339],[3.1888549,39.3502387],[3.188862,39.3502599],[3.1888812,39.3502583],[3.1888782,39.350234],[3.1888792,39.3502129],[3.1889157,39.350176],[3.1889623,39.3501463],[3.1889998,39.3501322],[3.1890707,39.3501345],[3.1891173,39.3501455],[3.1891244,39.3501643],[3.1891923,39.3502552],[3.1892257,39.3502716],[3.1892516,39.3502625],[3.1892956,39.3502356],[3.18932,39.3502497],[3.1893564,39.3502505],[3.189398,39.3502693],[3.1894193,39.3502928],[3.1894304,39.3503163],[3.1894081,39.3503445],[3.1893868,39.3503523],[3.1893878,39.3503735],[3.1893787,39.3503837],[3.1893909,39.3503986],[3.189398,39.3504111],[3.1894223,39.3504291],[3.189475,39.3504503],[3.1895105,39.3504581],[3.1896119,39.3504589],[3.1898073,39.3504526],[3.1899269,39.350426],[3.1900434,39.3503923],[3.1901224,39.3503304],[3.190162,39.3503327],[3.190167,39.3503429],[3.1901447,39.3503844],[3.1901488,39.3503962],[3.1901741,39.3503993],[3.1902238,39.3503797],[3.1902947,39.350386],[3.1903343,39.35037],[3.1904747,39.3503091],[3.1906451,39.3502636],[3.1907436,39.3501834],[3.1908417,39.3501808],[3.19097,39.35016],[3.1910632,39.3502145],[3.1911876,39.3502147],[3.1912258,39.3502422],[3.1913441,39.3502135],[3.1914576,39.3501759],[3.1915871,39.3502096],[3.1916716,39.3503227],[3.1916788,39.3503798],[3.1917589,39.3504095],[3.1914012,39.3511774],[3.1914456,39.351256],[3.1914104,39.3513107],[3.1914041,39.3513998],[3.1913827,39.3514609],[3.1913036,39.3515229],[3.1912563,39.351657],[3.1912848,39.3517193],[3.191284,39.351859],[3.1913781,39.3519206],[3.1915999,39.3519966],[3.1917376,39.3520146],[3.1918315,39.3519942],[3.1918549,39.3519737],[3.1919917,39.3519428],[3.1924975,39.3521982],[3.1927685,39.3524391],[3.1927975,39.3524879],[3.1928354,39.352478],[3.1929077,39.3524495],[3.1930084,39.3523904],[3.1929866,39.3522986],[3.1929261,39.3522009],[3.1929279,39.3521857],[3.1928972,39.3521418],[3.1929104,39.3520836],[3.1928967,39.3520457],[3.1927303,39.3519335],[3.1927234,39.3518966],[3.1924754,39.3516584],[3.1924178,39.3511972],[3.1925165,39.3512009],[3.1926818,39.3512596],[3.1933638,39.3512328],[3.1936321,39.3513695],[3.1938145,39.3512987],[3.1941059,39.3514908],[3.1941073,39.3515859],[3.19432,39.3516548],[3.1941272,39.3517648],[3.1941333,39.3517845],[3.1941399,39.3518059],[3.1944454,39.351757],[3.1947786,39.3517553],[3.1950586,39.351927],[3.195202,39.3518931],[3.1953213,39.3516803],[3.1953346,39.3518506],[3.1954876,39.351764],[3.1951693,39.3522455],[3.1951246,39.3523131],[3.1950753,39.3523878],[3.1950765,39.3524098],[3.1948312,39.3526658],[3.1943147,39.3532988],[3.1940043,39.3541471],[3.1939517,39.354369],[3.1939237,39.3544217],[3.1932161,39.3548024],[3.1923087,39.3562385],[3.1919046,39.3568414],[3.1911674,39.3569455],[3.1910398,39.3570957],[3.1911457,39.3573707],[3.1913308,39.3575766],[3.1918656,39.3580169],[3.1920464,39.3586831],[3.1921527,39.359434],[3.1921244,39.3598012],[3.1918054,39.3603657],[3.1914428,39.3610461],[3.1909567,39.3616951],[3.190501,39.3622785],[3.1901324,39.3627499],[3.1899197,39.3632157],[3.1897921,39.3636871],[3.1895866,39.3641694],[3.1888989,39.3650956],[3.1883602,39.36583],[3.1880554,39.3662684],[3.1875352,39.3668588],[3.1868574,39.3674357],[3.1863328,39.3678358],[3.1858578,39.3681317],[3.1855885,39.3686469],[3.1855672,39.369036],[3.1854183,39.3695237],[3.1851419,39.3699731],[3.1846598,39.3705595],[3.1843479,39.3710034],[3.183958,39.3713979],[3.1836319,39.3715678],[3.1830719,39.371524],[3.1826111,39.3714418],[3.1817108,39.3714527],[3.1812855,39.3714692],[3.1807822,39.3715021],[3.1800875,39.3718309],[3.1793077,39.3721651],[3.1784145,39.3724501],[3.1778829,39.3726035],[3.1776489,39.3727351],[3.1775213,39.3729378],[3.1773512,39.3730364],[3.1767274,39.3731625],[3.1762524,39.3732228],[3.175742,39.3734365],[3.1752529,39.3736886],[3.1749622,39.3733214],[3.1748346,39.3730858],[3.1747567,39.3727515],[3.1747212,39.3725816],[3.1748701,39.3724556],[3.1752458,39.3722199],[3.175742,39.3719295],[3.1759901,39.371661],[3.1760752,39.3714692],[3.1759547,39.3713103],[3.1760398,39.3708006],[3.1761815,39.3702252],[3.1726825,39.369218],[3.1696131,39.3669688],[3.1665364,39.3638418],[3.1631125,39.3608872],[3.1593928,39.3588663],[3.1557782,39.3577769]]]]},"properties":{"leisure":"nature_reserve","name":"Parc natural de Mondragó","name:ca":"Parc natural de Mondragó","tourism":"attraction"}},
{"type":"Feature","id":"a4848405","geometry":{"type":"MultiPolygon","coordinates":[[[[2.6465551,39.5676211],[2.6469069,39.5674379],[2.6469213,39.5674544],[2.6469523,39.567443],[2.6470375,39.5674055],[2.6472884,39.5673095],[2.6473048,39.5673041],[2.647342,39.5673644],[2.6473227,39.5673715],[2.6473906,39.5674903],[2.6474663,39.5676149],[2.6474871,39.5676134],[2.6475018,39.5676515],[2.6474719,39.5676622],[2.6476116,39.5679077],[2.6476439,39.5679009],[2.6476637,39.5679373],[2.6476302,39.5679484],[2.6478177,39.5682491],[2.6478098,39.5682699],[2.6476826,39.5683285],[2.6470381,39.5686406],[2.6469828,39.5686257],[2.646955,39.5686195],[2.6469549,39.56861],[2.6469477,39.5686035],[2.6468567,39.5683967],[2.6468665,39.568264],[2.6468207,39.5681329],[2.6468504,39.5681228],[2.6467952,39.5679911],[2.6467674,39.5679993],[2.6467544,39.5679639],[2.6467789,39.5679552],[2.6467084,39.5678342],[2.6466795,39.5678428],[2.6466502,39.56779],[2.6466753,39.5677792],[2.6465551,39.5676211]],[[2.646879,39.5678237],[2.646955,39.5679658],[2.6470603,39.5679224],[2.6469638,39.5677835],[2.646879,39.5678237]],[[2.6469209,39.5682429],[2.6469367,39.568273],[2.6469382,39.5683486],[2.647006,39.5685321],[2.6470955,39.5685644],[2.6476655,39.5682985],[2.6475111,39.5680271],[2.6474634,39.5680438],[2.6474346,39.5679938],[2.6470825,39.5681417],[2.6470984,39.5681684],[2.6469209,39.5682429]],[[2.6470005,39.5676222],[2.6470178,39.5676382],[2.6470474,39.5676855],[2.6472187,39.5679132],[2.6474385,39.567823],[2.6472655,39.5675309],[2.6472379,39.5674892],[2.6470281,39.5675723],[2.647046,39.5675992],[2.6470005,39.5676222]]]]},"properties":{"addr:street":"Carrer del Palau Reial","alt_name:en":"Royal Palace of La Almudaina","building":"yes","description:en":"Fortified palace of Palma, originally built as an Arab fort and then used as an official royal residence.","heritage":"3","heritage:operator":"Consell de Mallorca","historic":"castle","name":"Palau de l'Almudaina","name:ca":"Palau de l'Almudaina","name:de":"Almudaina-Palast","name:en":"Almudaina Palace","name:es":"Palacio de la Almudaina","official_name":"Palau de l'Almudaina","opening_hours":"Tu-Su 10:00-19:00","operator":"Patrimonio Nacional","source:description":"en:wikipedia","tourism":"attraction","wikidata":"Q3176377","wikipedia":"ca:Palau Reial de l'Almudaina"}},
{"type":"Feature","id":"a4848403","geometry":{"type":"MultiPolygon","coordinates":[[[[2.6490804,39.566882],[2.649166,39.5668434],[2.6491156,39.5667523],[2.6494234,39.5666429],[2.6494122,39.5666242],[2.6494868,39.5666043],[2.6494882,39.5666066],[2.6494868,39.5666075],[2.6494911,39.5666233],[2.6495001,39.5666638],[2.6495161,39.5666622],[2.6495282,39.566683],[2.6495081,39.5666904],[2.6495739,39.5667944],[2.6496162,39.5668575],[2.6496255,39.5668714],[2.6496624,39.5668585],[2.6496714,39.5668735],[2.6496853,39.5668982],[2.6496565,39.5669105],[2.6497112,39.5669868],[2.6497283,39.5670085],[2.6497352,39.5670173],[2.649748,39.5670387],[2.6497306,39.5670467],[2.6497161,39.5670528],[2.6496961,39.5670236],[2.6493167,39.567193],[2.6491884,39.5670418],[2.6491246,39.5669477],[2.6490804,39.566882]],[[2.6491713,39.5668463],[2.6492771,39.5669977],[2.6493121,39.5670405],[2.649501,39.566954],[2.6494505,39.56689],[2.6493569,39.566783],[2.6491713,39.5668463]]]]},"properties":{"addr:housenumber":"5","addr:street":"Carrer del Mirador","alt_name":"palau Episcopal","building":"yes","name":"Museu Diocesà","name:ca":"Museu d'Art Sacre","opening_hours":"Mo-Sa 10:00-17:30","phone":"+34 971 72 38 60","tourism":"museum","website":"https://www.museuartsacredemallorca.org/"}},
{"type":"Feature","id":"a387836608","geometry":{"type":"MultiPolygon","coordinates":[[[[2.5890214,39.6005912],[2.5890864,39.6005733],[2.5890996,39.6006016],[2.5890346,39.6006195],[2.5890214,39.6005912]]]]},"properties":{"disused":"yes","historic":"ruins","name":"Forns de guix de dalt","ruins":"yes","source":"survey;Bing WMS"}},
{"type":"Feature","id":"a387836614","geometry":{"type":"MultiPolygon","coordinates":[[[[2.5889598,39.6006082],[2.5890214,39.6005912],[2.5890346,39.6006195],[2.5889729,39.6006365],[2.5889598,39.6006082]]]]},"properties":{"disused":"yes","historic":"ruins","name":"Forns de guix de dalt","ruins":"yes","source":"survey;Bing WMS"}},
{"type":"Feature","id":"a387836618","geometry":{"type":"MultiPolygon","coordinates":[[[[2.5890864,39.6005733],[2.5891472,39.6005566],[2.5891603,39.6005848],[2.5890996,39.6006016],[2.5890864,39.6005733]]]]},"properties":{"description":"Forns de guix de dalt de les pedreres de Son Quint. Restes de forns de guix anteriors a l'explotació de les pedreres. L'avanç d'aquestes pràcticament els ha fet desaparéixer.","disused":"yes","historic":"ruins","name":"Forns de dalt de Son Quint","ruins":"yes","source":"survey;Bing WMS"}},
{"type":"Feature","id":"a405464376","geometry":{"type":"MultiPolygon","coordinates":[[[[2.8422539,39.689244],[2.8424291,39.6890811],[2.8424774,39.6891368],[2.84267,39.6893877],[2.8425789,39.689431],[2.8426346,39.6894701],[2.842587,39.6895106],[2.8422539,39.689244]]]]},"properties":{"addr:housenumber":"1","addr:street":"carrer de la Rectoria","amenity":"theatre","building":"civic","check_date":"2026-01-13","name":"Teatre de sa Rectoria","name:ca":"Teatre de sa Rectoria","source":"Bing WMS;survey"}},
{"type":"Feature","id":"a409652332","geometry":{"type":"MultiPolygon","coordinates":[[[[2.5972709,39.6073623],[2.5972763,39.6073491],[2.5972867,39.6073378],[2.5973012,39.6073295],[2.5973182,39.607325],[2.5973362,39.6073247],[2.5973534,39.6073288],[2.5973682,39.6073367],[2.5973791,39.6073477],[2.5973854,39.6073622],[2.597385,39.6073774],[2.597378,39.6073917],[2.5973651,39.6074033],[2.5973479,39.6074109],[2.5973283,39.6074135],[2.5973088,39.6074109],[2.5972915,39.6074034],[2.5972786,39.6073919],[2.5972714,39.6073776],[2.5972709,39.6073623]]]]},"properties":{"barrier":"retaining_wall","disused":"yes","historic":"yes","image":"https://parcnaturaldeponent.files.wordpress.com/2020/11/img_5268.jpg","man_made":"kiln","material":"dry_stone","name":"Forn de Calç","name:ca":"Forn de Calç","note":"Forn de calç?","product":"lime","source":"survey","width":"4"}},
{"type":"Feature","id":"a413189526","geometry":{"type":"MultiPolygon","coordinates":[[[[2.5200395,39.4582051],[2.5200486,39.4581942],[2.5200639,39.4581888],[2.5200806,39.4581906],[2.5200933,39.4581991],[2.5200981,39.4582116],[2.5200934,39.4582241],[2.5200806,39.4582326],[2.5200639,39.4582345],[2.5200486,39.4582291],[2.5200395,39.4582181],[2.5200395,39.4582051]]]]},"properties":{"building":"yes","historic":"ruins","name":"Torre de Cala Figuera","name:ca":"Torre de Cala Figuera","tourism":"attraction","website":"http://www.mallorca-torres.de/index_de.php?site=torres&rubrik=calafiguera","wikidata":"Q22066402","wikimedia_commons":"Category:Torre de Cala Figuera","wikipedia":"es:Torre de Cala Figuera"}},
{"type":"Feature","id":"a416378438","geometry":{"type":"MultiPolygon","coordinates":[[[[2.7919456,39.733506],[2.7919809,39.7334731],[2.7920278,39.7335029],[2.7919925,39.7335357],[2.7919456,39.733506]]]]},"properties":{"building":"yes","heritage":"yes","historic":"yes","man_made":"tower","ruins":"yes","tower:type":"defensive"}},
{"type":"Feature","id":"a417467778","geometry":{"type":"MultiPolygon","coordinates":[[[[3.126387,39.3528609],[3.1264611,39.3527775],[3.1265678,39.3528334],[3.1264978,39.3529191],[3.126387,39.3528609]]]]},"properties":{"amenity":"arts_centre","building":"yes","name":"ses Cases Noves","name:ca":"ses Cases Noves","name:en":"Culture House","name:es":"Casa de Cultural"}},
{"type":"Feature","id":"a417467808","geometry":{"type":"MultiPolygon","coordinates":[[[[3.1261724,39.3535751],[3.1262261,39.353537],[3.1262414,39.3535214],[3.1263112,39.3535603],[3.1265412,39.3534117],[3.1266048,39.3534893],[3.1265225,39.3535303],[3.1263156,39.3536926],[3.1262571,39.3536446],[3.1261724,39.3535751]]]]},"properties":{"addr:city":"Santanyí","addr:housenumber":"35","addr:postcode":"07650","addr:street":"Carrer del Bisbe Verger","amenity":"theatre","building":"yes","name":"Principal","wikidata":"Q118868942"}},
{"type":"Feature","id":"a417585824","geometry":{"type":"MultiPolygon","coordinates":[[[[3.1298454,39.3534561],[3.1300221,39.3533595],[3.1300317,39.3533649],[3.1300892,39.3533973],[3.1301216,39.3534239],[3.1300821,39.3534476],[3.1301099,39.3534776],[3.1299262,39.3535748],[3.1299018,39.3535473],[3.129919,39.3535384],[3.1298454,39.3534561]]]]},"properties":{"building":"yes","historic":"yes","name":"s'Abeurador"}},
{"type":"Feature","id":"a422264110","geometry":{"type":"MultiPolygon","coordinates":[[[[2.9323809,39.1532827],[2.9323944,39.1531836],[2.9324837,39.1531929],[2.9324661,39.1532925],[2.9323809,39.1532827]]]]},"properties":{"access":"no","barrier":"wall","denomination":"catholic","historic":"yes","landuse":"cemetery","religion":"christian"}},
{"type":"Feature","id":"a422397152","geometry":{"type":"MultiPolygon","coordinates":[[[[3.0983776,39.340214],[3.098396,39.3401854],[3.0984289,39.340192],[3.098405,39.3402276],[3.0983776,39.340214]]]]},"properties":{"historic":"ruins"}},
{"type":"Feature","id":"a422397154","geometry":{"type":"MultiPolygon","coordinates":[[[[3.0962979,39.3400817],[3.096313,39.3400605],[3.0963532,39.3400781],[3.0963411,39.3401004],[3.0962979,39.3400817]]]]},"properties":{"historic":"ruins"}},
{"type":"Feature","id":"a422397156","geometry":{"type":"MultiPolygon","coordinates":[[[[3.0984289,39.340192],[3.0984408,39.3401739],[3.098465,39.3401835],[3.098453,39.3402016],[3.0984289,39.340192]]]]},"properties":{"historic":"ruins"}},
{"type":"Feature","id":"a422397164","geometry":{"type":"MultiPolygon","coordinates":[[[[3.0949256,39.3405607],[3.0949449,39.3405257],[3.0949982,39.3404512],[3.0950233,39.3404619],[3.0950448,39.3404712],[3.0949702,39.3405758],[3.0949256,39.3405607]]]]},"properties":{"historic":"ruins"}},
{"type":"Feature","id":"a422397166","geometry":{"type":"MultiPolygon","coordinates":[[[[3.0958972,39.3400659],[3.0959166,39.3400299],[3.095919,39.3400307],[3.0959426,39.3399871],[3.0960391,39.3400183],[3.0959961,39.3400978],[3.0958972,39.3400659]]]]},"properties":{"historic":"ruins"}},
{"type":"Feature","id":"a422423266","geometry":{"type":"MultiPolygon","coordinates":[[[[2.7410292,39.7816935],[2.741083,39.7816674],[2.7411421,39.7817779],[2.741124,39.7817983],[2.7410951,39.7817836],[2.7410541,39.781769],[2.7410355,39.7817404],[2.7410544,39.7817327],[2.7410292,39.7816935]]]]},"properties":{"historic":"ruins"}},
{"type":"Feature","id":"a422764796","geometry":{"type":"MultiPolygon","coordinates":[[[[2.7418379,39.7827131],[2.7418851,39.7826732],[2.741922,39.782642],[2.7419549,39.7826634],[2.7420016,39.7826272],[2.7420594,39.782674],[2.7420651,39.7826691],[2.7420778,39.7826802],[2.7421104,39.7827087],[2.7421277,39.7826964],[2.7421707,39.7827536],[2.7421473,39.7827707],[2.7421405,39.7827658],[2.7421247,39.7827793],[2.7420772,39.7827481],[2.7420487,39.7827676],[2.7419874,39.7828151],[2.741982,39.7828137],[2.7418379,39.7827131]]]]},"properties":{"building":"yes","name":"Can Xoroi","tourism":"museum"}},
{"type":"Feature","id":"a423534666","geometry":{"type":"MultiPolygon","coordinates":[[[[3.0968348,39.3419531],[3.0968732,39.3418825],[3.0969446,39.3419058],[3.0969062,39.3419763],[3.0968348,39.3419531]]]]},"properties":{"historic":"ruins"}},
{"type":"Feature","id":"a423534686","geometry":{"type":"MultiPolygon","coordinates":[[[[3.0945755,39.3428967],[3.0945789,39.3428454],[3.0946226,39.3428478],[3.0946213,39.3428648],[3.0946188,39.3428989],[3.0945755,39.3428967]]]]},"properties":{"historic":"ruins"}},
{"type":"Feature","id":"a423534688","geometry":{"type":"MultiPolygon","coordinates":[[[[3.0972605,39.3422991],[3.097305,39.3422573],[3.0973493,39.3422863],[3.0973108,39.3423233],[3.0973062,39.3423278],[3.0972605,39.3422991]]]]},"properties":{"historic":"ruins"}},
{"type":"Feature","id":"a423547584","geometry":{"type":"MultiPolygon","coordinates":[[[[3.0978329,39.3411641],[3.0978441,39.34115],[3.0978652,39.34116],[3.097854,39.3411741],[3.0978329,39.3411641]]]]},"properties":{"historic":"ruins"}},
{"type":"Feature","id":"a423557816","geometry":{"type":"MultiPolygon","coordinates":[[[[3.091606,39.3433701],[3.0916209,39.3433139],[3.0916969,39.343326],[3.091682,39.3433822],[3.091606,39.3433701]]]]},"properties":{"historic":"ruins"}},
{"type":"Feature","id":"a423557820","geometry":{"type":"MultiPolygon","coordinates":[[[[3.091825,39.3434059],[3.0918344,39.3433711],[3.0918383,39.343358],[3.0920595,39.3433954],[3.0920462,39.3434424],[3.091825,39.3434059]]]]},"properties":{"historic":"ruins"}},
{"type":"Feature","id":"a423557822","geometry":{"type":"MultiPolygon","coordinates":[[[[3.0913338,39.3432804],[3.0913507,39.3432321],[3.0914183,39.3432463],[3.091412,39.3432645],[3.0914408,39.3432705],[3.0914303,39.3433006],[3.0913338,39.3432804]]]]},"properties":{"historic":"ruins"}},
{"type":"Feature","id":"a423577690","geometry":{"type":"MultiPolygon","coordinates":[[[[3.0926191,39.3441287],[3.0926268,39.3441026],[3.0926359,39.3440712],[3.0926615,39.3440769],[3.0926768,39.3440266],[3.0927516,39.3440452],[3.0927434,39.344068],[3.0927202,39.3440625],[3.0926994,39.3441073],[3.0926862,39.3441451],[3.0926191,39.3441287]]]]},"properties":{"historic":"ruins"}},
{"type":"Feature","id":"a424113122","geometry":{"type":"MultiPolygon","coordinates":[[[[3.113819,39.3275913],[3.1139314,39.3274853],[3.1140205,39.3275419],[3.1139081,39.3276479],[3.113819,39.3275913]]]]},"properties":{"historic":"ruins"}},
{"type":"Feature","id":"a425765532","geometry":{"type":"MultiPolygon","coordinates":[[[[3.0670005,39.3139792],[3.0670113,39.313965],[3.0670764,39.3138794],[3.0671306,39.313904],[3.0670547,39.3140039],[3.0670005,39.3139792]]]]},"properties":{"historic":"ruins"}},
{"type":"Feature","id":"a425765562","geometry":{"type":"MultiPolygon","coordinates":[[[[3.0675944,39.3146854],[3.0676537,39.3146016],[3.0676861,39.3146154],[3.0676928,39.314606],[3.0677135,39.3146148],[3.0676476,39.3147079],[3.0675944,39.3146854]]]]},"properties":{"historic":"ruins"}},
{"type":"Feature","id":"a428857332","geometry":{"type":"MultiPolygon","coordinates":[[[[3.1442502,39.3255687],[3.144266,39.3255515],[3.1442935,39.3255393],[3.1443268,39.3255307],[3.1443572,39.3255262],[3.1443911,39.3255262],[3.1444261,39.3255361],[3.1444466,39.325547],[3.1444606,39.3255606],[3.1444788,39.3255628],[3.1445015,39.3255538],[3.1445261,39.3255497],[3.1445571,39.3255497],[3.1445834,39.3255515],[3.1446138,39.3255533],[3.1446395,39.3255578],[3.144657,39.325566],[3.1446752,39.325575],[3.1446868,39.3255845],[3.1446944,39.3255958],[3.1447085,39.325604],[3.1447289,39.3256108],[3.1447511,39.3256053],[3.1447745,39.325594],[3.1447985,39.3255936],[3.1448184,39.3256013],[3.1448312,39.3256045],[3.144857,39.3255811],[3.1449485,39.3255702],[3.1449729,39.3256021],[3.1450562,39.3255921],[3.145088,39.3256636],[3.1450748,39.3256809],[3.1450666,39.3256995],[3.1450532,39.3257148],[3.1450269,39.3257302],[3.1450158,39.3257442],[3.1450012,39.3257641],[3.1449679,39.3257691],[3.1449158,39.32576],[3.144879,39.32576],[3.1448252,39.3257411],[3.1448042,39.3257279],[3.1447656,39.3257144],[3.1447352,39.3256986],[3.1447183,39.3256823],[3.1447001,39.3256674],[3.1446803,39.3256597],[3.1446528,39.3256592],[3.14463,39.3256705],[3.1446031,39.3256683],[3.1445628,39.3256592],[3.1445347,39.3256461],[3.1445143,39.3256389],[3.1444961,39.3256398],[3.1444669,39.3256637],[3.1444291,39.32566],[3.1443835,39.325656],[3.1443613,39.3256514],[3.1443315,39.3256397],[3.1443022,39.3256248],[3.1442812,39.3256121],[3.1442619,39.3255976],[3.1442508,39.3255836],[3.1442502,39.3255687]]]]},"properties":{"boundary":"administrative","maritime":"yes","name":"es Pontàs","natural":"arch","place":"islet","source":"ideib WMS layer","tourism":"attraction","wikidata":"Q1366405","wikimedia_commons":"File:Es pontas 2.jpg","wikipedia":"ca:Es Pontàs"}},
{"type":"Feature","id":"a429630064","geometry":{"type":"MultiPolygon","coordinates":[[[[3.2043016,39.4004416],[3.2044039,39.4004376],[3.2044493,39.40045],[3.2044914,39.4004638],[3.2044503,39.4004902],[3.2044089,39.4004919],[3.2043062,39.4004983],[3.2043016,39.4004416]]]]},"properties":{"historic":"ruins","source":"Catastro"}},
{"type":"Feature","id":"a430561628","geometry":{"type":"MultiPolygon","coordinates":[[[[3.1689098,39.3392276],[3.1689488,39.3392014],[3.1689979,39.3392451],[3.1690266,39.3392258],[3.1690225,39.3392221],[3.1690626,39.3391951],[3.1691027,39.3392309],[3.1690633,39.3392573],[3.1690342,39.3392769],[3.1690692,39.3393079],[3.1690298,39.3393344],[3.1689098,39.3392276]]]]},"properties":{"building":"yes","historic":"ruins"}},
{"type":"Feature","id":"a432449712","geometry":{"type":"MultiPolygon","coordinates":[[[[3.1474189,39.3474518],[3.1474745,39.3474486],[3.1474783,39.3474886],[3.1474227,39.3474918],[3.1474189,39.3474518]]]]},"properties":{"historic":"ruins"}},
{"type":"Feature","id":"a5770799","geometry":{"type":"MultiPolygon","coordinates":[[[[2.6225778,39.5465365],[2.622735,39.5463457],[2.6228255,39.5463704],[2.6228878,39.5462241],[2.6229466,39.5460863],[2.6228008,39.5460329],[2.6228368,39.5459744],[2.6229869,39.546034],[2.6230135,39.5459919],[2.6229416,39.5459656],[2.6229984,39.5458642],[2.6231572,39.5459171],[2.6231304,39.5459698],[2.6232273,39.5460157],[2.6232471,39.5460106],[2.6232709,39.5460126],[2.6232934,39.5460228],[2.6233012,39.5460396],[2.6232934,39.5460626],[2.6233449,39.546087],[2.6233833,39.5460769],[2.623417,39.5460906],[2.6234229,39.5461156],[2.6236435,39.5462245],[2.6236579,39.5461968],[2.6238879,39.5462828],[2.6237345,39.5463714],[2.6236584,39.5463253],[2.6233583,39.5466081],[2.6234199,39.5466595],[2.623309,39.5468315],[2.6231537,39.546658],[2.6231493,39.5466333],[2.6230079,39.5466588],[2.6230119,39.5466812],[2.6229226,39.5467007],[2.6229088,39.5466333],[2.6229431,39.5466272],[2.6229155,39.5465267],[2.6225778,39.5465365]],[[2.6229465,39.5464623],[2.6229527,39.5464902],[2.6231074,39.5464632],[2.6231012,39.5464372],[2.6231461,39.5464238],[2.6231623,39.5464305],[2.6231673,39.54647],[2.6231361,39.5464719],[2.6231723,39.5465844],[2.6234655,39.546316],[2.6231361,39.546165],[2.6231174,39.5461188],[2.6230405,39.5462722],[2.6229465,39.5464623]]]]},"properties":{"building":"yes","fee":"no","heritage":"3","heritage:operator":"Consell de Mallorca","historic":"castle","name":"Museu Històric Militar","name:ca":"Museu Històric Militar","name:en":"Museum of Military History","name:es":"Museo Histórico Militar Castillo de San Carlos","tourism":"museum","website":"http://www.museomilitarsancarlos.com"}},
{"type":"Feature","id":"a435686326","geometry":{"type":"MultiPolygon","coordinates":[[[[2.6204466,39.5452495],[2.620455,39.5451895],[2.6206718,39.5452076],[2.6206634,39.5452676],[2.6204466,39.5452495]]]]},"properties":{"building":"yes","historic":"castle","name":"bateria Avançada"}},
{"type":"Feature","id":"a435712634","geometry":{"type":"MultiPolygon","coordinates":[[[[2.6201834,39.5452415],[2.6202672,39.5451455],[2.6203816,39.5451063],[2.6204807,39.5450808],[2.6206077,39.5450867],[2.620717,39.5451161],[2.6208059,39.5451651],[2.6208694,39.5452023],[2.6208921,39.545271],[2.6206634,39.5452676],[2.6204466,39.5452495],[2.6203307,39.5452905],[2.6201834,39.5452415]]]]},"properties":{"area":"yes","historic":"archaeological_site","name":"Bateria Avançada","name:es":"Fortín de San Carlos"}},
{"type":"Feature","id":"a437681356","geometry":{"type":"MultiPolygon","coordinates":[[[[2.6235658,39.5485695],[2.6236588,39.5485274],[2.6237008,39.5485825],[2.6236077,39.5486246],[2.6235658,39.5485695]]]]},"properties":{"alt_name":"Far de Portopí;Torre de Senyals de Portopí","alt_name:ca":"Far de Portopí;Torre de Senyals de Portopí","building":"yes","date":"1290","height":"38","heritage":"3","heritage:operator":"Consell de Mallorca","historic":"yes","man_made":"lighthouse","name":"Torre de Portopí","name:ca":"Torre de Portopí","wikidata":"Q5856454","wikimedia_commons":"Category:Torre de senyals de Porto Pi","wikipedia":"ca:Far de Portopí"}},
{"type":"Feature","id":"a437681358","geometry":{"type":"MultiPolygon","coordinates":[[[[2.6238749,39.5509695],[2.6238768,39.5509061],[2.6239591,39.5509076],[2.6239571,39.550971],[2.6238749,39.5509695]]]]},"properties":{"building":"yes","heritage":"3","heritage:operator":"Consell de Mallorca","historic":"castle","man_made":"tower","name":"Torre de Paraires","name:ca":"Torre de Paraires","tower:type":"defensive","wikidata":"Q559220","wikimedia_commons":"Category:Torre de Paraires","wikipedia":"ca:Torre de Paraires"}},
{"type":"Feature","id":"a438217752","geometry":{"type":"MultiPolygon","coordinates":[[[[3.3333287,39.7631639],[3.3334154,39.7631201],[3.3334424,39.7631516],[3.3333556,39.7631954],[3.3333287,39.7631639]]]]},"properties":{"historic":"ruins"}},
{"type":"Feature","id":"a440501774","geometry":{"type":"MultiPolygon","coordinates":[[[[3.0094255,39.6429527],[3.0095318,39.6428746],[3.0095704,39.6428972],[3.0095846,39.6428839],[3.0097326,39.6429797],[3.0097475,39.6429893],[3.0096406,39.643091],[3.0095736,39.6430482],[3.0094255,39.6429527]]]]},"properties":{"amenity":"theatre","building":"yes","name":"Es C.IN.E. de les Illes Balears"}},
{"type":"Feature","id":"a442228012","geometry":{"type":"MultiPolygon","coordinates":[[[[2.3169632,39.5863649],[2.317116,39.5861777],[2.3172029,39.5862172],[2.3171696,39.5862608],[2.3172099,39.5862791],[2.3172569,39.5863004],[2.3172892,39.5862582],[2.3173766,39.5862979],[2.3172249,39.5864837],[2.3169632,39.5863649]]]]},"properties":{"abandoned:building":"yes","access":"no","access:description":"officially forbidden to enter due to bad condition","alt_name":"Far de na Pòpia","alt_name:ca":"Far de na Pòpia","historic":"yes","image":"https://commons.wikimedia.org/wiki/File:Far_de_Na_Popis.JPG","name":"Far Vell","name:ca":"Far Vell","note":"please trust the GPS traces. The pictures are inaccurate due to 3D effects","place":"locality","ruins":"yes","wikidata":"Q29949348","wikimedia_commons":"File:Far_de_Na_Popis.JPG","wikipedia":"es:Faro de Na Pòpia"}},
{"type":"Feature","id":"a456165860","geometry":{"type":"MultiPolygon","coordinates":[[[[3.3619636,39.5764777],[3.3620011,39.5764653],[3.361985,39.5764488],[3.362095,39.5764033],[3.3621084,39.5764199],[3.3621594,39.5763951],[3.3622532,39.5763516],[3.3623283,39.5763372],[3.3624088,39.5763454],[3.3624625,39.5763744],[3.3625054,39.5764137],[3.3625483,39.5764819],[3.3626288,39.5765935],[3.3626556,39.5766431],[3.3626288,39.5766431],[3.3625939,39.5766576],[3.3625671,39.57667],[3.3625027,39.5766762],[3.3624732,39.5766886],[3.3624195,39.5766824],[3.3623713,39.5766866],[3.3623364,39.5766741],[3.3622988,39.57667],[3.3622667,39.5766721],[3.362213,39.5766452],[3.3621728,39.5766411],[3.3621325,39.5766142],[3.3620896,39.5765997],[3.3620467,39.5765625],[3.3620172,39.576546],[3.3619957,39.5765067],[3.3619636,39.5764777]]]]},"properties":{"amenity":"theatre","building":"roof","building:levels":"1","name":"Show Bar - The Big Top"}},
{"type":"Feature","id":"a459315396","geometry":{"type":"MultiPolygon","coordinates":[[[[2.7839266,39.7990299],[2.7839366,39.7989897],[2.7839964,39.7989993],[2.7839889,39.7990376],[2.7839266,39.7990299]]]]},"properties":{"historic":"ruins","name":"casa dels nevaters","source":"SIGPAC (1:26)"}},
{"type":"Feature","id":"a459315398","geometry":{"type":"MultiPolygon","coordinates":[[[[2.7837433,39.7984098],[2.7837848,39.7983918],[2.7838209,39.798407],[2.7838371,39.7984513],[2.783857,39.7984957],[2.7838281,39.7985248],[2.7838011,39.7985179],[2.7837812,39.7985054],[2.7837506,39.7984347],[2.7837433,39.7984098]]]]},"properties":{"barrier":"retaining_wall","name":"Casa de neu superior de n'Arbona","name:ca":"Cases de Neu","name:es":"Casas de Nieve","tourism":"attraction","wikidata":"Q8348142","wikipedia":"es:Coma de n'Arbona"}},
{"type":"Feature","id":"a485445542","geometry":{"type":"MultiPolygon","coordinates":[[[[2.4323084,39.5808647],[2.4326117,39.5801829],[2.4333719,39.5803995],[2.4330424,39.5810783],[2.4323084,39.5808647]]]]},"properties":{"addr:city":"Andratx","addr:housenumber":"2","addr:postcode":"07150","addr:street":"carrer de s'Estanyera","alt_name":"Centre Cultural Andratx","building":"public","email":"info@ccandratx.com","fax":"+34 971 137 691","name":"Centre Cultural Asbaek","phone":"+34 971 137 770","tourism":"gallery","website":"https://www.ccandratx.com/","wheelchair":"yes","wikidata":"Q117708187"}},
{"type":"Feature","id":"a487388680","geometry":{"type":"MultiPolygon","coordinates":[[[[2.9104394,39.7205244],[2.9104958,39.7204722],[2.9105372,39.7204349],[2.9105969,39.7203812],[2.9106629,39.7203219],[2.9106844,39.7203025],[2.9107333,39.7203343],[2.9111634,39.7206137],[2.9110714,39.7206914],[2.911002,39.7207577],[2.9109133,39.7208372],[2.910808,39.7207655],[2.9107078,39.7207],[2.9107029,39.7207042],[2.9105574,39.7206095],[2.9105618,39.7206036],[2.910471,39.7205448],[2.9104394,39.7205244]]]]},"properties":{"addr:postcode":"07300","addr:street":"carrer de la Pau","amenity":"marketplace","building":"yes","email":"info@mercatdinca.com","name":"Mercat cobert","name:ca":"Mercat d'Inca S.L.","opening_hours":"Mo-Tu, Th, Sa 08:00-14:30; We, Fr 08:00-20:00","phone":"+34971505745","source":"Bing WMS","website":"https://www.mercatdinca.com/"}},
{"type":"Feature","id":"a489182362","geometry":{"type":"MultiPolygon","coordinates":[[[[2.6455442,39.5703414],[2.6456679,39.5702739],[2.6457126,39.5703308],[2.6456792,39.5703496],[2.6456808,39.5703516],[2.6456093,39.5703931],[2.6456123,39.5703955],[2.6456055,39.5703994],[2.6456034,39.5703965],[2.6455442,39.5703414]]]]},"properties":{"addr:city":"Palma","addr:housenumber":"6","addr:street":"Carrer de Sant Feliu","building":"chapel","heritage":"3","heritage:operator":"Consell de Mallorca","name":"Oratori de Sant Feliu","name:ca":"Oratori de Sant Feliu","tourism":"gallery","website":"https://www.guiadelocio.com/illes-balears/arte/palma-de-mallorca/galeria-kewenig.-oratorio-de-sant-feliu","wikidata":"Q56512367","wikimedia_commons":"Category:Oratori de Sant Feliu"}},
{"type":"Feature","id":"a489197092","geometry":{"type":"MultiPolygon","coordinates":[[[[3.2142653,39.3560273],[3.2143846,39.3559919],[3.2144271,39.3560774],[3.2143078,39.3561128],[3.2142653,39.3560273]]]]},"properties":{"building":"yes","historic":"castle","seamark:landmark:category":"tower","seamark:type":"landmark"}},
{"type":"Feature","id":"a490066532","geometry":{"type":"MultiPolygon","coordinates":[[[[2.9667962,39.584228],[2.9668047,39.5841519],[2.9670666,39.5838097],[2.967125,39.5837383],[2.9672097,39.5836393],[2.9673599,39.5836103],[2.9674672,39.5836165],[2.9675369,39.5836558],[2.9677317,39.583874],[2.9681024,39.5836774],[2.9682116,39.5837998],[2.9681053,39.5838561],[2.9681867,39.5839475],[2.9680746,39.5840068],[2.9682263,39.5841774],[2.9686074,39.5846233],[2.9683363,39.5847608],[2.9678619,39.5842052],[2.9670869,39.5845983],[2.9669823,39.5844758],[2.9668995,39.5843827],[2.9668311,39.5843086],[2.9667962,39.584228]]]]},"properties":{"historic":"archaeological_site","name":"poblat talaiòtic de Son Fornés","name:ca":"Poblat talaiòtic de Son Fornés","wikidata":"Q2300742","wikimedia_commons":"Category:Son Fornés","wikipedia":"es:Yacimiento de Son Fornés"}},
{"type":"Feature","id":"a510232562","geometry":{"type":"MultiPolygon","coordinates":[[[[2.8187632,39.8065055],[2.8188262,39.8064726],[2.8188662,39.8065177],[2.8188032,39.8065506],[2.8187632,39.8065055]]]]},"properties":{"barrier":"kerb","kerb":"raised","source":"survey","surface":"pebblestone"}},
{"type":"Feature","id":"a512365948","geometry":{"type":"MultiPolygon","coordinates":[[[[3.1171626,39.9287645],[3.1171643,39.9287572],[3.1171689,39.9287505],[3.1171759,39.9287453],[3.1171848,39.9287421],[3.1171945,39.9287412],[3.1172047,39.9287429],[3.1172137,39.9287471],[3.1172203,39.9287533],[3.1172237,39.9287609],[3.1172236,39.928769],[3.11722,39.9287765],[3.1172133,39.9287827],[3.1172042,39.9287868],[3.1171939,39.9287883],[3.1171843,39.9287873],[3.1171755,39.9287839],[3.1171685,39.9287787],[3.1171641,39.928772],[3.1171626,39.9287645]]]]},"properties":{"building":"yes","building:material":"stone","heritage":"3","heritage:operator":"Consell de Mallorca","historic":"tower","man_made":"tower","material":"stone","name":"Talaia d'Albercutx","name:ca":"Talaia d'Albercutx","name:en":"Watchtower Albercutx","note":"schöner Spaziergang zum Turm","start_date":"late C16..early C17","tourism":"viewpoint","tower:construction":"freestanding","tower:type":"defensive","wikidata":"Q43142283","wikimedia_commons":"Category:Talaia d'Albercutx","wikipedia":"ca:Talaia d'Albercutx"}},
{"type":"Feature","id":"a513395932","geometry":{"type":"MultiPolygon","coordinates":[[[[2.6373784,39.5852711],[2.6374157,39.5852021],[2.6374532,39.5851326],[2.6374745,39.5850932],[2.6374922,39.5850603],[2.6375285,39.584993],[2.6375617,39.5849316],[2.6375648,39.5849166],[2.6378142,39.5849859],[2.6381254,39.5850138],[2.6381647,39.5851321],[2.6382514,39.5853931],[2.6379658,39.5854003],[2.6379515,39.5854091],[2.6378778,39.5854545],[2.6376788,39.5855698],[2.6376259,39.5855172],[2.6375674,39.585459],[2.637534,39.5854258],[2.6375065,39.5853984],[2.6374503,39.5853426],[2.6373784,39.5852711]]]]},"properties":{"amenity":"theatre","theatre:type":"open_air"}},
{"type":"Feature","id":"a521310884","geometry":{"type":"MultiPolygon","coordinates":[[[[3.1831601,39.8809261],[3.1832379,39.8808975],[3.1832447,39.8809086],[3.183254,39.8809235],[3.1831762,39.880952],[3.1831601,39.8809261]]]]},"properties":{"building":"yes","disused":"yes","historic":"yes","material":"stone","source":"survey;Bing WMS","start_date":"C17"}},
{"type":"Feature","id":"a521310888","geometry":{"type":"MultiPolygon","coordinates":[[[[3.1828703,39.8809013],[3.1828784,39.8808909],[3.1828875,39.8808879],[3.1829042,39.8808914],[3.1829109,39.8808995],[3.1829084,39.8809122],[3.1829012,39.8809175],[3.1828849,39.8809189],[3.1828726,39.8809112],[3.1828703,39.8809013]]]]},"properties":{"building":"yes","disused":"yes","historic":"yes","material":"stone","note":"old oven","source":"survey;Bing WMS","start_date":"C17"}},
{"type":"Feature","id":"a521310894","geometry":{"type":"MultiPolygon","coordinates":[[[[3.1829283,39.880854],[3.182962,39.8808267],[3.1829975,39.8808533],[3.182962,39.8808771],[3.1829283,39.880854]]]]},"properties":{"building":"yes","disused":"yes","historic":"yes","man_made":"reservoir_covered","material":"stone","start_date":"C17","type":"drain"}},
{"type":"Feature","id":"a531632904","geometry":{"type":"MultiPolygon","coordinates":[[[[2.7886535,39.7062378],[2.7887452,39.7061882],[2.7888332,39.706284],[2.7887415,39.7063336],[2.7886535,39.7062378]]]]},"properties":{"building":"yes","building:levels":"3","historic":"manor","name":"Son Mallol","name:ca":"Son Mallol","source":"catastro","source:date":"2014-01"}},
{"type":"Feature","id":"a531783044","geometry":{"type":"MultiPolygon","coordinates":[[[[2.7907099,39.7068342],[2.7908416,39.706834],[2.7908845,39.7069655],[2.790897,39.7069798],[2.7907651,39.7070026],[2.790748,39.7069503],[2.7907199,39.7068647],[2.7907099,39.7068342]]]]},"properties":{"building":"yes","building:levels":"3","historic":"manor","name":"Posada de Bànyols","source":"catastro","source:date":"2014-01"}},
{"type":"Feature","id":"a531917046","geometry":{"type":"MultiPolygon","coordinates":[[[[2.7868946,39.7070388],[2.7869674,39.7070135],[2.7869714,39.7070206],[2.7870638,39.7069835],[2.7871621,39.7071123],[2.7870309,39.7072003],[2.7869851,39.707149],[2.7870085,39.7071363],[2.7870287,39.7071253],[2.7870138,39.7070984],[2.7869938,39.7071053],[2.7869499,39.7071186],[2.7869475,39.7071151],[2.7869207,39.7070766],[2.7868946,39.7070388]]]]},"properties":{"building":"residential","building:levels":"2","description":"Aquest casal fou la casa natal de Joan Mir i Vallès (1624), ermità fundador de la Congregació Diocesana d'Ermitans de Sant Pau i Sant Antoni de Mallorca.","description:ca":"Aquest casal fou la casa natal de Joan Mir i Vallès (1624), ermità fundador de la Congregació Diocesana d'Ermitans de Sant Pau i Sant Antoni de Mallorca.","historic":"manor","name":"Casal Son Vidal","source":"catastro","source:date":"2014-01"}},
{"type":"Feature","id":"a531917234","geometry":{"type":"MultiPolygon","coordinates":[[[[2.7863391,39.7078367],[2.7864628,39.7077344],[2.7867082,39.7079265],[2.7865919,39.7079451],[2.7865837,39.7079368],[2.7865645,39.7079491],[2.7865566,39.7079432],[2.7865066,39.7079658],[2.7863391,39.7078367]]]]},"properties":{"building":"yes","building:levels":"2","historic":"manor","name":"Son Bieló","source":"catastro","source:date":"2014-01"}},
{"type":"Feature","id":"a533114604","geometry":{"type":"MultiPolygon","coordinates":[[[[2.7919323,39.7084989],[2.7919429,39.7084853],[2.7919648,39.708457],[2.7920359,39.7084932],[2.7919969,39.7085314],[2.7919323,39.7084989]]]]},"properties":{"addr:street":"Calle del Pontarro","amenity":"lavoir","building":"warehouse","building:levels":"1","historic":"lavoir","name":"Rentador del Pontarró","name:ca":"Rentador del Pontarró","name:es":"Lavadero del Pontarró","name:fr":"Lavoir du Pontarró","name:gl":"Lavadoiro do Pontarró","ref:ES:catastro":"2156017DD8925N"}},
{"type":"Feature","id":"a533114780","geometry":{"type":"MultiPolygon","coordinates":[[[[2.7906945,39.7074761],[2.7908685,39.7073867],[2.7909058,39.7074281],[2.7908815,39.7074413],[2.7909098,39.7074725],[2.7909341,39.7074594],[2.7909759,39.7075058],[2.7908032,39.7075976],[2.7906945,39.7074761]]]]},"properties":{"building":"yes","building:levels":"3","historic":"manor","name":"Can Jaumico","source":"catastro","source:date":"2014-01"}},
{"type":"Feature","id":"a534133216","geometry":{"type":"MultiPolygon","coordinates":[[[[2.7910797,39.705246],[2.7910806,39.7052252],[2.7910986,39.7052109],[2.7911245,39.7052106],[2.791143,39.7052245],[2.7911433,39.7052445],[2.7911253,39.7052587],[2.7910995,39.7052591],[2.7910797,39.705246]]]]},"properties":{"building":"industrial","building:levels":"1","historic":"technical_monument","name":"Torre de l'electricitat","name:ca":"Torre de l'electricitat","name:de":"Turm des alten kraftwerks","name:en":"Tower of the old powerhouse","name:es":"Torre de la electricidad","source":"catastro","source:date":"2014-01","start_date":"1901-08-15","tourism":"attraction"}},
{"type":"Feature","id":"a12429523","geometry":{"type":"MultiPolygon","coordinates":[[[[2.6186224,39.5637923],[2.6186379,39.5637503],[2.6186622,39.5637217],[2.6186883,39.563699],[2.6187525,39.5636637],[2.618843,39.5636522],[2.6188646,39.5636106],[2.6189308,39.5635401],[2.619006,39.5634993],[2.6190331,39.5634579],[2.6190979,39.5634265],[2.6191499,39.5634257],[2.6191623,39.5633909],[2.6192086,39.5633433],[2.6193263,39.5633189],[2.6194167,39.5633346],[2.619478,39.563381],[2.6194929,39.5634285],[2.619528,39.5634678],[2.6196162,39.5635056],[2.6196592,39.563542],[2.6197118,39.5635859],[2.6197355,39.5636294],[2.6197655,39.5636804],[2.6198078,39.5637599],[2.6198162,39.5638072],[2.6198056,39.5638651],[2.6197824,39.5639096],[2.6197183,39.5639553],[2.619691,39.56401],[2.6196645,39.5640411],[2.6196285,39.5640713],[2.6195873,39.5640891],[2.61953,39.5641244],[2.6195134,39.5641859],[2.6195141,39.5642142],[2.6195056,39.564233],[2.6194959,39.564254],[2.619477,39.5642788],[2.6194473,39.5643033],[2.6194083,39.564314],[2.6193471,39.5643744],[2.6192713,39.5644026],[2.6192015,39.5643964],[2.6191425,39.5643543],[2.6191209,39.5643097],[2.6190786,39.5642804],[2.6190405,39.564233],[2.6189935,39.5642063],[2.6189409,39.5641742],[2.6189035,39.5641188],[2.6188922,39.5640697],[2.618899,39.5640342],[2.6188493,39.5639744],[2.618801,39.5639733],[2.6187544,39.5639602],[2.618708,39.5639404],[2.618712,39.5639275],[2.6186792,39.5639047],[2.6186464,39.5638687],[2.6186305,39.5638263],[2.6186224,39.5637923]],[[2.6188756,39.563814],[2.6188905,39.5638485],[2.6189248,39.5638749],[2.6189456,39.5638818],[2.6189546,39.5639105],[2.618968,39.5639369],[2.6189888,39.5639702],[2.6190275,39.5640081],[2.6190707,39.5640391],[2.6191151,39.5640571],[2.6191214,39.5640597],[2.619178,39.5640735],[2.6191676,39.5640976],[2.6191616,39.5641172],[2.6191586,39.564139],[2.6191661,39.5641792],[2.6191988,39.5642239],[2.6192391,39.5642435],[2.6192957,39.5642492],[2.6193582,39.5642481],[2.6194089,39.5642205],[2.6194342,39.5641757],[2.6194431,39.5641424],[2.6194372,39.5641022],[2.6194193,39.5640747],[2.619455,39.5640563],[2.6194982,39.5640425],[2.6195369,39.5640207],[2.619604,39.5639794],[2.6196338,39.5639334],[2.6196487,39.5638978],[2.6196695,39.5638909],[2.6196978,39.563876],[2.6197127,39.5638599],[2.6197216,39.5638358],[2.6197231,39.5638117],[2.6197157,39.5637819],[2.6196904,39.5637532],[2.6196472,39.5637348],[2.6196412,39.5637176],[2.6196367,39.5636946],[2.6196144,39.5636647],[2.6195846,39.5636291],[2.6195474,39.5635958],[2.6195012,39.563566],[2.6194357,39.5635361],[2.6194148,39.5634971],[2.6193761,39.563473],[2.6193299,39.5634603],[2.6192852,39.5634592],[2.6192361,39.5634707],[2.6191914,39.5635155],[2.6191825,39.5635269],[2.6191407,39.5635488],[2.6190827,39.5635694],[2.619035,39.5636027],[2.6189978,39.5636383],[2.6189695,39.5636854],[2.6189695,39.5637222],[2.6189486,39.5637279],[2.6189143,39.5637417],[2.6188905,39.5637623],[2.6188756,39.563814]]]]},"properties":{"addr:street":"carrer de Camilo José Cela","building":"public","building:architecture":"gothic","building:colour":"#E5C0A3","building:material":"stone","castle_type":"defensive","description:en":"Classic C14th medieval castle. Now houses Palma's city history museum.","fee":"Mo-Sa","height":"4","heritage":"3","heritage:operator":"Consell de Mallorca","historic":"castle","name":"Castell de Bellver","name:ca":"Castell de Bellver","name:de":"Burg von Bellver","name:en":"Bellver Castle","name:es":"Castillo de Bellver","name:fr":"Château de Bellver","name:lt":"Belverio pilis","name:ru":"Замок Бельвер","nohousenumber":"yes","note":"Precio entrada: 4 Euros","note:fee":"2.5 euros","opening_hours":"Tu-Sa 10:00-19:00; Su 10:00-15:00","operator":"Ajuntament de Palma","roof:colour":"#A5AEAB","roof:shape":"flat","source":"en:Bellver Castle","tourism":"attraction","website":"https://castelldebellver.palma.es/en/%22","wheelchair":"yes","wikidata":"Q261707","wikimedia_commons":"File:Castell_de_Bellver_-_9545.jpg","wikipedia":"ca:Castell de Bellver"}},
{"type":"Feature","id":"a545351514","geometry":{"type":"MultiPolygon","coordinates":[[[[2.6188756,39.563814],[2.6188905,39.5637623],[2.6189143,39.5637417],[2.6189486,39.5637279],[2.6189695,39.5637222],[2.6189695,39.5636854],[2.6189978,39.5636383],[2.619035,39.5636027],[2.6190827,39.5635694],[2.6191407,39.5635488],[2.6191825,39.5635269],[2.6191914,39.5635155],[2.6192361,39.5634707],[2.6192852,39.5634592],[2.6193299,39.5634603],[2.6193761,39.563473],[2.6194148,39.5634971],[2.6194357,39.5635361],[2.6195012,39.563566],[2.6195474,39.5635958],[2.6195846,39.5636291],[2.6196144,39.5636647],[2.6196367,39.5636946],[2.6196412,39.5637176],[2.6196472,39.5637348],[2.6196904,39.5637532],[2.6197157,39.5637819],[2.6197231,39.5638117],[2.6197216,39.5638358],[2.6197127,39.5638599],[2.6196978,39.563876],[2.6196695,39.5638909],[2.6196487,39.5638978],[2.6196338,39.5639334],[2.619604,39.5639794],[2.6195369,39.5640207],[2.6194982,39.5640425],[2.619455,39.5640563],[2.6194193,39.5640747],[2.6194372,39.5641022],[2.6194431,39.5641424],[2.6194342,39.5641757],[2.6194089,39.5642205],[2.6193582,39.5642481],[2.6192957,39.5642492],[2.6192391,39.5642435],[2.6191988,39.5642239],[2.6191661,39.5641792],[2.6191586,39.564139],[2.6191616,39.5641172],[2.6191676,39.5640976],[2.619178,39.5640735],[2.6191214,39.5640597],[2.6191151,39.5640571],[2.6190707,39.5640391],[2.6190275,39.5640081],[2.6189888,39.5639702],[2.618968,39.5639369],[2.6189546,39.5639105],[2.6189456,39.5638818],[2.6189248,39.5638749],[2.6188905,39.5638485],[2.6188756,39.563814]]]]},"properties":{"barrier":"retaining_wall"}},
{"type":"Feature","id":"a552074428","geometry":{"type":"MultiPolygon","coordinates":[[[[2.737561,39.8235118],[2.7375747,39.8234923],[2.7376112,39.8235095],[2.7375952,39.8235292],[2.737561,39.8235118]]]]},"properties":{"building":"yes","disused":"yes","historic":"yes","ruins":"yes","source":"survey;Bing WMS"}},
{"type":"Feature","id":"a552074430","geometry":{"type":"MultiPolygon","coordinates":[[[[2.7375447,39.8235307],[2.737561,39.8235118],[2.7375952,39.8235292],[2.737579,39.8235481],[2.7375447,39.8235307]]]]},"properties":{"building":"yes","disused":"yes","historic":"yes","ruins":"yes","source":"survey;Bing WMS"}},
{"type":"Feature","id":"a552101274","geometry":{"type":"MultiPolygon","coordinates":[[[[2.8249725,39.3977059],[2.8250517,39.3976148],[2.8251276,39.3976702],[2.8251556,39.3977238],[2.8250479,39.3977743],[2.8249725,39.3977059]]]]},"properties":{"barrier":"wall","historic":"ruins"}},
{"type":"Feature","id":"a552101280","geometry":{"type":"MultiPolygon","coordinates":[[[[2.8247175,39.3982553],[2.8247318,39.3982282],[2.8247639,39.3982128],[2.8248017,39.3982149],[2.8248306,39.3982338],[2.8248397,39.3982622],[2.8248254,39.3982893],[2.8247933,39.3983047],[2.8247555,39.3983026],[2.8247266,39.3982837],[2.8247175,39.3982553]]]]},"properties":{"barrier":"wall","historic":"ruins","name":"talaiot"}},
{"type":"Feature","id":"a552101284","geometry":{"type":"MultiPolygon","coordinates":[[[[2.824453,39.397271],[2.8244784,39.3972423],[2.8245161,39.3972341],[2.8245476,39.3972471],[2.8245626,39.3972668],[2.8245687,39.3972787],[2.8245623,39.3973122],[2.8245413,39.397334],[2.8245199,39.3973422],[2.8244898,39.397336],[2.824466,39.3973176],[2.824457,39.3972988],[2.824453,39.397271]]]]},"properties":{"barrier":"wall","historic":"ruins"}},
{"type":"Feature","id":"a552101288","geometry":{"type":"MultiPolygon","coordinates":[[[[2.823402,39.3973823],[2.8234771,39.3972879],[2.8236076,39.3972628],[2.8237346,39.397297],[2.823825,39.3974201],[2.8238706,39.3974536],[2.823973,39.3975051],[2.8240533,39.3975075],[2.8240935,39.3975344],[2.8241327,39.397555],[2.8240784,39.3976059],[2.8241139,39.3976313],[2.8241707,39.3976446],[2.8241511,39.3976951],[2.8242775,39.3977505],[2.8244489,39.3978474],[2.8245145,39.397869],[2.8246937,39.3979133],[2.8247422,39.3979381],[2.8247599,39.3979765],[2.8247601,39.3980017],[2.8247386,39.3980298],[2.8246507,39.3980965],[2.8245772,39.3980698],[2.8244769,39.3980862],[2.8244496,39.398134],[2.8243805,39.398143],[2.8243133,39.3981366],[2.8242115,39.3981204],[2.8241364,39.398092],[2.8241703,39.3980169],[2.8242129,39.3979839],[2.8242225,39.3979593],[2.8239916,39.3978442],[2.8238951,39.3977997],[2.8238331,39.3977605],[2.8238075,39.3977769],[2.8237418,39.3977395],[2.8236611,39.397703],[2.8236169,39.3976507],[2.8235812,39.3975693],[2.8235438,39.3975476],[2.823451,39.397453],[2.823402,39.3973823]]]]},"properties":{"historic":"archaeological_site","wikidata":"Q16620555","wikipedia":"es:Poblado prehistórico de Capocorb Vell"}},
{"type":"Feature","id":"a556150042","geometry":{"type":"MultiPolygon","coordinates":[[[[2.4190623,39.5736794],[2.4191017,39.5735776],[2.419264,39.573615],[2.4192793,39.5735756],[2.4194224,39.5736085],[2.4193302,39.5738467],[2.4192763,39.5738343],[2.4192658,39.5738616],[2.4191603,39.5738374],[2.4192027,39.5737277],[2.4192584,39.5737405],[2.419264,39.5737258],[2.4190623,39.5736794]]]]},"properties":{"amenity":"theatre","building":"yes","name":"Sa Teulera","name:ca":"Sa Teulera"}},
{"type":"Feature","id":"a558637566","geometry":{"type":"MultiPolygon","coordinates":[[[[3.4116291,39.6674854],[3.4117504,39.6673778],[3.4119108,39.6674848],[3.4117896,39.6675925],[3.4116291,39.6674854]]]]},"properties":{"building":"yes","man_made":"tower","name":"Torre de Canyamel","name:ca":"Torre de Canyamel","place":"locality","tourism":"attraction","tower:type":"defensive","wikidata":"Q1486776","wikimedia_commons":"Category:Torre de Canyamel"}},
{"type":"Feature","id":"a560087606","geometry":{"type":"MultiPolygon","coordinates":[[[[3.1114756,39.6489821],[3.1115078,39.648896],[3.111742,39.6489495],[3.1117093,39.6490346],[3.1114756,39.6489821]]]]},"properties":{"amenity":"arts_centre","building":"yes","name":"Son Siurana","name:ca":"Son Siurana"}},
{"type":"Feature","id":"a560837780","geometry":{"type":"MultiPolygon","coordinates":[[[[3.352983,39.6963819],[3.3530211,39.696372],[3.3530387,39.6963232],[3.3531291,39.6962798],[3.3531028,39.6962455],[3.3531575,39.6962265],[3.3531806,39.6962621],[3.3534902,39.6961172],[3.3536442,39.6961354],[3.3536929,39.6960698],[3.3537851,39.6961189],[3.3538668,39.6962315],[3.3539158,39.6962013],[3.3539476,39.6962373],[3.3538797,39.6962621],[3.3539272,39.6962803],[3.3540291,39.696321],[3.3541037,39.6963645],[3.3541502,39.6963585],[3.3541601,39.6963766],[3.3541333,39.6963957],[3.3541107,39.6963986],[3.3540637,39.6964526],[3.3539059,39.6965149],[3.3538208,39.6965662],[3.3537124,39.696598],[3.3536417,39.6966086],[3.3536016,39.6965993],[3.353505,39.6965817],[3.3534952,39.6965958],[3.3534816,39.6965998],[3.3534714,39.6965968],[3.3534659,39.6965918],[3.3534705,39.6965669],[3.3534283,39.6965532],[3.3532634,39.6964968],[3.3532553,39.6965134],[3.3532365,39.6965121],[3.3532193,39.6965043],[3.3532242,39.696484],[3.35313,39.696443],[3.3530516,39.6963959],[3.3530007,39.6964076],[3.35299,39.6964001],[3.352983,39.6963819]]]]},"properties":{"alt_name":"Almudaina d’Artà","comment":"Almudaina d’Artà refers to the wall, the only remains of the previous castle. Sant Salvador is the church located within the walls.","historic":"castle","name":"Sant Salvador","name:ca":"Sant Salvador","toilets:wheelchair":"yes","wheelchair":"yes","wikidata":"Q2649795","wikimedia_commons":"Category:Sant Salvador d’Artà","wikipedia":"de:Almudaina d’Artà"}},
{"type":"Feature","id":"a567592028","geometry":{"type":"MultiPolygon","coordinates":[[[[3.3489054,39.6936308],[3.3490551,39.6935775],[3.3490407,39.6935557],[3.3491268,39.6935176],[3.3491561,39.6935563],[3.3491787,39.6935862],[3.3492143,39.6936333],[3.3492335,39.6936586],[3.3492588,39.6936922],[3.3492849,39.6937268],[3.3493663,39.6938345],[3.3492598,39.6938796],[3.349205,39.6937974],[3.3491424,39.6937035],[3.3491137,39.6937141],[3.3490914,39.6937222],[3.3490734,39.6937289],[3.349051,39.6937371],[3.349036,39.6937131],[3.34902,39.6937187],[3.349004,39.6936902],[3.3489459,39.6937086],[3.3489054,39.6936308]]]]},"properties":{"amenity":"marketplace","building":"yes","building:levels":"1","check_date":"2026-03-03","name":"Sa Central","name:ca":"Sa Central","roof:shape":"flat","wheelchair":"yes"}},
{"type":"Feature","id":"a567599748","geometry":{"type":"MultiPolygon","coordinates":[[[[3.351164,39.694842],[3.3512055,39.6948233],[3.3512143,39.6948323],[3.3512338,39.6948213],[3.3512659,39.6948063],[3.3513235,39.6948766],[3.3513359,39.6948706],[3.3513822,39.6949233],[3.3513796,39.69493],[3.3514496,39.6949989],[3.3514131,39.6950266],[3.351402,39.6950351],[3.3514007,39.6950335],[3.3513744,39.6950025],[3.3513214,39.6950343],[3.351164,39.694842]]]]},"properties":{"building":"yes","building:levels":"3","fee":"yes","name":"Museu Regional","name:ca":"Museu Regional","roof:shape":"flat","tourism":"museum"}},
{"type":"Feature","id":"a583598518","geometry":{"type":"MultiPolygon","coordinates":[[[[2.9316196,39.1524734],[2.9316276,39.1524298],[2.9316598,39.1524256],[2.9317,39.1524277],[2.9317316,39.1523924],[2.9317846,39.1524229],[2.9317654,39.1524503],[2.9318475,39.1524963],[2.9318905,39.1526086],[2.9318615,39.1526471],[2.9318234,39.1526565],[2.93181,39.152644],[2.9317107,39.152644],[2.9316544,39.1525566],[2.9316196,39.1524734]]]]},"properties":{"building":"yes","castle_type":"defensive","historic":"castle","name":"Es Castell","name:ca":"Es Castell","ruins":"castle","source":"survey"}},
{"type":"Feature","id":"a586994028","geometry":{"type":"MultiPolygon","coordinates":[[[[3.2648127,39.5965613],[3.2649945,39.5965063],[3.2649945,39.5964804],[3.2650514,39.5964622],[3.2650458,39.5964518],[3.2650788,39.5964413],[3.2650113,39.596313],[3.2650804,39.5962938],[3.2651274,39.5963876],[3.2654353,39.5962959],[3.2654525,39.5963303],[3.2654668,39.5963261],[3.2654867,39.5963657],[3.265476,39.596376],[3.2654911,39.5964058],[3.2650101,39.5965516],[3.2650267,39.596584],[3.2649767,39.5965991],[3.2649635,39.5965733],[3.2648382,39.5966113],[3.2648127,39.5965613]]]]},"properties":{"historic":"archaeological_site","name":"Basílica de Son Peretó","name:ca":"Basílica de Son Peretó","wikidata":"Q810130","wikimedia_commons":"Category:Basílica Paleocristiana de Son Peretó","wikipedia":"ca:Basílica de Son Peretó"}},
{"type":"Feature","id":"a587134750","geometry":{"type":"MultiPolygon","coordinates":[[[[2.4804596,39.507535],[2.4804623,39.5075081],[2.4804676,39.5074853],[2.4804676,39.5074439],[2.4804757,39.507386],[2.4804864,39.5073529],[2.4805991,39.507326],[2.4806232,39.5073197],[2.4806634,39.5073425],[2.4806393,39.5073694],[2.4805883,39.507448],[2.4806691,39.5074557],[2.4807341,39.5075616],[2.4806983,39.5075743],[2.4806554,39.5075784],[2.4805588,39.5075764],[2.4804918,39.5075764],[2.4804596,39.507535]]]]},"properties":{"historic":"archaeological_site","name":"Puig de Sa Morisca","name:ca":"Puig de Sa Morisca","wikidata":"Q6092629","wikimedia_commons":"Category:Puig de la Morisca (parc arqueològic)","wikipedia":"ca:Puig de Sa Morisca (jaciment arqueològic)"}},
{"type":"Feature","id":"a591001128","geometry":{"type":"MultiPolygon","coordinates":[[[[2.620678,39.5455455],[2.6215107,39.5455781],[2.6227266,39.5456271],[2.624006,39.5456719],[2.6242518,39.5457823],[2.624225,39.5459404],[2.6242598,39.5461245],[2.6241502,39.5462419],[2.6235801,39.5465478],[2.6233755,39.5469028],[2.6233655,39.5469182],[2.6233418,39.5469278],[2.6233093,39.5469317],[2.6232856,39.5469317],[2.6232632,39.5469259],[2.623242,39.5469115],[2.623111,39.5467364],[2.6229176,39.5467845],[2.6228914,39.5467835],[2.6228715,39.5467758],[2.622854,39.5467672],[2.6228403,39.5467547],[2.622824,39.5466008],[2.6225808,39.5465931],[2.6225321,39.5465729],[2.6224886,39.5465196],[2.6215517,39.5463659],[2.6214441,39.546072],[2.6214124,39.5460734],[2.6213806,39.5460625],[2.6213471,39.5460434],[2.6213189,39.5460162],[2.6212994,39.5459768],[2.6212994,39.5459332],[2.6207084,39.5456543],[2.620678,39.5455455]]]]},"properties":{"description:en":"Castle built in the 1600s. Now houses a military museum.","fee":"no","historic":"castle","name":"Castell de Sant Carles","name:ca":"Castell de Sant Carles","name:es":"Castillo de San Carlos","old_name":"castell de Portopí","tourism":"attraction","website":"http://www.museomilitarsancarlos.com","wikidata":"Q577830","wikimedia_commons":"Category:Fortalesa de Sant Carles","wikipedia":"ca:Fortalesa de Sant Carles"}},
{"type":"Feature","id":"a593372202","geometry":{"type":"MultiPolygon","coordinates":[[[[2.7605835,39.6172632],[2.7607955,39.6171921],[2.7608233,39.6172412],[2.7607817,39.6172552],[2.7607895,39.617269],[2.7607691,39.6172759],[2.7607751,39.6172865],[2.7606877,39.6173158],[2.7606839,39.6173091],[2.7606626,39.6173162],[2.760653,39.6172992],[2.7606117,39.6173131],[2.7605835,39.6172632]]]]},"properties":{"addr:postcode":"07141","amenity":"arts_centre","building":"yes","name":"Centre Cultural S'Escorxador"}},
{"type":"Feature","id":"a599354146","geometry":{"type":"MultiPolygon","coordinates":[[[[2.9015456,39.7553229],[2.9015814,39.7552911],[2.901644,39.7552388],[2.9016893,39.7552585],[2.9017311,39.7552187],[2.9017679,39.7551699],[2.9019215,39.7552578],[2.901791,39.755354],[2.9017572,39.7553267],[2.9016955,39.7553838],[2.9016745,39.7554057],[2.9015456,39.7553229]]]]},"properties":{"amenity":"theatre","building":"yes","name":"Es Centre"}},
{"type":"Feature","id":"a603624944","geometry":{"type":"MultiPolygon","coordinates":[[[[2.5043137,39.5651877],[2.5043311,39.5650927],[2.5043418,39.5650923],[2.5043454,39.5650614],[2.5043533,39.5650613],[2.5043539,39.5650664],[2.5044045,39.5650824],[2.5044028,39.5650983],[2.5044381,39.5651023],[2.5044376,39.5651091],[2.504683,39.5651801],[2.5046126,39.5652914],[2.5044041,39.5652303],[2.5044085,39.565213],[2.504337,39.5652087],[2.5043137,39.5651877]]]]},"properties":{"amenity":"theatre","building":"yes","name":"Sa Societat","name:ca":"Sa Societat","wikidata":"Q46591671","wikipedia":"ca:Sa Societat"}},
{"type":"Feature","id":"a603890906","geometry":{"type":"MultiPolygon","coordinates":[[[[2.5774548,39.5459629],[2.5777953,39.5456941],[2.5778585,39.5457416],[2.5778309,39.5457633],[2.5778689,39.545792],[2.5778386,39.545816],[2.5779624,39.5459093],[2.5780197,39.545864],[2.5780967,39.545922],[2.5777567,39.5461903],[2.5774548,39.5459629]]]]},"properties":{"building":"yes","historic":"castle","name":"Castell de Bendinat","name:ca":"Castell de Bendinat","name:es":"Castillo de Bendinat","wikidata":"Q63903002","wikimedia_commons":"Category:Castell de Bendinat","wikipedia":"es:Castillo de Bendinat"}},
{"type":"Feature","id":"a606158924","geometry":{"type":"MultiPolygon","coordinates":[[[[2.6460856,39.5708891],[2.6461642,39.5708555],[2.6461611,39.5708478],[2.6462256,39.5708316],[2.6465167,39.570762],[2.6465977,39.5709597],[2.6466245,39.5710246],[2.6465321,39.571026],[2.6465306,39.5710269],[2.6464838,39.5710268],[2.6463542,39.5710278],[2.6462514,39.5710234],[2.6461661,39.5710199],[2.6461583,39.5710176],[2.6461504,39.5710128],[2.6461451,39.571008],[2.6460913,39.5708988],[2.6460856,39.5708891]]]]},"properties":{"amenity":"arts_centre","building":"yes","heritage":"3","heritage:operator":"Consell de Mallorca","name":"Casal Solleric","name:ca":"Casal Solleric","website":"https://casalsolleric.palma.es/","wikidata":"Q18003816","wikimedia_commons":"Category:Casal Solleric","wikipedia":"ca:Casal Solleric"}},
{"type":"Feature","id":"a607145024","geometry":{"type":"MultiPolygon","coordinates":[[[[2.4510828,39.5411499],[2.4510989,39.540876],[2.4513308,39.5408757],[2.4513081,39.5411561],[2.4510828,39.5411499]]]]},"properties":{"amenity":"theatre","building":"yes","name":"Auditori","name:ca":"Auditori"}},
{"type":"Feature","id":"a608084722","geometry":{"type":"MultiPolygon","coordinates":[[[[2.4662169,39.5129352],[2.4662194,39.5129194],[2.4662288,39.5129052],[2.4662439,39.5128943],[2.4662628,39.512888],[2.4662834,39.5128872],[2.4663032,39.5128917],[2.4663197,39.5129013],[2.4663311,39.5129145],[2.4663357,39.5129285],[2.4663345,39.5129429],[2.4663276,39.5129563],[2.4663156,39.5129673],[2.4662998,39.512975],[2.4662817,39.5129785],[2.4662631,39.5129775],[2.4662457,39.5129722],[2.4662314,39.5129629],[2.4662216,39.5129507],[2.4662169,39.5129352]]]]},"properties":{"historic":"memorial","name":"creu del Rei en Jaume","name:ca":"creu del Rei en Jaume","name:es":"Cruz del desembarco","wheelchair":"limited","wikidata":"Q107466737","wikimedia_commons":"Category:Creu del desembarcament de Jaume I a Mallorca"}},
{"type":"Feature","id":"a8109319","geometry":{"type":"MultiPolygon","coordinates":[[[[3.3110341,39.7371966],[3.3110768,39.7371554],[3.3110743,39.7371413],[3.311112,39.7371081],[3.3110978,39.737089],[3.3111865,39.7370079],[3.3112785,39.7370722],[3.3113412,39.7371161],[3.3113836,39.7370948],[3.3116156,39.7373691],[3.3115331,39.7374103],[3.3114626,39.7373659],[3.3114264,39.7373777],[3.3113367,39.737302],[3.3112903,39.7373354],[3.3112064,39.7372519],[3.311172,39.7372878],[3.3110341,39.7371966]]],[[[3.3116083,39.7373803],[3.3116432,39.737356],[3.3116859,39.7373791],[3.3117334,39.7373669],[3.3117714,39.7373414],[3.3117699,39.7373304],[3.3118031,39.7373182],[3.311838,39.7373633],[3.3117714,39.7374607],[3.3117208,39.737401],[3.3116907,39.7374266],[3.3116083,39.7373803]]]]},"properties":{"amenity":"place_of_worship","building":"yes","denomination":"catholic","name":"Ermita de Betlem","name:ca":"Ermita de Betlem","religion":"christian","source":"ideib WMS","tourism":"attraction","wikidata":"Q1355964","wikipedia":"ca:Ermita de Betlem"}},
{"type":"Feature","id":"a609168758","geometry":{"type":"MultiPolygon","coordinates":[[[[2.7743243,39.6486233],[2.7743429,39.6485925],[2.7743856,39.6485279],[2.774478,39.6485649],[2.7744781,39.6485816],[2.7744781,39.6485896],[2.7745496,39.6485924],[2.7745568,39.648593],[2.7745618,39.6485945],[2.7745705,39.6485974],[2.7746901,39.648667],[2.7747097,39.6486784],[2.7747591,39.6486699],[2.7746649,39.6487929],[2.7746674,39.6487939],[2.7746694,39.6487946],[2.7746726,39.648796],[2.7746483,39.6488343],[2.77459,39.6489237],[2.7745712,39.6489159],[2.7745793,39.6489053],[2.7744311,39.6488505],[2.7744712,39.6488168],[2.7744821,39.6488067],[2.7744842,39.6487949],[2.7744836,39.6487841],[2.7744874,39.648773],[2.7744987,39.6487624],[2.7744843,39.6487062],[2.77451,39.6486912],[2.7743243,39.6486233]]]]},"properties":{"addr:city":"Santa Maria del Camí","addr:housenumber":"16","addr:postcode":"07320","addr:street":"Carrer de Jaume I","amenity":"theatre","building":"yes","building:levels":"2","check_date":"2024-08-24","name":"Ses Cases des Mestres","not:operator:wikidata":"Q6126026","smoking":"no","wheelchair":"yes"}},
{"type":"Feature","id":"a609213474","geometry":{"type":"MultiPolygon","coordinates":[[[[2.7781021,39.6472947],[2.7781933,39.647202],[2.778331,39.6472716],[2.7782216,39.6473591],[2.7781021,39.6472947]]]]},"properties":{"building":"yes","fee":"no","height":"8.5","name":"Ca s'Apotecari","name:ca":"Ca s'Apotecari","operator":"Ajuntament de Santa Maria del Camí","operator:type":"government","smoking":"outside","tourism":"museum","wikidata":"Q31074672","wikipedia":"ca:Ca s'Apotecari"}},
{"type":"Feature","id":"a610412482","geometry":{"type":"MultiPolygon","coordinates":[[[[2.7820878,39.7972553],[2.7821097,39.7972412],[2.7821397,39.7972688],[2.7821177,39.7972829],[2.7820878,39.7972553]]]]},"properties":{"barrier":"wall","name":"Cases de Neu","name:ca":"Cases de Neu","name:es":"Casas de Nieve","tourism":"attraction","wikidata":"Q8348142","wikipedia":"es:Coma de n'Arbona"}},
{"type":"Feature","id":"a610412484","geometry":{"type":"MultiPolygon","coordinates":[[[[2.7822883,39.7976387],[2.7823312,39.7976306],[2.7823541,39.7977022],[2.7823112,39.7977103],[2.7822883,39.7976387]]]]},"properties":{"barrier":"wall","name":"Casa dels nevaters","name:ca":"Casa dels nevaters","name:es":"Casas de Nieve","tourism":"attraction","wikidata":"Q8348142","wikipedia":"es:Coma de n'Arbona"}},
{"type":"Feature","id":"a610523972","geometry":{"type":"MultiPolygon","coordinates":[[[[3.2092852,39.724077],[3.2093668,39.7240153],[3.2094485,39.7240776],[3.2093661,39.7241386],[3.2092852,39.724077]]]]},"properties":{"alt_name":"Talaiot de sa Cova de sa Nineta","archaeological_site":"megalith","historic":"archaeological_site","megalith_type":"talaiot","name":"Talaiot de sa Nineta","name:ca":"Talaiot de sa Cova de sa Nineta","ruins":"yes","wikidata":"Q1307222","wikimedia_commons":"Category:Talaiot de sa Cova de sa Nineta","wikipedia":"de:Talaiot de sa Cova de sa Nineta"}},
{"type":"Feature","id":"a610786652","geometry":{"type":"MultiPolygon","coordinates":[[[[2.6264141,39.5691146],[2.6264646,39.5691127],[2.6267607,39.5691021],[2.6267615,39.5691162],[2.6268941,39.5691115],[2.6268987,39.5691696],[2.6269062,39.56928],[2.6264382,39.5692979],[2.6264318,39.5691614],[2.6264169,39.5691619],[2.6264141,39.5691146]]]]},"properties":{"amenity":"place_of_worship","building":"church","denomination":"catholic","historic":"monastery","name":"Santa Teresa","name:ca":"Santa Teresa","religion":"christian"}},
{"type":"Feature","id":"a613174396","geometry":{"type":"MultiPolygon","coordinates":[[[[3.4514329,39.7382916],[3.4514347,39.7382861],[3.4514386,39.7382814],[3.4514443,39.738278],[3.4514512,39.7382762],[3.4514584,39.7382762],[3.4514652,39.7382779],[3.4514709,39.7382813],[3.4514748,39.7382859],[3.4514767,39.7382912],[3.4514762,39.7382967],[3.4514734,39.7383018],[3.4514687,39.7383059],[3.4514624,39.7383086],[3.4514553,39.7383097],[3.4514481,39.7383089],[3.4514416,39.7383063],[3.4514366,39.7383022],[3.4514336,39.7382972],[3.4514329,39.7382916]]]]},"properties":{"building":"yes","historic":"ruins","man_made":"tower","name":"Talaia de Son Jaumell","name:ca":"Talaia de Son Jaumell","note":"Signal tower","ruins":"yes","tower:type":"defensive","wikidata":"Q18028345","wikimedia_commons":"Category:Talaia de Son Jaumell"}},
{"type":"Feature","id":"a615563234","geometry":{"type":"MultiPolygon","coordinates":[[[[2.5000024,39.6837015],[2.5000037,39.6836945],[2.5000077,39.6836882],[2.5000141,39.6836832],[2.5000222,39.6836799],[2.5000311,39.6836787],[2.5000402,39.6836797],[2.5000484,39.6836828],[2.5000549,39.6836877],[2.5000592,39.6836939],[2.5000607,39.6837016],[2.5000588,39.6837093],[2.5000535,39.6837159],[2.5000456,39.6837208],[2.500036,39.6837233],[2.5000259,39.6837232],[2.5000165,39.6837204],[2.5000089,39.6837152],[2.500004,39.6837084],[2.5000024,39.6837015]]]]},"properties":{"alt_name":"Torre de Ses Animes","building":"yes","heritage":"3","heritage:operator":"Consell de Mallorca","historic":"castle","man_made":"tower","name":"Torre del Verger","name:ca":"Torre del Verger","seamark:landmark:category":"tower","seamark:type":"landmark","tourism":"viewpoint","tower:type":"defensive","wikidata":"Q18008271","wikimedia_commons":"Category:Torre del Verger","wikipedia":"ca:Torre del Verger"}},
{"type":"Feature","id":"a618367318","geometry":{"type":"MultiPolygon","coordinates":[[[[2.8226816,39.3976845],[2.8228002,39.3975202],[2.8229595,39.3973821],[2.8234756,39.3970918],[2.8239369,39.3968845],[2.8241839,39.3967904],[2.8244967,39.3968105],[2.8246074,39.3968264],[2.8253335,39.3974199],[2.8254336,39.3975933],[2.8254282,39.3977094],[2.8251565,39.3983484],[2.8250956,39.3984056],[2.8249044,39.3984604],[2.8226816,39.3976845]]]]},"properties":{"fee":"yes","historic":"archaeological_site","name":"Capocorb Vell","wikidata":"Q16620555","wikipedia":"es:Poblado prehistórico de Capocorb Vell"}},
{"type":"Feature","id":"a618367326","geometry":{"type":"MultiPolygon","coordinates":[[[[2.8246865,39.3981485],[2.8247112,39.3981121],[2.8247825,39.3981241],[2.8249223,39.3981666],[2.8249526,39.3982552],[2.8249167,39.398305],[2.8248762,39.3983228],[2.8248086,39.3983385],[2.8247273,39.398325],[2.8246887,39.398293],[2.8246865,39.3981485]]]]},"properties":{"highway":"footway","source":"survey"}},
{"type":"Feature","id":"a622873172","geometry":{"type":"MultiPolygon","coordinates":[[[[3.1219002,39.8524978],[3.1219977,39.8523649],[3.1220289,39.8523225],[3.1221937,39.8524244],[3.1221587,39.8524613],[3.1221254,39.8524983],[3.1220693,39.8524688],[3.1220364,39.8524955],[3.1219936,39.852545],[3.1219002,39.8524978]]]]},"properties":{"amenity":"library","building":"yes","historic":"manor","name":"Can Torró","name:ca":"Can Torró","operator":"Ajuntament d'Alcúdia","wikidata":"Q85806321","wikipedia":"es:Biblioteca Can Torró"}},
{"type":"Feature","id":"a661596524","geometry":{"type":"MultiPolygon","coordinates":[[[[3.2195068,39.5697497],[3.2195182,39.5697289],[3.2195137,39.5697275],[3.2195253,39.5697059],[3.2195208,39.5697045],[3.219539,39.5696705],[3.2195444,39.5696722],[3.2195491,39.5696634],[3.2195588,39.5696455],[3.2195633,39.5696372],[3.2195525,39.5696337],[3.2195583,39.5696229],[3.2196222,39.5696435],[3.2196234,39.5696413],[3.2196639,39.5696544],[3.2196659,39.5696508],[3.2197014,39.5696623],[3.2197029,39.5696596],[3.2197479,39.5696741],[3.2197492,39.5696717],[3.2197552,39.5696737],[3.2197822,39.5696824],[3.2197929,39.5696858],[3.2197891,39.569693],[3.2198282,39.5697056],[3.2198148,39.5697306],[3.2199043,39.5697595],[3.2198895,39.5697865],[3.2198618,39.5698386],[3.2198322,39.5698932],[3.219818,39.5699204],[3.2198156,39.5699197],[3.2198016,39.569947],[3.2197507,39.5699314],[3.2197487,39.5699334],[3.2197099,39.5699208],[3.2197089,39.5699205],[3.2197393,39.5698641],[3.2197442,39.5698552],[3.2196786,39.5698338],[3.2196804,39.5698303],[3.2196542,39.5698218],[3.2196434,39.5698183],[3.21964,39.5698245],[3.2196055,39.5698134],[3.2195996,39.5698243],[3.2195864,39.56982],[3.219549,39.5698079],[3.2195571,39.569793],[3.2195301,39.5697843],[3.2195426,39.5697612],[3.2195068,39.5697497]]]]},"properties":{"amenity":"theatre","building":"yes","building:levels":"2","height":"6","name":"Teatre municipal","name:ca":"Teatre municipal","source":"catastro","source:date":"2014-01","wikidata":"Q18005037","wikipedia":"ca:Teatre Municipal (Manacor)"}},
{"type":"Feature","id":"a662398914","geometry":{"type":"MultiPolygon","coordinates":[[[[3.2108683,39.5685186],[3.2109424,39.5684367],[3.2109472,39.5684317],[3.2110511,39.5684945],[3.2110497,39.5684955],[3.2110582,39.5684972],[3.2110498,39.5685614],[3.2110424,39.5686175],[3.2110419,39.5686171],[3.210978,39.5685766],[3.210977,39.5685759],[3.2109736,39.5685798],[3.210871,39.5685201],[3.2108683,39.5685186]]]]},"properties":{"source":"catastro","source:date":"2014-01","tourism":"museum"}},
{"type":"Feature","id":"a662733614","geometry":{"type":"MultiPolygon","coordinates":[[[[3.2721025,39.4360211],[3.2721431,39.4360167],[3.2721554,39.4360845],[3.2721148,39.4360889],[3.2721025,39.4360211]]]]},"properties":{"building":"yes","historic":"ruins"}},
{"type":"Feature","id":"a664912172","geometry":{"type":"MultiPolygon","coordinates":[[[[3.2174926,39.5707748],[3.2175431,39.570724],[3.2175584,39.5707086],[3.2176234,39.5707484],[3.2176382,39.5707574],[3.2176514,39.5707655],[3.2176338,39.5707826],[3.2176159,39.5708001],[3.217612,39.5708038],[3.2175844,39.5708308],[3.2175659,39.5708195],[3.2175257,39.570795],[3.2174926,39.5707748]]]]},"properties":{"amenity":"theatre","building":"yes","building:levels":"3","height":"9","name":"La Fornal","source":"catastro","source:date":"2014-01"}},
{"type":"Feature","id":"a664928854","geometry":{"type":"MultiPolygon","coordinates":[[[[3.335429,39.5424609],[3.3354311,39.5424575],[3.335456,39.5424209],[3.3355195,39.5423277],[3.335537,39.5423019],[3.3356056,39.5423282],[3.3356095,39.5423297],[3.3355118,39.5424657],[3.3354964,39.5424884],[3.335429,39.5424609]]]]},"properties":{"amenity":"arts_centre","building":"yes","building:levels":"1","height":"3","name":"centre de cultura","source":"catastro","source:date":"2014-01"}},
{"type":"Feature","id":"a665699278","geometry":{"type":"MultiPolygon","coordinates":[[[[2.7364326,39.5257212],[2.7366137,39.5255847],[2.7367196,39.5256654],[2.7367397,39.525655],[2.7368376,39.5257719],[2.7367397,39.5258547],[2.7365775,39.5257874],[2.736552,39.525805],[2.7364326,39.5257212]]]]},"properties":{"amenity":"theatre","building":"yes","name":"Auditori","name:ca":"Auditori"}},
{"type":"Feature","id":"a668172292","geometry":{"type":"MultiPolygon","coordinates":[[[[2.6471997,39.5905899],[2.6473307,39.5902039],[2.6477656,39.5902487],[2.6477279,39.5903521],[2.6476552,39.5903453],[2.6476226,39.5904416],[2.6476154,39.5904405],[2.6475816,39.5905364],[2.6476023,39.5905398],[2.6475771,39.5906103],[2.6475976,39.5906176],[2.6475816,39.5906703],[2.6471997,39.5905899]]]]},"properties":{"amenity":"marketplace","building":"yes","building:levels":"4","name":"Mercat municipal de Camp Redó"}},
{"type":"Feature","id":"a668330538","geometry":{"type":"MultiPolygon","coordinates":[[[[3.1824951,39.7371104],[3.1828659,39.7368195],[3.1829505,39.7368876],[3.1827575,39.7370204],[3.1828467,39.7370895],[3.1828128,39.7371154],[3.1828488,39.7371432],[3.182765,39.7372072],[3.182709,39.7371638],[3.1826864,39.7371463],[3.1826135,39.7372021],[3.1824951,39.7371104]]]]},"properties":{"building":"office","fee":"no","name":"centre d'interpretació i museu arqueològic","tourism":"museum"}},
{"type":"Feature","id":"a668544602","geometry":{"type":"MultiPolygon","coordinates":[[[[3.1811387,39.7463683],[3.1811496,39.7463636],[3.1811535,39.7463702],[3.1811432,39.7463746],[3.1811387,39.7463683]]]]},"properties":{"ele":"49.26","historic":"monument","name":"Sa Talaieta"}},
{"type":"Feature","id":"a670462476","geometry":{"type":"MultiPolygon","coordinates":[[[[2.9069594,39.7153764],[2.9070794,39.7152934],[2.9073957,39.7155636],[2.907712,39.7158338],[2.907592,39.7159169],[2.9072812,39.7156513],[2.9069594,39.7153764]]]]},"properties":{"addr:city":"inca","addr:housenumber":"223","addr:postcode":"07300","addr:street":"Carrer del General Luque","building":"yes","fee":"no","museum":"local","name":"Museu del Calçat i de la indústria","name:ca":"Museu del Calçat i de la indústria","operator":"Ajuntament d'Inca","source":"survey;Bing WMS","tourism":"museum","website":"https://museu.incaciutat.com/"}},
{"type":"Feature","id":"a677663688","geometry":{"type":"MultiPolygon","coordinates":[[[[3.087355,39.5683127],[3.0874273,39.5682032],[3.0876435,39.568255],[3.0876745,39.5681886],[3.0875188,39.5681495],[3.0875065,39.5681724],[3.0874566,39.5681586],[3.0875299,39.5680475],[3.0878485,39.5681329],[3.0877944,39.5682195],[3.08777,39.5682513],[3.0877389,39.5682429],[3.0877535,39.5682091],[3.0877411,39.5682059],[3.0876782,39.5683053],[3.0877255,39.5683191],[3.0876798,39.56839],[3.087355,39.5683127]]]]},"properties":{"amenity":"theatre","building":"yes","name":"sa Rectoria Vella"}},
{"type":"Feature","id":"a686492548","geometry":{"type":"MultiPolygon","coordinates":[[[[2.6769839,39.6627116],[2.6774427,39.6626342],[2.6774951,39.6627475],[2.6776368,39.6627155],[2.6781568,39.6626499],[2.6781682,39.6627326],[2.6780829,39.6627445],[2.6780856,39.6627661],[2.6780066,39.6627739],[2.6780105,39.6627906],[2.6779475,39.6627975],[2.6779025,39.6628034],[2.677913,39.6628645],[2.6780729,39.6628511],[2.6782439,39.6628132],[2.678313,39.6630411],[2.6783424,39.6630372],[2.6783795,39.6631541],[2.6783381,39.6632383],[2.6783071,39.6632448],[2.6783148,39.6632651],[2.6782656,39.6633225],[2.6781699,39.6633414],[2.6781784,39.6633851],[2.6780263,39.6634107],[2.6780321,39.6634392],[2.677919,39.6634582],[2.6779426,39.6635357],[2.6777955,39.6635629],[2.6777721,39.6634811],[2.6777343,39.6634876],[2.6777304,39.6634634],[2.6776161,39.6634768],[2.6772445,39.6635329],[2.6771949,39.6634117],[2.6770958,39.6634263],[2.6769967,39.6631626],[2.6771255,39.6631644],[2.6771206,39.6631167],[2.6771544,39.6630886],[2.6772067,39.6630978],[2.6772453,39.6631547],[2.6774789,39.6631105],[2.6774245,39.6629352],[2.6771438,39.6629902],[2.6770851,39.6628102],[2.6770195,39.6628246],[2.6769839,39.6627116]]]]},"properties":{"amenity":"theatre","building":"yes","name":"Son Amar","name:ca":"Son Amar"}},
{"type":"Feature","id":"a687107674","geometry":{"type":"MultiPolygon","coordinates":[[[[3.3553545,39.5863595],[3.3606499,39.5818624],[3.3617557,39.5809322],[3.3619178,39.5808109],[3.3622927,39.5814366],[3.3623587,39.5814604],[3.3624517,39.5816328],[3.3625123,39.5816265],[3.3625702,39.5816265],[3.3626294,39.581638],[3.362686,39.5816888],[3.3628159,39.581918],[3.3631394,39.5824648],[3.3634388,39.5829089],[3.3630117,39.583179],[3.3628178,39.5833102],[3.3609875,39.5845474],[3.3618839,39.5853299],[3.3619456,39.5853335],[3.3601148,39.5865602],[3.3593171,39.587087],[3.3577367,39.5881366],[3.3553545,39.5863595]]]]},"properties":{"addr:city":"Porto Cristo","addr:postcode":"07680","addr:street":"Ctra. Porto Cristo-Son Servera, km 5","drive_through":"yes","fax":"+34 971 81 04 84","name":"Safari-Zoo","phone":"+34 971 81 09 09","tourism":"zoo","website":"https://www.safari-zoo.com/","zoo":"safari_park"}},
{"type":"Feature","id":"a690193386","geometry":{"type":"MultiPolygon","coordinates":[[[[3.1192079,39.8526482],[3.1193663,39.8525271],[3.1193807,39.8525381],[3.1192222,39.8526593],[3.1192079,39.8526482]]]]},"properties":{"barrier":"city_wall","historic":"citywalls"}},
{"type":"Feature","id":"a690193388","geometry":{"type":"MultiPolygon","coordinates":[[[[3.1200378,39.851901],[3.1201188,39.8517656],[3.1201353,39.8517715],[3.1200544,39.8519068],[3.1200378,39.851901]]]]},"properties":{"barrier":"city_wall","historic":"citywalls"}},
{"type":"Feature","id":"a690193390","geometry":{"type":"MultiPolygon","coordinates":[[[[3.1189884,39.8531014],[3.1189915,39.8529817],[3.1190344,39.852983],[3.1190296,39.8531018],[3.1189884,39.8531014]]]]},"properties":{"building":"yes","historic":"yes"}},
{"type":"Feature","id":"a690193392","geometry":{"type":"MultiPolygon","coordinates":[[[[3.1194019,39.8524971],[3.1197109,39.852259],[3.1197252,39.8522664],[3.1194157,39.8525076],[3.1194019,39.8524971]]]]},"properties":{"barrier":"city_wall","historic":"citywalls"}},
{"type":"Feature","id":"a690193404","geometry":{"type":"MultiPolygon","coordinates":[[[[3.1197481,39.8522284],[3.1199316,39.8520794],[3.1200097,39.8519468],[3.1200265,39.8519526],[3.1199463,39.852089],[3.1197621,39.8522385],[3.1197481,39.8522284]]]]},"properties":{"barrier":"city_wall","historic":"citywalls"}},
{"type":"Feature","id":"a690403804","geometry":{"type":"MultiPolygon","coordinates":[[[[3.1209159,39.8515188],[3.1209261,39.8515022],[3.1214119,39.8515557],[3.1214201,39.8515083],[3.1214722,39.8515135],[3.1214633,39.851563],[3.1219715,39.8517103],[3.121999,39.8516673],[3.1220484,39.8516836],[3.1220203,39.8517289],[3.1223118,39.8518795],[3.1223893,39.8519132],[3.1224963,39.8519501],[3.1224778,39.8519606],[3.122379,39.8519285],[3.1223262,39.8519085],[3.1219709,39.8517279],[3.121475,39.8515815],[3.1209159,39.8515188]]]]},"properties":{"barrier":"city_wall","heritage":"3","heritage:operator":"Consell de Mallorca","historic":"citywalls"}},
{"type":"Feature","id":"a690403806","geometry":{"type":"MultiPolygon","coordinates":[[[[3.1225581,39.851988],[3.1225778,39.8519777],[3.1228465,39.8520556],[3.1228444,39.8520687],[3.1225581,39.851988]]]]},"properties":{"barrier":"city_wall","heritage":"3","heritage:operator":"Consell de Mallorca","historic":"citywalls"}},
{"type":"Feature","id":"a692649492","geometry":{"type":"MultiPolygon","coordinates":[[[[3.1856976,39.7335614],[3.1857123,39.7335407],[3.1857472,39.7335253],[3.1857686,39.7335573],[3.1857284,39.7335748],[3.1857056,39.7335738],[3.1856976,39.7335614]]]]},"properties":{"historic":"archaeological_site"}},
{"type":"Feature","id":"a694787518","geometry":{"type":"MultiPolygon","coordinates":[[[[3.0557744,39.7355784],[3.0560114,39.735235],[3.0561183,39.7352783],[3.0558682,39.7356304],[3.0557744,39.7355784]]]]},"properties":{"amenity":"theatre","building":"yes"}},
{"type":"Feature","id":"a696057232","geometry":{"type":"MultiPolygon","coordinates":[[[[3.2019193,39.7479959],[3.2019348,39.747984],[3.201932,39.7479704],[3.2020197,39.7479381],[3.2020237,39.7479484],[3.2020438,39.7479433],[3.2020616,39.7479799],[3.2019348,39.7480265],[3.2019193,39.7479959]]]]},"properties":{"building":"bunker","historic":"ruins"}},
{"type":"Feature","id":"a697365296","geometry":{"type":"MultiPolygon","coordinates":[[[[3.3032013,39.7500336],[3.3032041,39.7500225],[3.3032114,39.7500127],[3.3032222,39.7500051],[3.3032356,39.7500005],[3.3032501,39.7499993],[3.3032644,39.7500017],[3.303278,39.750008],[3.303288,39.7500174],[3.3032933,39.7500289],[3.3032933,39.7500411],[3.303288,39.7500525],[3.303278,39.7500619],[3.3032644,39.7500682],[3.3032489,39.7500706],[3.3032332,39.7500689],[3.3032192,39.7500632],[3.3032092,39.750055],[3.303203,39.7500447],[3.3032013,39.7500336]]]]},"properties":{"archaeological_site":"megalith","historic":"archaeological_site","megalith_type":"chamber","name":"Sepulcre megalític de s’Aigua Dolça","name:ca":"Sepulcre megalític de s’Aigua Dolça","wikidata":"Q1235977","wikimedia_commons":"Category:Dolmen de s’Aigua Dolça","wikipedia":"ca:Dolmen de s'Aigua Dolça"}},
{"type":"Feature","id":"a697389364","geometry":{"type":"MultiPolygon","coordinates":[[[[3.2562212,39.731612],[3.2562438,39.7316019],[3.2562564,39.7316175],[3.2562322,39.7316261],[3.2562212,39.731612]]]]},"properties":{"historic":"ruins","name":"Barraca de Sa Quarentena"}},
{"type":"Feature","id":"a698681444","geometry":{"type":"MultiPolygon","coordinates":[[[[3.110029,39.9038089],[3.1100957,39.9036924],[3.110265,39.9036787],[3.1103566,39.9037844],[3.1102908,39.9038974],[3.1102147,39.9039025],[3.1101288,39.9039083],[3.110029,39.9038089]]]]},"properties":{"building":"yes","building:levels":"2","castle_type":"defensive","historic":"castle","name":"La Fortalesa"}},
{"type":"Feature","id":"a699159788","geometry":{"type":"MultiPolygon","coordinates":[[[[3.3383802,39.737985],[3.3385231,39.7379477],[3.3385854,39.7381127],[3.3384919,39.7381329],[3.3384659,39.7380487],[3.3384135,39.7380565],[3.3383802,39.737985]]]]},"properties":{"building":"detached","historic":"ruins","name":"Can Ros","name:ca":"Can Ros"}},
{"type":"Feature","id":"a710594258","geometry":{"type":"MultiPolygon","coordinates":[[[[2.5985035,39.561482],[2.5986921,39.5614444],[2.5987491,39.5616444],[2.5987888,39.5616354],[2.5988403,39.5616237],[2.5988702,39.5616196],[2.5990414,39.5615937],[2.599095,39.5615875],[2.5991139,39.561645],[2.5991617,39.5617954],[2.5991202,39.561858],[2.5989923,39.561833],[2.5988531,39.5618586],[2.5988352,39.5617855],[2.5987798,39.5617949],[2.5986502,39.5618252],[2.5986052,39.5617176],[2.5985904,39.5616813],[2.5985431,39.5615898],[2.5985035,39.561482]]]]},"properties":{"area":"yes","name":"Coves de Gènova","name:ca":"Coves de Gènova","tourism":"attraction"}},
{"type":"Feature","id":"a712513260","geometry":{"type":"MultiPolygon","coordinates":[[[[2.6400761,39.6662849],[2.6410682,39.6663012],[2.6410574,39.6669188],[2.6407544,39.6669337],[2.6406749,39.6670726],[2.6402941,39.6671075],[2.6401592,39.6671156],[2.6400761,39.6662849]]]]},"properties":{"craft":"glaziery","landuse":"commercial","name":"Lafiore","opening_hours":"09:00-18:00; Sa 09:00-13:45; Dec-Jan Mo-Fr 09:00-14:00","phone":"+34 971611800","shop":"yes","tourism":"attraction"}},
{"type":"Feature","id":"a712651204","geometry":{"type":"MultiPolygon","coordinates":[[[[3.372023,39.5580505],[3.3722715,39.5579524],[3.3726964,39.5584725],[3.3724419,39.5585151],[3.3722787,39.5584521],[3.372023,39.5580505]]]]},"properties":{"historic":"archaeological_site","name":"Castellot de Cala Morlanda"}},
{"type":"Feature","id":"a713939054","geometry":{"type":"MultiPolygon","coordinates":[[[[2.4809333,39.6534077],[2.480984,39.653382],[2.4810129,39.6534157],[2.4810347,39.6534046],[2.4810668,39.6534421],[2.4810557,39.6534477],[2.4809943,39.6534789],[2.4809333,39.6534077]]]]},"properties":{"building":"yes","historic":"yes","man_made":"tower","name":"Torre de Tem Alemany","tower:type":"defensive"}},
{"type":"Feature","id":"a717177204","geometry":{"type":"MultiPolygon","coordinates":[[[[3.0022758,39.7000554],[3.0023193,39.6999489],[3.0025922,39.7000281],[3.002604,39.6999885],[3.0026989,39.700022],[3.0026831,39.7001528],[3.0022758,39.7000554]]]]},"properties":{"amenity":"theatre","building":"yes"}},
{"type":"Feature","id":"a717927630","geometry":{"type":"MultiPolygon","coordinates":[[[[3.3588205,39.6213167],[3.3591632,39.621061],[3.3593442,39.6209152],[3.3594707,39.6208144],[3.3595688,39.6208471],[3.3596185,39.6208639],[3.3594705,39.621055],[3.359518,39.621086],[3.3593722,39.6211756],[3.358989,39.6214404],[3.3588205,39.6213167]]]]},"properties":{"architect":"Joan Rubió i Bellver","description":"unfinished church in neo-gothic style","historic":"ruins","name":"Església Nova","name:ca":"Església Nova","tourism":"attraction"}},
{"type":"Feature","id":"a723954556","geometry":{"type":"MultiPolygon","coordinates":[[[[2.7150149,39.7682048],[2.7150171,39.7681256],[2.7150198,39.7680818],[2.7150251,39.7679993],[2.7153479,39.7680145],[2.7153309,39.7682205],[2.7150149,39.7682048]]]]},"properties":{"amenity":"theatre","building":"yes","name":"Victòria"}},
{"type":"Feature","id":"a735185396","geometry":{"type":"MultiPolygon","coordinates":[[[[3.0218142,39.7707763],[3.0219172,39.7706378],[3.0220852,39.7707371],[3.0221849,39.7705907],[3.0222746,39.7706396],[3.0220629,39.7709047],[3.0218142,39.7707763]]]]},"properties":{"addr:housenumber":"25","addr:street":"Carrer Rosari","amenity":"theatre","building":"yes","name":"Sa Congregació","operator":"Ajuntament de Sa Pobla"}},
{"type":"Feature","id":"a741587826","geometry":{"type":"MultiPolygon","coordinates":[[[[2.9090834,39.7226165],[2.9092647,39.7224309],[2.9093897,39.7224881],[2.9094049,39.7224727],[2.9096898,39.7225945],[2.9094752,39.722803],[2.9094419,39.7227838],[2.9094197,39.7228047],[2.9090834,39.7226165]]]]},"properties":{"amenity":"theatre","building":"yes","name":"Principal"}},
{"type":"Feature","id":"a745589520","geometry":{"type":"MultiPolygon","coordinates":[[[[2.6475566,39.5718465],[2.6475676,39.5718428],[2.6475694,39.5717889],[2.6475593,39.5717826],[2.6476046,39.5715769],[2.6478494,39.5716081],[2.6478353,39.5717911],[2.6479215,39.5718169],[2.6479224,39.5718196],[2.6478192,39.5718754],[2.6477709,39.5719009],[2.6476224,39.5719737],[2.6475566,39.5718465]]]]},"properties":{"building":"apartments","name":"Casal Balaguer","tourism":"museum","website":"https://canbalaguer.palma.es/","wikidata":"Q105946604","wikimedia_commons":"Category:Can Balaguer (Palma)","wikipedia":"ca:Can Balaguer"}},
{"type":"Feature","id":"a748724386","geometry":{"type":"MultiPolygon","coordinates":[[[[3.1232749,39.8522625],[3.1232889,39.8522528],[3.1234831,39.8523835],[3.1234766,39.8523993],[3.1232749,39.8522625]]]]},"properties":{"barrier":"city_wall","historic":"citywalls"}},
{"type":"Feature","id":"a752191674","geometry":{"type":"MultiPolygon","coordinates":[[[[2.8235122,39.3974203],[2.8235171,39.39738],[2.8235528,39.3973592],[2.8235905,39.3973511],[2.823622,39.397364],[2.823637,39.3973837],[2.8236431,39.3973957],[2.8236367,39.3974291],[2.8236157,39.3974509],[2.8235943,39.3974591],[2.8235642,39.397453],[2.8235389,39.3974493],[2.8235122,39.3974203]]]]},"properties":{"barrier":"wall","historic":"ruins"}},
{"type":"Feature","id":"a752485884","geometry":{"type":"MultiPolygon","coordinates":[[[[2.3560687,39.5767511],[2.3562024,39.57661],[2.3562574,39.576641],[2.356304,39.5765919],[2.3563888,39.5766397],[2.3564409,39.5766121],[2.356515,39.5766538],[2.3562995,39.5768811],[2.3560687,39.5767511]]]]},"properties":{"access":"private","building":"yes","historic":"castle","name":"castell de Sant Elm","name:ca":"Castell de Sant Elm","note":"apparently now used as appartments","wikidata":"Q43141170","wikimedia_commons":"Category:Torre de Sant Elm","wikipedia":"ca:Castell de Sant Elm (Mallorca)"}},
{"type":"Feature","id":"a752613674","geometry":{"type":"MultiPolygon","coordinates":[[[[2.6548408,39.5676414],[2.6549015,39.5676303],[2.6549083,39.5676476],[2.6549119,39.5676474],[2.65497,39.567634],[2.6549712,39.5676372],[2.654989,39.5676847],[2.6549999,39.567715],[2.6550065,39.5677326],[2.6550118,39.5677317],[2.655019,39.5677502],[2.6550136,39.5677518],[2.6550181,39.5677647],[2.6549547,39.56778],[2.6548969,39.567793],[2.6548915,39.5677877],[2.6548878,39.5677716],[2.6548786,39.5677369],[2.654869,39.5677148],[2.6548619,39.5676999],[2.6548581,39.5676902],[2.6548408,39.5676414]]]]},"properties":{"building":"yes","heritage":"3","heritage:operator":"Consell de Mallorca","historic":"castle","name":"Torres de Gumara"}},
{"type":"Feature","id":"a754600654","geometry":{"type":"MultiPolygon","coordinates":[[[[3.2094068,39.5756261],[3.2095097,39.5752243],[3.2096014,39.5752383],[3.2096236,39.5751519],[3.2099934,39.5752082],[3.2098497,39.5757691],[3.2095085,39.5757172],[3.2095271,39.5756444],[3.2094068,39.5756261]]]]},"properties":{"amenity":"theatre","building":"yes","name":"Auditori","name:ca":"Auditori"}},
{"type":"Feature","id":"a755791900","geometry":{"type":"MultiPolygon","coordinates":[[[[2.8509262,39.8117283],[2.8510397,39.8117283],[2.8510397,39.8117641],[2.8509262,39.8117641],[2.8509262,39.8117283]]]]},"properties":{"building":"ruins","historic":"ruins","name":"casa de neu de Sa Mola","source":"survey;Bing aerial (shifted)"}},
{"type":"Feature","id":"a757140894","geometry":{"type":"MultiPolygon","coordinates":[[[[3.1195675,39.8510343],[3.1210718,39.8492183],[3.1214206,39.8485793],[3.1219915,39.8477241],[3.1221553,39.84759],[3.1222473,39.8476245],[3.1224967,39.8477162],[3.1225133,39.8476897],[3.1225314,39.8476963],[3.1225578,39.847654],[3.1225409,39.8476478],[3.1225782,39.8475879],[3.1226734,39.8474482],[3.1227102,39.8474214],[3.1231513,39.8471007],[3.1240735,39.8464303],[3.1247836,39.8467283],[3.124941,39.8467943],[3.1267381,39.8469176],[3.1267271,39.8471845],[3.1266733,39.8473727],[3.1265857,39.8474621],[3.1263824,39.8476601],[3.1266934,39.8478646],[3.1266816,39.8478805],[3.1266609,39.8478983],[3.1262292,39.8475971],[3.125897,39.8472335],[3.1253957,39.8471629],[3.1248616,39.8475268],[3.1243563,39.8477323],[3.1241684,39.8478818],[3.1238888,39.8481042],[3.1237078,39.8485434],[3.1234382,39.8489489],[3.1231008,39.849014],[3.1229023,39.8496023],[3.1226502,39.8496686],[3.1217414,39.8502645],[3.1214456,39.8506397],[3.120874,39.8503256],[3.1205315,39.8507462],[3.1207965,39.8508744],[3.1208406,39.8509548],[3.1207761,39.8509521],[3.120725,39.85095],[3.120412,39.850975],[3.1202753,39.8510232],[3.120188,39.8510884],[3.1199906,39.8513501],[3.1196246,39.8511768],[3.1195675,39.8510343]]]]},"properties":{"archaeological_site":"city","area":"yes","barrier":"fence","fee":"yes","historic":"archaeological_site","name":"Ciutat romana de Pollèntia","name:ca":"Ciutat romana de Pollèntia","name:es":"Ciudad romana de Pollentia","opening_hours":"Apr-Sep: Mo-Fr 09:30-20:30; Apr-Sep: Sa,Su 09:30-14:30; Oct-Mar: Mo-Fr 09:30-15:30","wikidata":"Q1512868","wikipedia":"ca:Pol·lèntia"}},
{"type":"Feature","id":"a757345786","geometry":{"type":"MultiPolygon","coordinates":[[[[3.1219324,39.855313],[3.121939,39.855297],[3.1224447,39.8554441],[3.1224542,39.8554359],[3.1224753,39.8554424],[3.1225006,39.8554189],[3.1225092,39.8554237],[3.1227847,39.8551705],[3.1228128,39.8551281],[3.1228807,39.8549956],[3.1230013,39.8547608],[3.1232002,39.8543897],[3.1236116,39.853663],[3.1236114,39.8535746],[3.1237331,39.8535831],[3.1237833,39.8535912],[3.1238143,39.8536149],[3.1238264,39.8536473],[3.1238221,39.8536784],[3.1237962,39.853701],[3.1237668,39.8537128],[3.1237249,39.8537126],[3.1236213,39.8536978],[3.123434,39.8540335],[3.123483,39.8540504],[3.1234586,39.8540937],[3.1234076,39.8540779],[3.123218,39.8543973],[3.1232674,39.854413],[3.1232449,39.8544567],[3.123198,39.8544423],[3.123021,39.8547692],[3.1230692,39.8547819],[3.1230466,39.8548285],[3.1229997,39.854813],[3.1229059,39.8549956],[3.1228317,39.8551357],[3.1228077,39.8551734],[3.1224824,39.8554706],[3.1219324,39.855313]]]]},"properties":{"barrier":"city_wall","historic":"citywalls","two_sided":"yes"}},
{"type":"Feature","id":"a757848110","geometry":{"type":"MultiPolygon","coordinates":[[[[2.8722714,39.7187595],[2.8723386,39.718636],[2.8724753,39.71868],[2.8725437,39.7185544],[2.8725988,39.7185722],[2.8725299,39.7186986],[2.8725423,39.7187037],[2.8724755,39.7188286],[2.8722714,39.7187595]]]]},"properties":{"amenity":"arts_centre","building":"yes","check_date":"2023-09-08","name":"sala d'exposicions Sa Mina"}},
{"type":"Feature","id":"a764559100","geometry":{"type":"MultiPolygon","coordinates":[[[[2.6488646,39.5725428],[2.6489806,39.572499],[2.6490576,39.5724704],[2.6492601,39.5724601],[2.6493718,39.5724522],[2.6494496,39.5724474],[2.649482,39.5724475],[2.6495532,39.5724714],[2.6495668,39.5724851],[2.6496063,39.5725305],[2.6496245,39.5725514],[2.6496406,39.5725717],[2.6496763,39.572616],[2.6496898,39.5726293],[2.649698,39.5726387],[2.64972,39.5726582],[2.6498302,39.5727598],[2.6497938,39.5727856],[2.6496822,39.5726873],[2.6496642,39.5726955],[2.6496432,39.5726984],[2.6496215,39.5726956],[2.649605,39.5726904],[2.6495924,39.5726835],[2.6495405,39.5727053],[2.6495228,39.5726801],[2.6495966,39.5726475],[2.6495804,39.5726255],[2.6495558,39.5726338],[2.6495597,39.5726401],[2.6495341,39.5726506],[2.6495435,39.5726645],[2.6494937,39.5726864],[2.6494352,39.5727106],[2.6493348,39.572751],[2.6492381,39.5727874],[2.6493262,39.5728603],[2.6493288,39.5728573],[2.6493859,39.5729054],[2.6493884,39.5729133],[2.6495114,39.5730161],[2.6494733,39.5730525],[2.6494311,39.5730924],[2.6493591,39.5730489],[2.6494024,39.5730103],[2.6493349,39.5729503],[2.6492837,39.5729899],[2.6490199,39.5727556],[2.6489726,39.5727161],[2.648935,39.5726566],[2.6488646,39.5725428]]]]},"properties":{"amenity":"place_of_worship","building":"yes","denomination":"catholic","heritage":"3","heritage:operator":"Consell de Mallorca","historic":"monastery","name":"Convent de les Caputxines","religion":"christian","wikidata":"Q106233880","wikimedia_commons":"Category:Convent de les Caputxines (Mallorca)"}},
{"type":"Feature","id":"a767925742","geometry":{"type":"MultiPolygon","coordinates":[[[[3.208104,39.5683944],[3.2081211,39.5683607],[3.2082783,39.5684135],[3.2083474,39.5682837],[3.208455,39.568319],[3.2084566,39.5683195],[3.2084058,39.5684112],[3.2083595,39.5684947],[3.2082872,39.5684642],[3.2082736,39.5684585],[3.2082497,39.5684491],[3.208104,39.5683944]]]]},"properties":{"building":"yes","building:levels":"3","name":"Fundació Antoni M. Alcover","name:ca":"Fundació Antoni M. Alcover","roof:shape":"flat","tourism":"museum"}},
{"type":"Feature","id":"a767981406","geometry":{"type":"MultiPolygon","coordinates":[[[[3.2051814,39.5661122],[3.2052092,39.5660706],[3.205376,39.5661366],[3.2053482,39.5661783],[3.2053145,39.5661649],[3.2052857,39.5661536],[3.2051814,39.5661122]]]]},"properties":{"building":"public","building:levels":"2","heritage":"3","heritage:operator":"Consell de Mallorca","historic":"castle","man_made":"tower","name":"Torre de ses Puntes","name:ca":"Torre de ses Puntes","tower:type":"defensive","wikidata":"Q43082719","wikimedia_commons":"Category:Torre de Ses Puntes, Manacor","wikipedia":"ca:Torre de ses Puntes"}},
{"type":"Feature","id":"a768867676","geometry":{"type":"MultiPolygon","coordinates":[[[[2.578188,39.6664837],[2.5782502,39.6663532],[2.5785631,39.666373],[2.5785135,39.666455],[2.5784411,39.6665695],[2.5782962,39.6665211],[2.578188,39.6664837]]]]},"properties":{"amenity":"theatre","building":"yes","name":"Casa des Poble"}},
{"type":"Feature","id":"a769622338","geometry":{"type":"MultiPolygon","coordinates":[[[[2.6530388,39.6037489],[2.6533302,39.6037164],[2.6533202,39.6036739],[2.6534411,39.6036624],[2.6535067,39.6040296],[2.6534089,39.6040386],[2.6534209,39.604098],[2.6535109,39.6040855],[2.6535454,39.6042583],[2.6533516,39.6042944],[2.6533106,39.6041497],[2.6533596,39.6041383],[2.6533276,39.6040053],[2.6530844,39.6040454],[2.6530388,39.6037489]]]]},"properties":{"building":"yes","name":"Museu d'arts decoratives","name:ca":"Museu d'arts decoratives","tourism":"museum","website":"https://www.museodeartesdecorativas.com/"}},
{"type":"Feature","id":"a773021344","geometry":{"type":"MultiPolygon","coordinates":[[[[2.6522053,39.568093],[2.6523042,39.5680767],[2.6526657,39.5680316],[2.6526683,39.5680422],[2.6526873,39.5680782],[2.6527045,39.5681036],[2.6527197,39.5681303],[2.6527605,39.5681973],[2.6527521,39.5681999],[2.6527499,39.5681962],[2.6527004,39.5682174],[2.6527384,39.5682796],[2.6526701,39.5683033],[2.6526431,39.5683147],[2.6525908,39.5683314],[2.6525948,39.5683376],[2.6525673,39.5683464],[2.6525581,39.5683337],[2.6525319,39.568342],[2.6525408,39.568355],[2.6525448,39.5683657],[2.6524935,39.5683803],[2.6524661,39.5683886],[2.6524352,39.5683995],[2.6524059,39.5684093],[2.6523943,39.5684131],[2.652379,39.5683815],[2.6523748,39.5683743],[2.6523649,39.5683767],[2.6523436,39.5683436],[2.6523312,39.5683236],[2.6523164,39.5683064],[2.6523955,39.5682837],[2.6523777,39.5682583],[2.6524136,39.5682469],[2.6523669,39.5681709],[2.6523546,39.5681524],[2.6522912,39.568166],[2.6522992,39.5681897],[2.6522646,39.5681978],[2.6522406,39.5681644],[2.6522206,39.568129],[2.6522053,39.568093]]]]},"properties":{"alt_name":"Cal Marquès del Palmer","building":"yes","heritage":"3","heritage:operator":"Consell de Mallorca","historic":"manor","name":"Can Catlar","name:ca":"Can Catlar","wikidata":"Q19368130","wikimedia_commons":"Category:Can Catlar (Palma)","wikipedia":"ca:Can Catlar"}},
{"type":"Feature","id":"a776173040","geometry":{"type":"MultiPolygon","coordinates":[[[[2.7265031,39.4729488],[2.726585,39.4718257],[2.7266159,39.4717956],[2.7271325,39.4718155],[2.7271794,39.4718453],[2.7271336,39.4724808],[2.7271,39.4729722],[2.7270439,39.4729892],[2.7265494,39.4729645],[2.7265031,39.4729488]]]]},"properties":{"historic":"fort","name":"bateria Alfons XIII"}},
{"type":"Feature","id":"a780397964","geometry":{"type":"MultiPolygon","coordinates":[[[[2.6764044,39.5590058],[2.6766855,39.5589482],[2.6768072,39.5592091],[2.6766918,39.5592413],[2.676604,39.5590644],[2.6764802,39.559093],[2.6764752,39.5590834],[2.6764438,39.5590879],[2.6764044,39.5590058]]]]},"properties":{"amenity":"theatre","building":"yes","name":"Teatre del Mar","name:ca":"Teatre del Mar","wikidata":"Q11951053","wikipedia":"ca:Teatre del Mar"}},
{"type":"Feature","id":"a783545938","geometry":{"type":"MultiPolygon","coordinates":[[[[2.6534327,39.5697254],[2.653467,39.5697195],[2.6534739,39.5697385],[2.6535386,39.5697251],[2.6535094,39.5696866],[2.6535418,39.569667],[2.6536063,39.5696238],[2.6536434,39.5696612],[2.6536779,39.5696386],[2.6537009,39.5696668],[2.6537291,39.5696555],[2.653774,39.5697385],[2.6536328,39.5697852],[2.6534874,39.5698138],[2.6534744,39.5697828],[2.6534568,39.5697474],[2.6534413,39.5697498],[2.6534405,39.5697473],[2.6534327,39.5697254]]]]},"properties":{"building":"apartments","historic":"manor","name":"Curia de la Baronía de Bunyolí","source":"bing"}},
{"type":"Feature","id":"a11736953","geometry":{"type":"MultiPolygon","coordinates":[[[[2.6516059,39.5694278],[2.6517215,39.5693949],[2.6517958,39.5693738],[2.6518707,39.5693514],[2.6519585,39.5693254],[2.6519642,39.5693381],[2.6520262,39.5693203],[2.6520447,39.5693572],[2.652054,39.5693557],[2.6520682,39.5693833],[2.6521358,39.569364],[2.6521889,39.5693478],[2.6522014,39.5693439],[2.6522193,39.5693809],[2.6522649,39.5693661],[2.6522678,39.5693682],[2.6523682,39.5695866],[2.6523162,39.5695969],[2.6523392,39.5696575],[2.6522286,39.5696748],[2.6522264,39.5696712],[2.6521802,39.5696794],[2.6520734,39.5696987],[2.6519783,39.5697153],[2.6518949,39.5697297],[2.6518889,39.569719],[2.6518132,39.5697326],[2.6517919,39.5696898],[2.6518631,39.5696748],[2.6518349,39.569624],[2.6517806,39.5695258],[2.6516752,39.5695551],[2.6516568,39.569522],[2.6516273,39.5694665],[2.6516059,39.5694278]],[[2.6519512,39.5695915],[2.6519756,39.5696428],[2.6520916,39.5696177],[2.6520657,39.5695664],[2.6519512,39.5695915]]]]},"properties":{"building":"yes","historic":"manor","name":"Can Vivot","name:ca":"Can Vivot","wikidata":"Q19367721","wikipedia":"ca:Can Vivot"}},
{"type":"Feature","id":"a783556928","geometry":{"type":"MultiPolygon","coordinates":[[[[2.6518166,39.5684251],[2.6518433,39.5684064],[2.6518777,39.5683915],[2.6519067,39.5683722],[2.6519756,39.5684421],[2.6520374,39.5683976],[2.6519749,39.5683301],[2.6520807,39.5682523],[2.6520873,39.5682596],[2.6521428,39.5683147],[2.652165,39.5683372],[2.6521765,39.5683325],[2.6522893,39.5682758],[2.6523164,39.5683064],[2.6523312,39.5683236],[2.6523436,39.5683436],[2.6523084,39.5683589],[2.6523262,39.568386],[2.6522975,39.5683927],[2.6522897,39.568395],[2.6523028,39.5684194],[2.6522421,39.5684343],[2.6522267,39.5684426],[2.6522406,39.5684838],[2.6522577,39.5685346],[2.6522495,39.5685344],[2.6522496,39.5685327],[2.6521293,39.5685398],[2.6521203,39.5685029],[2.6521079,39.5684912],[2.6520341,39.5685344],[2.6519865,39.5685626],[2.6519818,39.5685644],[2.6519745,39.5685646],[2.6519639,39.568562],[2.6519619,39.5685601],[2.6518166,39.5684251]]]]},"properties":{"building":"yes","historic":"manor","name":"Can Moragues","name:ca":"Can Moragues","source":"bing"}},
{"type":"Feature","id":"a790724102","geometry":{"type":"MultiPolygon","coordinates":[[[[2.5833664,39.7051064],[2.5833671,39.7050883],[2.5833721,39.7050672],[2.5833815,39.7050561],[2.583403,39.7050388],[2.5834258,39.7050357],[2.5834509,39.7050375],[2.5834734,39.7050478],[2.5834808,39.7050538],[2.5834952,39.7050742],[2.5834952,39.705093],[2.5834982,39.7051136],[2.5834798,39.705142],[2.5834546,39.7051492],[2.5834234,39.7051454],[2.5833792,39.7051299],[2.5833664,39.7051064]]]]},"properties":{"archaeological_site":"megalith","building":"yes","comment":"A/c to http://www.megalithic.co.uk/article.php?sid=17311 there are two talayots here (and other structures), plus the one talayot NE. According to http://www.talayots.es/mallorca/murallas/olezaes.htm there are 4 in total.","description":"Talaiotic structure, archeological site, 1000 BC","historic":"archaeological_site","megalith_type":"talaiot"}},
{"type":"Feature","id":"a790724104","geometry":{"type":"MultiPolygon","coordinates":[[[[2.5829622,39.7046714],[2.5832034,39.7044292],[2.5840279,39.7048421],[2.5850449,39.7058295],[2.5860753,39.7065941],[2.5846065,39.7072463],[2.5839707,39.7064873],[2.5836345,39.7056328],[2.5832545,39.7051436],[2.5829622,39.7046714]]]]},"properties":{"area":"yes","description":"ca 1000 BC","name":"Talaiot de Son Ferrandell","name:ca":"Talaiot de Son Ferrandell"}},
{"type":"Feature","id":"a792179706","geometry":{"type":"MultiPolygon","coordinates":[[[[3.4347247,39.7027211],[3.4347277,39.7027147],[3.4347944,39.7025732],[3.4348107,39.7025385],[3.4348646,39.7024749],[3.4349774,39.7024958],[3.4349613,39.7025465],[3.4350653,39.7025705],[3.4350385,39.7026273],[3.4349938,39.7026149],[3.4349811,39.702642],[3.4350137,39.7026511],[3.434987,39.7027077],[3.4349767,39.7027049],[3.4349615,39.702737],[3.434984,39.7027432],[3.4349631,39.7027875],[3.4347247,39.7027211]]]]},"properties":{"amenity":"theatre","building":"yes"}},
{"type":"Feature","id":"a797328370","geometry":{"type":"MultiPolygon","coordinates":[[[[2.6947558,39.5486017],[2.6948261,39.5485732],[2.694841,39.548604],[2.6950212,39.5485466],[2.6950507,39.5486183],[2.6948603,39.5486745],[2.6948386,39.5486268],[2.6947941,39.548644],[2.6947558,39.5486017]]]]},"properties":{"amenity":"theatre","building":"yes","check_date":"2026-06-19","name":"cafè de Cala Gamba","name:ca":"cafè de Cala Gamba"}},
{"type":"Feature","id":"a799008044","geometry":{"type":"MultiPolygon","coordinates":[[[[3.0201023,39.5180583],[3.0202863,39.5179531],[3.0203834,39.5180551],[3.020203,39.5181628],[3.0201023,39.5180583]]]]},"properties":{"amenity":"theatre","building":"yes","name":"s'Escorxador"}},
{"type":"Feature","id":"a799218228","geometry":{"type":"MultiPolygon","coordinates":[[[[3.2837265,39.6105649],[3.2837306,39.6105608],[3.2837417,39.6105497],[3.2838131,39.6105142],[3.2838893,39.6104765],[3.2839705,39.6104408],[3.2840351,39.6104088],[3.2841379,39.6103611],[3.2841445,39.610364],[3.2841854,39.6103352],[3.2842061,39.6103487],[3.2842465,39.6103092],[3.284316,39.6103509],[3.2842811,39.6103899],[3.2841932,39.6104396],[3.2838486,39.6106348],[3.2837809,39.610596],[3.2837265,39.6105649]]]]},"properties":{"amenity":"theatre","building":"yes","name":"Espai 36 (sala Rigal)","name:ca":"Espai 36 (sala Rigal)"}},
{"type":"Feature","id":"a807883804","geometry":{"type":"MultiPolygon","coordinates":[[[[2.6534521,39.5660795],[2.6538037,39.5659491],[2.6538495,39.5660412],[2.6538596,39.5660637],[2.6540507,39.5660247],[2.6540492,39.5659899],[2.6541384,39.5659694],[2.6541387,39.5660189],[2.6540503,39.5660409],[2.6540564,39.5660949],[2.653853,39.5661487],[2.6538579,39.5661588],[2.6535142,39.5662466],[2.6534521,39.5660795]]]]},"properties":{"amenity":"theatre","building":"yes","name":"Xesc Forteza"}},
{"type":"Feature","id":"a807883812","geometry":{"type":"MultiPolygon","coordinates":[[[[2.6534024,39.5664855],[2.6541641,39.5663441],[2.6541607,39.5665226],[2.6541071,39.5665351],[2.6540952,39.5665028],[2.6540622,39.5664132],[2.6538969,39.5664437],[2.6539279,39.5665357],[2.6540343,39.5668426],[2.6540441,39.566875],[2.6535625,39.5669691],[2.6534024,39.5664855]]]]},"properties":{"building":"yes","name":"Seminari Vell","name:ca":"Seminari Vell","tourism":"museum","wikidata":"Q108632093","wikimedia_commons":"Category:Seminari Vell (Palma)"}},
{"type":"Feature","id":"a809158212","geometry":{"type":"MultiPolygon","coordinates":[[[[2.9415887,39.1396326],[2.9416571,39.13954],[2.9417232,39.1395694],[2.9416548,39.1396619],[2.9415887,39.1396326]]]]},"properties":{"building":"yes","name":"es Celler","tourism":"museum"}},
{"type":"Feature","id":"a809270624","geometry":{"type":"MultiPolygon","coordinates":[[[[2.6545785,39.5706915],[2.6548478,39.5705596],[2.6550303,39.5707284],[2.6547505,39.5708869],[2.6545785,39.5706915]]]]},"properties":{"addr:city":"Palma","addr:housenumber":"10","addr:street":"Carrer de la Ferreria","amenity":"arts_centre","building":"yes","check_date":"2024-10-17","name":"Flassaders"}},
{"type":"Feature","id":"a825971830","geometry":{"type":"MultiPolygon","coordinates":[[[[3.0071376,39.6434993],[3.0072042,39.6434534],[3.0073639,39.6435142],[3.0073641,39.643545],[3.0072676,39.6436126],[3.0071376,39.6434993]]]]},"properties":{"amenity":"arts_centre","building":"yes","name":"es Frontó"}},
{"type":"Feature","id":"a827720444","geometry":{"type":"MultiPolygon","coordinates":[[[[3.3899994,39.5768112],[3.3900112,39.5767594],[3.3900626,39.5767655],[3.3900508,39.5768173],[3.3899994,39.5768112]]]]},"properties":{"building":"bunker","historic":"yes","military":"bunker"}},
{"type":"Feature","id":"a828682248","geometry":{"type":"MultiPolygon","coordinates":[[[[2.7155553,39.7586429],[2.7155566,39.7585805],[2.7156372,39.7585815],[2.7156358,39.7586439],[2.7155553,39.7586429]]]]},"properties":{"building":"yes","historic":"ruins","wheelchair":"limited"}},
{"type":"Feature","id":"a829026666","geometry":{"type":"MultiPolygon","coordinates":[[[[3.1768678,39.3296918],[3.1768725,39.329678],[3.1768861,39.3296684],[3.1769042,39.3296659],[3.1769212,39.3296715],[3.1769316,39.3296832],[3.1769321,39.3296975],[3.1769226,39.3297097],[3.1769061,39.3297159],[3.1768878,39.3297143],[3.1768735,39.3297053],[3.1768678,39.3296918]]]]},"properties":{"access":"no","building":"yes","ele":"32","height":"12","historic":"yes","image":"https://commons.wikimedia.org/wiki/File:Torre_d'en_Beu_Cala_Figuera_(Santanyí)_01.jpg","man_made":"tower","name":"Torre d'en Beu","name:ca":"Torre d'en Beu","seamark:landmark:category":"tower","seamark:type":"landmark","tower:type":"defensive","wikidata":"Q43142420","wikimedia_commons":"File:Torre_d'en_Beu_Cala_Figuera_(Santanyí)_01.jpg","wikipedia":"ca:Torre d'en Beu"}},
{"type":"Feature","id":"a832962346","geometry":{"type":"MultiPolygon","coordinates":[[[[3.0521574,39.342185],[3.0521931,39.342085],[3.052277,39.3421029],[3.0522884,39.3420708],[3.0525426,39.3421251],[3.0524838,39.3422897],[3.0522339,39.3422362],[3.0522455,39.3422038],[3.0521574,39.342185]]]]},"properties":{"amenity":"theatre","building":"yes","name":"l'Esponja"}},
{"type":"Feature","id":"a835715724","geometry":{"type":"MultiPolygon","coordinates":[[[[2.6659992,39.5674004],[2.6662253,39.5673761],[2.6662477,39.5675003],[2.6664366,39.56748],[2.6664137,39.567353],[2.6666475,39.5673279],[2.66673,39.5677855],[2.6661869,39.5678437],[2.6661729,39.5677659],[2.6660672,39.5677773],[2.6659992,39.5674004]]]]},"properties":{"building":"yes","name":"Kreković","tourism":"museum"}},
{"type":"Feature","id":"a837397492","geometry":{"type":"MultiPolygon","coordinates":[[[[2.9108411,39.8285781],[2.9109055,39.8285413],[2.9109508,39.8285881],[2.9108865,39.8286248],[2.9108411,39.8285781]]]]},"properties":{"building":"yes","historic":"ruins","name":"porxo"}},
{"type":"Feature","id":"a842182416","geometry":{"type":"MultiPolygon","coordinates":[[[[3.0849777,39.6335697],[3.08503,39.6334767],[3.0852044,39.633549],[3.0851467,39.6336389],[3.0849777,39.6335697]]]]},"properties":{"historic":"ruins"}},
{"type":"Feature","id":"a843234166","geometry":{"type":"MultiPolygon","coordinates":[[[[2.9641249,39.7742672],[2.9641885,39.7741911],[2.9641975,39.7741959],[2.9642227,39.7741721],[2.964273,39.7742026],[2.9642466,39.7742264],[2.9642777,39.7742457],[2.9643045,39.7742203],[2.9643492,39.7742483],[2.964248,39.7743438],[2.9641249,39.7742672]]]]},"properties":{"amenity":"theatre","building":"yes","name":"centre cívic"}},
{"type":"Feature","id":"a843299074","geometry":{"type":"MultiPolygon","coordinates":[[[[2.9645544,39.7760131],[2.9647416,39.775854],[2.9648715,39.7759443],[2.9646842,39.7761034],[2.9645544,39.7760131]]]]},"properties":{"building":"yes","name":"Posada de Biniatró","tourism":"gallery"}},
{"type":"Feature","id":"a844198186","geometry":{"type":"MultiPolygon","coordinates":[[[[3.0202544,39.4303719],[3.0203156,39.4302921],[3.0204561,39.4303577],[3.0207097,39.4304792],[3.0206497,39.430545],[3.0204685,39.4304649],[3.0202544,39.4303719]]]]},"properties":{"amenity":"arts_centre","building":"yes","name":"Ca'n Pere Ignasi"}},
{"type":"Feature","id":"a849991646","geometry":{"type":"MultiPolygon","coordinates":[[[[2.826379,39.6115092],[2.8264183,39.6114595],[2.8265841,39.6115373],[2.8265448,39.611587],[2.826379,39.6115092]]]]},"properties":{"building":"yes","historic":"yes","name":"Aljub","name:ca":"Aljub"}},
{"type":"Feature","id":"a850405410","geometry":{"type":"MultiPolygon","coordinates":[[[[3.1052008,39.7054262],[3.1054469,39.7052953],[3.1055173,39.7053737],[3.1052712,39.7055046],[3.1052008,39.7054262]]]]},"properties":{"amenity":"theatre","building":"yes","name":"auditori","name:ca":"auditori"}},
{"type":"Feature","id":"a855918720","geometry":{"type":"MultiPolygon","coordinates":[[[[2.6435591,39.6098042],[2.6438667,39.6094147],[2.6438732,39.6092522],[2.6442884,39.6092671],[2.6442841,39.6094511],[2.6438409,39.6100031],[2.6435591,39.6098042]]]]},"properties":{"area":"yes","historic":"archaeological_site","historic:civilization":"romans","name":"Jaciment de Son Espases","name:ca":"Jaciment de Son Espases","source":"survey;Bing WMS","wikidata":"Q95900928","wikimedia_commons":"Category:Campament romà de Son Espases","wikipedia":"ca:Jaciment de Son Espases"}},
{"type":"Feature","id":"a863384756","geometry":{"type":"MultiPolygon","coordinates":[[[[3.3549793,39.687338],[3.3550474,39.6873166],[3.3550682,39.6873558],[3.3550001,39.6873772],[3.3549793,39.687338]]]]},"properties":{"building":"yes"}},
{"type":"Feature","id":"a863384758","geometry":{"type":"MultiPolygon","coordinates":[[[[3.3550074,39.6872641],[3.3550604,39.6872014],[3.3551011,39.687189],[3.3552147,39.6872717],[3.3551814,39.6873096],[3.3551036,39.6873343],[3.3550382,39.6872964],[3.3550074,39.6872641]]]]},"properties":{"amenity":"parking","parking":"surface"}},
{"type":"Feature","id":"a863384764","geometry":{"type":"MultiPolygon","coordinates":[[[[3.3528566,39.6872471],[3.352889,39.6871291],[3.3530988,39.6869169],[3.3534104,39.6868062],[3.353833,39.6867855],[3.3541536,39.6868431],[3.3543664,39.687023],[3.3544563,39.6871452],[3.3544833,39.6872836],[3.3543664,39.6874358],[3.3542375,39.6875165],[3.3537581,39.6876918],[3.3534314,39.6876918],[3.3532409,39.6876395],[3.3530868,39.6875396],[3.352886,39.6873736],[3.3528566,39.6872471]]]]},"properties":{"name":"ses Païsses","name:ca":"ses Païsses","place":"neighbourhood"}},
{"type":"Feature","id":"a866912650","geometry":{"type":"MultiPolygon","coordinates":[[[[2.717895,39.7678083],[2.7179361,39.7677421],[2.7179478,39.7677233],[2.7179725,39.7676772],[2.7182395,39.7677357],[2.7181671,39.7678793],[2.7180091,39.7678468],[2.7180497,39.7677589],[2.7180575,39.767742],[2.7180122,39.7677331],[2.7180025,39.7677468],[2.7179592,39.7678313],[2.717895,39.7678083]]]]},"properties":{"alt_name":"Can Magraner","building":"yes","fee":"yes","heritage":"3","heritage:operator":"Consell de Mallorca","historic":"manor","name":"Ca'n Prunera","name:ca":"Can Prunera","tourism":"museum","wikidata":"Q1031852","wikimedia_commons":"Category:Can Prunera","wikipedia":"ca:Can Prunera"}},
{"type":"Feature","id":"a873459292","geometry":{"type":"MultiPolygon","coordinates":[[[[2.7505976,39.5198116],[2.7511473,39.5196431],[2.7518123,39.5199912],[2.7517163,39.5201116],[2.7511329,39.5197912],[2.7511065,39.5197356],[2.7506408,39.5198856],[2.7505976,39.5198116]]]]},"properties":{"building":"yes","tourism":"museum"}},
{"type":"Feature","id":"a879742762","geometry":{"type":"MultiPolygon","coordinates":[[[[2.7161274,39.7647139],[2.7162525,39.7645691],[2.7165503,39.7647211],[2.7164717,39.7648121],[2.7164252,39.7648659],[2.7162383,39.7647705],[2.7161274,39.7647139]]]]},"properties":{"amenity":"theatre","building":"yes","name":"La Defensora Sollerense"}},
{"type":"Feature","id":"a890242176","geometry":{"type":"MultiPolygon","coordinates":[[[[3.0624983,39.5865509],[3.0640261,39.5861138],[3.0640714,39.585946],[3.0650123,39.5860977],[3.0649622,39.5862476],[3.0649203,39.5863731],[3.0648572,39.5865327],[3.0647439,39.5866401],[3.0647461,39.5866657],[3.0647492,39.5867032],[3.0647248,39.5867381],[3.064752,39.5867616],[3.064798,39.5868012],[3.0646342,39.5869852],[3.0644251,39.5871382],[3.0642265,39.587247],[3.0641448,39.587264],[3.0640314,39.5872645],[3.0637666,39.5872457],[3.0634686,39.5872255],[3.0631463,39.5871933],[3.0629547,39.587145],[3.0628031,39.5870537],[3.0626986,39.586957],[3.0626027,39.5867757],[3.0624983,39.5865509]]]]},"properties":{"barrier":"fence","email":"comercial@elscalderers.com","name":"Els Calderers","name:ca":"Els Calderers","opening_hours":"10:00-17:00; Nov-Mar: 10:00-17:00","tourism":"museum","website":"http://elscalderers.com/","wikidata":"Q2692023","wikipedia":"de:Els Calderers"}},
{"type":"Feature","id":"a895461648","geometry":{"type":"MultiPolygon","coordinates":[[[[3.0942413,39.2953236],[3.0942561,39.2953246],[3.0942842,39.2953256],[3.0943017,39.2953339],[3.0943097,39.2953485],[3.0943097,39.295362],[3.0942896,39.2953827],[3.0942735,39.2953765],[3.0942802,39.2953578],[3.0942762,39.2953464],[3.0942628,39.2953412],[3.094244,39.2953433],[3.0942413,39.2953236]]]]},"properties":{"historic":"ruins"}},
{"type":"Feature","id":"a895968902","geometry":{"type":"MultiPolygon","coordinates":[[[[2.6347509,39.5703369],[2.6347834,39.5701916],[2.6347839,39.5701894],[2.6348356,39.5701959],[2.6348455,39.5701588],[2.6348881,39.5701656],[2.6349056,39.5701142],[2.634862,39.5701074],[2.6348742,39.5700596],[2.6348867,39.5700149],[2.634962,39.570027],[2.6349853,39.5700525],[2.6349756,39.5700899],[2.6349675,39.570124],[2.6349537,39.5701785],[2.6350103,39.5701893],[2.6350252,39.5701322],[2.635159,39.5701543],[2.6351296,39.570224],[2.635116,39.5702208],[2.6351119,39.5702321],[2.6350709,39.5703467],[2.6348201,39.570307],[2.6348144,39.5703305],[2.6348141,39.5703348],[2.6348111,39.5703464],[2.6347509,39.5703369]]]]},"properties":{"amenity":"theatre","building":"yes","name":"Mar i Terra","name:es":"Mar y Tierra","wikidata":"Q105934094","wikipedia":"ca:Teatre de Mar i Terra"}},
{"type":"Feature","id":"a897744858","geometry":{"type":"MultiPolygon","coordinates":[[[[3.3597182,39.6222162],[3.3598153,39.6221228],[3.3601232,39.6223217],[3.3600308,39.6224239],[3.3597182,39.6222162]]]]},"properties":{"amenity":"theatre","building":"yes","name":"La Unió"}},
{"type":"Feature","id":"a897946410","geometry":{"type":"MultiPolygon","coordinates":[[[[2.9049602,39.6491799],[2.9050185,39.6487278],[2.9058538,39.6489508],[2.9059912,39.6487565],[2.9063129,39.6489099],[2.9060896,39.6495347],[2.9055207,39.6494219],[2.9049602,39.6491799]]]]},"properties":{"historic":"archaeological_site"}},
{"type":"Feature","id":"a903401722","geometry":{"type":"MultiPolygon","coordinates":[[[[3.0217751,39.5150714],[3.0217922,39.5150602],[3.021863,39.5150139],[3.0219859,39.5149399],[3.0220076,39.5149262],[3.0219856,39.5149054],[3.0220375,39.5148724],[3.0220032,39.5148385],[3.0220171,39.5148066],[3.0220829,39.514783],[3.0222402,39.5149351],[3.0221992,39.5149669],[3.0223568,39.5151171],[3.0222697,39.5151724],[3.0222564,39.5151603],[3.0220593,39.5152726],[3.0219881,39.5151947],[3.0219307,39.5152328],[3.021905,39.5152054],[3.0218707,39.5151681],[3.0217963,39.5150928],[3.0217751,39.5150714]]]]},"properties":{"amenity":"theatre","building":"yes","name":"Auditori","name:ca":"Auditori"}},
{"type":"Feature","id":"a914392216","geometry":{"type":"MultiPolygon","coordinates":[[[[2.4804882,39.5075082],[2.4804912,39.5074944],[2.4804997,39.5074822],[2.4805131,39.5074728],[2.4805293,39.5074673],[2.4805469,39.5074662],[2.4805641,39.5074695],[2.480579,39.5074768],[2.48059,39.5074875],[2.480596,39.5075003],[2.4805964,39.507514],[2.480591,39.507527],[2.4805805,39.507538],[2.4805656,39.5075459],[2.4805482,39.5075497],[2.4805302,39.5075488],[2.4805136,39.5075434],[2.4805001,39.5075341],[2.4804913,39.5075219],[2.4804882,39.5075082]]]]},"properties":{"barrier":"wall"}},
{"type":"Feature","id":"a914392226","geometry":{"type":"MultiPolygon","coordinates":[[[[2.4848183,39.5082565],[2.4851509,39.5077681],[2.4855586,39.5077391],[2.4864062,39.5076605],[2.4865456,39.5080868],[2.4869426,39.5084303],[2.4870445,39.5088814],[2.4868192,39.5089891],[2.486256,39.5088318],[2.4858965,39.5088359],[2.4855049,39.508571],[2.4849256,39.5083972],[2.4848183,39.5082565]]]]},"properties":{"natural":"scrub"}},
{"type":"Feature","id":"a914392230","geometry":{"type":"MultiPolygon","coordinates":[[[[2.4969633,39.5058766],[2.497017,39.5057814],[2.4981328,39.5053758],[2.4983313,39.5053758],[2.4987009,39.5058999],[2.4980899,39.5063236],[2.497709,39.5064064],[2.4973228,39.5063526],[2.4970974,39.5061953],[2.4969633,39.5058766]]]]},"properties":{"landuse":"meadow"}},
{"type":"Feature","id":"a920811542","geometry":{"type":"MultiPolygon","coordinates":[[[[3.3704602,39.5825668],[3.370479,39.5824876],[3.3705313,39.5824235],[3.370601,39.5823822],[3.3707097,39.5823863],[3.3708009,39.5824184],[3.3708572,39.5824546],[3.3709028,39.5824959],[3.3709229,39.5825734],[3.3708867,39.5826861],[3.3708464,39.5827365],[3.3707834,39.5827644],[3.3707043,39.5827644],[3.3706101,39.5827529],[3.3705317,39.5827261],[3.3704669,39.5826329],[3.3704602,39.5825668]]]]},"properties":{"tourism":"zoo","zoo":"enclosure"}},
{"type":"Feature","id":"a920811546","geometry":{"type":"MultiPolygon","coordinates":[[[[3.3705489,39.5829971],[3.3705757,39.5829124],[3.3706213,39.5828586],[3.370683,39.5828317],[3.370801,39.5828441],[3.370919,39.5829124],[3.3709968,39.5829888],[3.3709995,39.5830881],[3.3710019,39.5831427],[3.3709261,39.583259],[3.3707876,39.583241],[3.370624,39.5831356],[3.3705489,39.5829971]]]]},"properties":{"tourism":"zoo","zoo":"enclosure"}},
{"type":"Feature","id":"a920811550","geometry":{"type":"MultiPolygon","coordinates":[[[[3.3712275,39.5822281],[3.3712489,39.5821537],[3.371257,39.5820669],[3.371257,39.5819656],[3.3712302,39.5819056],[3.3713321,39.5818353],[3.3714501,39.5817816],[3.3715923,39.5817465],[3.3717572,39.5817485],[3.3719114,39.5817589],[3.3720241,39.5820999],[3.3719678,39.5821516],[3.3718498,39.5822136],[3.3716969,39.5822695],[3.3715091,39.5822819],[3.3713683,39.5822612],[3.3712275,39.5822281]]]]},"properties":{"tourism":"zoo","zoo":"enclosure"}},
{"type":"Feature","id":"a920811552","geometry":{"type":"MultiPolygon","coordinates":[[[[3.3688859,39.583487],[3.3689205,39.5834674],[3.3692105,39.5833031],[3.3692616,39.5833615],[3.3693553,39.5834684],[3.3691568,39.583578],[3.3691005,39.5835987],[3.3690468,39.5835987],[3.3689905,39.5835883],[3.3689369,39.5835511],[3.3689003,39.5835052],[3.3688859,39.583487]]]]},"properties":{"tourism":"zoo","zoo":"enclosure"}},
{"type":"Feature","id":"a920811566","geometry":{"type":"MultiPolygon","coordinates":[[[[3.3725364,39.5824844],[3.3726169,39.5824617],[3.3728368,39.5827925],[3.3729655,39.5829516],[3.3729307,39.5830033],[3.3727617,39.5828152],[3.3725364,39.5824844]]]]},"properties":{"tourism":"zoo","zoo":"enclosure"}},
{"type":"Feature","id":"a13606051","geometry":{"type":"MultiPolygon","coordinates":[[[[3.3777617,39.5906149],[3.3777639,39.5905637],[3.3778239,39.5905075],[3.3780576,39.5904199],[3.3781798,39.5903456],[3.3783341,39.5902531],[3.3785249,39.5902167],[3.3786771,39.5902531],[3.3788658,39.5903423],[3.379063,39.5905124],[3.3790887,39.5905224],[3.3799677,39.5915993],[3.3799868,39.5916228],[3.3800095,39.5916695],[3.3800459,39.591687],[3.3800565,39.5917384],[3.3800672,39.5917758],[3.380193,39.5917968],[3.3802096,39.5917337],[3.3802278,39.5917139],[3.3815345,39.5918412],[3.3815451,39.5918587],[3.3814148,39.592757],[3.3814011,39.5927815],[3.3798671,39.5932126],[3.3798519,39.5932231],[3.3798261,39.593382],[3.379811,39.5933925],[3.378317,39.5914772],[3.3783427,39.5914838],[3.3783556,39.5914657],[3.3778025,39.590714],[3.3777617,39.5906149]],[[3.3802792,39.5922255],[3.3804348,39.5925686],[3.3807245,39.5926843],[3.3808318,39.592891],[3.3813789,39.5927381],[3.3814916,39.5918906],[3.3810034,39.5918493],[3.3804723,39.5921097],[3.3802792,39.5922255]]]]},"properties":{"landuse":"grass","tourism":"attraction"}},
{"type":"Feature","id":"a921063296","geometry":{"type":"MultiPolygon","coordinates":[[[[3.3802792,39.5922255],[3.3804723,39.5921097],[3.3810034,39.5918493],[3.3814916,39.5918906],[3.3813789,39.5927381],[3.3808318,39.592891],[3.3807245,39.5926843],[3.3804348,39.5925686],[3.3802792,39.5922255]]]]},"properties":{"natural":"scrub"}},
{"type":"Feature","id":"a939195978","geometry":{"type":"MultiPolygon","coordinates":[[[[2.9280188,39.1436278],[2.928023,39.1436157],[2.928032,39.1436052],[2.9280449,39.1435974],[2.9280602,39.1435932],[2.9280764,39.143593],[2.9280919,39.1435968],[2.928105,39.1436043],[2.9281145,39.1436145],[2.9281192,39.1436266],[2.9281186,39.1436399],[2.9281122,39.1436523],[2.9281009,39.1436623],[2.9280859,39.1436688],[2.9280689,39.1436711],[2.928052,39.1436688],[2.9280371,39.1436622],[2.9280258,39.1436521],[2.9280198,39.1436404],[2.9280188,39.1436278]]]]},"properties":{"building":"yes","historic":"ruins"}},
{"type":"Feature","id":"a939195980","geometry":{"type":"MultiPolygon","coordinates":[[[[2.9259296,39.1460804],[2.9259304,39.1460655],[2.9259376,39.1460515],[2.9259505,39.1460404],[2.9259675,39.1460332],[2.9259866,39.146031],[2.9260055,39.1460338],[2.9260209,39.1460408],[2.9260328,39.146051],[2.9260398,39.1460637],[2.9260415,39.1460774],[2.9260375,39.1460909],[2.9260284,39.1461027],[2.9260149,39.1461117],[2.9259985,39.146117],[2.9259808,39.146118],[2.9259635,39.1461147],[2.9259473,39.1461066],[2.9259355,39.1460947],[2.9259296,39.1460804]]]]},"properties":{"building":"yes","historic":"ruins","ruins":"tower"}},
{"type":"Feature","id":"a949207916","geometry":{"type":"MultiPolygon","coordinates":[[[[2.6184174,39.6078793],[2.6185027,39.6076127],[2.6186925,39.6076487],[2.6186812,39.607684],[2.6185675,39.6076624],[2.6185105,39.6078404],[2.6185925,39.607856],[2.6186248,39.607755],[2.6186684,39.6077632],[2.618675,39.6077427],[2.618739,39.6077548],[2.6187188,39.607818],[2.6187473,39.6078235],[2.6187709,39.6077498],[2.6188662,39.6077679],[2.6188069,39.6079533],[2.6184174,39.6078793]]]]},"properties":{"amenity":"arts_centre","building":"yes","name":"Can Fogarada"}},
{"type":"Feature","id":"a962723812","geometry":{"type":"MultiPolygon","coordinates":[[[[3.0743826,39.666664],[3.0745038,39.6666206],[3.0744725,39.6665501],[3.0745391,39.6665316],[3.0745527,39.6665675],[3.0745966,39.6666836],[3.0744141,39.6667537],[3.0743826,39.666664]]]]},"properties":{"amenity":"theatre","building":"yes","name":"Ca ses Monges","name:ca":"Ca ses Monges"}},
{"type":"Feature","id":"a975080816","geometry":{"type":"MultiPolygon","coordinates":[[[[3.2612001,39.4821685],[3.2612642,39.482083],[3.2614746,39.482177],[3.2614106,39.4822624],[3.2612001,39.4821685]]]]},"properties":{"archaeological_site":"megalith","historic":"archaeological_site"}},
{"type":"Feature","id":"a975080818","geometry":{"type":"MultiPolygon","coordinates":[[[[3.2622666,39.4826466],[3.262335,39.4825442],[3.2623846,39.4825023],[3.2624175,39.4825198],[3.2622995,39.4826679],[3.2622666,39.4826466]]]]},"properties":{"archaeological_site":"megalith","historic":"archaeological_site","megalith_type":"naveform"}},
{"type":"Feature","id":"a975080820","geometry":{"type":"MultiPolygon","coordinates":[[[[3.2629196,39.4820469],[3.2629833,39.4819295],[3.2630081,39.4819362],[3.2629605,39.4820464],[3.2629296,39.4820651],[3.2629196,39.4820469]]]]},"properties":{"archaeological_site":"megalith","historic":"archaeological_site","megalith_type":"naveform"}},
{"type":"Feature","id":"a975080822","geometry":{"type":"MultiPolygon","coordinates":[[[[3.2628746,39.4820268],[3.2629289,39.4819113],[3.2629631,39.4819201],[3.2629068,39.4820381],[3.2628786,39.4820464],[3.2628746,39.4820268]]]]},"properties":{"archaeological_site":"megalith","historic":"archaeological_site","megalith_type":"naveform"}},
{"type":"Feature","id":"a975080824","geometry":{"type":"MultiPolygon","coordinates":[[[[3.2623427,39.4826464],[3.2624185,39.4825356],[3.262456,39.4825563],[3.2623749,39.4826609],[3.2623467,39.4826661],[3.2623427,39.4826464]]]]},"properties":{"archaeological_site":"megalith","historic":"archaeological_site","megalith_type":"naveform"}},
{"type":"Feature","id":"a975080826","geometry":{"type":"MultiPolygon","coordinates":[[[[3.2606273,39.4822014],[3.2614168,39.4814305],[3.2619479,39.4810186],[3.2621643,39.4808579],[3.2624103,39.4806752],[3.2624404,39.4806529],[3.2630157,39.4810216],[3.263495,39.4816843],[3.2623593,39.4828339],[3.2630138,39.4833486],[3.2629094,39.483329],[3.2628974,39.483347],[3.2627891,39.4832924],[3.2606273,39.4822014]]]]},"properties":{"historic":"archaeological_site","name":"poblat de s'Hospitalet Vell","name:ca":"Poblat de s'Hospitalet Vell","wikidata":"Q370336","wikimedia_commons":"Category:Poblat talaiòtic de l'Hospitalet Vell","wikipedia":"ca:L'Hospitalet Vell"}},
{"type":"Feature","id":"a975374310","geometry":{"type":"MultiPolygon","coordinates":[[[[2.4788675,39.5071413],[2.4789465,39.506753],[2.4790061,39.5065444],[2.479071,39.5063565],[2.4792114,39.5060815],[2.4794268,39.5057361],[2.479079,39.5055676],[2.4792767,39.5052795],[2.4792106,39.505153],[2.4793823,39.505153],[2.4798148,39.5053412],[2.4802886,39.5052415],[2.4808036,39.5052457],[2.4815278,39.5054281],[2.4822709,39.50584],[2.4833029,39.5060663],[2.4835503,39.5061818],[2.4837454,39.506285],[2.4839566,39.5063175],[2.4840831,39.5063096],[2.4844907,39.5061295],[2.4847381,39.5059742],[2.4848071,39.5059254],[2.4849364,39.5057472],[2.4849593,39.5057156],[2.4850023,39.5056113],[2.484344,39.5055291],[2.4843777,39.5054179],[2.4842747,39.5052259],[2.4839867,39.505043],[2.4853616,39.5048642],[2.4877039,39.5047371],[2.4910896,39.5046221],[2.4937574,39.5050048],[2.4955414,39.5051066],[2.4960495,39.5051448],[2.4967758,39.5051665],[2.4981534,39.5052185],[2.4988623,39.5052501],[2.4993078,39.5054707],[2.5004869,39.5060544],[2.5013256,39.5064116],[2.5017008,39.5067442],[2.5021623,39.5069806],[2.5023235,39.5070523],[2.5023843,39.5071091],[2.5022887,39.5081332],[2.5017678,39.5077652],[2.5015709,39.5076074],[2.5005141,39.5069556],[2.4994735,39.5067817],[2.4983684,39.5070383],[2.4970058,39.5070301],[2.4962743,39.5067321],[2.4946669,39.5063781],[2.4939706,39.5063042],[2.4931912,39.5063277],[2.4928606,39.5063539],[2.492458,39.5064261],[2.492174,39.5064551],[2.4919746,39.506517],[2.4917222,39.506562],[2.4914641,39.5066346],[2.491167,39.5067393],[2.4904944,39.5070198],[2.489445,39.507656],[2.4883507,39.5087387],[2.4880467,39.5090622],[2.4877906,39.5093685],[2.4874173,39.5098261],[2.4870163,39.509851],[2.4861883,39.5096594],[2.4859626,39.5096217],[2.4852388,39.5095889],[2.484515,39.509614],[2.484454,39.5094998],[2.484396,39.5089538],[2.4840363,39.5089516],[2.4836714,39.5089942],[2.4832921,39.5090815],[2.4830241,39.5091431],[2.4827503,39.5091754],[2.4829339,39.5090825],[2.4829327,39.5087636],[2.4825434,39.508783],[2.482169,39.5087051],[2.4817465,39.5088052],[2.4816056,39.5087852],[2.481352,39.5086867],[2.4807225,39.5084449],[2.4804069,39.5084017],[2.4803824,39.508517],[2.4800648,39.5084961],[2.4800705,39.5084152],[2.4798511,39.5083693],[2.4792944,39.5080768],[2.4790438,39.5077307],[2.4789348,39.5074791],[2.4788675,39.5071413]]]]},"properties":{"historic":"archaeological_site","name":"Parc Arqueològic del Puig de la Morisca","name:ca":"Parc Arqueològic del Puig de sa Morisca","name:en":"Puig de Sa Morisca (archaeological park)","wikidata":"Q967414","wikipedia":"ca:Parc Arqueològic del Puig de la Morisca"}},
{"type":"Feature","id":"a980194964","geometry":{"type":"MultiPolygon","coordinates":[[[[2.5853083,39.7066086],[2.5853143,39.7065939],[2.5853284,39.7065807],[2.5853482,39.7065728],[2.5853703,39.7065715],[2.5853914,39.706577],[2.585408,39.7065883],[2.5854178,39.7066046],[2.5854181,39.7066225],[2.5854088,39.706639],[2.5853916,39.706651],[2.5853695,39.7066567],[2.5853495,39.7066555],[2.5853314,39.7066491],[2.5853174,39.7066381],[2.5853093,39.706624],[2.5853083,39.7066086]]]]},"properties":{"archaeological_site":"megalith","historic":"archaeological_site","megalith_type":"talaiot","name":"Talaiot de Son Olesa","name:ca":"Talaiot de Son Olesa"}},
{"type":"Feature","id":"a980194966","geometry":{"type":"MultiPolygon","coordinates":[[[[2.5841875,39.7065045],[2.5841918,39.7064926],[2.5842031,39.7064817],[2.5842192,39.7064753],[2.5842373,39.7064745],[2.5842542,39.7064796],[2.5842669,39.7064895],[2.5842729,39.7065012],[2.5842728,39.7065138],[2.5842666,39.7065254],[2.5842553,39.7065344],[2.5842403,39.7065396],[2.584224,39.7065401],[2.5842088,39.706536],[2.5841967,39.7065278],[2.5841892,39.7065169],[2.5841875,39.7065045]]]]},"properties":{"fixme":"What's this?"}},
{"type":"Feature","id":"a980244188","geometry":{"type":"MultiPolygon","coordinates":[[[[2.5843877,39.7082804],[2.5844347,39.7076474],[2.5850704,39.7077217],[2.5848799,39.7083387],[2.5843877,39.7082804]]]]},"properties":{"archaeological_site":"megalith","historic":"archaeological_site","megalith_type":"settlement","name":"Beaker settlement of Son Oleza"}},
{"type":"Feature","id":"a984857302","geometry":{"type":"MultiPolygon","coordinates":[[[[2.8520371,39.8095776],[2.8521068,39.8095678],[2.8521665,39.8095611],[2.8522047,39.8095637],[2.8522242,39.8095781],[2.8522356,39.8096003],[2.8522329,39.8096245],[2.8522128,39.8096394],[2.8521873,39.8096456],[2.8520572,39.8096626],[2.8520371,39.8095776]]]]},"properties":{"historic":"ruins"}},
{"type":"Feature","id":"a995644694","geometry":{"type":"MultiPolygon","coordinates":[[[[3.3899293,39.5768087],[3.3899316,39.5767714],[3.3899703,39.5767728],[3.3899681,39.57681],[3.3899293,39.5768087]]]]},"properties":{"building":"bunker","historic":"yes","military":"bunker"}},
{"type":"Feature","id":"a1005930854","geometry":{"type":"MultiPolygon","coordinates":[[[[2.9997763,39.3826985],[3.0016045,39.3811768],[3.0020262,39.3818152],[3.0018975,39.3818784],[3.0020528,39.3820999],[3.0011511,39.3824858],[3.0010455,39.3825376],[3.0011341,39.3826454],[2.9998808,39.3830061],[2.9997763,39.3826985]]]]},"properties":{"animal":"Ostrich","name:en":"Ostriches","zoo":"enclosure"}},
{"type":"Feature","id":"a1022297400","geometry":{"type":"MultiPolygon","coordinates":[[[[3.1093026,39.8280691],[3.1095801,39.827809],[3.1095359,39.8276993],[3.1097665,39.8276427],[3.1098066,39.8277452],[3.1103252,39.8278114],[3.1103057,39.827864],[3.110247,39.8279565],[3.1101819,39.828024],[3.1101037,39.8280816],[3.1100516,39.8281166],[3.1099572,39.8281491],[3.109847,39.8281879],[3.1098289,39.8281237],[3.1097609,39.8281272],[3.1096988,39.8281338],[3.1097032,39.8281891],[3.1095924,39.8281816],[3.1094882,39.8281541],[3.109384,39.8281166],[3.1093026,39.8280691]]]]},"properties":{"amenity":"theatre","building":"terrace"}},
{"type":"Feature","id":"a1033007420","geometry":{"type":"MultiPolygon","coordinates":[[[[2.3806052,39.539754],[2.3806705,39.5397213],[2.3807043,39.5397403],[2.3807307,39.5397032],[2.3807995,39.5397068],[2.380794,39.5397689],[2.3808489,39.5397651],[2.3809038,39.5397543],[2.3809196,39.539779],[2.3808971,39.5397957],[2.3808458,39.5398163],[2.3808687,39.5398708],[2.3808102,39.539885],[2.3807168,39.539822],[2.3806753,39.5398082],[2.3806344,39.5397803],[2.3806052,39.539754]]]]},"properties":{"building":"yes","name":"Studio Weil","tourism":"gallery"}},
{"type":"Feature","id":"a1060611484","geometry":{"type":"MultiPolygon","coordinates":[[[[2.3722273,39.5327934],[2.3722699,39.5326142],[2.3724102,39.532634],[2.3723677,39.5328132],[2.3722273,39.5327934]]]]},"properties":{"building":"yes","name":"Liedtke","tourism":"museum","wikidata":"Q66023631","wikimedia_commons":"Category:Museo Liedtke","wikipedia":"es:Liedtke Museum"}},
{"type":"Feature","id":"a1061517440","geometry":{"type":"MultiPolygon","coordinates":[[[[3.3135152,39.5183728],[3.3135372,39.518369],[3.3137485,39.5183325],[3.313715,39.5181918],[3.3138062,39.5181773],[3.3138223,39.5182508],[3.3139738,39.518229],[3.3140329,39.5184887],[3.3138531,39.5185953],[3.3137284,39.518616],[3.3137043,39.5185342],[3.3135702,39.518557],[3.3135152,39.5183728]]]]},"properties":{"amenity":"theatre","landuse":"recreation_ground","theatre:type":"open_air"}},
{"type":"Feature","id":"a1061517442","geometry":{"type":"MultiPolygon","coordinates":[[[[3.3139038,39.518575],[3.313978,39.5185332],[3.3140359,39.5185944],[3.3139616,39.5186361],[3.3139038,39.518575]]]]},"properties":{"amenity":"theatre","building":"yes"}},
{"type":"Feature","id":"a1077090498","geometry":{"type":"MultiPolygon","coordinates":[[[[3.391664,39.5766595],[3.3924741,39.5765164],[3.3925605,39.5767599],[3.3918679,39.5769065],[3.3917407,39.5768981],[3.391664,39.5766595]]]]},"properties":{"abandoned:landuse":"quarry","description":"old stone quarry directly at/in the sea with nice looks and an interesting sandstone wall at the way leading to it","tourism":"attraction","wheelchair":"no"}},
{"type":"Feature","id":"a1077965542","geometry":{"type":"MultiPolygon","coordinates":[[[[2.6540436,39.5768865],[2.6540464,39.576884],[2.65405,39.5768809],[2.6540592,39.576873],[2.6540893,39.576847],[2.6541148,39.5768249],[2.6543682,39.5769989],[2.6542966,39.5770604],[2.6540436,39.5768865]]]]},"properties":{"amenity":"arts_centre","indoor":"room","level":"0"}},
{"type":"Feature","id":"a1114776986","geometry":{"type":"MultiPolygon","coordinates":[[[[2.4130475,39.5742175],[2.4130768,39.5741601],[2.4133638,39.5742472],[2.4133345,39.5743046],[2.4130475,39.5742175]]]]},"properties":{"amenity":"arts_centre","building":"yes","name":"sa Taronja"}},
{"type":"Feature","id":"a1120767508","geometry":{"type":"MultiPolygon","coordinates":[[[[3.0105749,39.4245664],[3.0106348,39.4245173],[3.0111548,39.4248279],[3.0110931,39.4248742],[3.0107625,39.4246778],[3.0105749,39.4245664]]]]},"properties":{"access":"yes","building":"yes","historic":"tomb"}},
{"type":"Feature","id":"a1120767510","geometry":{"type":"MultiPolygon","coordinates":[[[[3.0110558,39.4241844],[3.0110987,39.4241399],[3.0113961,39.4243107],[3.0114185,39.4242962],[3.0115865,39.4243927],[3.0115267,39.4244548],[3.0110558,39.4241844]]]]},"properties":{"access":"yes","building":"yes","historic":"tomb"}},
{"type":"Feature","id":"a1124656072","geometry":{"type":"MultiPolygon","coordinates":[[[[2.4449092,39.6234494],[2.4449777,39.6233879],[2.4450145,39.6234122],[2.444946,39.6234737],[2.4449092,39.6234494]]]]},"properties":{"building":"ruins","historic":"ruins"}},
{"type":"Feature","id":"a1124656074","geometry":{"type":"MultiPolygon","coordinates":[[[[2.4442987,39.6267692],[2.4443002,39.6266838],[2.4443562,39.6266844],[2.4443547,39.6267698],[2.4442987,39.6267692]]]]},"properties":{"building":"ruins","historic":"ruins","name":"Caseta de la Mola","name:ca":"Caseta de la Mola"}},
{"type":"Feature","id":"a1124855282","geometry":{"type":"MultiPolygon","coordinates":[[[[2.4536285,39.6291859],[2.4538027,39.6290931],[2.4538459,39.6291412],[2.4536717,39.629234],[2.4536285,39.6291859]]]]},"properties":{"building":"ruins","historic":"ruins","name":"caseta de s'Esclop"}},
{"type":"Feature","id":"a1124855290","geometry":{"type":"MultiPolygon","coordinates":[[[[2.4461193,39.6246029],[2.446183,39.6245631],[2.4462283,39.6246061],[2.4461646,39.6246459],[2.4461193,39.6246029]]]]},"properties":{"building":"ruins","historic":"ruins","name":"Caseta de n'Aragó","name:ca":"Caseta de n'Aragó","wikidata":"Q17301179","wikipedia":"ca:Caseta de n'Aragó"}},
{"type":"Feature","id":"a1149666810","geometry":{"type":"MultiPolygon","coordinates":[[[[2.6499593,39.5693749],[2.649982,39.5693457],[2.6499996,39.5693235],[2.6500128,39.569325],[2.6500217,39.5693114],[2.6500225,39.5692519],[2.6500598,39.5692124],[2.6501292,39.569148],[2.6501892,39.5691522],[2.6501909,39.5691444],[2.6503183,39.5691542],[2.6503167,39.5691675],[2.6503447,39.5691673],[2.6503424,39.5691642],[2.6503647,39.5691519],[2.6503044,39.5690449],[2.6501731,39.5691168],[2.6501669,39.5691121],[2.650102,39.5690699],[2.6500708,39.5690505],[2.65004,39.5690298],[2.6500983,39.5689748],[2.650113,39.5689859],[2.6502249,39.568882],[2.6502556,39.568855],[2.6502836,39.5688271],[2.6502667,39.568816],[2.6502905,39.5687896],[2.6503191,39.5688079],[2.6505166,39.5689271],[2.6504674,39.5689656],[2.650538,39.5690976],[2.650444,39.5691453],[2.6503591,39.5691892],[2.6503342,39.5692006],[2.6503315,39.5692529],[2.6503303,39.5692813],[2.6503296,39.5692985],[2.6503178,39.5693889],[2.6502975,39.5693998],[2.6502279,39.5693948],[2.6501363,39.5693878],[2.6500436,39.5693811],[2.6499593,39.5693749]]]]},"properties":{"addr:city":"Palma","addr:housenumber":"1","addr:street":"Plaça de Cort","alt_name":"Ayuntamiento de Palma","amenity":"townhall","building":"public","heritage":"3","heritage:operator":"Consell de Mallorca","historic":"yes","image":"File:Fachada_del_ayuntamiento_de_Palma_de_Mallorca.jpg","name":"Ajuntament","name:ca":"Ajuntament","wikidata":"Q8210792","wikimedia_commons":"Category:Ajuntament de Palma","wikipedia":"es:Ayuntamiento de Palma de Mallorca"}},
{"type":"Feature","id":"a1150154822","geometry":{"type":"MultiPolygon","coordinates":[[[[3.1264039,39.7888959],[3.1264364,39.7888615],[3.1264953,39.788874],[3.1265292,39.7889381],[3.1264407,39.7889657],[3.1264039,39.7888959]]]]},"properties":{"amenity":"theatre","building":"yes"}},
{"type":"Feature","id":"a1151321208","geometry":{"type":"MultiPolygon","coordinates":[[[[3.00173,39.3822787],[3.0019457,39.3822185],[3.0019892,39.3823115],[3.0017735,39.3823717],[3.00173,39.3822787]]]]},"properties":{"building":"yes"}},
{"type":"Feature","id":"a1151321210","geometry":{"type":"MultiPolygon","coordinates":[[[[3.0016913,39.3824298],[3.0017961,39.382399],[3.0018153,39.3824383],[3.0017105,39.382469],[3.0016913,39.3824298]]]]},"properties":{"building":"yes"}},
{"type":"Feature","id":"a1151321212","geometry":{"type":"MultiPolygon","coordinates":[[[[2.9997763,39.3826985],[3.0016045,39.3811768],[3.0020262,39.3818152],[3.0023628,39.3823013],[3.001481,39.3825483],[3.0011341,39.3826454],[2.9998808,39.3830061],[2.9997763,39.3826985]]]]},"properties":{"addr:street":"ma6014 km 40\n07630 Campos","contact:email":"info@artestruzmallorca.com","name":"Artestruz","opening_hours":"We-Su 10:00-16:00","phone":"+34 639721735","tourism":"zoo","website":"https://www.artestruzmallorca.com/"}},
{"type":"Feature","id":"a1151321216","geometry":{"type":"MultiPolygon","coordinates":[[[[2.9996766,39.3827673],[2.9997763,39.3826985],[2.9998808,39.3830061],[2.9997222,39.3830492],[2.9996766,39.3827673]]]]},"properties":{"access":"customers","amenity":"parking"}},
{"type":"Feature","id":"a1151321218","geometry":{"type":"MultiPolygon","coordinates":[[[[3.0010455,39.3825376],[3.0011511,39.3824858],[3.0012397,39.3825936],[3.0011341,39.3826454],[3.0010455,39.3825376]]]]},"properties":{"building":"yes","name":"Artestruz","shop":"farm;art"}},
{"type":"Feature","id":"a1165920580","geometry":{"type":"MultiPolygon","coordinates":[[[[3.1109682,39.840901],[3.110991,39.8408104],[3.1110285,39.8407795],[3.111113,39.8407198],[3.1111626,39.8407054],[3.1112592,39.8407064],[3.1113812,39.8407394],[3.1114496,39.8407837],[3.1115234,39.8409052],[3.1114939,39.8410133],[3.1114711,39.8410524],[3.1114215,39.8410792],[3.111349,39.8410977],[3.1112686,39.8410998],[3.1112686,39.8410792],[3.1112042,39.8410771],[3.1111546,39.841106],[3.1110165,39.8410401],[3.1109722,39.8409381],[3.1109682,39.840901]]]]},"properties":{"amenity":"theatre"}},
{"type":"Feature","id":"a1167990366","geometry":{"type":"MultiPolygon","coordinates":[[[[3.4363255,39.744377],[3.4363805,39.7443636],[3.4364837,39.7444182],[3.4364408,39.7444564],[3.4363925,39.7444306],[3.4363295,39.7444244],[3.4363255,39.744377]]]]},"properties":{"bunker_type":"pillbox","historic":"ruins","location":"overground"}},
{"type":"Feature","id":"a1168457164","geometry":{"type":"MultiPolygon","coordinates":[[[[3.4443265,39.7321254],[3.4443389,39.7320735],[3.4445588,39.7321045],[3.4445465,39.7321564],[3.4443265,39.7321254]]]]},"properties":{"building":"yes","historic":"ruins","ruins":"yes"}},
{"type":"Feature","id":"a1169225430","geometry":{"type":"MultiPolygon","coordinates":[[[[3.4751303,39.7170344],[3.4751305,39.7170244],[3.4751351,39.7170151],[3.4751434,39.7170074],[3.4751545,39.7170023],[3.4751667,39.7170003],[3.4751791,39.7170015],[3.4751904,39.7170055],[3.4751993,39.7170122],[3.4752051,39.7170207],[3.475207,39.7170301],[3.475205,39.7170396],[3.4751991,39.717048],[3.47519,39.7170546],[3.4751787,39.7170586],[3.4751658,39.7170596],[3.4751532,39.7170573],[3.4751423,39.7170518],[3.4751344,39.7170439],[3.4751303,39.7170344]]]]},"properties":{"building":"ruins","heritage":"3","heritage:operator":"Consell de Mallorca","historic":"castle","man_made":"tower","name":"sa Torre Esbucada","tower:type":"defensive"}},
{"type":"Feature","id":"a1205444518","geometry":{"type":"MultiPolygon","coordinates":[[[[2.7122116,39.7667488],[2.7122599,39.7666786],[2.7123034,39.7666962],[2.7123441,39.766637],[2.712476,39.7666906],[2.7123552,39.7668663],[2.7122235,39.7668129],[2.7122554,39.7667666],[2.7122116,39.7667488]]]]},"properties":{"amenity":"arts_centre","building":"yes","name":"Can Dulce","wikidata":"Q111911153","wikimedia_commons":"Category:Can Dulce (Sóller)"}},
{"type":"Feature","id":"a1205444520","geometry":{"type":"MultiPolygon","coordinates":[[[[2.7123831,39.7670777],[2.7124133,39.7670378],[2.7123933,39.7670289],[2.7124311,39.7669789],[2.7124503,39.7669875],[2.7124803,39.7669477],[2.7126711,39.7670329],[2.7125534,39.7671887],[2.712497,39.7671635],[2.7125168,39.7671373],[2.7123831,39.7670777]]]]},"properties":{"building":"yes","historic":"manor","name":"Can Cremat","name:ca":"Can Cremat","wikidata":"Q111911202","wikimedia_commons":"Category:Can Cremat (Sóller)"}},
{"type":"Feature","id":"a1205983786","geometry":{"type":"MultiPolygon","coordinates":[[[[3.1590291,39.7569275],[3.1591004,39.7568639],[3.1591545,39.7568998],[3.1590831,39.7569634],[3.1590291,39.7569275]]]]},"properties":{"amenity":"theatre","building":"roof"}},
{"type":"Feature","id":"a28325363","geometry":{"type":"MultiPolygon","coordinates":[[[[2.5845834,39.537095],[2.585163,39.5361499],[2.5852491,39.5361499],[2.5869482,39.536436],[2.5869747,39.5363798],[2.5870541,39.5363824],[2.5871436,39.5364156],[2.5871436,39.5364743],[2.5881935,39.5366378],[2.58822,39.5366659],[2.5881603,39.5369903],[2.5880212,39.5369647],[2.5880093,39.5370149],[2.5879119,39.5374245],[2.587849,39.5374526],[2.5862792,39.5372891],[2.5862493,39.5373479],[2.5861765,39.537353],[2.5861136,39.53733],[2.5861136,39.5372764],[2.5846397,39.5371282],[2.5845834,39.537095]],[[2.5846416,39.5370868],[2.5878626,39.537413],[2.5879537,39.5370121],[2.5879749,39.5369188],[2.5881067,39.5369343],[2.5881507,39.536681],[2.5869931,39.5365018],[2.5852427,39.5362188],[2.5851889,39.5362334],[2.5846416,39.5370868]]]]},"properties":{"barrier":"wall","building":"yes","description:de":"Burggefängnis aus der Zeit des dem Spanischen Bürgerkrieges","description:en":"Prison fort from the Spanish Civil War","historic":"fort","name":"Fortí d'Illetes","wikidata":"Q43146029"}},
{"type":"Feature","id":"a1229307748","geometry":{"type":"MultiPolygon","coordinates":[[[[2.9034115,39.7576663],[2.903425,39.7575993],[2.9034633,39.7576186],[2.9035284,39.757552],[2.9036991,39.7576438],[2.9037927,39.7575476],[2.9039265,39.7576258],[2.9038684,39.7576806],[2.903885,39.7576888],[2.9037766,39.7577928],[2.9036969,39.757744],[2.9036689,39.7577578],[2.9034886,39.7576509],[2.9034799,39.7576675],[2.9034115,39.7576663]]]]},"properties":{"building":"yes","historic":"manor","name":"So n'Arnau"}},
{"type":"Feature","id":"a17719247","geometry":{"type":"MultiPolygon","coordinates":[[[[2.6106327,39.5978658],[2.6111215,39.5977765],[2.6112261,39.5982172],[2.6108032,39.5982897],[2.6108126,39.5983128],[2.6107339,39.5983257],[2.6106327,39.5978658]],[[2.6107509,39.5979404],[2.6107912,39.5981956],[2.6109025,39.598177],[2.6109092,39.5982132],[2.6111653,39.598176],[2.6110768,39.5978877],[2.6107509,39.5979404]]]]},"properties":{"building":"yes","building:colour":"#eecfaf","historic":"yes","name":"Possessió de Son Puig","name:ca":"Possessió de Son Puig","name:es":"Posesión de Son Puig","operator":"Consell de Mallorca"}},
{"type":"Feature","id":"a1284664094","geometry":{"type":"MultiPolygon","coordinates":[[[[2.4240799,39.5762613],[2.4241353,39.5762181],[2.4241929,39.5762621],[2.4241376,39.5763053],[2.4240799,39.5762613]]]]},"properties":{"building:levels":"4","building:part":"yes","heritage":"3","heritage:operator":"Consell de Mallorca","historic":"castle","man_made":"tower","name":"Castell de Son Mas","name:ca":"Castell de Son Mas","roof:levels":"1","tower:type":"defensive"}},
{"type":"Feature","id":"a1284664148","geometry":{"type":"MultiPolygon","coordinates":[[[[2.3918929,39.5780035],[2.3922736,39.5778503],[2.3923754,39.5780006],[2.3920631,39.5781262],[2.3920953,39.5781992],[2.3920626,39.5782083],[2.3920295,39.5782176],[2.3919931,39.5781616],[2.3919376,39.5780758],[2.3919346,39.5780772],[2.3919085,39.5780364],[2.3918985,39.5780147],[2.3918929,39.5780035]]]]},"properties":{"amenity":"marketplace","name":"Mercat de s’Arracó","opening_hours":"Sa 08:00+"}},
{"type":"Feature","id":"a1285158548","geometry":{"type":"MultiPolygon","coordinates":[[[[2.3170877,39.5863961],[2.3170903,39.586384],[2.3171048,39.5863718],[2.317126,39.5863693],[2.3171446,39.5863775],[2.3171526,39.5863928],[2.3171458,39.5864092],[2.3171269,39.5864184],[2.3171047,39.586416],[2.317093,39.5864077],[2.3170877,39.5863961]]]]},"properties":{"building:part":"yes","historic":"yes","image":"https://commons.wikimedia.org/wiki/File:Far_de_Na_Popis.JPG","man_made":"tower","name":"Far de Na Pòpia","source":"esri clarity and local knowledge with rough gps positioning","wikidata":"Q29949348","wikimedia_commons":"File:Far_de_Na_Popis.JPG","wikipedia":"es:Faro de Na Pòpia"}},
{"type":"Feature","id":"a1303337512","geometry":{"type":"MultiPolygon","coordinates":[[[[3.2428039,39.4193937],[3.2444631,39.4186996],[3.2451826,39.4190321],[3.243785,39.4202474],[3.2428039,39.4193937]]]]},"properties":{"historic":"archaeological_site","name":"Closos de Ca'n Gaià","name:ca":"Closos de Can Gaià","wikidata":"Q8346975","wikimedia_commons":"Category:Closos de Ca'n Gaià","wikipedia":"ca:Closos de Can Gaià"}},
{"type":"Feature","id":"a1310715244","geometry":{"type":"MultiPolygon","coordinates":[[[[2.6504865,39.5677927],[2.650569,39.567778],[2.65062,39.5677652],[2.6506399,39.5677623],[2.6506878,39.5677517],[2.6506933,39.5677729],[2.650728,39.5677639],[2.6507534,39.5677588],[2.650763,39.5677772],[2.6507677,39.5677831],[2.650742,39.5677887],[2.6507559,39.5678251],[2.6507687,39.567856],[2.6507647,39.567858],[2.6507743,39.5678917],[2.6507795,39.5679024],[2.6508169,39.5678779],[2.6508294,39.5678719],[2.6508442,39.5678659],[2.6508836,39.5678459],[2.6509127,39.5678315],[2.6509184,39.5678379],[2.650945,39.5678253],[2.6509628,39.5678469],[2.6509038,39.5678757],[2.6509388,39.5679259],[2.6510046,39.5678979],[2.6510259,39.5679205],[2.651046,39.5679477],[2.6509942,39.5679719],[2.6509785,39.5679793],[2.6509107,39.5680028],[2.6508488,39.5679182],[2.6507356,39.5679653],[2.6507554,39.5680465],[2.6507164,39.5680528],[2.6506978,39.5680557],[2.6507008,39.5680866],[2.6507073,39.5681573],[2.6507,39.5681589],[2.6506597,39.5681666],[2.6506127,39.568177],[2.6506101,39.568177],[2.6505816,39.5681006],[2.6505538,39.5680252],[2.6505265,39.5679455],[2.6505068,39.5678806],[2.6504865,39.5677927]]]]},"properties":{"building":"house","historic":"manor","name":"Ca n'Olesa","name:ca":"Can Olesa","wikidata":"Q20106489","wikimedia_commons":"Category:Casal Olesa","wikipedia":"ca:Can Olesa"}},
{"type":"Feature","id":"a1322566300","geometry":{"type":"MultiPolygon","coordinates":[[[[2.6084074,39.5552506],[2.6084664,39.5551606],[2.6085647,39.5550793],[2.6086496,39.5550436],[2.6088042,39.5550282],[2.6092166,39.5550594],[2.6093577,39.5545398],[2.6094316,39.554521],[2.6095016,39.5545097],[2.6095791,39.5544977],[2.609691,39.5544896],[2.6098005,39.5544885],[2.6099756,39.5545273],[2.6100834,39.5545351],[2.6102648,39.5545194],[2.6104404,39.5545052],[2.6105367,39.5544958],[2.6106248,39.5544921],[2.6107482,39.5545005],[2.6107734,39.5545132],[2.6107646,39.5545263],[2.6101053,39.5551062],[2.6100264,39.555173],[2.6099878,39.555151],[2.6100183,39.5550758],[2.6099614,39.5550711],[2.6097459,39.5550915],[2.6096057,39.5551119],[2.609441,39.5551322],[2.6092987,39.5552263],[2.6092534,39.555291],[2.6092438,39.5553046],[2.6091829,39.5553501],[2.6090955,39.5553767],[2.609002,39.5553689],[2.608941,39.5553501],[2.6088243,39.555329],[2.6087814,39.5553188],[2.6086908,39.5553736],[2.6086445,39.555416],[2.6088389,39.5555832],[2.6088333,39.5556],[2.6090598,39.555764],[2.609037,39.5557873],[2.6091923,39.5558951],[2.609159,39.5559086],[2.6089377,39.5561236],[2.6085672,39.555862],[2.6086334,39.5557416],[2.608764,39.555558],[2.608621,39.5554477],[2.6085371,39.5553756],[2.6084109,39.5552978],[2.6084074,39.5552506]]]]},"properties":{"addr:city":"Palma","addr:housenumber":"29","addr:postcode":"07015","addr:street":"Carrer de Saridakis","fee":"yes","museum":"art","name":"Fundació Pilar i Joan Miró a Mallorca","name:ca":"Fundació Pilar i Joan Miró a Mallorca","opening_hours":"Tu-Su 10:00-17:00","phone":"+34 971 701420","tourism":"museum","website":"https://miromallorca.com/","wikidata":"Q949576","wikimedia_commons":"Category:Fundació Pilar i Joan Miró","wikipedia":"ca:Fundació Miró Mallorca"}},
{"type":"Feature","id":"a1337518680","geometry":{"type":"MultiPolygon","coordinates":[[[[2.4677691,39.5199355],[2.4677728,39.5199148],[2.4677872,39.5198971],[2.4678098,39.5198854],[2.4678339,39.5198819],[2.467858,39.5198856],[2.4678786,39.519896],[2.4678927,39.5199115],[2.4678983,39.51993],[2.4678946,39.5199484],[2.4678824,39.5199646],[2.4678634,39.5199761],[2.4678402,39.5199815],[2.467816,39.5199799],[2.4677944,39.5199715],[2.4677767,39.5199556],[2.4677691,39.5199355]]]]},"properties":{"building":"yes","historic":"yes","man_made":"tower","name":"es Castellot","name:ca":"es Castellot","tower:type":"defensive"}},
{"type":"Feature","id":"a1343163180","geometry":{"type":"MultiPolygon","coordinates":[[[[3.1474616,39.4681642],[3.147485,39.4681219],[3.1475386,39.4680687],[3.1475512,39.4680496],[3.1475806,39.4680125],[3.1476037,39.4679849],[3.147712,39.4680653],[3.1476519,39.4681455],[3.1476144,39.4681953],[3.1474616,39.4681642]]]]},"properties":{"amenity":"theatre","building":"yes","name":"Casa de cultura","wikidata":"Q111951300","wikimedia_commons":"Category:Casa de Cultura (Felanitx)"}},
{"type":"Feature","id":"a1345751416","geometry":{"type":"MultiPolygon","coordinates":[[[[2.9815248,39.5637106],[2.9815317,39.5636382],[2.9818801,39.5636501],[2.9818782,39.5636858],[2.981765,39.5636822],[2.981763,39.563718],[2.9815248,39.5637106]]]]},"properties":{"amenity":"theatre","building":"yes","name":"el Molinar","name:ca":"el Molinar"}},
{"type":"Feature","id":"a1373691844","geometry":{"type":"MultiPolygon","coordinates":[[[[3.1201413,39.8505912],[3.1206161,39.8498808],[3.1213,39.8500991],[3.1212142,39.8502514],[3.120967,39.8502097],[3.1205121,39.8507671],[3.1201413,39.8505912]]]]},"properties":{"name":"Ciutat Romana de Pol·lèntia","opening_hours":"Apr-Sep: Mo-Fr 09:30-20:30; Apr-Sep: Sa,Su 09:30-14:30; Oct-Mar: Mo-Fr 09:30-15:30","tourism":"attraction"}},
{"type":"Feature","id":"a1373691846","geometry":{"type":"MultiPolygon","coordinates":[[[[3.1217319,39.8492651],[3.1221718,39.8487523],[3.1226479,39.8490324],[3.1230582,39.8490694],[3.1228664,39.849574],[3.1226599,39.8495369],[3.1222415,39.8495843],[3.1220779,39.8495389],[3.1217319,39.8492651]]]]},"properties":{"name":"Pol·lèntia","name:ca":"Pol·lèntia","opening_hours":"Apr-Sep: Mo-Fr 09:30-20:30; Apr-Sep: Sa,Su 09:30-14:30; Oct-Mar: Mo-Fr 09:30-15:30","tourism":"attraction","wheelchair":"yes","wikidata":"Q1512868","wikimedia_commons":"Category:Pollentia","wikipedia":"de:Pol·lèntia"}},
{"type":"Feature","id":"a1384551420","geometry":{"type":"MultiPolygon","coordinates":[[[[3.1852828,39.4556567],[3.1855457,39.4555273],[3.1855229,39.4555014],[3.1858984,39.4553657],[3.1859359,39.4552508],[3.1864254,39.4553419],[3.1863946,39.4554403],[3.1862497,39.4554071],[3.1862296,39.4554486],[3.1859748,39.455402],[3.1859601,39.4554434],[3.1859104,39.4554713],[3.1859064,39.455489],[3.1858501,39.4555428],[3.1858769,39.4555718],[3.1858528,39.4555977],[3.1856771,39.4556836],[3.185661,39.4556619],[3.1855725,39.4557178],[3.1855658,39.4557033],[3.1854424,39.455782],[3.1854182,39.4557458],[3.1853539,39.4557758],[3.1852828,39.4556567]]]]},"properties":{"amenity":"place_of_worship","building":"yes","denomination":"catholic","heritage":"3","heritage:operator":"Consell de Mallorca","historic":"monument","name":"Sant Salvador","name:ca":"Sant Salvador","name:es":"San Salvador","religion":"christian","wheelchair":"limited","wikidata":"Q1236385","wikimedia_commons":"Category:Santuari de Sant Salvador (Felanitx)","wikipedia":"ca:Santuari de Sant Salvador de Felanitx"}},
{"type":"Feature","id":"a1392758504","geometry":{"type":"MultiPolygon","coordinates":[[[[3.0161287,39.8758943],[3.0161535,39.8758424],[3.0162206,39.8758612],[3.0161958,39.8759132],[3.0161287,39.8758943]]]]},"properties":{"building":"yes","castle_type":"tower","heritage":"3","heritage:operator":"Consell de Mallorca","historic":"castle","man_made":"tower","name":"Torre de Can Desbrull","tower:type":"defensive"}},
{"type":"Feature","id":"a1392990698","geometry":{"type":"MultiPolygon","coordinates":[[[[2.6505239,39.5664866],[2.6507932,39.5664255],[2.6508112,39.5664669],[2.6507741,39.5664759],[2.650766,39.5664767],[2.6505304,39.566534],[2.6505239,39.5664866]]]]},"properties":{"building":"yes","historic":"manor","layer":"1","name":"Can Formiguera","name:ca":"Can Formiguera","wikidata":"Q17590323","wikipedia":"ca:Can Formiguera"}},
{"type":"Feature","id":"a19366153","geometry":{"type":"MultiPolygon","coordinates":[[[[2.6524494,39.5675669],[2.6526029,39.5674775],[2.6526322,39.567523],[2.6526532,39.5675557],[2.6526653,39.5675744],[2.6526834,39.5676026],[2.6526846,39.5676059],[2.6526888,39.567605],[2.6527188,39.567645],[2.6527473,39.5676335],[2.6527643,39.5676587],[2.6527381,39.56767],[2.6527435,39.5676792],[2.6526988,39.5676983],[2.6526896,39.567685],[2.6526444,39.5677065],[2.6526759,39.5677522],[2.6526019,39.5677785],[2.6525826,39.5677489],[2.6525476,39.5677004],[2.6525285,39.5676739],[2.6525224,39.5676655],[2.6525085,39.5676466],[2.6525044,39.5676411],[2.6524769,39.5676036],[2.6524494,39.5675669]],[[2.6525272,39.5676194],[2.6525549,39.5676597],[2.6526404,39.5676164],[2.6526104,39.5675701],[2.6525272,39.5676194]]]]},"properties":{"alt_name":"Can Antic","building":"yes","historic":"manor","name":"La Criança","name:ca":"La Criança"}},
{"type":"Feature","id":"a1393461778","geometry":{"type":"MultiPolygon","coordinates":[[[[2.7155964,39.7662351],[2.7156305,39.7661592],[2.7157823,39.7661898],[2.7157778,39.766212],[2.7158105,39.7662161],[2.7158143,39.7661962],[2.7158663,39.766204],[2.7158473,39.7662759],[2.7155964,39.7662351]]]]},"properties":{"addr:city":"Sóller","addr:housenumber":"21","addr:postcode":"07100","addr:street":"Plaça de la Constitució","building":"yes","heritage":"3","heritage:operator":"Consell de Mallorca","historic":"building","name":"Banc de Sóller","name:ca":"Banc de Sóller","wikidata":"Q11907782","wikimedia_commons":"Category:Banc de Sóller","wikipedia":"es:Banco de Sóller"}},
{"type":"Feature","id":"a1423204912","geometry":{"type":"MultiPolygon","coordinates":[[[[2.62164,39.7107113],[2.6217611,39.7106192],[2.6218211,39.7105877],[2.6220038,39.7105954],[2.6219995,39.7106723],[2.622121,39.7106586],[2.6221196,39.7108947],[2.6219693,39.7109349],[2.6217964,39.7109667],[2.6217547,39.7108245],[2.62164,39.7107113]]]]},"properties":{"addr:city":"Valldemossa","addr:housenumber":"6","addr:postcode":"07170","addr:street":"Avinguda de Palma","alt_name":"Ca les Quenques","amenity":"arts_centre","name":"Centre Cultural Costa Nord"}},
{"type":"Feature","id":"a1447059904","geometry":{"type":"MultiPolygon","coordinates":[[[[2.7555672,39.5071538],[2.7556912,39.5071236],[2.7557141,39.5071614],[2.7555884,39.5071953],[2.7555672,39.5071538]]]]},"properties":{"amenity":"arts_centre"}},
{"type":"Feature","id":"a1453075904","geometry":{"type":"MultiPolygon","coordinates":[[[[2.4686362,39.5078668],[2.4691466,39.5075172],[2.4715149,39.5067858],[2.4709851,39.5077883],[2.4701914,39.508805],[2.4686362,39.5078668]]]]},"properties":{"contact:facebook":"https://www.facebook.com/JungleParcMallorc","contact:instagram":"https://www.instagram.com/explore/locations/928726439/jungle-parc-mallorca","contact:twitter":"https://twitter.com/jungle_parc","contact:youtube":"https://www.youtube.com/channel/UC65QgCkzL5-Mfua27BVzkZg","email":"mallorca@jungleparc.es","landuse":"recreation_ground","name":"Jungle Parc","opening_hours:covid19":"off","phone":"+34 630 94 82 95","sport":"climbing_adventure","tourism":"attraction","website":"https://www.jungleparc.es/"}},
{"type":"Feature","id":"a1467620344","geometry":{"type":"MultiPolygon","coordinates":[[[[2.6480686,39.5683071],[2.6481239,39.5682975],[2.6481198,39.5682804],[2.6481263,39.5682791],[2.6481773,39.5682654],[2.6481781,39.5682686],[2.6481905,39.5683166],[2.6482131,39.5683302],[2.6482557,39.5683254],[2.6482756,39.5683239],[2.6482674,39.5682514],[2.6483319,39.5682464],[2.6483513,39.5683691],[2.6483042,39.568372],[2.6482818,39.5683738],[2.6482358,39.5683787],[2.6481344,39.5683921],[2.648131,39.5683804],[2.6480861,39.5683858],[2.6480741,39.5683355],[2.6480686,39.5683071]]]]},"properties":{"addr:housenumber":"4","addr:street":"Carrer de l'Estudi General","building":"yes","historic":"manor","name":"Can Sastre","name:ca":"Can Sastre","wikidata":"Q108417498"}},
{"type":"Feature","id":"a1468750632","geometry":{"type":"MultiPolygon","coordinates":[[[[2.6489627,39.5683418],[2.6492017,39.5682904],[2.6492049,39.568291],[2.6493009,39.5684157],[2.6493956,39.5685405],[2.6493921,39.5685435],[2.6492726,39.5686185],[2.6492468,39.5685926],[2.6493319,39.5685426],[2.6493225,39.5685307],[2.6493148,39.5685349],[2.6492516,39.5684473],[2.6491711,39.5684982],[2.6492192,39.5685582],[2.6491806,39.5685754],[2.6491795,39.5685741],[2.6491565,39.5685874],[2.6491262,39.5685547],[2.6491131,39.5685407],[2.649097,39.5685577],[2.6490753,39.5685255],[2.6491046,39.5685115],[2.6490655,39.5684618],[2.6490415,39.5684733],[2.6490247,39.5684493],[2.6490105,39.5684292],[2.6489938,39.5684033],[2.6489627,39.5683418]]]]},"properties":{"addr:housenumber":"9","addr:street":"Carrer de l'Estudi General","building":"yes","historic":"manor","name":"Can Ferragut","name:ca":"Can Ferragut","wikidata":"Q108418282"}},
{"type":"Feature","id":"a1473232148","geometry":{"type":"MultiPolygon","coordinates":[[[[2.6502623,39.5682489],[2.6503248,39.5682333],[2.650342,39.5682852],[2.6503637,39.5682802],[2.6503441,39.5682288],[2.6503462,39.5682283],[2.6503364,39.5681948],[2.6503299,39.5681764],[2.6503197,39.5681441],[2.6503518,39.5681389],[2.6503583,39.5681573],[2.6503751,39.5681532],[2.6503777,39.5681464],[2.6503881,39.5681383],[2.6503857,39.568131],[2.6505202,39.5680993],[2.6505887,39.5682803],[2.6505418,39.5682947],[2.6504936,39.5683101],[2.6504549,39.5683236],[2.650345,39.568363],[2.6503397,39.5683576],[2.6503206,39.5683042],[2.650283,39.5683115],[2.6502661,39.5682616],[2.6502623,39.5682489]]]]},"properties":{"alt_name":"Can Vivot Santjoan","building":"yes","historic":"manor","name":"Can Ordines d'Almadrà","wikidata":"Q105889219","wikimedia_commons":"Category:Ca n'Ordines d'Almadrà","wikipedia":"ca:Can Ordines d'Almandra"}},
{"type":"Feature","id":"a1473258436","geometry":{"type":"MultiPolygon","coordinates":[[[[2.6501333,39.5664301],[2.6502005,39.5664024],[2.6502527,39.5663926],[2.6503654,39.5664057],[2.650422,39.56639],[2.6504668,39.5665374],[2.6504005,39.5665465],[2.6503596,39.5665551],[2.650321,39.5665617],[2.6503081,39.5665152],[2.650161,39.5665411],[2.6501561,39.5665417],[2.6501333,39.5664301]]]]},"properties":{"alt_name":"posada de la Cartoixa","building":"yes","historic":"manor","name":"Cal Comte d'Espanya","wikidata":"Q105885005","wikipedia":"ca:Posada de la Cartoixa"}},
{"type":"Feature","id":"a1473258438","geometry":{"type":"MultiPolygon","coordinates":[[[[2.649797,39.566475],[2.6500515,39.5662599],[2.6501102,39.5662114],[2.6501296,39.5662075],[2.6502011,39.5662577],[2.6501903,39.5662661],[2.650313,39.5663643],[2.6503375,39.5663679],[2.6504099,39.566349],[2.6504069,39.5663441],[2.6504449,39.5663364],[2.6504574,39.5663324],[2.6504775,39.5663301],[2.6504945,39.5663748],[2.6504701,39.5663794],[2.650422,39.56639],[2.6503654,39.5664057],[2.6502527,39.5663926],[2.6502005,39.5664024],[2.6501333,39.5664301],[2.6499826,39.5664948],[2.6499919,39.5665083],[2.6499329,39.5665323],[2.6498857,39.5665515],[2.6498238,39.566511],[2.6498332,39.5665029],[2.649797,39.566475]]]]},"properties":{"building":"yes","historic":"manor","name":"Ca la Torre","wikidata":"Q20107352","wikimedia_commons":"Category:Cal Marquès de la Torre","wikipedia":"ca:Cal Marquès de la Torre"}},
{"type":"Feature","id":"a1473258444","geometry":{"type":"MultiPolygon","coordinates":[[[[2.6501825,39.566942],[2.6501935,39.5669403],[2.6501901,39.5669318],[2.6502359,39.5669232],[2.6502057,39.5667435],[2.6502157,39.5667417],[2.6502611,39.5667321],[2.6504915,39.5666935],[2.650496,39.5666932],[2.6505066,39.5667528],[2.6505235,39.5668427],[2.6505332,39.5668968],[2.6505378,39.5669196],[2.6504789,39.5669296],[2.6504684,39.5669306],[2.6503957,39.5669437],[2.6503738,39.5669463],[2.650368,39.5669222],[2.6503162,39.5669295],[2.6503206,39.5669596],[2.6502057,39.566976],[2.6501959,39.5669777],[2.6501881,39.5669575],[2.6501825,39.566942]]]]},"properties":{"building":"yes","historic":"manor","name":"Can Espanya-Serra","name:ca":"Can Espanya-Serra","wikidata":"Q105889054","wikimedia_commons":"Category:Can Espanya","wikipedia":"ca:Can Espanya-Serra"}},
{"type":"Feature","id":"a1473258446","geometry":{"type":"MultiPolygon","coordinates":[[[[2.6502511,39.5671006],[2.6503418,39.5670863],[2.6504052,39.5670762],[2.6504134,39.5670888],[2.6505652,39.5670627],[2.6505663,39.567159],[2.650541,39.5672923],[2.6504632,39.5672922],[2.6503777,39.5672935],[2.6503249,39.5672955],[2.6503248,39.567269],[2.6503095,39.5672161],[2.650279,39.5671198],[2.6502591,39.5671231],[2.6502511,39.5671006]]]]},"properties":{"building":"yes","historic":"manor","name":"Can Pasqual","name:ca":"Can Pasqual","wikidata":"Q105884852"}},
{"type":"Feature","id":"a1473258474","geometry":{"type":"MultiPolygon","coordinates":[[[[2.6504395,39.5675974],[2.6506308,39.5675582],[2.6506446,39.5676086],[2.6506505,39.5676447],[2.6505302,39.5676695],[2.6505352,39.5676841],[2.6505615,39.5676788],[2.6505721,39.5677127],[2.6505492,39.5677182],[2.6505538,39.5677329],[2.6506719,39.5677102],[2.650654,39.5676553],[2.6506729,39.5676513],[2.6507278,39.5676393],[2.6507616,39.5677148],[2.6507863,39.5677079],[2.6508075,39.5677518],[2.6507846,39.567763],[2.6507814,39.5677525],[2.6507534,39.5677588],[2.650728,39.5677639],[2.6507214,39.5677442],[2.6506878,39.5677517],[2.6506399,39.5677623],[2.65062,39.5677652],[2.650569,39.567778],[2.6504865,39.5677927],[2.650475,39.5677447],[2.6504395,39.5675974]]]]},"properties":{"alt_name":"Can Pacs Fuster","building":"yes","historic":"manor","name":"Posada de s'Estorell"}},
{"type":"Feature","id":"a1473263656","geometry":{"type":"MultiPolygon","coordinates":[[[[2.6508409,39.568604],[2.6508699,39.568592],[2.6508953,39.5685817],[2.65091,39.5686117],[2.6509508,39.5685968],[2.6509376,39.5685622],[2.6509415,39.5685607],[2.6509297,39.5685384],[2.6509186,39.5685211],[2.6509427,39.5685153],[2.6509259,39.5684819],[2.6509869,39.5684504],[2.6510131,39.5684403],[2.6510153,39.5684439],[2.6510264,39.5684868],[2.6510444,39.5685558],[2.6510601,39.5686171],[2.6510752,39.5686753],[2.6510734,39.568683],[2.6510663,39.5686893],[2.6509218,39.5687497],[2.6509189,39.5687449],[2.6508773,39.5686699],[2.6508409,39.568604]]]]},"properties":{"building":"yes","historic":"manor","name":"Can Amorós","name:ca":"Can Amorós"}},
{"type":"Feature","id":"a1473278680","geometry":{"type":"MultiPolygon","coordinates":[[[[2.6493049,39.5683742],[2.6493692,39.5683493],[2.6494263,39.5683293],[2.6494649,39.5683155],[2.6494815,39.5683107],[2.6495221,39.5682942],[2.6495194,39.5682894],[2.6495635,39.5682758],[2.6495892,39.5683145],[2.6496536,39.5682916],[2.6496582,39.568296],[2.6496666,39.5683101],[2.6497021,39.5682939],[2.6497209,39.5683261],[2.6497411,39.5683582],[2.6497043,39.5683737],[2.6496103,39.5684109],[2.6495741,39.5684246],[2.6495251,39.5684435],[2.6494868,39.5684674],[2.6494081,39.5685123],[2.6493049,39.5683742]]]]},"properties":{"building":"yes","historic":"manor","name":"Can Crespí","name:ca":"Can Crespí","wikidata":"Q125327245","wikimedia_commons":"Category:Can Crespí (Palma)"}},
{"type":"Feature","id":"a1474134322","geometry":{"type":"MultiPolygon","coordinates":[[[[2.6509523,39.5667815],[2.650997,39.5667666],[2.6510131,39.5667939],[2.6510647,39.5667666],[2.6510717,39.5667761],[2.6511148,39.5667553],[2.6511395,39.5667369],[2.6510809,39.5666906],[2.6511818,39.5666188],[2.6511633,39.5666033],[2.6512088,39.5665725],[2.6512234,39.566639],[2.6512334,39.5666496],[2.6512588,39.5666704],[2.6512262,39.5666952],[2.651215,39.5667025],[2.6511995,39.5667138],[2.6512119,39.5667298],[2.6510031,39.5668604],[2.6509746,39.5668218],[2.6509638,39.5668023],[2.6509523,39.5667815]]]]},"properties":{"building":"yes","historic":"yes"}},
{"type":"Feature","id":"a1474152396","geometry":{"type":"MultiPolygon","coordinates":[[[[2.6516829,39.5674891],[2.6517363,39.5674782],[2.65179,39.5674672],[2.6518396,39.5674571],[2.6518578,39.5674861],[2.6519139,39.5674653],[2.6519829,39.5675546],[2.6520349,39.5675288],[2.6520581,39.5675574],[2.6520432,39.5675633],[2.6520274,39.5675748],[2.6519979,39.5675894],[2.6520112,39.5676044],[2.6519714,39.5676194],[2.6519475,39.5675921],[2.6518776,39.5676262],[2.651882,39.5676331],[2.6518149,39.567668],[2.6516829,39.5674891]]]]},"properties":{"building":"yes","historic":"manor","name":"Can Dusai","name:ca":"Can Dusai","wikidata":"Q108061909"}},
{"type":"Feature","id":"a1474230844","geometry":{"type":"MultiPolygon","coordinates":[[[[2.6519991,39.5672533],[2.6520738,39.5672146],[2.652162,39.5673263],[2.6520867,39.567364],[2.6520598,39.5673325],[2.652096,39.5673127],[2.6520656,39.5672722],[2.6520326,39.5672931],[2.6519991,39.5672533]]]]},"properties":{"building":"yes","historic":"manor"}},
{"type":"Feature","id":"a1474230850","geometry":{"type":"MultiPolygon","coordinates":[[[[2.6520738,39.5672146],[2.6522151,39.5671039],[2.6522749,39.5670265],[2.6522977,39.5670515],[2.6523051,39.5670608],[2.6523332,39.5670967],[2.6523283,39.5670995],[2.6523086,39.5671141],[2.6523328,39.5671328],[2.6523365,39.5671365],[2.6523404,39.5671401],[2.6522753,39.5671876],[2.6522888,39.5672049],[2.6522882,39.5672074],[2.652314,39.5672421],[2.6523103,39.5672437],[2.6523166,39.5672513],[2.6523308,39.5672691],[2.6522591,39.5673053],[2.652246,39.5672908],[2.652219,39.5673094],[2.6522103,39.5673019],[2.6521674,39.5673327],[2.652162,39.5673263],[2.6520738,39.5672146]]]]},"properties":{"building":"yes","historic":"manor","name":"Can Muntaner","name:ca":"Can Muntaner","wikidata":"Q108461924"}},
{"type":"Feature","id":"a1474230854","geometry":{"type":"MultiPolygon","coordinates":[[[[2.6523368,39.5672813],[2.6523521,39.5672724],[2.6523829,39.5672556],[2.6524068,39.5672413],[2.6524484,39.5673019],[2.6525089,39.5672687],[2.6524653,39.5672012],[2.6525034,39.5671753],[2.6525875,39.56731],[2.652507,39.5673532],[2.652514,39.5673613],[2.6524766,39.5673856],[2.6524708,39.5673775],[2.6524346,39.5673946],[2.6524276,39.5673856],[2.6523855,39.5674081],[2.6523657,39.567382],[2.6523996,39.5673667],[2.6523867,39.5673496],[2.6523529,39.5673649],[2.6523435,39.5673532],[2.652375,39.5673334],[2.6523368,39.5672813]]]]},"properties":{"building":"yes","historic":"manor","name":"Can Lladó","name:ca":"Can Lladó"}},
{"type":"Feature","id":"a1474284600","geometry":{"type":"MultiPolygon","coordinates":[[[[2.6543078,39.5676786],[2.6543796,39.5676588],[2.654442,39.5676423],[2.6545731,39.5676157],[2.6545879,39.5676575],[2.6546052,39.5677028],[2.654618,39.5677511],[2.6544939,39.567765],[2.6543698,39.5677812],[2.6543505,39.5677373],[2.6543078,39.5676786]]]]},"properties":{"building":"yes","historic":"manor","name":"Can Massanet"}},
{"type":"Feature","id":"a1476001142","geometry":{"type":"MultiPolygon","coordinates":[[[[2.6479475,39.5733111],[2.6481152,39.5732558],[2.6481399,39.5733099],[2.6481811,39.5733941],[2.6481762,39.573396],[2.6481802,39.5734052],[2.6481197,39.5734245],[2.6481399,39.5734593],[2.6481122,39.5734688],[2.6480787,39.5734773],[2.6480359,39.5734923],[2.648032,39.5734937],[2.6479475,39.5733111]]]]},"properties":{"addr:housename":"Can Comassema","addr:housenumber":"18","addr:street":"Carrer de Sant Jaume","building":"yes","historic":"manor","name":"Glòria de Sant Jaume","tourism":"hotel","website":"https://cabauhotels.com/hotel-gloria-de-sant-jaume/"}},
{"type":"Feature","id":"a1476631498","geometry":{"type":"MultiPolygon","coordinates":[[[[2.6440416,39.5692598],[2.6441518,39.5692055],[2.6441865,39.5692507],[2.6443042,39.5692007],[2.6443581,39.5691777],[2.6442972,39.5690885],[2.6443404,39.5690663],[2.6443729,39.5690744],[2.6443934,39.5690645],[2.6444295,39.5691109],[2.6444487,39.5691018],[2.6444795,39.5691415],[2.6445175,39.569193],[2.6445622,39.5692519],[2.6442761,39.5693705],[2.6442384,39.569319],[2.6442133,39.5692901],[2.6441596,39.5693089],[2.6441222,39.5693252],[2.6441069,39.5693294],[2.6440766,39.5692972],[2.6440416,39.5692598]]]]},"properties":{"building":"yes","historic":"manor","name":"Can Marquès","name:ca":"Can Marquès","wikidata":"Q106076860"}},
{"type":"Feature","id":"a20680467","geometry":{"type":"MultiPolygon","coordinates":[[[[2.6497552,39.5680659],[2.6497558,39.5680635],[2.649758,39.5680615],[2.649841,39.568033],[2.6499409,39.567999],[2.6499464,39.5679993],[2.6499486,39.5680014],[2.6499524,39.5680117],[2.6499659,39.5680498],[2.6499876,39.5681107],[2.6499953,39.5681324],[2.6500052,39.5681605],[2.6499405,39.5681782],[2.6499411,39.5681804],[2.6499246,39.5681846],[2.6499269,39.5681904],[2.6499028,39.5681969],[2.6498365,39.5682156],[2.6498177,39.5681831],[2.6497956,39.5681391],[2.6497981,39.5681369],[2.6497577,39.5680688],[2.6497564,39.5680679],[2.6497552,39.5680659]]]]},"properties":{"building":"yes","historic":"manor","name":"Can Colom","name:ca":"Can Colom"}},
{"type":"Feature","id":"a1499783084","geometry":{"type":"MultiPolygon","coordinates":[[[[2.6496045,39.5681304],[2.6497577,39.5680688],[2.6497981,39.5681369],[2.6497956,39.5681391],[2.6498177,39.5681831],[2.6498365,39.5682156],[2.6498394,39.5682211],[2.6498472,39.5682187],[2.6498736,39.5682681],[2.6498705,39.568269],[2.6498889,39.5683062],[2.6498624,39.5683154],[2.6498303,39.5683259],[2.6498277,39.5683231],[2.6498161,39.5683268],[2.6497802,39.5682569],[2.649735,39.5682715],[2.6497754,39.5683429],[2.6497584,39.5683501],[2.6497411,39.5683582],[2.6497209,39.5683261],[2.6497021,39.5682939],[2.6496669,39.5682307],[2.6496444,39.5681953],[2.6496045,39.5681304]]]]},"properties":{"building":"yes","historic":"manor","name":"Can Llorenç Villalonga","wikidata":"Q108418629"}},
{"type":"Feature","id":"a20680469","geometry":{"type":"MultiPolygon","coordinates":[[[[2.6493633,39.5688006],[2.6493761,39.5687813],[2.6493936,39.5687569],[2.6493704,39.5687405],[2.6494028,39.5687148],[2.6494561,39.5686815],[2.6494168,39.5686431],[2.6494557,39.5686191],[2.6494844,39.5686751],[2.6495128,39.568711],[2.6495115,39.5687115],[2.6495164,39.5687153],[2.6495861,39.5686749],[2.6495076,39.5685889],[2.6495121,39.5685865],[2.649533,39.5685744],[2.649607,39.568656],[2.6496519,39.5686327],[2.6496997,39.5686869],[2.6497174,39.5686783],[2.6497392,39.5686653],[2.6497525,39.5686602],[2.6497959,39.5687053],[2.6497996,39.5687032],[2.6498483,39.5687382],[2.6498503,39.5687392],[2.6497653,39.5687961],[2.6497278,39.5688177],[2.6496687,39.5688527],[2.6496126,39.5688867],[2.649578,39.5689123],[2.6495212,39.5688808],[2.6495116,39.5688749],[2.6495028,39.5688703],[2.6494918,39.5688649],[2.6494696,39.5688523],[2.6494545,39.5688438],[2.6494081,39.5688179],[2.6494062,39.568821],[2.6493633,39.5688006]],[[2.6495276,39.5687266],[2.6496059,39.5687994],[2.6496924,39.5687472],[2.6496898,39.5687444],[2.6496677,39.5687572],[2.6496175,39.5686997],[2.6496406,39.5686869],[2.6496257,39.5686699],[2.6495276,39.5687266]]]]},"properties":{"addr:housenumber":"4","addr:street":"Carrer de l'Almudaina","building":"public","heritage":"3","heritage:operator":"Consell de Mallorca","historic":"manor","name":"Ca n'Oleo","name:ca":"Ca n'Oleo","wikidata":"Q43113561","wikipedia":"ca:Can Oleo"}},
{"type":"Feature","id":"a20680465","geometry":{"type":"MultiPolygon","coordinates":[[[[2.6497883,39.5683913],[2.6498292,39.568373],[2.6498533,39.5683619],[2.6498303,39.5683259],[2.6498624,39.5683154],[2.6498889,39.5683062],[2.6499391,39.5682889],[2.6499028,39.5681969],[2.6499269,39.5681904],[2.6499246,39.5681846],[2.6499411,39.5681804],[2.6499405,39.5681782],[2.6500052,39.5681605],[2.6500225,39.5682109],[2.6500505,39.5682933],[2.6500693,39.5683487],[2.6500983,39.5684312],[2.6501155,39.5684793],[2.6501283,39.5685161],[2.6501033,39.5685356],[2.6500305,39.5685936],[2.6499817,39.5686324],[2.6499384,39.5685972],[2.649918,39.5685598],[2.6499122,39.5685521],[2.6498944,39.5685288],[2.6498281,39.5684395],[2.6498647,39.5684239],[2.649848,39.5684023],[2.649845,39.568403],[2.649841,39.5684025],[2.6498377,39.5684],[2.6498074,39.5684136],[2.6497883,39.5683913]],[[2.649952,39.5684592],[2.6499828,39.5684985],[2.6500231,39.5684701],[2.6500116,39.5684406],[2.649952,39.5684592]]]]},"properties":{"building":"yes","historic":"manor","name":"Can Marquès","name:ca":"Can Marquès","wikidata":"Q11911684","wikipedia":"ca:Can Marquès Contemporani"}},
{"type":"Feature","id":"a1501072750","geometry":{"type":"MultiPolygon","coordinates":[[[[2.6487353,39.5664346],[2.6487444,39.566429],[2.6487545,39.5664332],[2.6487565,39.5664402],[2.6487472,39.5664452],[2.6487369,39.5664433],[2.6487353,39.5664346]]]]},"properties":{"building":"yes","historic":"yes"}},
{"type":"Feature","id":"a1501104540","geometry":{"type":"MultiPolygon","coordinates":[[[[2.6480882,39.5666179],[2.6480903,39.5666109],[2.6481018,39.5666097],[2.6481089,39.5666185],[2.6481033,39.5666249],[2.6480898,39.566623],[2.6480882,39.5666179]]]]},"properties":{"building":"yes","historic":"yes"}},
{"type":"Feature","id":"a20704457","geometry":{"type":"MultiPolygon","coordinates":[[[[2.6498048,39.5688066],[2.6498636,39.5687752],[2.6498881,39.5687579],[2.6499096,39.5687413],[2.6499448,39.5687134],[2.6499952,39.5686728],[2.6500557,39.5686246],[2.6502905,39.5687896],[2.6502667,39.568816],[2.6502548,39.5688287],[2.6502078,39.5688031],[2.6501452,39.5688656],[2.650115,39.5688394],[2.6501093,39.5688448],[2.6501064,39.5688424],[2.650049,39.5689211],[2.6500586,39.5689281],[2.650067,39.5689212],[2.6500918,39.568939],[2.6500836,39.5689459],[2.6501089,39.5689644],[2.6500983,39.5689748],[2.65004,39.5690298],[2.6499674,39.5689815],[2.6499721,39.5689771],[2.6499635,39.5689696],[2.6498938,39.5688973],[2.6498048,39.5688066]],[[2.650045,39.5687136],[2.6501166,39.568777],[2.6501716,39.568734],[2.6500924,39.5686778],[2.650045,39.5687136]]]]},"properties":{"building":"yes","historic":"manor","name":"Can Oms","name:ca":"Can Oms","source":"cadastre","wikidata":"Q105889759"}},
{"type":"Feature","id":"a1510186198","geometry":{"type":"MultiPolygon","coordinates":[[[[2.7956766,39.7278267],[2.7957145,39.7278262],[2.79572,39.7278705],[2.7957212,39.7278857],[2.7956776,39.7278895],[2.7956766,39.7278267]]]]},"properties":{"alt_name":"Presó del Moro","building":"ruins","historic":"yes","man_made":"tower","name":"Torre de sa Cova","tower:type":"defensive"}},
{"type":"Feature","id":"a1523662890","geometry":{"type":"MultiPolygon","coordinates":[[[[2.6542054,39.5665645],[2.6543286,39.5665645],[2.6543297,39.5665571],[2.6543931,39.5665566],[2.6543974,39.5665211],[2.6543995,39.5664785],[2.6545165,39.5664797],[2.6545161,39.5665136],[2.6544822,39.5665133],[2.6544781,39.5666524],[2.6546722,39.5666429],[2.6546753,39.5666667],[2.6545687,39.5666727],[2.6545394,39.5666743],[2.6544854,39.5666773],[2.6544642,39.5666785],[2.6544657,39.5667094],[2.6544071,39.566711],[2.6543363,39.566713],[2.6543363,39.5667225],[2.6542146,39.5667237],[2.6542054,39.5665645]]]]},"properties":{"building":"yes","historic":"manor","name":"Can Calders","name:ca":"Can Calders","wikidata":"Q108372822"}},
{"type":"Feature","id":"a1524751556","geometry":{"type":"MultiPolygon","coordinates":[[[[2.6468832,39.5722563],[2.6468935,39.5721432],[2.6468964,39.5721139],[2.6469826,39.5721176],[2.6469851,39.5721209],[2.6470051,39.5721499],[2.647038,39.5721907],[2.6470671,39.5721748],[2.6471106,39.5721553],[2.6471449,39.5721364],[2.6471414,39.5721301],[2.647205,39.5720955],[2.6472362,39.5721419],[2.647156,39.5721734],[2.6472629,39.5723408],[2.6473426,39.5723102],[2.647295,39.5722334],[2.6472626,39.5721819],[2.6472644,39.5721807],[2.6473547,39.572149],[2.6474363,39.5723266],[2.6474026,39.5723385],[2.6473871,39.5723456],[2.6473433,39.5723625],[2.6473109,39.5723759],[2.6472846,39.5723866],[2.6472536,39.5724061],[2.6472284,39.572416],[2.6472253,39.5724129],[2.6472078,39.5724232],[2.6471363,39.5724644],[2.6471117,39.5724825],[2.6470029,39.5723196],[2.6470472,39.572307],[2.6469937,39.5722464],[2.6469629,39.572252],[2.6469459,39.572229],[2.6468832,39.5722563]]]]},"properties":{"building":"yes","historic":"manor","name":"Can Sansimón","wikidata":"Q106193640"}},
{"type":"Feature","id":"a1524751560","geometry":{"type":"MultiPolygon","coordinates":[[[[2.6470819,39.5726661],[2.6471001,39.5726555],[2.6472141,39.5725875],[2.6472368,39.5725727],[2.6472844,39.5725442],[2.6473361,39.5725256],[2.6473499,39.5725503],[2.6474039,39.5725317],[2.6474517,39.5725127],[2.6474513,39.5725107],[2.6475167,39.5724824],[2.6475314,39.5725201],[2.6475498,39.5725639],[2.6475762,39.5726262],[2.6475122,39.5726522],[2.6474293,39.5726853],[2.6474295,39.5726865],[2.6474227,39.572689],[2.6473797,39.5727065],[2.6472778,39.5727474],[2.6472079,39.5727752],[2.6470819,39.5726661]]]]},"properties":{"building":"yes","historic":"manor","name":"Can Tacón","wikidata":"Q106194583"}},
{"type":"Feature","id":"a1525302158","geometry":{"type":"MultiPolygon","coordinates":[[[[2.6453827,39.5712934],[2.6453898,39.571126],[2.6455346,39.5711363],[2.6456875,39.5711684],[2.6456989,39.571187],[2.6457076,39.5713234],[2.6457164,39.5713528],[2.6457103,39.5713529],[2.645711,39.5713973],[2.645719,39.5713979],[2.6457197,39.5714092],[2.6456634,39.5714108],[2.6456654,39.5714423],[2.64566,39.5714465],[2.64566,39.5714371],[2.6455715,39.5714371],[2.6455757,39.5715288],[2.645534,39.5715271],[2.6455313,39.5714945],[2.6455306,39.5714418],[2.6455118,39.5714428],[2.6455058,39.5713994],[2.6454674,39.5713989],[2.64548,39.5712937],[2.6453827,39.5712934]]]]},"properties":{"building":"yes","historic":"manor","name":"Can Granada","name:ca":"Can Granada","wikidata":"Q105992744"}},
{"type":"Feature","id":"a1526981590","geometry":{"type":"MultiPolygon","coordinates":[[[[2.6446859,39.570079],[2.64477,39.5700709],[2.6447704,39.5700727],[2.64484,39.5700662],[2.6448562,39.5700646],[2.6448918,39.5700653],[2.6449425,39.5700555],[2.6449966,39.5700455],[2.6449955,39.5700417],[2.6450033,39.5700401],[2.6450739,39.5700258],[2.6450752,39.5700289],[2.6451565,39.5700157],[2.6451516,39.5700318],[2.6451724,39.5700889],[2.6451969,39.5701639],[2.6452117,39.5701768],[2.645233,39.5702131],[2.645259,39.5702568],[2.6452952,39.5703059],[2.6453541,39.570381],[2.6453531,39.5703879],[2.6453497,39.5703926],[2.6452706,39.5704366],[2.6452395,39.5703937],[2.6452133,39.5703611],[2.6452176,39.5703578],[2.645195,39.5703285],[2.645186,39.5703151],[2.6451365,39.5703435],[2.6451466,39.5703569],[2.6451007,39.5703816],[2.6451024,39.5703843],[2.6450816,39.5703947],[2.6450273,39.5704228],[2.6450195,39.5704268],[2.6449542,39.5704626],[2.644949,39.5704587],[2.6449051,39.5704849],[2.6448803,39.5704996],[2.6448449,39.5704621],[2.6449706,39.570392],[2.6449487,39.5703554],[2.644941,39.5703582],[2.6449218,39.5703274],[2.644929,39.5703236],[2.6448675,39.5702245],[2.6448609,39.5702274],[2.6448175,39.5701578],[2.6447871,39.5701627],[2.644759,39.570167],[2.6448069,39.5702408],[2.6448209,39.5702598],[2.644751,39.5702855],[2.6447431,39.5702627],[2.6447263,39.5702148],[2.6447127,39.5701727],[2.6446859,39.570079]]]]},"properties":{"building":"yes","historic":"manor","name":"Can Montenegro","name:ca":"Can Montenegro"}},
{"type":"Feature","id":"a1526981596","geometry":{"type":"MultiPolygon","coordinates":[[[[2.6450187,39.5706214],[2.6452493,39.5704897],[2.6452874,39.5705255],[2.6452813,39.5705286],[2.6453095,39.5705622],[2.6452324,39.5706015],[2.6452907,39.5706521],[2.6451823,39.5707238],[2.6451604,39.5707415],[2.6451235,39.57071],[2.645064,39.5706597],[2.6450187,39.5706214]]]]},"properties":{"alt_name":"Can Pavesi","building":"yes","historic":"manor","name":"Can Belloto","wikidata":"Q106042259","wikimedia_commons":"Category:Casa de les Carasses (Palma)"}},
{"type":"Feature","id":"a1526982822","geometry":{"type":"MultiPolygon","coordinates":[[[[2.6451774,39.5708535],[2.6452569,39.5708044],[2.6452044,39.5707476],[2.6451823,39.5707238],[2.6452907,39.5706521],[2.6452961,39.5706568],[2.6453631,39.5706113],[2.6453095,39.5705622],[2.6452813,39.5705286],[2.6452874,39.5705255],[2.6452493,39.5704897],[2.6453112,39.5704572],[2.6453502,39.5704949],[2.6453549,39.570494],[2.6454446,39.5705802],[2.6453976,39.5706136],[2.6454555,39.5706671],[2.6454581,39.5706659],[2.6455324,39.5707332],[2.6454977,39.5707565],[2.6454382,39.5707958],[2.6453859,39.5707462],[2.6453108,39.5708],[2.6453062,39.5707979],[2.645262,39.5708304],[2.6452644,39.5708328],[2.6452523,39.5708411],[2.6452035,39.5708761],[2.6451774,39.5708535]]]]},"properties":{"building":"yes","historic":"manor","name":"Can Sales Menor","name:ca":"Can Sales Menor","wikidata":"Q106040178"}},
{"type":"Feature","id":"a1526982826","geometry":{"type":"MultiPolygon","coordinates":[[[[2.6454519,39.570461],[2.6454926,39.5704332],[2.6455469,39.5703979],[2.6455887,39.5704323],[2.6456901,39.5705197],[2.6457466,39.570569],[2.6456701,39.570619],[2.6456279,39.5706451],[2.6455845,39.5706749],[2.645581,39.5706772],[2.6455482,39.570648],[2.6455292,39.5706604],[2.6454809,39.5706146],[2.645504,39.5705999],[2.645488,39.5705859],[2.6454939,39.5705818],[2.645455,39.5705518],[2.6455093,39.5705131],[2.6455254,39.5705022],[2.6455053,39.5704862],[2.6454889,39.5704963],[2.6454577,39.5704707],[2.6454519,39.570461]]]]},"properties":{"building":"yes","historic":"manor","name":"Can Socies Gradolí","wikidata":"Q106033652"}},
{"type":"Feature","id":"a1528720040","geometry":{"type":"MultiPolygon","coordinates":[[[[2.6446504,39.5699525],[2.6447011,39.5699313],[2.6447097,39.5699868],[2.6447344,39.5699855],[2.6447342,39.5699807],[2.6448231,39.569979],[2.6448557,39.5699766],[2.6448532,39.5699494],[2.6448563,39.569949],[2.6449163,39.5699442],[2.6449145,39.5699243],[2.6449858,39.5699143],[2.6449904,39.5699715],[2.6449979,39.5699949],[2.6450442,39.5699849],[2.6450347,39.5699618],[2.6450333,39.5699132],[2.6451426,39.5699114],[2.6451428,39.5699392],[2.6451565,39.5700157],[2.6450752,39.5700289],[2.6450739,39.5700258],[2.6450033,39.5700401],[2.6449969,39.5700205],[2.6449333,39.5700323],[2.6449425,39.5700555],[2.6448918,39.5700653],[2.6448562,39.5700646],[2.64484,39.5700662],[2.6448269,39.5699997],[2.6447628,39.570002],[2.6447734,39.5700402],[2.6447275,39.5700443],[2.6447211,39.5700127],[2.6446701,39.5700206],[2.6446504,39.5699525]]]]},"properties":{"building":"yes","historic":"manor","name":"Can Cabrer","name:ca":"Can Cabrer"}},
{"type":"Feature","id":"a1528720058","geometry":{"type":"MultiPolygon","coordinates":[[[[2.643907,39.569561],[2.6441062,39.5694829],[2.6441176,39.5695155],[2.6441173,39.5695258],[2.6440633,39.569545],[2.644068,39.5695791],[2.6441176,39.5695784],[2.6441276,39.5696582],[2.6440887,39.5696587],[2.6440939,39.5696866],[2.6439513,39.5696949],[2.6439493,39.5696773],[2.6439164,39.5696856],[2.643907,39.569561]]]]},"properties":{"building":"yes","historic":"manor","name":"Can Llull","name:ca":"Can Llull","wikidata":"Q106049901"}},
{"type":"Feature","id":"a1528722938","geometry":{"type":"MultiPolygon","coordinates":[[[[2.6473813,39.5721171],[2.6475194,39.5720458],[2.647565,39.5721068],[2.6476682,39.5720571],[2.6476173,39.5719992],[2.6477125,39.5719548],[2.6477814,39.5720601],[2.6477916,39.5720757],[2.6477523,39.5720912],[2.6478265,39.5722029],[2.6474966,39.5723449],[2.6473813,39.5721171]]]]},"properties":{"addr:city":"Palma","addr:housenumber":"6","addr:street":"Carrer de Sant Jaume","building":"yes","historic":"manor","name":"Can Cotoner","name:ca":"Can Cotoner","wikidata":"Q115057239"}},
{"type":"Feature","id":"a21203885","geometry":{"type":"MultiPolygon","coordinates":[[[[2.6513622,39.5759558],[2.6513898,39.5758715],[2.6514412,39.5758915],[2.6514666,39.5758508],[2.6514001,39.5758264],[2.6514737,39.5755973],[2.6514896,39.5755993],[2.6515105,39.5755298],[2.6515071,39.5755291],[2.6515199,39.5754854],[2.6515471,39.5754905],[2.6515809,39.5753798],[2.6515827,39.5753746],[2.6515879,39.5753763],[2.6516214,39.5753825],[2.6516291,39.5753492],[2.6516344,39.5753297],[2.6516731,39.5753358],[2.6516608,39.5753827],[2.6516539,39.5753812],[2.6516152,39.5755011],[2.6516137,39.5755063],[2.6519472,39.5755771],[2.6519428,39.5755893],[2.6519579,39.5755912],[2.6519637,39.5755729],[2.6520186,39.5755819],[2.6520137,39.575601],[2.6519966,39.5756495],[2.6520974,39.5756709],[2.6520784,39.575737],[2.6520801,39.5757481],[2.6520466,39.5758621],[2.6520039,39.5759868],[2.651992,39.5760224],[2.6519656,39.5760855],[2.6519402,39.5761399],[2.6518899,39.57612],[2.6518916,39.5761161],[2.6519119,39.5760713],[2.6519094,39.5760715],[2.6518561,39.5760524],[2.6518507,39.5760621],[2.6518928,39.576078],[2.6518732,39.5761083],[2.651815,39.576085],[2.6517382,39.5760551],[2.6517624,39.5760173],[2.6517389,39.5760089],[2.6517139,39.5760453],[2.6516555,39.5760199],[2.6516277,39.5760098],[2.6516502,39.5759749],[2.6516294,39.5759675],[2.6516039,39.5760057],[2.6515117,39.5759687],[2.6514769,39.5759552],[2.6514985,39.5759177],[2.6514599,39.5759038],[2.6514153,39.5759799],[2.651407,39.5759774],[2.6514078,39.5759731],[2.6513622,39.5759558]],[[2.651535,39.5758707],[2.6518684,39.5759961],[2.6518972,39.5759059],[2.6518073,39.5758806],[2.6517763,39.5759254],[2.6517145,39.5759011],[2.6517211,39.5758918],[2.651639,39.5758585],[2.6516361,39.5758625],[2.651544,39.5758284],[2.651535,39.5758707]],[[2.6515554,39.57561],[2.6515773,39.5756143],[2.6515966,39.5755466],[2.6515756,39.575542],[2.6515554,39.57561]],[[2.651698,39.5757013],[2.651904,39.5757546],[2.6519474,39.5756241],[2.6517357,39.5755809],[2.651698,39.5757013]]]]},"properties":{"building":"yes","museum":"history","name":"Centro de Historia y Cultura Militar","phone":"+34971227058","tourism":"museum"}},
{"type":"Feature","id":"a1554446810","geometry":{"type":"MultiPolygon","coordinates":[[[[2.6469851,39.5721209],[2.6470338,39.5721046],[2.6470875,39.5720858],[2.6471057,39.5721176],[2.6471497,39.5720966],[2.6471905,39.5720757],[2.6471806,39.5720543],[2.6471925,39.5720502],[2.647187,39.5720385],[2.6472296,39.5720269],[2.647291,39.5720072],[2.6472964,39.572021],[2.6473085,39.5720466],[2.647323,39.5720754],[2.6473583,39.5721477],[2.6473547,39.572149],[2.6472644,39.5721807],[2.6472362,39.5721419],[2.647205,39.5720955],[2.6471414,39.5721301],[2.6471449,39.5721364],[2.6471106,39.5721553],[2.6470671,39.5721748],[2.647038,39.5721907],[2.6470051,39.5721499],[2.6469851,39.5721209]]]]},"properties":{"building":"yes","historic":"manor","name":"Can Maroto","wikidata":"Q106192327"}},
{"type":"Feature","id":"a1559427894","geometry":{"type":"MultiPolygon","coordinates":[[[[3.1174907,39.9286786],[3.1175275,39.9286659],[3.1175464,39.9286983],[3.1175096,39.9287109],[3.1174907,39.9286786]]]]},"properties":{"building":"yes","historic":"ruins","ruins":"yes"}},
{"type":"Feature","id":"a1583621468","geometry":{"type":"MultiPolygon","coordinates":[[[[3.3390158,39.541229],[3.3390215,39.5411985],[3.3390594,39.5412028],[3.3390537,39.5412332],[3.3390158,39.541229]]]]},"properties":{"historic":"ruins","name":"Basílica de sa Carrotja"}},
{"type":"Feature","id":"a1605217024","geometry":{"type":"MultiPolygon","coordinates":[[[[2.6801288,39.59788],[2.68037,39.5975775],[2.6805689,39.5976717],[2.6803276,39.5979741],[2.6801288,39.59788]]]]},"properties":{"amenity":"theatre","building":"yes","name":"sala Odeón"}},
{"type":"Feature","id":"a1672719318","geometry":{"type":"MultiPolygon","coordinates":[[[[3.1104843,39.6114243],[3.1105462,39.6114306],[3.1105693,39.611433],[3.1105882,39.611435],[3.1105836,39.6114552],[3.1106091,39.6114618],[3.1106269,39.6114386],[3.1107186,39.611463],[3.1107286,39.6114663],[3.1106989,39.6115194],[3.110596,39.6114886],[3.1105561,39.6114757],[3.1105484,39.6114731],[3.1105097,39.6114698],[3.1104843,39.6114243]]]]},"properties":{"building":"yes","name":"Casa natal del Fra Juníper Serra","name:es":"Casa natal de Fray Junípero Serra","tourism":"museum","wikidata":"Q43128826","wikimedia_commons":"Category:Casa del Beat Juníper Serra"}},
{"type":"Feature","id":"a1679247364","geometry":{"type":"MultiPolygon","coordinates":[[[[3.3504809,39.6949231],[3.3506219,39.6948275],[3.3507203,39.6947608],[3.3508839,39.6949277],[3.350912,39.6949564],[3.3508378,39.6949922],[3.3508062,39.6949662],[3.3507591,39.6949265],[3.3507478,39.6949163],[3.3506276,39.6949874],[3.3506041,39.6949639],[3.3505689,39.6949287],[3.3505162,39.6949595],[3.3504809,39.6949231]]]]},"properties":{"building":"yes","historic":"manor","name":"Can Cardaix","name:ca":"Can Cardaix","wikidata":"Q26822225"}},
{"type":"Feature","id":"a1710629362","geometry":{"type":"MultiPolygon","coordinates":[[[[2.7898537,39.7084214],[2.7899151,39.7083033],[2.7899284,39.7082776],[2.7900522,39.7083157],[2.7900364,39.7083462],[2.7899774,39.7084595],[2.7898537,39.7084214]]]]},"properties":{"amenity":"theatre","name:signed":"no","theatre:type":"open_air"}},
{"type":"Feature","id":"a1724909754","geometry":{"type":"MultiPolygon","coordinates":[[[[2.6521076,39.5697127],[2.6523475,39.5696788],[2.6523597,39.5697188],[2.6522776,39.5697293],[2.65231,39.5698265],[2.6523864,39.5698082],[2.6523914,39.569821],[2.6523496,39.5698288],[2.6523777,39.5698921],[2.6523359,39.5698998],[2.6523475,39.5699387],[2.6523929,39.5699271],[2.6524188,39.5699881],[2.6522163,39.5700281],[2.6521691,39.5699006],[2.6521558,39.5698649],[2.6521789,39.5698576],[2.6522264,39.5698426],[2.6522185,39.569831],[2.6521717,39.5698399],[2.6521623,39.5698143],[2.6521551,39.5698154],[2.6521076,39.5697127]]]]},"properties":{"historic":"manor","name":"Can Catlar del Llorer"}},
{"type":"Feature","id":"a1724909756","geometry":{"type":"MultiPolygon","coordinates":[[[[2.6515897,39.5698164],[2.6516626,39.5697975],[2.6521076,39.5697127],[2.6521551,39.5698154],[2.6521623,39.5698143],[2.6521717,39.5698399],[2.6521789,39.5698576],[2.6521558,39.5698649],[2.6521247,39.5698719],[2.6521348,39.5699078],[2.6521691,39.5699006],[2.6522163,39.5700281],[2.6521247,39.5700464],[2.651946,39.5701023],[2.6519353,39.5700811],[2.6519594,39.570075],[2.651918,39.5699959],[2.6519083,39.5699698],[2.651856,39.5699793],[2.6518474,39.5699592],[2.6518364,39.5699334],[2.651774,39.5699481],[2.6517638,39.5699204],[2.6517687,39.5699135],[2.651839,39.5698971],[2.6518183,39.5698479],[2.6517481,39.5698583],[2.6517666,39.5699136],[2.6517614,39.5699155],[2.6517629,39.5699186],[2.6517178,39.5699303],[2.6517099,39.5699113],[2.651683,39.5699178],[2.651679,39.5699078],[2.6516464,39.5699152],[2.6515897,39.5698164]]]]},"properties":{"historic":"manor","name":"Can Savellà","old_name":"Can Juny"}},
{"type":"Feature","id":"a1758675152","geometry":{"type":"MultiPolygon","coordinates":[[[[2.7395123,39.5546738],[2.739557,39.5546472],[2.7395888,39.554679],[2.7395441,39.5547056],[2.7395123,39.5546738]]]]},"properties":{"historic":"monument"}},
{"type":"Feature","id":"a1758675154","geometry":{"type":"MultiPolygon","coordinates":[[[[2.741285,39.5557011],[2.7412876,39.5556852],[2.7413072,39.5556792],[2.7413238,39.5556892],[2.7413194,39.5557048],[2.7413002,39.5557108],[2.741285,39.5557011]]]]},"properties":{"historic":"pillory"}},
{"type":"Feature","id":"a1825968538","geometry":{"type":"MultiPolygon","coordinates":[[[[2.8434183,39.6888652],[2.843536,39.6887668],[2.8436254,39.6888343],[2.8435816,39.6888708],[2.8436391,39.688908],[2.8436044,39.6889333],[2.8436546,39.6889712],[2.8436291,39.6889909],[2.8436647,39.689014],[2.8436355,39.6890133],[2.8434183,39.6888652]]]]},"properties":{"building":"yes","historic":"manor","name":"Cal General Moranta","name:ca":"Cal General Moranta"}},
{"type":"Feature","id":"a1827356118","geometry":{"type":"MultiPolygon","coordinates":[[[[2.8139016,39.667886],[2.8140854,39.6676931],[2.814332,39.6678324],[2.8142538,39.6679145],[2.8141783,39.6678719],[2.8141367,39.6679155],[2.8140815,39.6678844],[2.8140176,39.6679515],[2.8139016,39.667886]]]]},"properties":{"building":"yes","historic":"manor","name":"Can Ribes","name:ca":"Can Ribes"}},
{"type":"Feature","id":"a1827356120","geometry":{"type":"MultiPolygon","coordinates":[[[[2.8141484,39.6674712],[2.8142547,39.6672819],[2.8143784,39.6673195],[2.8143776,39.6673216],[2.8144773,39.6673539],[2.8144562,39.6673921],[2.8143555,39.667359],[2.8143106,39.6674332],[2.8144259,39.6674751],[2.8144188,39.6674895],[2.8144504,39.6675003],[2.8144345,39.6675307],[2.8144439,39.6675348],[2.8145356,39.6675534],[2.8145177,39.6675993],[2.8144703,39.6675863],[2.8144198,39.6675721],[2.8141497,39.6674716],[2.8141484,39.6674712]]]]},"properties":{"building":"yes","historic":"manor","name":"Son Fiol","name:ca":"Son Fiol"}},
{"type":"Feature","id":"a1827361878","geometry":{"type":"MultiPolygon","coordinates":[[[[2.907555,39.7194995],[2.9076434,39.7194739],[2.9076831,39.719464],[2.9076911,39.7194714],[2.907703,39.7194657],[2.9078676,39.7193844],[2.9079594,39.7194909],[2.9079545,39.719513],[2.9077093,39.7196334],[2.9076845,39.7196297],[2.907555,39.7194995]]]]},"properties":{"amenity":"arts_centre","building":"yes","check_date":"2023-09-06","name":"sa Quartera"}},
{"type":"Feature","id":"a1828732298","geometry":{"type":"MultiPolygon","coordinates":[[[[2.8713443,39.7510695],[2.8714133,39.7510104],[2.8714824,39.7510578],[2.8715305,39.7510174],[2.8715924,39.7510552],[2.8716312,39.7510249],[2.8715677,39.7509812],[2.8715282,39.751015],[2.8715214,39.7510105],[2.871491,39.7510382],[2.8714277,39.7509977],[2.8714973,39.7509376],[2.8715474,39.7508943],[2.8716985,39.7510025],[2.8715769,39.7511138],[2.871533,39.7511516],[2.8715011,39.7511776],[2.8713443,39.7510695]]]]},"properties":{"building":"yes","historic":"manor","name":"Son Collell","name:ca":"Son Collell"}},
{"type":"Feature","id":"a1828732306","geometry":{"type":"MultiPolygon","coordinates":[[[[2.8726475,39.7497466],[2.8726852,39.7497101],[2.8727285,39.7497416],[2.8727642,39.7497141],[2.8727715,39.7497197],[2.8727791,39.7497144],[2.8728511,39.7497634],[2.8728631,39.7497532],[2.8729167,39.7497896],[2.8729269,39.749778],[2.8729437,39.7497864],[2.872984,39.7497375],[2.8728173,39.7496734],[2.8728216,39.7496682],[2.8727875,39.7496528],[2.8728481,39.74958],[2.8730947,39.7496681],[2.8729273,39.7498727],[2.872884,39.7498455],[2.8728727,39.7498548],[2.8727152,39.7497528],[2.8726876,39.7497786],[2.8726475,39.7497466]]]]},"properties":{"building":"yes","historic":"manor","name":"Son Morro","name:ca":"Son Morro"}},
{"type":"Feature","id":"a1828951794","geometry":{"type":"MultiPolygon","coordinates":[[[[2.9036389,39.7570803],[2.9036713,39.7569848],[2.9037057,39.7569937],[2.9037105,39.7569752],[2.9037832,39.7569898],[2.9038537,39.7568794],[2.9039781,39.7568973],[2.9041128,39.7569141],[2.9040658,39.756992],[2.904007,39.7569769],[2.903979,39.7570446],[2.9039428,39.7571188],[2.9038685,39.757103],[2.9039035,39.7570237],[2.9038468,39.757012],[2.903791,39.7571301],[2.9036389,39.7570803]]]]},"properties":{"building":"yes","historic":"manor","name":"Son Vic","name:ca":"Son Vic"}},
{"type":"Feature","id":"a1828960700","geometry":{"type":"MultiPolygon","coordinates":[[[[2.9037401,39.7722255],[2.9037678,39.7721804],[2.903857,39.7720354],[2.9041361,39.7721367],[2.9041117,39.7721764],[2.9041856,39.7722033],[2.9040356,39.7724473],[2.9038927,39.7723954],[2.9039253,39.7723423],[2.9038555,39.772317],[2.9038778,39.7722807],[2.9039499,39.7723069],[2.9040247,39.7721851],[2.903866,39.7721275],[2.9038495,39.7721542],[2.9038749,39.7721634],[2.9038191,39.7722542],[2.9037401,39.7722255]]]]},"properties":{"building":"yes","historic":"manor","name":"Son Albertí","name:ca":"Son Albertí"}},
{"type":"Feature","id":"a1829330740","geometry":{"type":"MultiPolygon","coordinates":[[[[2.8755063,39.6680753],[2.8755139,39.6680302],[2.8760509,39.667609],[2.8760433,39.6675816],[2.8761196,39.6675287],[2.8764861,39.6676815],[2.8764225,39.667754],[2.8763029,39.6677187],[2.8762749,39.667756],[2.8761375,39.6676913],[2.8760942,39.6677285],[2.8761044,39.6677422],[2.8759873,39.6678343],[2.8760586,39.6678833],[2.8761527,39.6677991],[2.876196,39.6678284],[2.8759847,39.6680263],[2.875832,39.6679068],[2.8756564,39.668042],[2.8757582,39.6681145],[2.8758142,39.6680694],[2.8759058,39.668136],[2.8757506,39.6682536],[2.8755063,39.6680753]]]]},"properties":{"building":"yes","historic":"manor","name":"Can Gall","name:ca":"Can Gall"}},
{"type":"Feature","id":"a1861515758","geometry":{"type":"MultiPolygon","coordinates":[[[[2.6620863,39.5648732],[2.6625686,39.5647584],[2.6626214,39.5647791],[2.6627256,39.5650212],[2.6626824,39.5650338],[2.6627108,39.5650996],[2.662754,39.5650871],[2.6627886,39.565167],[2.6626021,39.5652148],[2.6625853,39.5651752],[2.6625447,39.5651862],[2.6625625,39.5652254],[2.6622713,39.5653006],[2.6621377,39.5649919],[2.6621016,39.5649081],[2.6620863,39.5648732]]]]},"properties":{"amenity":"marketplace","building":"retail","name":"Mercat Municipal de Llevant"}},
{"type":"Feature","id":"a1866337542","geometry":{"type":"MultiPolygon","coordinates":[[[[2.6515967,39.568779],[2.6517626,39.5686995],[2.6517999,39.5687423],[2.6518597,39.5688141],[2.6518334,39.5688274],[2.6518633,39.5688596],[2.6518867,39.5688464],[2.6519018,39.5688644],[2.6519164,39.5688767],[2.6519325,39.5688902],[2.6518321,39.5689343],[2.6518279,39.5689301],[2.6518133,39.5689382],[2.6518582,39.5689901],[2.6518781,39.568981],[2.6518905,39.5689988],[2.6518704,39.5690068],[2.6518628,39.5689977],[2.6518051,39.5690291],[2.6517343,39.5689515],[2.6516857,39.5688958],[2.6516669,39.5688721],[2.6516613,39.5688651],[2.6516653,39.5688627],[2.6516308,39.5688238],[2.6515967,39.568779]]]]},"properties":{"building":"yes","historic":"manor","name":"Can Fàbregues","name:ca":"Can Fàbregues","wikidata":"Q52849810"}},
{"type":"Feature","id":"a1866337544","geometry":{"type":"MultiPolygon","coordinates":[[[[2.6514636,39.568839],[2.651487,39.5688272],[2.6515932,39.5687793],[2.6515967,39.568779],[2.6516308,39.5688238],[2.6516144,39.5688335],[2.6516529,39.5688796],[2.6516669,39.5688721],[2.6516857,39.5688958],[2.6517343,39.5689515],[2.6518051,39.5690291],[2.6517841,39.5690387],[2.6517892,39.5690458],[2.6517228,39.5690803],[2.6517675,39.56914],[2.6517874,39.5691782],[2.6517737,39.5691826],[2.6517646,39.5691845],[2.6517445,39.569148],[2.6517396,39.5691493],[2.6516768,39.5690764],[2.6516579,39.5690494],[2.6516487,39.5690363],[2.6516531,39.5690337],[2.6516197,39.5689947],[2.6515819,39.5689476],[2.6515588,39.5689619],[2.6515574,39.5689628],[2.6515309,39.5689291],[2.6515253,39.5689219],[2.651543,39.5689101],[2.6515673,39.5688963],[2.6515452,39.5688656],[2.6515277,39.5688733],[2.6515251,39.5688694],[2.651499,39.5688811],[2.6514636,39.568839]]]]},"properties":{"building":"yes","historic":"manor","name":"Can Rosselló","name:ca":"Can Rosselló","wikidata":"Q108373811"}},
{"type":"Feature","id":"a1866337546","geometry":{"type":"MultiPolygon","coordinates":[[[[2.6512753,39.5690927],[2.6513286,39.5690736],[2.6513227,39.5690639],[2.6514078,39.5690308],[2.6513784,39.5689872],[2.651318,39.5688987],[2.6513917,39.5688683],[2.6514636,39.568839],[2.651499,39.5688811],[2.6514954,39.5688823],[2.6515253,39.5689219],[2.6515309,39.5689291],[2.6514642,39.5689567],[2.6515142,39.5690315],[2.6515804,39.5689984],[2.6515538,39.5689652],[2.6515588,39.5689619],[2.6515819,39.5689476],[2.6516197,39.5689947],[2.6516531,39.5690337],[2.6516487,39.5690363],[2.6516579,39.5690494],[2.6515746,39.5690874],[2.6515653,39.5690746],[2.6515357,39.5690883],[2.6515638,39.5691278],[2.6515587,39.5691301],[2.6515065,39.569151],[2.651435,39.5691805],[2.6513797,39.5691006],[2.6513486,39.5691135],[2.6513216,39.5691221],[2.6512968,39.5691287],[2.6512753,39.5690927]]]]},"properties":{"building":"yes","historic":"manor","name":"Can March","name:ca":"Can March","wikidata":"Q108290924"}},
{"type":"Feature","id":"a1867641356","geometry":{"type":"MultiPolygon","coordinates":[[[[2.6340624,39.5822394],[2.6341566,39.5821863],[2.6341812,39.5821725],[2.6342433,39.5821383],[2.6342565,39.5821299],[2.6342581,39.5821289],[2.6342794,39.5821509],[2.6342959,39.5821679],[2.6343282,39.5822014],[2.6343394,39.5822156],[2.6343974,39.5822754],[2.6342947,39.5823329],[2.6342788,39.5823408],[2.6341999,39.5823846],[2.634104,39.5822834],[2.6340624,39.5822394]]]]},"properties":{"addr:city":"Palma","addr:housenumber":"16","addr:postcode":"07011","addr:street":"carrer de Margarida Xirgu","air_conditioning":"yes","building":"yes","email":"shnb@shnb.org","internet_access":"wlan","museum":"nature","name":"Societat d’Història Natural de les Balears","opening_hours":"Mo-Fr 08:00-17:00","toilets":"yes","tourism":"museum","website":"https://www.shnb.org/","wheelchair":"yes"}},
{"type":"Feature","id":"a1868349770","geometry":{"type":"MultiPolygon","coordinates":[[[[2.6518671,39.5682509],[2.65191,39.5682394],[2.6518923,39.5681951],[2.6518827,39.5681368],[2.6519092,39.5681333],[2.6519105,39.5681311],[2.6519734,39.5681234],[2.6520376,39.5681155],[2.6521303,39.5681034],[2.6521697,39.5681439],[2.6521848,39.568166],[2.6521906,39.5681745],[2.6522078,39.5681933],[2.652167,39.5682154],[2.6521335,39.5682336],[2.6520873,39.5682596],[2.6520807,39.5682523],[2.6519749,39.5683301],[2.6519545,39.5683448],[2.6519047,39.5682908],[2.6518968,39.5682826],[2.6518671,39.5682509]]]]},"properties":{"building":"yes","historic":"manor","name":"Cal Comte de la Cova","name:ca":"Cal Comte de la Cova","wikidata":"Q105942826","wikimedia_commons":"Category:Cal Comte de la Cova"}},
{"type":"Feature","id":"a1900157218","geometry":{"type":"MultiPolygon","coordinates":[[[[2.7561711,39.4999116],[2.7561807,39.4998617],[2.7561987,39.4998315],[2.756225,39.4998052],[2.7565291,39.4999805],[2.7565087,39.5000032],[2.7564832,39.5000226],[2.7564415,39.5000425],[2.7563925,39.5000539],[2.7563414,39.5000548],[2.7562918,39.5000452],[2.7562461,39.5000253],[2.7562092,39.4999966],[2.7561838,39.4999612],[2.7561711,39.4999116]]]]},"properties":{"amenity":"theatre","theatre:type":"amphi"}},
{"type":"Feature","id":"a1962012244","geometry":{"type":"MultiPolygon","coordinates":[[[[3.3909801,39.613166],[3.3910069,39.6131505],[3.3912863,39.613057],[3.3913636,39.6130311],[3.3914178,39.6131447],[3.39143,39.6131702],[3.3914518,39.6132158],[3.3915212,39.6133559],[3.3915231,39.6133594],[3.3915872,39.6134959],[3.3910726,39.6136056],[3.3910511,39.613604],[3.3910337,39.6135937],[3.3910223,39.6135735],[3.3909801,39.613166]]]]},"properties":{"description":"Trampolins and other stuff","fee":"yes","name":"Fantasy Park","tourism":"theme_park"}},
{"type":"Feature","id":"a1974172378","geometry":{"type":"MultiPolygon","coordinates":[[[[2.9386711,39.1435576],[2.9387227,39.1434718],[2.9388233,39.1434952],[2.9387496,39.1435934],[2.9386711,39.1435576]]]]},"properties":{"area":"yes","historic":"archaeological_site","name":"Monasterio bizantino"}},
{"type":"Feature","id":"a1974172382","geometry":{"type":"MultiPolygon","coordinates":[[[[2.9385901,39.143748],[2.9387356,39.1437473],[2.938736,39.1437941],[2.9385905,39.1437948],[2.9385901,39.143748]]]]},"properties":{"archaeological_site":"necropolis","area":"yes","historic":"archaeological_site","name":"Cementerio bizantino"}},
{"type":"Feature","id":"a1974172384","geometry":{"type":"MultiPolygon","coordinates":[[[[2.93768,39.1445035],[2.9376914,39.1444302],[2.9377437,39.1444167],[2.9378175,39.1444177],[2.9378477,39.1444926],[2.9378249,39.1445243],[2.93768,39.1445035]]]]},"properties":{"archaeological_site":"settlement","area":"yes","historic":"archaeological_site","name":"Campamento de los franceses"}},
{"type":"Feature","id":"a1975386476","geometry":{"type":"MultiPolygon","coordinates":[[[[3.1837072,39.7540688],[3.1838139,39.7540371],[3.1839185,39.7540241],[3.1840274,39.7540924],[3.1839893,39.7541712],[3.1840126,39.754263],[3.1838805,39.7543613],[3.1837653,39.7543263],[3.1837326,39.7542045],[3.1837072,39.7540688]]]]},"properties":{"disused":"yes","historic":"archaeological_site","landuse":"quarry"}},
{"type":"Feature","id":"a1975466598","geometry":{"type":"MultiPolygon","coordinates":[[[[2.935148,39.1435945],[2.9351628,39.1432492],[2.9353948,39.1432637],[2.9353371,39.143555],[2.935148,39.1435945]]]]},"properties":{"historic":"memorial","memorial":"plaque","name":"Emblema del Ejército de Tierra"}},
{"type":"Feature","id":"a1975466610","geometry":{"type":"MultiPolygon","coordinates":[[[[2.9361483,39.1439627],[2.9361989,39.1439435],[2.9362268,39.1439877],[2.9361762,39.1440069],[2.9361483,39.1439627]]]]},"properties":{"archaeological_site":"necropolis","area":"yes","historic":"archaeological_site","name":"Fábrica de salazón"}},
{"type":"Feature","id":"a26629925","geometry":{"type":"MultiPolygon","coordinates":[[[[3.0208243,39.7685724],[3.0210979,39.7681434],[3.0213375,39.7682359],[3.0210232,39.7686836],[3.0208243,39.7685724]],[[3.0209032,39.768572],[3.0210022,39.7686079],[3.0211124,39.7684479],[3.0210099,39.7684069],[3.0209032,39.768572]]]]},"properties":{"addr:city":"Sa Pobla","addr:housenumber":"1","addr:postcode":"07420","addr:street":"Carrer de n'Antoni Maura","building":"yes","building:levels":"3","check_date":"2025-04-27","height":"15","historic":"building","name":"Antic Hospital Clinic de Sa Pobla","name:ca":"Antic Hospital Clinic de Sa Pobla","name:es":"Antiguo Hospital Clínico de Sa Pobla","source":"local knowledge;osm notes;gabpr05","start_date":"1950-01-27"}},
{"type":"Feature","id":"a27000157","geometry":{"type":"MultiPolygon","coordinates":[[[[2.6489378,39.5676387],[2.649064,39.5675777],[2.6491573,39.5676499],[2.6491077,39.5676689],[2.649069,39.5676833],[2.6490352,39.5676952],[2.6490327,39.567691],[2.6490102,39.5676535],[2.648964,39.5676724],[2.6489378,39.5676387]],[[2.6489899,39.5676256],[2.6490086,39.567651],[2.6490528,39.567634],[2.6490245,39.5676047],[2.6489899,39.5676256]]]]},"properties":{"addr:housenumber":"4","addr:street":"Carrer de Sant Bernat","building":"yes","historic":"manor","name":"Can Alomar","name:ca":"Can Alomar","wikidata":"Q108292007"}},
{"type":"Feature","id":"a2061785870","geometry":{"type":"MultiPolygon","coordinates":[[[[3.105651,39.7970783],[3.1056747,39.7969975],[3.1059138,39.7970387],[3.1059038,39.7970734],[3.1058907,39.7971191],[3.1057613,39.7970969],[3.1057808,39.7970288],[3.1057312,39.7970206],[3.1057117,39.7970885],[3.105651,39.7970783]]]]},"properties":{"building":"yes","check_date:opening_hours":"2023-10-20","fee":"no","name":"Can Bateman","opening_hours":"Mo-Su 09:00-16:00","tourism":"museum"}},
{"type":"Feature","id":"a2066625962","geometry":{"type":"MultiPolygon","coordinates":[[[[2.6930935,39.5985295],[2.6931583,39.5984634],[2.6931788,39.5984424],[2.6932125,39.5984598],[2.6932187,39.5984545],[2.6932957,39.5984899],[2.6932874,39.5984981],[2.6937278,39.5987163],[2.6937845,39.5986478],[2.6935123,39.5985164],[2.6935388,39.5984876],[2.6933924,39.5983887],[2.6935212,39.5982669],[2.6941164,39.5986337],[2.694086,39.5986662],[2.6940252,39.5987312],[2.6939615,39.5987993],[2.6939001,39.598865],[2.6938679,39.5988994],[2.6930935,39.5985295]]]]},"properties":{"building":"yes","historic":"building"}},
{"type":"Feature","id":"a2066625968","geometry":{"type":"MultiPolygon","coordinates":[[[[2.6927857,39.5983506],[2.692905,39.5982047],[2.6929075,39.5982062],[2.6929769,39.5981247],[2.6930674,39.5980374],[2.6930641,39.5980361],[2.6930968,39.5980048],[2.6934683,39.5982342],[2.6933397,39.5983571],[2.6932557,39.5983055],[2.6932507,39.5983108],[2.6932143,39.5982871],[2.6932432,39.5982579],[2.6931913,39.598227],[2.6930226,39.5984085],[2.6930658,39.5984302],[2.6930152,39.5984922],[2.6928779,39.5984267],[2.6928894,39.598393],[2.6927857,39.5983506]]]]},"properties":{"building":"yes","historic":"building"}},
{"type":"Feature","id":"a2072461460","geometry":{"type":"MultiPolygon","coordinates":[[[[2.8538084,39.811307],[2.8539184,39.8112667],[2.8539441,39.8113082],[2.8538342,39.8113484],[2.8538084,39.811307]]]]},"properties":{"building":"ruins","historic":"ruins","name":"casa de neu de Son Lluc","ruins":"building"}},
{"type":"Feature","id":"a2094179352","geometry":{"type":"MultiPolygon","coordinates":[[[[2.454618,39.6501799],[2.4546562,39.6501556],[2.4547021,39.6501984],[2.454664,39.6502227],[2.454618,39.6501799]]]]},"properties":{"historic":"ruins"}},
{"type":"Feature","id":"a2094179354","geometry":{"type":"MultiPolygon","coordinates":[[[[2.4546158,39.65014],[2.4546547,39.6501282],[2.4546652,39.6501485],[2.4546262,39.6501604],[2.4546158,39.65014]]]]},"properties":{"historic":"ruins"}},
{"type":"Feature","id":"a2094201002","geometry":{"type":"MultiPolygon","coordinates":[[[[2.4644107,39.6493199],[2.4644849,39.649298],[2.4645013,39.649331],[2.4644271,39.6493529],[2.4644107,39.6493199]]]]},"properties":{"historic":"ruins"}},
{"type":"Feature","id":"a2094212054","geometry":{"type":"MultiPolygon","coordinates":[[[[2.4662504,39.6493662],[2.4662975,39.6493262],[2.4663259,39.6493461],[2.4662788,39.6493861],[2.4662504,39.6493662]]]]},"properties":{"historic":"ruins"}},
{"type":"Feature","id":"a2113623310","geometry":{"type":"MultiPolygon","coordinates":[[[[2.6955948,39.7973852],[2.6956133,39.7973718],[2.695684,39.7974295],[2.6956655,39.7974429],[2.6955948,39.7973852]]]]},"properties":{"building":"yes","building:levels":"1","building:material":"wood","historic":"yes","note":"used as an information and ticket office","roof:height":"0.4","roof:levels":"0","roof:shape":"round"}},
{"type":"Feature","id":"a2118513384","geometry":{"type":"MultiPolygon","coordinates":[[[[2.4685466,39.6443702],[2.4686016,39.6443498],[2.4687254,39.6445158],[2.4686712,39.6445383],[2.4685466,39.6443702]]]]},"properties":{"historic":"ruins","ruins":"building"}},
{"type":"Feature","id":"a2156561628","geometry":{"type":"MultiPolygon","coordinates":[[[[3.2786199,39.4623962],[3.2788794,39.4620297],[3.2791572,39.4621469],[3.27912,39.4621994],[3.2791377,39.4622069],[3.2789457,39.4624844],[3.2789166,39.4624725],[3.27889,39.4625101],[3.2786199,39.4623962]]]]},"properties":{"name":"Peques Park","tourism":"theme_park"}},
{"type":"Feature","id":"a2157256372","geometry":{"type":"MultiPolygon","coordinates":[[[[2.8251937,39.4728228],[2.8252287,39.4728124],[2.8252423,39.4728395],[2.8252074,39.4728499],[2.8251937,39.4728228]]]]},"properties":{"building":"historic","historic":"house"}},
{"type":"Feature","id":"a2162810044","geometry":{"type":"MultiPolygon","coordinates":[[[[3.1201656,39.7221394],[3.1202308,39.7220866],[3.1202614,39.722109],[3.1201962,39.7221618],[3.1201656,39.7221394]]]]},"properties":{"historic":"ruins"}},
{"type":"Feature","id":"a2199733188","geometry":{"type":"MultiPolygon","coordinates":[[[[2.9812162,39.5671651],[2.9814355,39.5670064],[2.9814743,39.5670471],[2.9814533,39.5670634],[2.9814849,39.5671],[2.9813431,39.5672133],[2.9813881,39.5672469],[2.9813451,39.5672867],[2.981295,39.5672395],[2.9812162,39.5671651]]]]},"properties":{"addr:city":"Montuïri","addr:housenumber":"2","addr:postcode":"07230","addr:street":"carrer d'en Vanrell","amenity":"theatre","building":"yes","name":"Sala Mariana"}},
{"type":"Feature","id":"a2205784572","geometry":{"type":"MultiPolygon","coordinates":[[[[3.1211429,39.8524656],[3.1211731,39.8524105],[3.121195,39.8523719],[3.1212355,39.8522986],[3.1213103,39.8523266],[3.1213043,39.8523356],[3.1213313,39.8523426],[3.1213811,39.8523555],[3.1213726,39.8523777],[3.1214056,39.8523856],[3.1214778,39.8524027],[3.1215131,39.8523554],[3.1215608,39.8523736],[3.1215331,39.8524162],[3.1215321,39.8524179],[3.1215366,39.8524196],[3.1214314,39.8525976],[3.1213655,39.852583],[3.1212604,39.8525599],[3.1212656,39.852549],[3.1212743,39.8525272],[3.1212757,39.8525227],[3.1212829,39.8525046],[3.1212836,39.8525029],[3.1212239,39.8524871],[3.1211429,39.8524656]]]]},"properties":{"name":"Can Domènec","name:ca":"Can Domènec","tourism":"museum"}},
{"type":"Feature","id":"a2234203302","geometry":{"type":"MultiPolygon","coordinates":[[[[2.7130479,39.7669855],[2.7130989,39.7669342],[2.7131374,39.7669559],[2.7132714,39.7668189],[2.7133967,39.7669055],[2.7132472,39.7670752],[2.7130818,39.7670008],[2.7130479,39.7669855]]]]},"properties":{"building":"house","historic":"manor","name":"Can Canals","name:ca":"Can Canals"}},
{"type":"Feature","id":"a2252935416","geometry":{"type":"MultiPolygon","coordinates":[[[[2.7965246,39.6859545],[2.7965766,39.6858789],[2.796695,39.6859156],[2.7966502,39.6859922],[2.7965702,39.6859682],[2.7965246,39.6859545]]]]},"properties":{"access":"permit","archaeological_site":"talayot","historic":"archaeological_site","historic:civilization":"iron-age_balearic","inscription":"talaiot que conserva el seu portal adovellat, encara que la llinda està trencada i amb prou feines se sosté al seu lloc. L'interior del talaiot està tancat però, en aquest cas, no sembla que sigui per l'esfondrament del sostre de lloses.","name":"Talaiot Son Palou","source":"juan_bali","wikidata":"Q30065329","wikimedia_commons":"Category:Talaiot de Son Palou"}},
{"type":"Feature","id":"a2296097026","geometry":{"type":"MultiPolygon","coordinates":[[[[2.6878999,39.5570171],[2.6879304,39.5569451],[2.6879765,39.5569065],[2.6880056,39.5568922],[2.6880706,39.5568766],[2.6881167,39.5568762],[2.6881821,39.5568908],[2.68825,39.5569333],[2.6882883,39.5569979],[2.6882919,39.5570247],[2.6882809,39.5570766],[2.6882483,39.5571216],[2.688197,39.5571562],[2.6881325,39.5571752],[2.6880644,39.557176],[2.6879995,39.5571585],[2.6879468,39.5571251],[2.6879075,39.5570693],[2.6878999,39.5570171]]]]},"properties":{"historic":"monument"}},
{"type":"Feature","id":"a23872627","geometry":{"type":"MultiPolygon","coordinates":[[[[3.2336774,39.3667264],[3.2339622,39.3666529],[3.2340519,39.3668777],[3.2337726,39.3669491],[3.2337076,39.3667972],[3.2336774,39.3667264]],[[3.2337639,39.3667723],[3.2337679,39.3667823],[3.2338079,39.3668771],[3.2338975,39.3668536],[3.2338595,39.3667594],[3.2338553,39.3667488],[3.2337639,39.3667723]]]]},"properties":{"building":"yes","historic":"fort","lit":"yes","name":"Es Fortí","name:ca":"Es Fortí","seamark:landmark:category":"monument","seamark:type":"landmark","wikidata":"Q43142411","wikimedia_commons":"File:Es Forti 07.jpg"}},
{"type":"Feature","id":"a2304780790","geometry":{"type":"MultiPolygon","coordinates":[[[[3.0123733,39.8805556],[3.012386,39.8805173],[3.0123997,39.8804758],[3.0124919,39.8805375],[3.0125077,39.8805191],[3.0125251,39.880531],[3.012534,39.8805476],[3.0125327,39.8805655],[3.0125213,39.8805812],[3.0125022,39.8805916],[3.0124792,39.8805946],[3.0124563,39.880598],[3.0123733,39.8805556]]]]},"properties":{"area:highway":"pedestrian","name":"Mirador del Calvari","name:ca":"Mirador del Calvari","surface":"concrete","tourism":"viewpoint"}},
{"type":"Feature","id":"a2306573866","geometry":{"type":"MultiPolygon","coordinates":[[[[3.0328201,39.8810061],[3.0328254,39.880995],[3.0328314,39.8809825],[3.0328639,39.8809917],[3.0328525,39.8810153],[3.0328201,39.8810061]]]]},"properties":{"area":"yes","area:highway":"pedestrian","bridge":"boardwalk","bridge:structure":"beam","highway":"pedestrian","layer":"1","surface":"wood","tourism":"viewpoint"}},
{"type":"Feature","id":"a2308274728","geometry":{"type":"MultiPolygon","coordinates":[[[[2.8936825,39.4900755],[2.8938182,39.4900109],[2.8938389,39.4900005],[2.8938649,39.4899894],[2.8938742,39.4900012],[2.8938269,39.4900225],[2.8938345,39.4900334],[2.8938884,39.4901041],[2.894014,39.4900469],[2.8939105,39.4899124],[2.8939453,39.4898966],[2.8939853,39.4899472],[2.8940501,39.4899191],[2.8941417,39.4900327],[2.8937732,39.4901948],[2.8936825,39.4900755]]]]},"properties":{"building":"yes","name":"Toni Catany","tourism":"museum"}},
{"type":"Feature","id":"a2372919746","geometry":{"type":"MultiPolygon","coordinates":[[[[3.1170698,39.8007554],[3.1171104,39.8006938],[3.1171898,39.8007247],[3.1171491,39.8007863],[3.1170698,39.8007554]]]]},"properties":{"building":"yes","historic":"building","ruins":"yes"}},
{"type":"Feature","id":"a2372919752","geometry":{"type":"MultiPolygon","coordinates":[[[[3.1167482,39.8006253],[3.1167888,39.8005637],[3.1168682,39.8005946],[3.1168275,39.8006562],[3.1167482,39.8006253]]]]},"properties":{"building":"yes","historic":"building","ruins":"yes"}},
{"type":"Feature","id":"a33464127","geometry":{"type":"MultiPolygon","coordinates":[[[[2.8948644,39.491137],[2.8952125,39.4909875],[2.8954134,39.4912737],[2.8953679,39.4912921],[2.8952425,39.4913456],[2.8950673,39.49142],[2.8948644,39.491137]],[[2.8949415,39.4911989],[2.8950367,39.491334],[2.8952097,39.4912605],[2.8951152,39.4911249],[2.8949415,39.4911989]]]]},"properties":{"access":"yes","building":"yes","fee":"no","historic":"yes","name":"Convent de Sant Bonaventura","tourism":"museum"}},
{"type":"Feature","id":"a2451010122","geometry":{"type":"MultiPolygon","coordinates":[[[[2.8949415,39.4911989],[2.8951152,39.4911249],[2.8952097,39.4912605],[2.8950367,39.491334],[2.8949415,39.4911989]]]]},"properties":{"area":"yes"}},
{"type":"Feature","id":"a2458373076","geometry":{"type":"MultiPolygon","coordinates":[[[[3.0250476,39.4321631],[3.0251027,39.4319479],[3.0252851,39.4320454],[3.0252735,39.4320891],[3.0252618,39.4321334],[3.0252458,39.4321911],[3.0250476,39.4321631]]]]},"properties":{"building":"yes","name":"Etnogràfic","tourism":"museum"}},
{"type":"Feature","id":"a2513086912","geometry":{"type":"MultiPolygon","coordinates":[[[[3.1482747,39.4676893],[3.1483324,39.467597],[3.1484378,39.467643],[3.1485408,39.4676952],[3.1485617,39.4677031],[3.1486014,39.4677185],[3.1485727,39.4677642],[3.1485569,39.4677604],[3.1485085,39.467747],[3.1484409,39.4677307],[3.1483837,39.4677194],[3.1482747,39.4676893]]]]},"properties":{"building":"yes","name":"Malene Birger","tourism":"gallery"}},
{"type":"Feature","id":"a2566050836","geometry":{"type":"MultiPolygon","coordinates":[[[[2.5992307,39.6112362],[2.5992321,39.6112276],[2.5992373,39.6112199],[2.5992455,39.6112139],[2.5992558,39.6112104],[2.599267,39.6112098],[2.5992772,39.6112119],[2.5992861,39.6112164],[2.5992926,39.6112228],[2.5992962,39.6112304],[2.5992965,39.6112385],[2.5992935,39.6112463],[2.5992874,39.611253],[2.5992789,39.6112578],[2.5992689,39.6112604],[2.5992584,39.6112603],[2.5992477,39.6112575],[2.5992389,39.6112521],[2.599233,39.6112447],[2.5992307,39.6112362]]]]},"properties":{"barrier":"retaining_wall","disused":"yes","historic":"yes","man_made":"kiln","material":"dry_stone","name":"Forn de Calç","name:ca":"Forn de Calç","note":"Forn de calç?","product":"lime","source":"survey"}},
{"type":"Feature","id":"a2566050852","geometry":{"type":"MultiPolygon","coordinates":[[[[2.5998466,39.6080924],[2.5998472,39.6080836],[2.5998516,39.6080755],[2.5998593,39.608069],[2.5998694,39.6080648],[2.5998807,39.6080635],[2.5998919,39.6080651],[2.5999012,39.6080693],[2.5999084,39.6080755],[2.5999126,39.6080832],[2.5999135,39.6080915],[2.5999109,39.6080995],[2.5999051,39.6081066],[2.5998968,39.6081118],[2.5998867,39.6081148],[2.5998759,39.6081151],[2.5998655,39.6081127],[2.5998566,39.608108],[2.5998499,39.6081009],[2.5998466,39.6080924]]]]},"properties":{"disused":"yes","historic":"yes","man_made":"kiln","material":"dry_stone","name":"Forn de Calç","name:ca":"Forn de Calç","note":"Forn de calç?","product":"lime","source":"survey","width":"4"}},
{"type":"Feature","id":"a2616912574","geometry":{"type":"MultiPolygon","coordinates":[[[[3.3210106,39.5459704],[3.3211944,39.5457784],[3.3212252,39.5457371],[3.3212587,39.545752],[3.3212905,39.5457094],[3.321823,39.5455107],[3.3218524,39.545688],[3.3220851,39.5460435],[3.3222721,39.5463245],[3.3224829,39.5465133],[3.321468,39.5468167],[3.3210106,39.5459704]]]]},"properties":{"name":"Dinosaur Land","opening_hours":"Mo-Su,PH 10:00-16:30","tourism":"theme_park"}},
{"type":"Feature","id":"a2631211740","geometry":{"type":"MultiPolygon","coordinates":[[[[2.7475729,39.5582598],[2.7475868,39.5582598],[2.7476392,39.5582949],[2.7476808,39.5582876],[2.7477884,39.558275],[2.7477815,39.5582499],[2.7477491,39.5582485],[2.7477785,39.5582423],[2.7477637,39.5582164],[2.7477262,39.5582171],[2.7477578,39.558208],[2.7477292,39.5581469],[2.7477459,39.558144],[2.7477819,39.558168],[2.7478349,39.5581638],[2.7478369,39.5581775],[2.7477947,39.5581802],[2.7478478,39.5582133],[2.7478972,39.558208],[2.7478992,39.5582225],[2.7478606,39.5582278],[2.7479061,39.5582583],[2.7480148,39.5582453],[2.7480376,39.5582476],[2.7480692,39.5582537],[2.7480376,39.5582712],[2.7480158,39.558275],[2.7479051,39.5582911],[2.7478816,39.5583297],[2.747924,39.5583258],[2.7479258,39.5583429],[2.7478705,39.5583497],[2.7478349,39.5583886],[2.7478784,39.558384],[2.7478794,39.5584023],[2.747828,39.5584077],[2.7477894,39.5584503],[2.7477677,39.5584511],[2.7477914,39.5583741],[2.7477677,39.5583726],[2.7477934,39.5583642],[2.7478003,39.5583414],[2.7477756,39.5583383],[2.7477983,39.5583299],[2.7477963,39.5583086],[2.7476836,39.5583177],[2.7476461,39.5583185],[2.7476065,39.5583673],[2.7475927,39.5583673],[2.7476104,39.558317],[2.7475858,39.5583116],[2.7476085,39.5583035],[2.7475729,39.5582598]]]]},"properties":{"area":"yes","historic":"aircraft","image":"https://commons.wikimedia.org/wiki/File:EC-BZO.jpg","inscription":"Spantax","manufacture_date":"1964","manufacturer":"General Dynamics, San Diego","model:wikidata":"Q384469","name":"Convair CV-990 EC-BZO","source":"https://www.planespotters.net/airframe/convair-cv-990-ec-bzo-spantax/rqjnvy","tourism":"attraction"}},
{"type":"Feature","id":"a2763260680","geometry":{"type":"MultiPolygon","coordinates":[[[[3.0327805,39.7688567],[3.032804,39.7688243],[3.0328437,39.7688415],[3.0328212,39.7688741],[3.0327805,39.7688567]]]]},"properties":{"area":"yes","historic":"ruins"}},
{"type":"Feature","id":"a2786512684","geometry":{"type":"MultiPolygon","coordinates":[[[[3.0579719,39.7347369],[3.0581009,39.7345492],[3.0582073,39.7345845],[3.0581805,39.7346251],[3.0583492,39.7346843],[3.0583129,39.7347348],[3.0583041,39.7347445],[3.0582747,39.7347832],[3.0582532,39.7348114],[3.0583207,39.7348274],[3.0582887,39.7349299],[3.0581831,39.7350983],[3.0580888,39.735029],[3.058191,39.7348984],[3.0582142,39.7348687],[3.0581433,39.7348307],[3.0579719,39.7347369]]]]},"properties":{"name":"Museu etnològic","tourism":"museum","wikidata":"Q1954349","wikipedia":"es:Museo Etnológico de Muro"}},
{"type":"Feature","id":"a2865146588","geometry":{"type":"MultiPolygon","coordinates":[[[[2.6265502,39.5724608],[2.6265645,39.5724531],[2.6266071,39.5724304],[2.6266626,39.5724921],[2.6266869,39.5725191],[2.626692,39.5725248],[2.6266524,39.5725459],[2.6266354,39.572555],[2.6266038,39.5725199],[2.6266152,39.5725138],[2.6265894,39.5724851],[2.6265777,39.5724914],[2.6265502,39.5724608]]]]},"properties":{"building":"yes","historic":"city_gate","name":"Puerta de Toledo (reproduction)"}},
{"type":"Feature","id":"a2865146590","geometry":{"type":"MultiPolygon","coordinates":[[[[2.6264475,39.5723501],[2.6264591,39.5723428],[2.6264738,39.5723337],[2.6265011,39.5723597],[2.6264856,39.5723694],[2.6264748,39.5723761],[2.6264475,39.5723501]]]]},"properties":{"building":"yes","historic":"city_gate"}},
{"type":"Feature","id":"a2865146602","geometry":{"type":"MultiPolygon","coordinates":[[[[2.6270033,39.5720997],[2.6270253,39.5720842],[2.6270759,39.5721269],[2.6270539,39.5721423],[2.6270033,39.5720997]]]]},"properties":{"building":"yes","historic":"city_gate"}},
{"type":"Feature","id":"a39289417","geometry":{"type":"MultiPolygon","coordinates":[[[[2.6277587,39.572653],[2.6277696,39.5726117],[2.6278589,39.5725717],[2.6278754,39.5725936],[2.6279088,39.5725787],[2.6278958,39.5725614],[2.6279331,39.5725446],[2.6280377,39.5725522],[2.6280576,39.5726319],[2.6280668,39.5726689],[2.6280589,39.5726607],[2.6280482,39.572655],[2.6280358,39.5726523],[2.6280229,39.5726528],[2.6280108,39.5726565],[2.628001,39.572663],[2.6279943,39.5726715],[2.6279915,39.5726812],[2.627993,39.5726911],[2.6279969,39.5726996],[2.6279651,39.5727084],[2.6279343,39.5727168],[2.6279241,39.5727101],[2.6279116,39.5727063],[2.6278982,39.5727058],[2.6278853,39.5727085],[2.6278742,39.5727143],[2.6278661,39.5727225],[2.6278125,39.5726615],[2.6277587,39.572653]],[[2.6278668,39.5726158],[2.6279109,39.5726784],[2.6279449,39.5726642],[2.6279928,39.5726441],[2.6279487,39.5725815],[2.6279041,39.5726001],[2.6278668,39.5726158]]]]},"properties":{"building":"yes","building:colour":"#ff9e6b","historic":"city_gate","layer":"1","name":"Patio de Carlos V (reproduction)"}},
{"type":"Feature","id":"a2865146606","geometry":{"type":"MultiPolygon","coordinates":[[[[2.6278668,39.5726158],[2.6279041,39.5726001],[2.6279487,39.5725815],[2.6279928,39.5726441],[2.6279449,39.5726642],[2.6279109,39.5726784],[2.6278668,39.5726158]]]]},"properties":{"area":"yes","highway":"pedestrian","lit":"yes","surface":"unhewn_cobblestone"}},
{"type":"Feature","id":"a2907037012","geometry":{"type":"MultiPolygon","coordinates":[[[[3.0583252,39.7353758],[3.0583992,39.7352958],[3.058431,39.7353132],[3.058357,39.7353932],[3.0583252,39.7353758]]]]},"properties":{"addr:city":"MURO","addr:housenumber":"17","addr:postcode":"07440","addr:street":"Carrer Jesús","building":"yes","name":"Si Déu Vol","tourism":"gallery"}},
{"type":"Feature","id":"a2927914120","geometry":{"type":"MultiPolygon","coordinates":[[[[2.6010556,39.6129893],[2.6010574,39.6129818],[2.6010624,39.6129751],[2.60107,39.6129702],[2.6010793,39.6129675],[2.6010884,39.6129673],[2.6010972,39.6129692],[2.6011047,39.6129732],[2.6011104,39.6129787],[2.6011135,39.6129853],[2.6011138,39.6129923],[2.6011112,39.6129991],[2.6011061,39.6130049],[2.6010982,39.6130096],[2.6010887,39.6130119],[2.6010787,39.6130116],[2.6010695,39.6130087],[2.601062,39.6130036],[2.6010572,39.6129969],[2.6010556,39.6129893]]]]},"properties":{"barrier":"retaining_wall","disused":"yes","historic":"yes","man_made":"kiln","material":"dry_stone","name":"Forn de Calç","name:ca":"Forn de Calç","note":"Forn de calç?","product":"lime","source":"survey"}},
{"type":"Feature","id":"a40157621","geometry":{"type":"MultiPolygon","coordinates":[[[[3.4336809,39.7024414],[3.4338206,39.7020804],[3.4338522,39.7020871],[3.434069,39.7021421],[3.4339347,39.702514],[3.4336809,39.7024414]]]]},"properties":{"area":"yes","highway":"pedestrian","lit":"yes","name":"plaça de l'Orient","name:ca":"plaça de l'Orient","surface":"unhewn_cobblestone","tourism":"attraction","wheelchair":"yes"}},
{"type":"Feature","id":"a2955732464","geometry":{"type":"MultiPolygon","coordinates":[[[[3.0915754,39.8298483],[3.0916122,39.8298422],[3.0916212,39.8298742],[3.0915843,39.8298802],[3.0915754,39.8298483]]]]},"properties":{"area":"yes","historic":"ruins","ruins":"building"}},
{"type":"Feature","id":"a3090789920","geometry":{"type":"MultiPolygon","coordinates":[[[[2.9333323,39.6530688],[2.9334255,39.6529907],[2.9335383,39.6530704],[2.9334452,39.6531486],[2.9333323,39.6530688]]]]},"properties":{"historic":"archaeological_site"}},
{"type":"Feature","id":"a3100228828","geometry":{"type":"MultiPolygon","coordinates":[[[[2.8335392,39.3602063],[2.8349038,39.3609685],[2.8348918,39.3609995],[2.8349052,39.3610257],[2.8349462,39.3610769],[2.8349454,39.3611005],[2.8349219,39.3611387],[2.8348813,39.3611813],[2.8348493,39.3612851],[2.8348763,39.3613488],[2.8348612,39.361395],[2.8348732,39.3614195],[2.8348878,39.3614877],[2.8348819,39.3615498],[2.8348918,39.3615689],[2.8349414,39.3615887],[2.8349591,39.3616705],[2.8349063,39.3618147],[2.8348409,39.361954],[2.8348004,39.3620831],[2.8347454,39.3622109],[2.8347539,39.3623024],[2.8348133,39.3623602],[2.8348244,39.3624586],[2.8350312,39.3627398],[2.8351456,39.3628456],[2.8353086,39.363101],[2.8354793,39.3632649],[2.8357038,39.3634164],[2.8358646,39.3634474],[2.8360922,39.3635527],[2.8362227,39.3636856],[2.8360955,39.3638489],[2.835901,39.3639738],[2.8358557,39.3639195],[2.8357228,39.3638213],[2.8355777,39.3637234],[2.8354919,39.3636819],[2.8354007,39.363628],[2.8352278,39.3636117],[2.8351003,39.3635678],[2.8349179,39.3633833],[2.8347248,39.3632277],[2.8345959,39.363078],[2.8344698,39.3629019],[2.8343171,39.3628379],[2.8341374,39.3626699],[2.8338517,39.3623504],[2.8337485,39.3621805],[2.8337377,39.3620499],[2.8337404,39.3619731],[2.8337863,39.3618948],[2.8337914,39.361886],[2.8338446,39.3617279],[2.8338075,39.361689],[2.8337565,39.361604],[2.833735,39.3615293],[2.8337404,39.361407],[2.8338021,39.3612618],[2.833735,39.361212],[2.8337055,39.3611519],[2.8337059,39.3611375],[2.8337082,39.3610441],[2.8336787,39.3609051],[2.8336653,39.3607766],[2.8336734,39.3607392],[2.8336143,39.360621],[2.8336278,39.3605588],[2.8336331,39.3604593],[2.8335392,39.3602063]]]]},"properties":{"name":"Cala Pi","natural":"water","tourism":"attraction","water":"cove"}}
]}
