{"type": "FeatureCollection", "features": [{"type": "Feature", "geometry": {"type": "MultiPolygon", "coordinates": [[[[3.1230299284020524, 39.832000674494324], [3.1229662388317463, 39.83167275377125], [3.122861167217766, 39.831351224952094], [3.12271572599032, 39.83103918442495], [3.1225313162945785, 39.830739637163035], [3.1223097144789485, 39.830455467790784], [3.1220530549731875, 39.83018941281033], [3.121763809721802, 39.8299440342552], [3.121444764371226, 39.8297216950252], [3.12109899144035, 39.82952453613908], [3.1207298207328837, 39.82935445612429], [3.1203408072763925, 39.8292130927415], [3.1199356970965098, 39.82910180721991], [3.119518391155523, 39.829021671154734], [3.119092907802037, 39.828973456192585], [3.1186633440926643, 39.82895762660436], [3.118233836357438, 39.82897433481654], [3.1178085203878725, 39.82902341994402], [3.117391491630188, 39.82910440933863], [3.116986765766173, 39.82921652313835], [3.1165982400604526, 39.82935868177355], [3.1162296558456335, 39.82952951635822], [3.115884562505918, 39.82972738186619], [3.1155662833054785, 39.82995037296573], [3.1152778833902706, 39.83019634236051], [3.1150221402711873, 39.830462921460374], [3.1148015170727286, 39.8307475431833], [3.114618138804917, 39.831047466669396], [3.1144737718872255, 39.83135980366903], [3.1143698071221473, 39.831681546351504], [3.1143072462829418, 39.83200959626644], [3.1142866924454307, 39.8323407941794], [3.1143083441577306, 39.83267195049465], [3.11437199350494, 39.83299987597178], [3.114477028088298, 39.833321412440746], [3.114622436900662, 39.833633463219506], [3.1148068200425567, 39.83393302294086], [3.115028402186023, 39.83421720650155], [3.115285049657294, 39.83448327685423], [3.1155742909743416, 39.83472867137458], [3.115893340641927, 39.83495102654929], [3.1162391259752593, 39.835148200746865], [3.116608316694009, 39.835318294851426], [3.1169973570015888, 39.835459670560844], [3.1174024998404923, 39.83557096617222], [3.117819842993365, 39.835651109702624], [3.1182453666815695, 39.83569932921851], [3.1186749722984533, 39.835715160274], [3.119104521903501, 39.835698450386225], [3.1195298780961633, 39.835649360504696], [3.11994694388447, 39.83556836346026], [3.1203517021635667, 39.83545623940894], [3.1207402544231346, 39.83531406831432], [3.121108858310117, 39.8351432195412], [3.1214539636843224, 39.834945338661015], [3.121772246819099, 39.83472233159624], [3.122060642417297, 39.834476346256736], [3.122316373133924, 39.83420975184543], [3.122536976321099, 39.83392511603274], [3.1227203277378224, 39.833625180220004], [3.1228646619964926, 39.83331283313056], [3.1229685895496853, 39.83299108298288], [3.1230311100541726, 39.83266302851423], [3.123051621984173, 39.832331829133985], [3.1230299284020524, 39.832000674494324]]], [[[3.123051621984173, 39.832331829133985], [3.1230733157787216, 39.83266298375033], [3.123137006784687, 39.83299090435631], [3.123242082202052, 39.833312432828734], [3.123387530630323, 39.83362447256245], [3.12357195178837, 39.83392401829652], [3.1237935699819603, 39.834208185062366], [3.124050251189964, 39.8344742359743], [3.124339523605252, 39.8347196085952], [3.1246586014328903, 39.834941939622674], [3.1250044117166875, 39.835139087657744], [3.125373623935832, 39.83530915383657], [3.1257626820864965, 39.83545050012601], [3.126167838939178, 39.835561765106526], [3.1265851921414325, 39.835641877090296], [3.1270107218177468, 39.83569006444769], [3.1274403293037407, 39.83570586304262], [3.127869876640879, 39.83568912070497], [3.128295226450476, 39.83563999869684], [3.128712281802093, 39.835558970158594], [3.1291170256914853, 39.83544681554965], [3.1295055597470443, 39.83530461512797], [3.129874141791187, 39.83513373854087], [3.1302192218942606, 39.83493583162769], [3.1305374765731857, 39.83471280056163], [3.1308258408050604, 39.83446679348375], [3.1310815375471703, 39.83420017980628], [3.1313021044790244, 39.83391552738516], [3.13148541770896, 39.83361557778164], [3.1316297122172934, 39.83330321985178], [3.131733598839546, 39.83298146191837], [3.1317960776267735, 39.832653402793554], [3.1318165474550113, 39.832322201931454], [3.131794811792109, 39.8319910489984], [3.1317310805672403, 39.831663133153846], [3.1316259681260132, 39.831341612338036], [3.1314804872917272, 39.83102958286191], [3.1312960395908567, 39.830730049592134], [3.1310744017376613, 39.830445897018365], [3.1308177085087787, 39.83017986148086], [3.1305284321732922, 39.829934504825914], [3.1302093586767876, 39.82971218974236], [3.129863560809014, 39.829515057016465], [3.129494368613641, 39.82934500492373], [3.1291053373249946, 39.82920367095599], [3.1287002131402852, 39.82909241605928], [3.1282828971565446, 39.82901231153388], [3.1278574078189996, 39.82896412872283], [3.127427842241834, 39.82894833158746], [3.12699833677305, 39.828965072241836], [3.1265730271823564, 39.82901418948854], [3.126156008854602, 39.82909521037014], [3.1257512973712247, 39.82920735472153], [3.125362789858489, 39.82934954267892], [3.124994227473951, 39.82952040507396], [3.124649159391756, 39.82971829661272], [3.124330908633029, 39.8299413117128], [3.12404254007002, 39.83018730284676], [3.123786830911886, 39.83045390121506], [3.1235662439562604, 39.830738539550076], [3.123382903864307, 39.831038476831885], [3.1232385766880015, 39.831350824677955], [3.123134652847235, 39.831672575152986], [3.123072133721239, 39.83200062973147], [3.123051621984173, 39.832331829133985]]]]}, "properties": {"isochrone_origin_id": "ISO01", "origin_name": "Bordoy Alcudia Bay", "origin_access_band": "alta_0_400m", "threshold_min": 15, "grid_spacing_m": 750, "reachable_grid_cells": 2}}, {"type": "Feature", "geometry": {"type": "MultiPolygon", "coordinates": [[[[3.127452820579218, 39.84246338659949], [3.1270232309339034, 39.84248012744027], [3.12659783801751, 39.84252924479476], [3.1261807380169673, 39.84261026570456], [3.125775947299908, 39.84272241000429], [3.125387363755345, 39.84286459783075], [3.125018729272804, 39.84303546001698], [3.1246735937205843, 39.84323335127109], [3.1243552807694654, 39.843456366013584], [3.1240668558906077, 39.843702356720556], [3.123811096835562, 39.84396895459667], [3.1235904668826175, 39.844253592379204], [3.12340709110722, 39.844553529053584], [3.1232627359052585, 39.84486587624324], [3.1231587919668424, 39.84518762601928], [3.1230962608651174, 39.84551567986296], [3.123075745389968, 39.84584687850199], [3.123097443720485, 39.84617803233348], [3.123161147493194, 39.84650595214085], [3.123266243785519, 39.84682747980854], [3.123411720996288, 39.84713951873906], [3.123596178567495, 39.84743906367919], [3.1238178404544867, 39.84772322966788], [3.124074572215532, 39.84798927982684], [3.124363901556766, 39.84823465172609], [3.1246830421350644, 39.84845698207006], [3.1250289203898705, 39.848654129466276], [3.1253982051456535, 39.84882419505694], [3.125787339699824, 39.84896554081445], [3.1261925760868103, 39.84907680532433], [3.126610011187892, 39.8491569169032], [3.127035624338463, 39.8492051039253], [3.1274653160698485, 39.84922090225772], [3.1278949476117766, 39.849204159732864], [3.1283203807742166, 39.84915503761465], [3.128737517823605, 39.849074009044564], [3.129142340968543, 39.848961854482354], [3.129530951073834, 39.84881965418557], [3.129899605229235, 39.84864877780047], [3.1302447528104334, 39.84845087116452], [3.1305630696843796, 39.8482278404484], [3.130851490229164, 39.84798183378983], [3.13110723685979, 39.84771522059717], [3.131327846775433, 39.847430568721755], [3.1315111956706687, 39.84713061971974], [3.131655518182598, 39.84681826244141], [3.131759424877371, 39.8464965052034], [3.131821915613094, 39.846168446811184], [3.1318423891511267, 39.84583724671188], [3.1318206489239957, 39.84550609456445], [3.1317569049052403, 39.84517817952081], [3.1316517715640697, 39.844856659513425], [3.131506261925422, 39.84454463084539], [3.1313217777934876, 39.84424509837556], [3.1311000962336353, 39.84396094658575], [3.1308433524436117, 39.84369491180862], [3.1305540191795487, 39.84344955588302], [3.1302348829353233, 39.84322724149062], [3.1298890171049365, 39.84303010941095], [3.129519752386455, 39.842860057913185], [3.129130644712446, 39.84271872448331], [3.1287254410154923, 39.8426074700621], [3.1283080431580546, 39.842527365945195], [3.127882470373485, 39.84247918347163], [3.127452820579218, 39.84246338659949]]], [[[3.127452820579218, 39.84246338659949], [3.127882410011649, 39.84244664416826], [3.1283078014906374, 39.84239752210509], [3.12872489768425, 39.84231649355093], [3.129129681194732, 39.842204338965374], [3.1295182532687433, 39.84206213860614], [3.129886871362435, 39.841891262120036], [3.130231985198882, 39.841693355345484], [3.1305502709700748, 39.84147032445439], [3.130838663353657, 39.84122431758617], [3.131094385035821, 39.8409577041511], [3.131314973455947, 39.84067305200284], [3.1314983045155285, 39.84037310270007], [3.1316426130233013, 39.840060745095975], [3.131746509680125, 39.83973898751025], [3.1318089944405965, 39.839410928751725], [3.1318294661234227, 39.839079728271024], [3.1318077281787953, 39.83874857573077], [3.1317439905580664, 39.838420660286666], [3.1316388676686344, 39.838099139875055], [3.131493372434601, 39.837787110802964], [3.131308906521275, 39.83748757793314], [3.1310872468184408, 39.837203425751355], [3.130830528313256, 39.83693739059402], [3.1305412235182857, 39.83669203430372], [3.1302221186532155, 39.83646971956574], [3.1298762868098704, 39.83627258716293], [3.129507058359062, 39.83610253536767], [3.1291179888841785, 39.835961201668866], [3.1287128249500546, 39.83584994700988], [3.128295468036372, 39.83576984268872], [3.1278699369823535, 39.83572166004639], [3.1274403293037407, 39.83570586304263], [3.1270107817537913, 39.835722603790195], [3.126585430507275, 39.83577172109078], [3.1261683713500137, 39.835852741986486], [3.1257636202564774, 39.83596488631204], [3.1253750747342393, 39.83610707420395], [3.1250064763067784, 39.83627793649457], [3.12466137449526, 39.83647582789101], [3.1243430926455797, 39.8366988428123], [3.1240546959293933, 39.83694483373276], [3.123798961827009, 39.83721143185496], [3.123578353376347, 39.83749606991374], [3.123394995445678, 39.83779600689184], [3.123250654258905, 39.838108354409705], [3.1231467203710053, 39.838430104535256], [3.123084195258151, 39.83875815874634], [3.1230636816523543, 39.83908935776712], [3.123085377714501, 39.83942051199106], [3.123149075102758, 39.83974843219773], [3.1232541609558386, 39.84006996026779], [3.123399623772927, 39.84038199959993], [3.123584063134479, 39.84068154493705], [3.1238057031710817, 39.84096571131431], [3.124062409651339, 39.84123176184978], [3.1243517105247958, 39.84147713410986], [3.1246708197224686, 39.84169946479561], [3.1250166639860346, 39.84189661251126], [3.1253859124673786, 39.84206667839602], [3.12577500881335, 39.8422080244195], [3.126180205426474, 39.84231928916471], [3.126597599571233, 39.84239940094605], [3.127023170977634, 39.84244758813581], [3.127452820579218, 39.84246338659949]]], [[[3.1318294661234227, 39.839079728271024], [3.1318512042812445, 39.8394108807879], [3.1319149433401527, 39.83973879611464], [3.1320200700374885, 39.84006031617876], [3.132165572478986, 39.84037234445593], [3.132350049863367, 39.840671875795465], [3.132571725954877, 39.84095602536727], [3.1328284661747117, 39.841222056451166], [3.1331177981472895, 39.841467406800895], [3.1334369355039215, 39.84168971332848], [3.133782804714895, 39.84188683487084], [3.1341520746916416, 39.84205687281926], [3.1345411888738193, 39.84219818941248], [3.1349463994920233, 39.84230942351697], [3.1353638036757303, 39.842389503742325], [3.135789381058171, 39.842437658764844], [3.136219032515276, 39.8424534247599], [3.1366486196648204, 39.84243664987147], [3.1370740047445222, 39.84238749567523], [3.1374910904841364, 39.842306435621694], [3.137895859586683, 39.84219425047388], [3.1382844134377104, 39.84205202078396], [3.1386530096690244, 39.84188111648126], [3.1389980982144277, 39.84168318367216], [3.139316355509674, 39.8414601287793], [3.1396047165068506, 39.84121410017328], [3.139860404194619, 39.840947467473704], [3.1400809563399426, 39.84066279871972], [3.1402642491938377, 39.84036283562989], [3.140408517933142, 39.84005046719009], [3.140512373641834, 39.8397287018243], [3.14057481666896, 39.83940063841616], [3.140595246235199, 39.83906943646098], [3.1405734661963685, 39.838738285635465], [3.1405096869091893, 39.8384103750787], [3.140404523182269, 39.83808886267984], [3.1402589883329, 39.837776844668646], [3.140074484407778, 39.83747732580129], [3.139852788662602, 39.83719319042858], [3.1395960364314566, 39.83692717472502], [3.139306700551511, 39.836681840345804], [3.1389875675416117, 39.83645954976518], [3.1386417107644293, 39.836262443533414], [3.1382724608307084, 39.8360924196708], [3.137883373530549, 39.835951115397336], [3.1374781956002953, 39.835839891373055], [3.13706082865429, 39.83575981860105], [3.136635291628279, 39.83571166811856], [3.136205682095457, 39.835695903575726], [3.1357761368269217, 39.835712676772786], [3.1353507919754926, 39.835761826199054], [3.1349337432654627, 39.83584287858734], [3.134529006570787, 39.835955053469185], [3.134140479260501, 39.83609727068691], [3.1337719026828528, 39.83626816079052], [3.1334268261487597, 39.83646607821929], [3.133108572760881, 39.836689117141624], [3.1328202074169713, 39.836935129800686], [3.1325645072954114, 39.83720174718967], [3.132343935107062, 39.83748640185784], [3.1321606153711485, 39.83778635262794], [3.1320163139438946, 39.8380987109875], [3.1319124209975007, 39.838420468899955], [3.1318499376139455, 39.83874852776806], [3.1318294661234227, 39.839079728271024]]], [[[3.136219032515276, 39.8424534247599], [3.1357894451521537, 39.84247019805791], [3.135364058633013, 39.842519347545746], [3.134946969083235, 39.842600399955636], [3.134542192769903, 39.84271257481893], [3.1341536274434443, 39.8428547919782], [3.1337850148180957, 39.84302568198403], [3.1334399045518375, 39.84322359927669], [3.13312162007213, 39.84344663802595], [3.1328332265761407, 39.843692650476704], [3.1325775015133908, 39.84395926762419], [3.1323569078349993, 39.84424392202007], [3.1321735702672493, 39.844543872489744], [3.132029254838226, 39.84485623052369], [3.1319253518551333, 39.845177988088494], [3.1318628624967895, 39.8455060465903], [3.1318423891511267, 39.84583724671188], [3.1318641295915235, 39.846168398835935], [3.1319278750489445, 39.846496313762195], [3.1320330121993054, 39.84681783342203], [3.1321785290478523, 39.84712986129496], [3.132363024654715, 39.84742939223418], [3.132584722608777, 39.84771354141341], [3.13284148812078, 39.847979572116174], [3.133130848571624, 39.84822492209986], [3.1334500173183777, 39.848447228279916], [3.1337959205290034, 39.848644349496595], [3.1341652267874363, 39.84881438714427], [3.134554379183825, 39.8489557034645], [3.1349596295806093, 39.84906693732638], [3.1353770747240186, 39.84914701734175], [3.135802693852638, 39.84919517218894], [3.1362323874401627, 39.849210938045005], [3.136662016698426, 39.84919416305523], [3.137087443459411, 39.849145008796285], [3.1375045700512656, 39.849063948719305], [3.137909378783399, 39.84895176358756], [3.138297970659548, 39.84880953395311], [3.138666602945187, 39.84863862974478], [3.139011725226801, 39.84844069706808], [3.1393300136151856, 39.84821764234445], [3.139618402762967, 39.8479716139429], [3.1398741153877214, 39.84770498148115], [3.140094689016316, 39.84742031299606], [3.14027799969297, 39.84712035020368], [3.1404222824230077, 39.84680798208707], [3.140526148155829, 39.846486217067124], [3.1405885971441228, 39.846158154024195], [3.140609028551356, 39.84582695245004], [3.1405872462158175, 39.845495802017744], [3.1405234605165524, 39.8451678918626], [3.140418286324116, 39.84484637986987], [3.140272737056768, 39.844534362265385], [3.140088214900214, 39.84423484380134], [3.139866497285862, 39.84395070882462], [3.1396097197585027, 39.843684693505885], [3.13932035539898, 39.843439359496585], [3.139001191000434, 39.84321706926731], [3.138655300227804, 39.84301996336489], [3.1382860140191675, 39.84284993980643], [3.1378968885138754, 39.84270863580891], [3.1374916708160763, 39.8425974120297], [3.1370742629229387, 39.84251733946945], [3.1366486841643697, 39.84246918916339], [3.136219032515276, 39.8424534247599]]], [[[3.1227037038488707, 39.8242816462986], [3.122519312346618, 39.82398209864007], [3.1222977323610976, 39.82369792887988], [3.122041098111737, 39.823431873523894], [3.1217518812997507, 39.82318649460937], [3.1214328672976652, 39.82296415503955], [3.121087128322491, 39.822766995836616], [3.120717993850986, 39.82259691553102], [3.120329018561839, 39.82245555188634], [3.119923948113244, 39.82234426613434], [3.1195066830850116, 39.822264129872444], [3.1190812414319153, 39.82221591474925], [3.1186517198091663, 39.82220008503718], [3.118222254141684, 39.822216793163925], [3.1177969798160503, 39.82226587824519], [3.1173799918776277, 39.822346867633236], [3.1169753056152714, 39.822458981466085], [3.116586817912379, 39.82260114017374], [3.1162182697356986, 39.82277197486947], [3.11587321012246, 39.82296984052596], [3.1155549620120904, 39.82319283181003], [3.1152665902511494, 39.8234388014235], [3.1150108720793677, 39.82370538077403], [3.11479027038093, 39.82399000277718], [3.1146069099587033, 39.82428992657026], [3.114462557060169, 39.824602263900694], [3.114358602352648, 39.8249240069345], [3.1142960475123598, 39.825252057217924], [3.114275495557158, 39.82558325551297], [3.1142971450168266, 39.82591441222021], [3.1143607879979553, 39.82624233809546], [3.1144658121628974, 39.82656387496488], [3.114611206604665, 39.82687592614256], [3.1147955715620212, 39.82717548625753], [3.1150171318820066, 39.82745967020277], [3.1152737541009303, 39.827725740927264], [3.115562966979899, 39.82797113580319], [3.11588198529753, 39.82819349131386], [3.11622773667097, 39.828390665824585], [3.1165968911470023, 39.828560760216554], [3.1169858932781747, 39.8287021361849], [3.11739099637477, 39.828813432024255], [3.1178082986023328, 39.828893575749554], [3.1182337805765408, 39.82894179542539], [3.1186633440924423, 39.82895762660437], [3.118233836357438, 39.82897433481654], [3.1178085203878725, 39.82902341994402], [3.117391491630188, 39.82910440933863], [3.116986765766173, 39.82921652313835], [3.1165982400604526, 39.82935868177355], [3.1162296558456335, 39.82952951635822], [3.115884562505918, 39.82972738186619], [3.1155662833054785, 39.82995037296573], [3.1152778833902706, 39.83019634236051], [3.1150221402711873, 39.830462921460374], [3.1148015170727286, 39.8307475431833], [3.114618138804917, 39.831047466669396], [3.1144737718872255, 39.83135980366903], [3.1143698071221473, 39.831681546351504], [3.1143072462829418, 39.83200959626644], [3.1142866924454307, 39.8323407941794], [3.1143083441577306, 39.83267195049465], [3.11437199350494, 39.83299987597178], [3.114477028088298, 39.833321412440746], [3.114622436900662, 39.833633463219506], [3.1148068200425567, 39.83393302294086], [3.115028402186023, 39.83421720650155], [3.115285049657294, 39.83448327685423], [3.1155742909743416, 39.83472867137458], [3.115893340641927, 39.83495102654929], [3.1162391259752593, 39.835148200746865], [3.116608316694009, 39.835318294851426], [3.1169973570015888, 39.835459670560844], [3.1174024998404923, 39.83557096617222], [3.117819842993365, 39.835651109702624], [3.1182453666815695, 39.83569932921851], [3.1186749722984533, 39.835715160274], [3.119104521903501, 39.835698450386225], [3.1195298780961633, 39.835649360504696], [3.11994694388447, 39.83556836346026], [3.1203517021635667, 39.83545623940894], [3.1207402544231346, 39.83531406831432], [3.121108858310117, 39.8351432195412], [3.1214539636843224, 39.834945338661015], [3.121772246819099, 39.83472233159624], [3.122060642417297, 39.834476346256736], [3.122316373133924, 39.83420975184543], [3.122536976321099, 39.83392511603274], [3.1227203277378224, 39.833625180220004], [3.1228646619964926, 39.83331283313056], [3.1229685895496853, 39.83299108298288], [3.1230311100541726, 39.83266302851423], [3.123051621984173, 39.832331829133985], [3.1230299284020524, 39.832000674494324], [3.1229662388317463, 39.83167275377125], [3.122861167217766, 39.831351224952094], [3.12271572599032, 39.83103918442495], [3.1225313162945785, 39.830739637163035], [3.1223097144789485, 39.830455467790784], [3.1220530549731875, 39.83018941281033], [3.121763809721802, 39.8299440342552], [3.121444764371226, 39.8297216950252], [3.12109899144035, 39.82952453613908], [3.1207298207328837, 39.82935445612429], [3.1203408072763925, 39.8292130927415], [3.1199356970965098, 39.82910180721991], [3.119518391155523, 39.829021671154734], [3.119092907802037, 39.828973456192585], [3.118663344092886, 39.82895762660437], [3.119092851615845, 39.82894091680244], [3.1195181661510105, 39.82889182696827], [3.1199351911075683, 39.82881082993224], [3.1203399097740774, 39.82869870585026], [3.120728424021866, 39.82855653468614], [3.1210969918640807, 39.82838568580539], [3.121442063507757, 39.82818780478036], [3.121760315551144, 39.82796479753492], [3.1220486829965384, 39.82771881198057], [3.1223043887700537, 39.827452217322275], [3.122524970463964, 39.82716758123274], [3.122708304044165, 39.826867645116], [3.122852624294699, 39.8265552976982], [3.12295654180289, 39.826233547200985], [3.123019056322067, 39.82590549236493], [3.1230395663838952, 39.825574292602965], [3.123017875068528, 39.82524313757091], [3.1229541918778674, 39.824915216448574], [3.122849130694791, 39.82459368722714], [3.1227037038488707, 39.8242816462986]]], [[[3.123051621984173, 39.832331829133985], [3.1230733157787216, 39.83266298375033], [3.123137006784687, 39.83299090435631], [3.123242082202052, 39.833312432828734], [3.123387530630323, 39.83362447256245], [3.12357195178837, 39.83392401829652], [3.1237935699819603, 39.834208185062366], [3.124050251189964, 39.8344742359743], [3.124339523605252, 39.8347196085952], [3.1246586014328903, 39.834941939622674], [3.1250044117166875, 39.835139087657744], [3.125373623935832, 39.83530915383657], [3.1257626820864965, 39.83545050012601], [3.126167838939178, 39.835561765106526], [3.1265851921414325, 39.835641877090296], [3.1270107218177468, 39.83569006444769], [3.1274403293037407, 39.83570586304262], [3.127869876640879, 39.83568912070497], [3.128295226450476, 39.83563999869684], [3.128712281802093, 39.835558970158594], [3.1291170256914853, 39.83544681554965], [3.1295055597470443, 39.83530461512797], [3.129874141791187, 39.83513373854087], [3.1302192218942606, 39.83493583162769], [3.1305374765731857, 39.83471280056163], [3.1308258408050604, 39.83446679348375], [3.1310815375471703, 39.83420017980628], [3.1313021044790244, 39.83391552738516], [3.13148541770896, 39.83361557778164], [3.1316297122172934, 39.83330321985178], [3.131733598839546, 39.83298146191837], [3.1317960776267735, 39.832653402793554], [3.1318165474550113, 39.832322201931454], [3.131794811792109, 39.8319910489984], [3.1317310805672403, 39.831663133153846], [3.1316259681260132, 39.831341612338036], [3.1314804872917272, 39.83102958286191], [3.1312960395908567, 39.830730049592134], [3.1310744017376613, 39.830445897018365], [3.1308177085087787, 39.83017986148086], [3.1305284321732922, 39.829934504825914], [3.1302093586767876, 39.82971218974236], [3.129863560809014, 39.829515057016465], [3.129494368613641, 39.82934500492373], [3.1291053373249946, 39.82920367095599], [3.1287002131402852, 39.82909241605928], [3.1282828971565446, 39.82901231153388], [3.1278574078189996, 39.82896412872283], [3.1274278422419446, 39.828948331587476], [3.127857347497879, 39.82893158934338], [3.128282655652139, 39.82888246739026], [3.128699670175535, 39.82880143886791], [3.1291043744572002, 39.82868928423559], [3.129492870507127, 39.82854708375142], [3.1298614165138767, 39.82837620706329], [3.130206462894952, 39.82817830001149], [3.1305246864920915, 39.82795526877048], [3.1308130225817483, 39.82770926148293], [3.1310686943922112, 39.82744264756306], [3.1312892398430345, 39.82715799486908], [3.1314725352493316, 39.82685804496482], [3.1316168157629396, 39.8265456867092], [3.1317206923539986, 39.8262239284281], [3.1317831651699883, 39.82589586893701], [3.131803633144256, 39.82556466769355], [3.1317818997623, 39.8252335143677], [3.1317181749311263, 39.824905598122726], [3.131613072934572, 39.82458407690274], [3.131467606495169, 39.82427204702258], [3.1312831770006033, 39.823972513352885], [3.1310615609896697, 39.82368836038716], [3.1308048930285572, 39.8234223244695], [3.1305156451429488, 39.823176967449925], [3.130196603004423, 39.82295465202083], [3.1298508391007562, 39.82275751897187], [3.1294816831485854, 39.82258746658169], [3.129092690033292, 39.82244613234507], [3.1286876055845863, 39.82233487721064], [3.1282703305169797, 39.82225477248103], [3.1278448828818353, 39.82220658950126], [3.1274153593919163, 39.82219079223433], [3.1269858959901042, 39.82220753279553], [3.126560628041183, 39.822256649988354], [3.126143650529165, 39.822337670855916], [3.1257389786425893, 39.82244981523314], [3.1253505091265383, 39.822592003256], [3.1249819827727694, 39.82276286575547], [3.1246369484085257, 39.82296075743655], [3.1243187287302696, 39.82318377271545], [3.124030388310947, 39.8234297640629], [3.1237747040886554, 39.82369636267728], [3.1235541386208223, 39.82398100128856], [3.1233708163615734, 39.824280938874075], [3.123226503191018, 39.82459328704832], [3.1231225893940033, 39.82491503787285], [3.1230600762528535, 39.82524309281872], [3.1230395663838952, 39.825574292602965], [3.1230612579116186, 39.82590544761168], [3.1231249425374523, 39.82623336861695], [3.1232300075226296, 39.826554897491725], [3.1233754415669437, 39.82686693762697], [3.123559844527633, 39.827166483758], [3.123781440885586, 39.82745065091238], [3.124038096829866, 39.82771670220076], [3.124327340796591, 39.82796207518245], [3.124646387264782, 39.828184406551635], [3.1249921635802766, 39.82838155490608], [3.1253613395494577, 39.82855162137896], [3.1257503595177023, 39.828692967934316], [3.1261554766233557, 39.82880423315012], [3.1265727888969184, 39.82888434533632], [3.126998276857223, 39.828932532861316], [3.127427842241723, 39.828948331587476], [3.12699833677305, 39.828965072241836], [3.1265730271823564, 39.82901418948854], [3.126156008854602, 39.82909521037014], [3.1257512973712247, 39.82920735472153], [3.125362789858489, 39.82934954267892], [3.124994227473951, 39.82952040507396], [3.124649159391756, 39.82971829661272], [3.124330908633029, 39.8299413117128], [3.12404254007002, 39.83018730284676], [3.123786830911886, 39.83045390121506], [3.1235662439562604, 39.830738539550076], [3.123382903864307, 39.831038476831885], [3.1232385766880015, 39.831350824677955], [3.123134652847235, 39.831672575152986], [3.123072133721239, 39.83200062973147], [3.123051621984173, 39.832331829133985]]], [[[3.122739782444496, 39.84455423698382], [3.1225553363433365, 39.84425469051517], [3.1223336908453656, 39.84397052191892], [3.122076980801217, 39.84370446768956], [3.1217876786422263, 39.843459089853354], [3.1214685705629157, 39.843236751303024], [3.1211227296862463, 39.843039593050676], [3.120753486470162, 39.842869513617536], [3.1203643966403307, 39.842728150758596], [3.119959206957642, 39.84261686569793], [3.119541819149722, 39.842536730026204], [3.1191162523532356, 39.84248851538622], [3.118686604428007, 39.84247268604577], [3.118257012514705, 39.84248939442888], [3.117831613215119, 39.84253847964885], [3.117414502777592, 39.84261946905664], [3.117009697670174, 39.84273158279014], [3.1166210959203324, 39.84287374128045], [3.1162524395927633, 39.84304457564304], [3.115907278765962, 39.84324244085396], [3.1155889373539223, 39.84346543158448], [3.115300481101693, 39.84371140054189], [3.115044688062766, 39.8439779791404], [3.1148240218425176, 39.84426260030288], [3.1146406078654874, 39.84456252317497], [3.1144962128953098, 39.844874859513034], [3.114392228004955, 39.84519660149279], [3.114329655161862, 39.84552465067066], [3.1143090975578493, 39.84585584781943], [3.114330753777714, 39.84618700335064], [3.1143944158635493, 39.84651492803147], [3.1144994712943075, 39.84683646369951], [3.114644908862434, 39.84714851368033], [3.114829328391834, 39.847448072614384], [3.1150509542043756, 39.84773225540593], [3.1153076522059244, 39.847998325014885], [3.115596950427937, 39.848243718823994], [3.1159160628271856, 39.84846607332673], [3.1162619161146967, 39.84866324689788], [3.116631179355585, 39.84883334042758], [3.1170202960546405, 39.84897471561911], [3.1174255184184037, 39.84908601077443], [3.1178429434633346, 39.84916615391497], [3.1182685506217687, 39.84921437311088], [3.118698240482798, 39.84923020391932], [3.119127874294181, 39.84921349385982], [3.11955331384401, 39.84916440388352], [3.119970461337148, 39.849083406822245], [3.1203752988815188, 39.84897128283221], [3.12076392720312, 39.84882911187648], [3.121132603216118, 39.84865826331862], [3.121477776085518, 39.8484603827281], [3.1217961214345364, 39.84823737602467], [3.1220845733668265, 39.84799139111487], [3.1223403539949115, 39.84772479719756], [3.122561000190356, 39.847440161938486], [3.122744387298162, 39.84714022673383], [3.122888749587265, 39.846827880301106], [3.1229926972406097, 39.84650613085254], [3.123055229721754, 39.846178077118715], [3.123075745389968, 39.84584687850198], [3.1230540472720225, 39.845515724647136], [3.122990344935944, 39.845187804722656], [3.1228852524495747, 39.8448662767081], [3.122739782444496, 39.84455423698382]]], [[[3.1227518167602693, 39.85131175141567], [3.1225673524471764, 39.8510122053437], [3.12234568509697, 39.85072803713548], [3.1220889497708275, 39.850461983281726], [3.1217996191436224, 39.85021660580501], [3.1214804796840605, 39.849994267594546], [3.1211346048172905, 39.849797109659114], [3.12076532532854, 39.84962703051685], [3.1203761972927038, 39.84948566791987], [3.119970967838487, 39.849374383089696], [3.119553539076377, 39.84929424761475], [3.1191279305372706, 39.84924603313589], [3.118698240482798, 39.84923020391933], [3.1182686064591536, 39.849246912387954], [3.117843165473469, 39.849295997654195], [3.1174260141753503, 39.84937698706859], [3.117021169426178, 39.849489100769006], [3.116632529635034, 39.84963125918688], [3.1162638372328435, 39.84980209343844], [3.1159186426454255, 39.84999995850085], [3.1156002701118473, 39.85022294904685], [3.115311785676857, 39.8504689177856], [3.1150559676653824, 39.85073549613341], [3.114835279923359, 39.85102011701567], [3.1146518480826915, 39.85132003958075], [3.1145074390791803, 39.85163237558801], [3.114403444121104, 39.851954117216394], [3.1143408652730398, 39.852282166025745], [3.114320305784833, 39.85261336279237], [3.114341964259631, 39.852944517931554], [3.114405632718015, 39.85327244221418], [3.1145106985777606, 39.85359397748171], [3.114656150531056, 39.85390602706353], [3.114840588263428, 39.85420558560393], [3.115062235921569, 39.854489768010836], [3.1153189592010553, 39.85475583724791], [3.11560828588996, 39.85500123070136], [3.115927429670925, 39.855223584868064], [3.116273316952732, 39.855420758125994], [3.116642616473051, 39.85559085136822], [3.1170317713871842, 39.85573222630074], [3.1174370335335087, 39.855843521227996], [3.117854499545199, 39.85592366417358], [3.1182801484598768, 39.85597188320946], [3.118709880464301, 39.85598771389436], [3.119139556400165, 39.85597100374897], [3.1195650376496737, 39.85592191372526], [3.1199822260159045, 39.85584091665554], [3.1203871032129706, 39.85572879269612], [3.1207757695848355, 39.85558662180982], [3.1211444816790914, 39.85541577335957], [3.1214896883131655, 39.85521789291385], [3.1218080647850432, 39.85499488639111], [3.1220965448986298, 39.85474890169613], [3.122352350495067, 39.854482308025815], [3.122573018205522, 39.854197673043586], [3.1227564231678926, 39.853897738142976], [3.1229007994792957, 39.85358539203863], [3.1230047571877924, 39.85326364293962], [3.123067295660286, 39.85293558957324], [3.1230878131985405, 39.852604391338275], [3.123066112811524, 39.85227323787588], [3.1230024040893163, 39.8519453183507], [3.122897301161459, 39.8516237907385], [3.1227518167602693, 39.85131175141567]]], [[[3.1051964998113792, 39.83781393549946], [3.1050121479703403, 39.83751436066416], [3.1047905964387916, 39.83723015809482], [3.1045339791626843, 39.8369640646133], [3.1042447676802807, 39.83671864262397], [3.103925747313227, 39.83649625544489], [3.1035799903401946, 39.83629904455648], [3.103210826411541, 39.8361289089869], [3.1028218104898095, 39.835987487031694], [3.102416688624561, 39.835876140483954], [3.101999361890718, 39.835795941526385], [3.101573848837142, 39.8357476624111], [3.1011442468063946, 39.83573176802658], [3.1007146924973994, 39.835748411423104], [3.100289322149956, 39.83579743233956], [3.099872231733658, 39.83587835874597], [3.0994674375237246, 39.83599041138674], [3.099078837442572, 39.83613251128112], [3.0987101735386373, 39.83630329010871], [3.098364995963114, 39.836501103380236], [3.0980466287909616, 39.83672404626704], [3.097758138014925, 39.836969971937144], [3.097502302020551, 39.837236512221516], [3.097281584826449, 39.83752110041213], [3.0970981123476076, 39.837820995972166], [3.09695365191062, 39.838133310921116], [3.0968495952185213, 39.83845503764082], [3.096786944929868, 39.83878307783487], [3.0967663049820082, 39.83911427236272], [3.096787874752513, 39.8394454316614], [3.096851447115871, 39.83977336646201], [3.096956410415033, 39.84009491850493], [3.097101754329738, 39.84040699095827], [3.097286079585928, 39.840706578246234], [3.097507611413562, 39.84099079500021], [3.097764216623898, 39.8412569038532], [3.098053424142356, 39.841502341810134], [3.098372448799622, 39.84172474493935], [3.098718218152153, 39.84192197114743], [3.099087402073856, 39.842092120817505], [3.0994764448338636, 39.84223355511219], [3.0998815993512374, 39.84234491176414], [3.100298963296251, 39.84242511820237], [3.100724516690039, 39.842473401887325], [3.1011541606397874, 39.84248929775487], [3.101583756835649, 39.842472652697744], [3.1020091674281356, 39.84242362704087], [3.102426294901059, 39.842342692996425], [3.102831121555135, 39.8422306301135], [3.1032197482211363, 39.84208851776644], [3.103588431828986, 39.84191772475424], [3.1039336214702797, 39.84171989611124], [3.1042519926063776, 39.84149693725683], [3.1045404790922015, 39.84125099563661], [3.104796302707076, 39.840984440032535], [3.105016999908129, 39.84069983774141], [3.1052004455486935, 39.84039992984194], [3.105344873333556, 39.84008760478876], [3.105448892814484, 39.839765870588366], [3.1055115027629263, 39.83943782582467], [3.1055321007917853, 39.83910662981382], [3.1055104891344145, 39.83877547217571], [3.105446876526014, 39.838447542115524], [3.1053418761702263, 39.83812599771065], [3.1051964998113792, 39.83781393549946]]], [[[3.1055321007917853, 39.83910662981382], [3.105553712660268, 39.83943778742864], [3.1056173267007448, 39.83976571737226], [3.1057223308547335, 39.840087261431734], [3.1058677144084204, 39.840399322851944], [3.106052077705873, 39.840698896163275], [3.1062736456105324, 39.840983096131616], [3.106530284586036, 39.841249185551646], [3.1068195232324287, 39.84149460161533], [3.1071385760804153, 39.84171698060189], [3.1074843704147574, 39.84191418065042], [3.107853575868576, 39.842084302395996], [3.1082426365034603, 39.84222570727022], [3.1086478050661674, 39.84233703328916], [3.1090651790915786, 39.84241720817693], [3.1094907385036525, 39.84246545969792], [3.109920384351558, 39.84248132309785], [3.110349978307148, 39.84246464558226], [3.1107753825425295, 39.842415587788786], [3.111192499602798, 39.84233462223918], [3.1115973118890463, 39.84222252878607], [3.111985920370547, 39.84208038709827], [3.11235458215251, 39.84190956625743], [3.112699746536905, 39.841711711565935], [3.1130180892285266, 39.841488728694046], [3.1133065443564374, 39.841242765318725], [3.1135623340021583, 39.84097619043143], [3.113782994950154, 39.84069157151458], [3.1139664024030744, 39.840391649806996], [3.1141107904336316, 39.840079313896204], [3.114214768976579, 39.83975757189319], [3.1142773371977137, 39.83942952245689], [3.114297893111855, 39.83909832494834], [3.1142762393579626, 39.8387671690018], [3.1142125850766287, 39.838439243805986], [3.114107543872768, 39.83811770739137], [3.113962127884, 39.83780565621927], [3.1137777380127205, 39.83750609536548], [3.1135561504167044, 39.837221909585374], [3.1132994993890426, 39.83695583553906], [3.113010256792848, 39.83671043544369], [3.1126912082492044, 39.83648807240648], [3.112345426307937, 39.83629088767536], [3.111976240859665, 39.83612078002662], [3.111587207073998, 39.83597938748694], [3.1111820711723785, 39.83586807156621], [3.110764734364778, 39.83578790415227], [3.1103392152969778, 39.83573965719355], [3.1099096113694022, 39.83572379526894], [3.109480059299223, 39.835740471116225], [3.1090546953046987, 39.8357895241619], [3.1086376152943025, 39.83587048206667], [3.1082328354431352, 39.83598256527168], [3.1078442535354607, 39.83612469450192], [3.1074756114448547, 39.836295501154524], [3.1071304591126174, 39.83649334047232], [3.106812120370797, 39.83671630737585], [3.106523660938543, 39.83696225480185], [3.1062678588997477, 39.83722881437174], [3.1060471779462047, 39.83751341919174], [3.105863743644067, 39.8378133285648], [3.105719322952422, 39.83812565437735], [3.1056153071916643, 39.83844738890654], [3.1055526986262563, 39.83877543378058], [3.1055321007917853, 39.83910662981382]]], [[[3.1099096113694022, 39.83572379526894], [3.110339163228159, 39.83570711783148], [3.1107645257898318, 39.835658060077726], [3.1111816020010514, 39.83557709452902], [3.1115863746564894, 39.83546500103798], [3.111974945107243, 39.835322859273745], [3.1123435708249065, 39.83515203831863], [3.1126887014588656, 39.8349541834761], [3.1130070130390077, 39.834731200417814], [3.1132954399940354, 39.83448523682248], [3.1135512046767677, 39.83421866168357], [3.1137718441120183, 39.833934042485964], [3.1139552337095173, 39.83363412047104], [3.114099607713805, 39.83332178422931], [3.114203576194556, 39.83300004187488], [3.114266138414291, 39.832671992070054], [3.1142866924454307, 39.83234079417941], [3.114265040944865, 39.83200963784086], [3.1142013930312817, 39.83168171224691], [3.1140963622480755, 39.83136017543189], [3.1139509606323297, 39.83104812386102], [3.113766588947862, 39.83074856261392], [3.1135450231771693, 39.830464376449825], [3.1132883974030583, 39.830198302032585], [3.112999183245376, 39.82995290158301], [3.1126801660513115, 39.82973053821172], [3.112334418068795, 39.82953335316998], [3.1119652688614656, 39.82936324523705], [3.1115762732500105, 39.829221852442465], [3.1111711770883637, 39.82911053629859], [3.1107538812039377, 39.82903036869544], [3.1103284038485826, 39.828982121583294], [3.1098988420212033, 39.82896625954255], [3.1094693320337288, 39.82898293531212], [3.1090440096993417, 39.829031988319215], [3.1086269705255, 39.8291129462249], [3.1082222302942064, 39.829225029470294], [3.1078336864083207, 39.829367158779974], [3.1074650803753774, 39.829537965550266], [3.1071199617895173, 39.82973580502279], [3.106801654157851, 39.82995877211656], [3.1065132228999386, 39.83020471976641], [3.106257445828318, 39.8304712795916], [3.106036786394275, 39.83075588469577], [3.1058533699566206, 39.83105579437912], [3.1057089633022663, 39.83136812052504], [3.105604957616263, 39.83168985540743], [3.105542355065865, 39.832017900651124], [3.1055217591285373, 39.83234909706681], [3.105543368757822, 39.83268025507326], [3.1056069764441196, 39.83300818541385], [3.1057119701899483, 39.8333297298719], [3.1058573393815503, 39.83364179168842], [3.1060416845011494, 39.833941365390075], [3.1062632305871216, 39.83422556573899], [3.1065198443131337, 39.83449165552623], [3.1068090545223392, 39.8347370719403], [3.1071280760192885, 39.8349594512571], [3.1074738363906924, 39.83515665161257], [3.107843005596814, 39.83532677363894], [3.1082320280484246, 39.83546817876509], [3.1086371568601376, 39.83557950500476], [3.109054489949817, 39.83565968007994], [3.109480007635835, 39.83570793175324], [3.1099096113694022, 39.83572379526894]]], [[[3.1098988420212033, 39.82896625954255], [3.110328351797327, 39.8289495821832], [3.1107536726993468, 39.82890052446916], [3.111170708075295, 39.828819558921346], [3.1115754411132888, 39.828707465392355], [3.1119639735461204, 39.828565323551665], [3.112332563211646, 39.82839450248228], [3.1126776601065496, 39.82819664748871], [3.1129959405857024, 39.827973664244034], [3.1132843393773446, 39.82772770042866], [3.1135400791055043, 39.82746112503817], [3.11376069703526, 39.82717650555976], [3.113944068783354, 39.82687658323753], [3.114088428766097, 39.82656424666487], [3.1141923871880386, 39.82624250395903], [3.1142549434083917, 39.8259144537857], [3.1142754955571577, 39.82558325551297], [3.1142538463091514, 39.825252098782435], [3.114190204761164, 39.824924172790375], [3.11408518439509, 39.82460263557497], [3.113939797147512, 39.824290583605325], [3.113755443643715, 39.82399102196496], [3.1135338996909776, 39.82370683541691], [3.113277299161893, 39.82344076062877], [3.112988113433127, 39.823195359825], [3.1126691275780605, 39.82297299611966], [3.112323413542837, 39.82277581076728], [3.1119543005642227, 39.82260570255023], [3.1115653431141, 39.82246430950076], [3.1111602866790187, 39.82235299313376], [3.110743031703962, 39.82227282534142], [3.1103175960469804, 39.82222457807587], [3.109888076305597, 39.82220871591902], [3.109458608386633, 39.822225391610864], [3.1090333276983317, 39.822274444579406], [3.1086163293472717, 39.82235540248602], [3.1082116287224895, 39.82246748577183], [3.1078231228455713, 39.822609615160964], [3.1074545528581314, 39.82278042204893], [3.1071094680072693, 39.82297826167619], [3.1067911914752675, 39.82320122896021], [3.1065027883821985, 39.823447176833916], [3.1062470362693366, 39.82371373691437], [3.10602639834754, 39.82399834230271], [3.1058429997683485, 39.824298252296366], [3.1056986071465573, 39.824610578775655], [3.1055946115319157, 39.82493231401126], [3.1055320149945054, 39.82526035962456], [3.105511420953688, 39.82559155642269], [3.105533028344535, 39.82592271482072], [3.105596629678804, 39.8262506455583], [3.10570161301999, 39.82657219041488], [3.105846967854357, 39.826884252627714], [3.106031294802241, 39.82718382671964], [3.106252819076891, 39.82746802744912], [3.106509407561935, 39.82773411760354], [3.10679858934355, 39.82797953436799], [3.107117579500042, 39.82820191401499], [3.1074633059199677, 39.82839911467739], [3.107832438890622, 39.82856923698451], [3.108221423171842, 39.828710642362566], [3.108626512245972, 39.828821968822936], [3.1090438044137296, 39.828902144085504], [3.1094692803877684, 39.82895039591109], [3.1098988420212033, 39.82896625954255]]], [[[3.1051861915074865, 39.83105640116921], [3.105001857840434, 39.83075682594393], [3.104780328122047, 39.8304726229946], [3.104523736088109, 39.83020652914679], [3.1042345530337285, 39.829961106808454], [3.1039155640067535, 39.82973871930104], [3.1035698409840555, 39.82954150810822], [3.1032007132890915, 39.829371372261114], [3.102811735535552, 39.829229950058], [3.102406653405548, 39.82911860329442], [3.101989367591488, 39.82903840415516], [3.1015638962483343, 39.828990124894105], [3.10113433631715, 39.82897423040118], [3.1007048240916215, 39.82899087372771], [3.1002794954064647, 39.82903989461324], [3.0998624458302375, 39.82912082102806], [3.0994576912450276, 39.82923287371651], [3.0990691291917996, 39.82937497369733], [3.0987005013528908, 39.829545752649224], [3.098355357532265, 39.82974356608168], [3.0980370214798607, 39.829966509164436], [3.097748558888743, 39.83021243506359], [3.097492747873001, 39.83047897560786], [3.097272052210627, 39.83076356408661], [3.0970885976091496, 39.83106345996022], [3.096944151222862, 39.83137577524513], [3.0968401046193255, 39.831697502319926], [3.0967774603597573, 39.83202554288473], [3.0967568223232464, 39.83235673779539], [3.0967783898687533, 39.8326878974853], [3.09684195589199, 39.83301583268174], [3.096946908796772, 39.83333738512133], [3.097092238362761, 39.833649457968356], [3.0972765454539273, 39.83394904564332], [3.0974980554750395, 39.834233262773864], [3.0977546354472714, 39.83449937198944], [3.098043814539037, 39.83474481029155], [3.0983628078547705, 39.83496721374526], [3.098708543252786, 39.835164440254076], [3.099077690934049, 39.835334590198286], [3.0994666955168073, 39.83547602473788], [3.099871810287919, 39.83558738160326], [3.100289133300594, 39.83566758822139], [3.1007146449703504, 39.83571587205099], [3.1011442468063946, 39.83573176802658], [3.101573800904661, 39.83571512303984], [3.1019991698212874, 39.83566609741505], [3.102416256441643, 39.835585163364], [3.102821043460055, 39.835473100435856], [3.1032096320891696, 39.83533098800538], [3.1035782796253524, 39.83516019487228], [3.1039234355076846, 39.83496236607204], [3.1042417755227025, 39.834739407025495], [3.104530233825061, 39.83449346518006], [3.1047860324654857, 39.8342269093198], [3.1050067081415604, 39.833942306743936], [3.1051901359138188, 39.83364239853383], [3.1053345496589992, 39.83333007314713], [3.105438559063921, 39.83300833859347], [3.1055011629968865, 39.83268029346013], [3.1055217591285373, 39.832349097066796], [3.1055001497102936, 39.83201793903711], [3.1054365434555877, 39.831690008579926], [3.1053315535066774, 39.831368463776556], [3.1051861915074865, 39.83105640116921]]]]}, "properties": {"isochrone_origin_id": "ISO01", "origin_name": "Bordoy Alcudia Bay", "origin_access_band": "alta_0_400m", "threshold_min": 30, "grid_spacing_m": 750, "reachable_grid_cells": 15}}, {"type": "Feature", "geometry": {"type": "MultiPolygon", "coordinates": [[[[2.699191004318153, 39.78919871111006], [2.699087972495379, 39.78887680218458], [2.6989445383620154, 39.78856423409674], [2.6987620837390685, 39.78826401690485], [2.698542366153327, 39.787979041688835], [2.6982875018964734, 39.78771205271437], [2.6979999456328527, 39.787465621011805], [2.69768246675272, 39.787242119624196], [2.697338122698952, 39.78704370076233], [2.696970229524219, 39.786872275086715], [2.6965823299620717, 39.78672949331524], [2.6961781593191967, 39.78661673033387], [2.695761609516902, 39.78653507196256], [2.695336691627575, 39.78648530450407], [2.69490749726622, 39.78646790717561], [2.6944781592081224, 39.78648304749655], [2.694052811611051, 39.786530579676025], [2.6936355502242084, 39.786610046016385], [2.693230392966233, 39.78672068131849], [2.692841241251064, 39.78686142024711], [2.692471842433324, 39.787030907585084], [2.6921257537341994, 39.78722751127807], [2.691806307994653, 39.78744933814444], [2.691516581585355, 39.78769425209915], [2.6912593647821073, 39.78795989471668], [2.6910371348919653, 39.788243707935074], [2.690852032388945, 39.78854295868297], [2.6907058402893806, 39.78885476519274], [2.690599966965984, 39.78917612474648], [2.6905354325666604, 39.78950394258813], [2.6905128591695697, 39.7898350617233], [2.6905324647700137, 39.79016629332025], [2.690594061157924, 39.79049444741894], [2.6906970557072687, 39.790816363652866], [2.690840457061041, 39.7911289416875], [2.6910228846579374, 39.791429171082314], [2.691242582009764, 39.79171416028841], [2.6914974336024162, 39.79198116450248], [2.6917849852582276, 39.792227612108526], [2.6921024677640193, 39.79245112945237], [2.6924468235375816, 39.79264956370997], [2.6928147360758596, 39.792821003629214], [2.693202661901172, 39.792963797944815], [2.693606864697554, 39.793076571288765], [2.6940234513080563, 39.79315823744286], [2.6944484092457723, 39.79320800980528], [2.6948776453566605, 39.79322540897031], [2.695307025261025, 39.793210267348066], [2.695732413192968, 39.79316273077936], [2.69614971185324, 39.793083257130576], [2.6965549018908064, 39.79297261188166], [2.696944080632026, 39.792831860750134], [2.697313499683681, 39.792662359422074], [2.697659601047006, 39.79246574048948], [2.6979790513943613, 39.79224389771962], [2.6982687741780005, 39.7919989678087], [2.6985259792614533, 39.79173330979542], [2.6987481897880494, 39.791449482333405], [2.6989332660279044, 39.79115021904137], [2.699079425973962, 39.79083840216902], [2.6991852624891517, 39.79051703483251], [2.6992497568400866, 39.790189212086936], [2.6992722884876446, 39.789858091115164], [2.6992526410409345, 39.789526860819535], [2.699191004318153, 39.78919871111006]]], [[[2.699132123107711, 39.802713705764916], [2.6990290717892798, 39.802391797463486], [2.698885610232997, 39.80207922992762], [2.6987031205242853, 39.80177901321025], [2.6984833605280905, 39.801494038386664], [2.698228446944729, 39.80122704971864], [2.6979408349137106, 39.800980618233474], [2.6976232943624057, 39.80075711697202], [2.697278883327583, 39.80055869814374], [2.6969109185068643, 39.80038727240873], [2.696522943323602, 39.800244490485326], [2.696118693812501, 39.80013172726087], [2.6957020626541013, 39.8000500685576], [2.6952770617039365, 39.80000030068141], [2.6948477833765443, 39.79998290285352], [2.694418361255442, 39.79999804259807], [2.6939929303075654, 39.80004557412978], [2.693575587084439, 39.800125039757226], [2.6931703502924664, 39.80023567428824], [2.692781122111224, 39.800376412395046], [2.692411650631481, 39.80054589886849], [2.692065493774003, 39.8007425016627], [2.6917459850360306, 39.800964327604724], [2.6914562013948973, 39.80120924061861], [2.6911989336776148, 39.80147488228797], [2.6909766596816813, 39.801758694560085], [2.690791520306062, 39.80205794437282], [2.6906452989224507, 39.80236974996761], [2.6905394041858917, 39.80269110863547], [2.690474856450868, 39.803018925628905], [2.690452277924359, 39.80335004396175], [2.690471886651471, 39.803681274809975], [2.6905334943924313, 39.80400942822076], [2.6906365084122625, 39.80433134383418], [2.6907799371668113, 39.80464392132165], [2.690962399831206, 39.80494415024781], [2.691182139579799, 39.80522913906823], [2.6914370404903782, 39.80549614298321], [2.6917246479104406, 39.805742590379516], [2.692042192089814, 39.80596610760487], [2.6923866148523037, 39.80616454183628], [2.6927545990496013, 39.80633598182176], [2.6931426005137222, 39.80647877629533], [2.6935468822000037, 39.80659154988734], [2.6939635501914316, 39.8066732163771], [2.6943885912169994, 39.806722989159546], [2.6948179113220943, 39.8067403888249], [2.695247375317705, 39.806725247778374], [2.695672846627682, 39.806677711855315], [2.696090227149408, 39.80659823891589], [2.6964954967431156, 39.806487594433264], [2.696884751968675, 39.80634684411764], [2.697254243696019, 39.80617734364738], [2.6976004132262794, 39.80598072560623], [2.6979199265752065, 39.805758883753036], [2.6982097065882713, 39.80551395477527], [2.6984669625778865, 39.80524829770276], [2.6986892171972414, 39.80496447118018], [2.6988743302920013, 39.804665208817305], [2.6990205195004324, 39.80435339285495], [2.6991263774039638, 39.80403202640058], [2.6991908850635844, 39.803704204500896], [2.6992134218123915, 39.8033730843306], [2.6991937712107714, 39.80304185478434], [2.699132123107711, 39.802713705764916]]], [[[2.6860870733127586, 39.799959534540854], [2.6856576496284443, 39.79997464185886], [2.6852322130043382, 39.800022141249414], [2.6848148600465715, 39.8001015753305], [2.6844096095552055, 39.80021217921366], [2.6840203638416216, 39.8003528878662], [2.6836508711652787, 39.800522346362534], [2.6833046896508983, 39.80071892292618], [2.6829851530329867, 39.80094072463679], [2.6826953385571732, 39.80118561565173], [2.6824380373472203, 39.8014512377665], [2.6822157275229834, 39.80173503311671], [2.6820305503282933, 39.80203426880328], [2.6818842894989015, 39.80234606320374], [2.6817783540696056, 39.80266741371701], [2.6817137647866836, 39.80299522567418], [2.6816911442571816, 39.80332634213776], [2.681710710930694, 39.80365757430177], [2.681772276972466, 39.80398573220087], [2.681875250049162, 39.80430765543202], [2.6820186390110274, 39.80462024359332], [2.6822010634165436, 39.804920486146784], [2.682420766808672, 39.80520549141675], [2.6826756336155126, 39.80547251444516], [2.682963209513195, 39.80571898343477], [2.683280725055327, 39.80594252452532], [2.68362512234171, 39.806140984664005], [2.6839930844695803, 39.80631245234932], [2.684381067483675, 39.80645527604841], [2.6847853345171764, 39.80656808011014], [2.685201991794314, 39.806649778020315], [2.6856270261473654, 39.80669958287112], [2.6860563436860403, 39.80671701494388], [2.686485809246065, 39.80670190633158], [2.6869112862362075, 39.8066544025571], [2.6873286764990905, 39.806574961170874], [2.687733959801039, 39.80646434734213], [2.6881232325697795, 39.80632362648574], [2.6884927455061374, 39.8061541539963], [2.688838939706811, 39.80595756218803], [2.6891584809497675, 39.805735744567095], [2.689448291811639, 39.80549083758759], [2.6897055813075443, 39.805225200067525], [2.689927871767793, 39.80494139046326], [2.6901130226927017, 39.80464214222171], [2.690259251356052, 39.80433033744778], [2.690365149959168, 39.80400897914124], [2.690429699170983, 39.80368116227043], [2.690452277924359, 39.80335004396175], [2.690432669375136, 39.80301881309199], [2.690371062967329, 39.802690659576825], [2.690268052585516, 39.80236874365082], [2.6901246308130684, 39.80205616543509], [2.6899421793523963, 39.801755935085474], [2.689722455700252, 39.80147094380864], [2.6894675762071176, 39.801203936024855], [2.68917999568439, 39.80095748294556], [2.6888624837562, 39.80073395781956], [2.688518098183864, 39.80053551308618], [2.6881501554199816, 39.8003640596549], [2.6877621986756672, 39.80022124851082], [2.687357963808209, 39.80010845482255], [2.6869413433572507, 39.80002676470566], [2.686516349075307, 39.79997696476847], [2.6860870733127586, 39.799959534540854]]], [[[2.6860870733127586, 39.799959534540854], [2.6865164968195607, 39.799944425632944], [2.6869419321117567, 39.79989692152795], [2.6873592814337406, 39.79981747977953], [2.687764524946302, 39.79970686556029], [2.68815375946052, 39.79956614428891], [2.6885232360457643, 39.7993966713639], [2.688869396148912, 39.79920007910363], [2.68918890587637, 39.798978261018576], [2.6894786881083053, 39.79873335356724], [2.689735952135541, 39.798467715572116], [2.6899582205336072, 39.7981839054941], [2.6901433530151975, 39.797884656784596], [2.6902895670315847, 39.79757285155299], [2.6903954549249973, 39.79725149280344], [2.690459997467327, 39.7969236755085], [2.6904825736554754, 39.79659255679862], [2.6904629666697812, 39.796261325554504], [2.690401365939, 39.795933171695395], [2.6902983652928407, 39.79561125545919], [2.6901549572207335, 39.79529867697003], [2.689972523292987, 39.79499844638642], [2.6897528208373718, 39.79471345491729], [2.6894979660001352, 39.79444644698487], [2.6892104133551644, 39.79419999380204], [2.6888929322580877, 39.79397646861868], [2.6885485801733195, 39.79377802387469], [2.688180673231012, 39.79360657047974], [2.687792754297393, 39.7934637594186], [2.687388558865738, 39.79335096585914], [2.686971979096061, 39.79326927591576], [2.6865470263492712, 39.793219476195084], [2.686117792575937, 39.79320204622492], [2.6856884109307217, 39.79321715383889], [2.685263015990943, 39.793264653561], [2.684845703961486, 39.79334408800607], [2.6844404932484305, 39.793454692282104], [2.6840512857802294, 39.7935954013526], [2.683681829448152, 39.79376486028787], [2.6833356820270007, 39.79396143730719], [2.683016176923008, 39.794183239485754], [2.6827263910783303, 39.79442813097636], [2.6824691153409796, 39.79469375356989], [2.682246827585439, 39.79497754939728], [2.6820616688429118, 39.7952767855548], [2.681915422671317, 39.79558858041543], [2.6818094979641356, 39.795909931373565], [2.681744915364206, 39.79623774375605], [2.681722297414019, 39.79656886062123], [2.6817418625381264, 39.79690009315931], [2.6818034229164907, 39.79722825140128], [2.681906386270123, 39.79755017494083], [2.6820497615427255, 39.79786276337318], [2.682232168424454, 39.79816300615771], [2.682451850626903, 39.79844801161656], [2.6827066927821424, 39.79871503478995], [2.6829942408036476, 39.798961503879255], [2.6833117255134664, 39.79918504502336], [2.683656089308349, 39.799383505168954], [2.6840240156081308, 39.799554972814505], [2.684411960802687, 39.79969779642763], [2.6848161883895485, 39.79981060035805], [2.6852328049729954, 39.79989229809287], [2.685657797777385, 39.79994210272601], [2.6860870733127586, 39.799959534540854]]]]}, "properties": {"isochrone_origin_id": "ISO02", "origin_name": "EDEN NORD", "origin_access_band": "media_400_800m", "threshold_min": 15, "grid_spacing_m": 750, "reachable_grid_cells": 4}}, {"type": "Feature", "geometry": {"type": "MultiPolygon", "coordinates": [[[[2.716407598609278, 39.80212337462902], [2.716225032422199, 39.80182318519725], [2.716005199759325, 39.80153824330022], [2.715750218020434, 39.801271292882554], [2.7154625430010224, 39.80102490460305], [2.7151449452346665, 39.800801451086485], [2.7148004833087414, 39.80060308408252], [2.7144324744105846, 39.80043171375219], [2.7140444623876774, 39.8002889902804], [2.7136401836291912, 39.80017628799169], [2.7132235310970714, 39.80009469212162], [2.7127985168524957, 39.80004498837117], [2.7123692334379097, 39.80002765534419], [2.711939814485779, 39.80004285994098], [2.7115143949325553, 39.80009045575193], [2.711097071220139, 39.8001699844668], [2.7106918618672236, 39.80028068028601], [2.710302668789387, 39.80042147729175], [2.7099332397396463, 39.800591019707745], [2.7095871322304994, 39.8007876749495], [2.7092676792843244, 39.80100954933907], [2.7089779573415567, 39.80125450633388], [2.7087207566354237, 39.801520187093985], [2.7084985543184628, 39.801804033190145], [2.7083134905996946, 39.80210331123439], [2.7081673481225135, 39.80241513919612], [2.7080615347823156, 39.80273651415077], [2.7079970701498906, 39.803064341193796], [2.707974575632016, 39.80339546324205], [2.707994268464795, 39.803726691435486], [2.708055959598437, 39.804054835846635], [2.708159055494735, 39.80437673620204], [2.7083025638208302, 39.804689292319836], [2.7084851029852812, 39.80498949397034], [2.708704915425388, 39.80527444987159], [2.708959884518524, 39.80554141554087], [2.709247554955161, 39.805787819733176], [2.709565156377837, 39.806011289212286], [2.7099096300586654, 39.80620967161505], [2.7102776583585753, 39.80638105618871], [2.710665696684486, 39.806523792200984], [2.7110700076364185, 39.80663650484541], [2.7114866970152485, 39.80671810848843], [2.711911751343803, 39.80676781713041], [2.7123410765392277, 39.80678515197948], [2.7127705373634465, 39.80676994606533], [2.713195997270885, 39.806722345848186], [2.7136133582688524, 39.80664280980766], [2.714018600405794, 39.80653210402479], [2.7144078205062585, 39.80639129480033], [2.7147772697787658, 39.80622173838008], [2.715123389933668, 39.80602506788673], [2.7154428474626164, 39.80580317758435], [2.7157325657490645, 39.80555820462701], [2.7159897547002934, 39.80529250846808], [2.7162119376155007, 39.8050086481286], [2.716396975031265, 39.80470935754388], [2.7165430853150005, 39.80439751922645], [2.716648861808488, 39.80407613649882], [2.716713286356936, 39.80374830456429], [2.716735739093971, 39.80341718069394], [2.716716004389104, 39.803085953817856], [2.716654272901248, 39.8027578138129], [2.7165511397193987, 39.80243592078317], [2.716407598609278, 39.80212337462902]]], [[[2.698885610232997, 39.80207922992762], [2.6987031205242853, 39.80177901321025], [2.6984833605280905, 39.801494038386664], [2.698228446944729, 39.80122704971864], [2.6979408349137106, 39.800980618233474], [2.6976232943624057, 39.80075711697202], [2.697278883327583, 39.80055869814374], [2.6969109185068643, 39.80038727240873], [2.696522943323602, 39.800244490485326], [2.696118693812501, 39.80013172726087], [2.6957020626541013, 39.8000500685576], [2.6952770617039365, 39.80000030068141], [2.6948477833765443, 39.79998290285352], [2.694418361255442, 39.79999804259807], [2.6939929303075654, 39.80004557412978], [2.693575587084439, 39.800125039757226], [2.6931703502924664, 39.80023567428824], [2.692781122111224, 39.800376412395046], [2.692411650631481, 39.80054589886849], [2.692065493774003, 39.8007425016627], [2.6917459850360306, 39.800964327604724], [2.6914562013948973, 39.80120924061861], [2.6911989336776148, 39.80147488228797], [2.6909766596816813, 39.801758694560085], [2.690791520306062, 39.80205794437282], [2.6906452989224507, 39.80236974996761], [2.6905394041858917, 39.80269110863547], [2.690474856450868, 39.803018925628905], [2.690452277924359, 39.80335004396175], [2.690471886651471, 39.803681274809975], [2.6905334943924313, 39.80400942822076], [2.6906365084122625, 39.80433134383418], [2.6907799371668113, 39.80464392132165], [2.690962399831206, 39.80494415024781], [2.691182139579799, 39.80522913906823], [2.6914370404903782, 39.80549614298321], [2.6917246479104406, 39.805742590379516], [2.692042192089814, 39.80596610760487], [2.6923866148523037, 39.80616454183628], [2.6927545990496013, 39.80633598182176], [2.6931426005137222, 39.80647877629533], [2.6935468822000037, 39.80659154988734], [2.6939635501914316, 39.8066732163771], [2.6943885912169994, 39.806722989159546], [2.694817911321873, 39.80674038882489], [2.694388447148219, 39.806755528281144], [2.693962974503846, 39.806803059488885], [2.6935455903418637, 39.8068825247598], [2.693140313762759, 39.806993158905186], [2.692751047329119, 39.807133896601016], [2.692381539499976, 39.807303382642125], [2.6920353485460584, 39.807499984986826], [2.691715808292914, 39.80772181046664], [2.6914259960213607, 39.80796672301003], [2.691168702834155, 39.80823236420523], [2.6909464067741413, 39.80851617600414], [2.690761248952868, 39.80881542534923], [2.6906150129197957, 39.8091272304865], [2.6905091074712097, 39.809448588711376], [2.690444553064934, 39.809776405280665], [2.6904219719723894, 39.81010752321231], [2.6904415822635985, 39.81043875368616], [2.690503195683928, 39.810766906752974], [2.6906062194439024, 39.81108882205613], [2.690749661905745, 39.81140139927002], [2.6909321421127372, 39.811701627961874], [2.6911519030704163, 39.81198661658948], [2.6914068286524144, 39.81225362035493], [2.691694463968692, 39.81250006764641], [2.6920120390004425, 39.81272358481255], [2.6923564952743297, 39.81292201903093], [2.6927245153192545, 39.813093459049604], [2.693112554621907, 39.81323625360219], [2.6935168757730907, 39.81334902731829], [2.6939335844755665, 39.81343069397596], [2.69435866706608, 39.81348046696851], [2.6947880291895303, 39.81349786688407], [2.6952175352520436, 39.813482726125514], [2.695643048272139, 39.81343519052535], [2.6960604697453134, 39.81335571794068], [2.6964657791372306, 39.81324507384127], [2.696855072624325, 39.81310432393371], [2.697224600707918, 39.8129348238924], [2.697570804338911, 39.812738206297055], [2.697890349204585, 39.81251636490227], [2.698180157846864, 39.81227143639115], [2.698437439302463, 39.8120057797891], [2.6986597159793777, 39.81172195373629], [2.698844847510941, 39.81142269183804], [2.698991051357989, 39.81111087633073], [2.69909691996113, 39.81078951031749], [2.6991614342784884, 39.810461688840775], [2.6991839735792382, 39.81013056907124], [2.6991643213993926, 39.8097993398997], [2.6991026676033405, 39.809471191225306], [2.6989996065321744, 39.80914928323589], [2.698856131257519, 39.80883671597602], [2.698673623997072, 39.808536499495915], [2.698453842784944, 39.80825152486852], [2.6981989045258703, 39.807984536353686], [2.697911264597063, 39.8077381049772], [2.6975936931945856, 39.80751460377877], [2.6972492486523043, 39.80731618496726], [2.6968812479904782, 39.80714475920247], [2.696493234977537, 39.80700197720303], [2.696088946012376, 39.80688921385698], [2.695672274155346, 39.80680755498768], [2.69524723165375, 39.806757786902565], [2.694817911322316, 39.80674038882489], [2.695247375317705, 39.806725247778374], [2.695672846627682, 39.806677711855315], [2.696090227149408, 39.80659823891589], [2.6964954967431156, 39.806487594433264], [2.696884751968675, 39.80634684411764], [2.697254243696019, 39.80617734364738], [2.6976004132262794, 39.80598072560623], [2.6979199265752065, 39.805758883753036], [2.6982097065882713, 39.80551395477527], [2.6984669625778865, 39.80524829770276], [2.6986892171972414, 39.80496447118018], [2.6988743302920013, 39.804665208817305], [2.6990205195004324, 39.80435339285495], [2.6991263774039638, 39.80403202640058], [2.6991908850635844, 39.803704204500896], [2.6992134218123915, 39.8033730843306], [2.6991937712107714, 39.80304185478434], [2.699132123107711, 39.802713705764916], [2.6990290717892798, 39.802391797463486], [2.698885610232997, 39.80207922992762]]], [[[2.6992134218123915, 39.8033730843306], [2.6992330725925937, 39.803704313855306], [2.6992947220308454, 39.80403246277009], [2.699397776990546, 39.80435437075827], [2.699541245533173, 39.80466693756456], [2.699723746450548, 39.80496715285641], [2.6999435225484683, 39.8052521252206], [2.7001984575544804, 39.80551911001585], [2.7004860964875292, 39.805765535813066], [2.700803669293752, 39.80598902916793], [2.7011481175210577, 39.80618743748738], [2.701516123775703, 39.806358849768976], [2.7019041436770963, 39.8065016150136], [2.702308440002856, 39.80661435813317], [2.702725118694848, 39.806695993200556], [2.703150166378917, 39.80674573391338], [2.7035794890362626, 39.80676310117084], [2.704008951453271, 39.80674792769037], [2.7044344170690127, 39.806700359619754], [2.704851787835767, 39.80662085512889], [2.7052570437078045, 39.806510179994895], [2.7056462813772715, 39.80636940022324], [2.7060157518833314, 39.806199871776045], [2.706361896731667, 39.80600322750654], [2.7066813821759235, 39.80578136142619], [2.7069711313305125, 39.805536410455794], [2.707228353805234, 39.805270733837006], [2.70745057257624, 39.80498689040269], [2.7076356478346173, 39.804687613925424], [2.7077817975831753, 39.804375786781904], [2.7078876147834947, 39.80405441218718], [2.7079520808886586, 39.80372658526625], [2.707974575632016, 39.80339546324206], [2.7079548829785134, 39.80306423502702], [2.7078931931821013, 39.80273609051099], [2.7077901009303234, 39.802414189841656], [2.7076465995948142, 39.802101632993], [2.7074640716439653, 39.8018014299149], [2.707244275310859, 39.80151647155127], [2.706989327645578, 39.80124950200527], [2.706701684115663, 39.801003092120034], [2.706384114951635, 39.80077961472839], [2.706039678465615, 39.80058122180993], [2.705671691600137, 39.800409823775226], [2.705283697990676, 39.80026707107592], [2.704879433849232, 39.80015433831798], [2.7044627919971114, 39.800072711030325], [2.7040377843927357, 39.80002297521639], [2.703608503514664, 39.800005609788705], [2.7031790829709563, 39.80002078195952], [2.7027536577133744, 39.80006834563135], [2.7023363242386984, 39.8001478428034], [2.7019311011595426, 39.80025850797977], [2.70154189052355, 39.80039927553765], [2.7011724402526758, 39.800568789984304], [2.70082630806361, 39.80076541900455], [2.7005068272162176, 39.80098726917291], [2.700217074419434, 39.801232204180074], [2.699959840203426, 39.801497865397884], [2.699737602043253, 39.80178169458531], [2.699552500492943, 39.802080958517266], [2.6994063185600696, 39.80239277529916], [2.699300464519878, 39.802714142114155], [2.699235958335022, 39.80304196413619], [2.6992134218123915, 39.8033730843306]]], [[[2.698826642336421, 39.81559419411268], [2.698644117518334, 39.81529397786981], [2.69842431508313, 39.8150090034386], [2.6981693521400336, 39.81474201507694], [2.697881684304039, 39.81449558380909], [2.697564082039994, 39.81427208267368], [2.697219603978961, 39.81407366387888], [2.6968515674639466, 39.813902238084296], [2.6964635166085706, 39.81375945600882], [2.696059188176047, 39.8136466925411], [2.6956424756066597, 39.8135650335057], [2.6952173915396176, 39.81351526521162], [2.6947880291895294, 39.81349786688408], [2.6943585229486917, 39.81351300605203], [2.6939330085937523, 39.81356053693574], [2.693515583479099, 39.813640001850075], [2.6931102670994322, 39.81375063560977], [2.6927209624004838, 39.81389137289455], [2.6923514182096664, 39.814060858503275], [2.692005193147795, 39.81425746039846], [2.6916856213688334, 39.81447928541597], [2.6913957804571877, 39.814724197488836], [2.6911384617914513, 39.81498983820983], [2.690916143659897, 39.81527364953549], [2.690730967386728, 39.81557289841291], [2.6905847166992363, 39.815884703092614], [2.690478800534991, 39.81620606087447], [2.6904142394551935, 39.8165338770196], [2.6903916557957293, 39.81686499455002], [2.690411267651543, 39.81719622464948], [2.6904728867531396, 39.81752437737231], [2.690575920256524, 39.8178462923652], [2.690719376430268, 39.81815886930551], [2.690901874185758, 39.81845909776308], [2.6911216563596625, 39.81874408619788], [2.6913766066213882, 39.819011089813834], [2.6916642698432782, 39.81925753700048], [2.6919818757378025, 39.81948105410747], [2.6923263655343814, 39.81967948831282], [2.6926944214390183, 39.81985092836472], [2.69308249859296, 39.81999372299638], [2.6934868592223533, 39.82010649683662], [2.693903608649608, 39.82018816366226], [2.6943287328190877, 39.82023793686493], [2.6947581369750684, 39.820255337030765], [2.6951876851186776, 39.82024019656021], [2.695613239862967, 39.820192661283], [2.696030702301409, 39.820113189053146], [2.6964360515049703, 39.820002545337026], [2.696825383266516, 39.81986179583754], [2.697194947718632, 39.81969229622525], [2.6975411854618736, 39.81949567907578], [2.69786076185494, 39.81927383813943], [2.698150599136105, 39.819028910095014], [2.6984079060662958, 39.81876325396345], [2.698630204808228, 39.81847942838047], [2.6988153547828313, 39.81818016694688], [2.6989615732734524, 39.81786835189467], [2.699067452579831, 39.81754698632257], [2.6991319735571913, 39.81721916526885], [2.699154515410763, 39.8168880459001], [2.699134861652178, 39.81655681710329], [2.699073202161232, 39.81622866877394], [2.6989701313340597, 39.81590676109655], [2.698826642336421, 39.81559419411268]]], [[[2.699154515410763, 39.8168880459001], [2.6991741693480495, 39.817219274675374], [2.6992358301750827, 39.81754742290006], [2.699338904645974, 39.817869330264045], [2.6994824006346603, 39.81818189651807], [2.699664936668962, 39.81848211133479], [2.6998847552167438, 39.818767083305495], [2.700139739596935, 39.8190340677926], [2.700427434353103, 39.819280493369845], [2.7007450688938235, 39.81950398659495], [2.7010895841724345, 39.81970239487597], [2.701457662149336, 39.81987380721076], [2.7018457577530266, 39.82001657259955], [2.7022501330318134, 39.82012931595281], [2.70266689316689, 39.82021095134108], [2.703092023999401, 39.82026069245886], [2.7035214307093915, 39.82027806020136], [2.70395097727337, 39.82026288728139], [2.7043765263196184, 39.82021531984132], [2.7047939789965403, 39.82013581604499], [2.705199314469206, 39.820025141662896], [2.705588628662845, 39.819884362693365], [2.7059581718793866, 39.819714835090814], [2.7063043849240755, 39.81951819170048], [2.706623933393666, 39.81929632652546], [2.706913739795555, 39.819051376477965], [2.707171013188256, 39.81878570079083], [2.7073932760576653, 39.81850185828805], [2.7075783881703663, 39.81820258273337], [2.707724567174497, 39.81789075649468], [2.7078304057502036, 39.817569382778366], [2.707894885145069, 39.81724155670105], [2.707917384964846, 39.81691043547756], [2.7078976891259967, 39.816579208012605], [2.707835987913557, 39.81625106418883], [2.7077328761254043, 39.81592916414721], [2.707589347321682, 39.81561660785563], [2.707406784235635, 39.815316405258564], [2.7071869454389788, 39.815031447295155], [2.7069319483909404, 39.814764478064674], [2.706644249034768, 39.81451806840707], [2.7063266181386636, 39.81429459115286], [2.705982114609228, 39.81409619828023], [2.705614056034546, 39.81392480019918], [2.7052259867405035, 39.813782047361734], [2.704821643667729, 39.81366931437507], [2.7044049203973684, 39.813587686770255], [2.7039798296715882, 39.8135379505537], [2.703550464769063, 39.81352058464183], [2.7031209601066473, 39.81353575625148], [2.7026954514458055, 39.81358331929066], [2.7022780360861454, 39.81366281576461], [2.7018727334285155, 39.81377348018425], [2.7014834462866233, 39.813914246934125], [2.701113923318955, 39.81408376052939], [2.7007677229421128, 39.8142803886631], [2.7004481790725254, 39.814502237918454], [2.7001583690260205, 39.81474717199507], [2.699901083884144, 39.815012832273815], [2.699678801612515, 39.81529666052284], [2.6994936631901654, 39.81559592352618], [2.6993474519800227, 39.81590773939829], [2.6992415765396003, 39.816229105331146], [2.6991770570380047, 39.81655692650725], [2.699154515410763, 39.8168880459001]]], [[[2.707818698858924, 39.79565669082307], [2.7076752112505993, 39.79534413369586], [2.7074927008584875, 39.795043930377254], [2.7072729257464396, 39.79475897181347], [2.7070180027600683, 39.7944920021097], [2.706730387129183, 39.794245592110634], [2.7064128488155976, 39.794022114650225], [2.706068445834345, 39.793823721708804], [2.7057004948053462, 39.79365232369721], [2.705312539019046, 39.79350957106692], [2.7049083143233124, 39.79339683842328], [2.7044917131597264, 39.79331521129416], [2.704066747095034, 39.79326547568145], [2.7036375082079394, 39.79324811049578], [2.703208129702309, 39.793263282947095], [2.702782746125259, 39.79331084693519], [2.702365453572358, 39.79339034445619], [2.701960270262304, 39.79350101001084], [2.7015710978598997, 39.79364177797264], [2.7012016839190216, 39.793811292844936], [2.7008555858065804, 39.79400792230836], [2.7005361364543283, 39.79422977293314], [2.7002464122679055, 39.79447470840553], [2.6999892035019295, 39.79474037009279], [2.6997669873863037, 39.79502419974936], [2.6995819042626623, 39.79532346414557], [2.699435736960994, 39.79563528138229], [2.6993298936154786, 39.79595664863831], [2.699265394085596, 39.79628447108329], [2.699242860113952, 39.796615591678446], [2.6992625093163833, 39.79694682157785], [2.6993241530630976, 39.79727497083767], [2.699427198272111, 39.797596879137934], [2.699570653098624, 39.797909446220366], [2.6997531364663923, 39.798209661749794], [2.699972891350095, 39.79849463431075], [2.700227801681483, 39.798761619260105], [2.700515412717071, 39.79900804516734], [2.700832954671641, 39.799231538587115], [2.701177369390237, 39.79942994692582], [2.70154533980188, 39.7996013591809], [2.7019333218712607, 39.79974412435348], [2.7023375787404667, 39.799856867356254], [2.7027542167315093, 39.79993850226328], [2.703179222862383, 39.79998824277371], [2.703608503514664, 39.8000056097887], [2.704037923879472, 39.79999043602807], [2.704463347801067, 39.799942867642265], [2.704880677633461, 39.79986336280421], [2.705285893725327, 39.79975268729433], [2.7056750931520748, 39.799611907121715], [2.7060445273212976, 39.79944237825226], [2.7063906380887213, 39.79924573354323], [2.7067100920362703, 39.7990238670103], [2.7069998125817083, 39.79877891557854], [2.7072570096103403, 39.79851323849399], [2.707479206343322, 39.798229394593946], [2.7076642631838825, 39.79793011765543], [2.7078103983120787, 39.79761829005955], [2.7079162048301377, 39.79729691502567], [2.707980664293838, 39.79696908768297], [2.7080031565002973, 39.79663796525846], [2.707983465438688, 39.796306736668406], [2.7079217813474297, 39.79597859180627], [2.707818698858924, 39.79565669082307]]], [[[2.69490749726622, 39.78646790717561], [2.6944781592081224, 39.78648304749655], [2.694052811611051, 39.786530579676025], [2.6936355502242084, 39.786610046016385], [2.693230392966233, 39.78672068131849], [2.692841241251064, 39.78686142024711], [2.692471842433324, 39.787030907585084], [2.6921257537341994, 39.78722751127807], [2.691806307994653, 39.78744933814444], [2.691516581585355, 39.78769425209915], [2.6912593647821073, 39.78795989471668], [2.6910371348919653, 39.788243707935074], [2.690852032388945, 39.78854295868297], [2.6907058402893806, 39.78885476519274], [2.690599966965984, 39.78917612474648], [2.6905354325666604, 39.78950394258813], [2.6905128591695697, 39.7898350617233], [2.6905324647700137, 39.79016629332025], [2.690594061157924, 39.79049444741894], [2.6906970557072687, 39.790816363652866], [2.690840457061041, 39.7911289416875], [2.6910228846579374, 39.791429171082314], [2.691242582009764, 39.79171416028841], [2.6914974336024162, 39.79198116450248], [2.6917849852582276, 39.792227612108526], [2.6921024677640193, 39.79245112945237], [2.6924468235375816, 39.79264956370997], [2.6928147360758596, 39.792821003629214], [2.693202661901172, 39.792963797944815], [2.693606864697554, 39.793076571288765], [2.6940234513080563, 39.79315823744286], [2.6944484092457723, 39.79320800980528], [2.6948776453566605, 39.79322540897031], [2.695307025261025, 39.793210267348066], [2.695732413192968, 39.79316273077936], [2.69614971185324, 39.793083257130576], [2.6965549018908064, 39.79297261188166], [2.696944080632026, 39.792831860750134], [2.697313499683681, 39.792662359422074], [2.697659601047006, 39.79246574048948], [2.6979790513943613, 39.79224389771962], [2.6982687741780005, 39.7919989678087], [2.6985259792614533, 39.79173330979542], [2.6987481897880494, 39.791449482333405], [2.6989332660279044, 39.79115021904137], [2.699079425973962, 39.79083840216902], [2.6991852624891517, 39.79051703483251], [2.6992497568400866, 39.790189212086936], [2.6992722884876446, 39.789858091115164], [2.6992526410409345, 39.789526860819535], [2.699191004318153, 39.78919871111006], [2.699087972495379, 39.78887680218458], [2.6989445383620154, 39.78856423409674], [2.6987620837390685, 39.78826401690485], [2.698542366153327, 39.787979041688835], [2.6982875018964734, 39.78771205271437], [2.6979999456328527, 39.787465621011805], [2.69768246675272, 39.787242119624196], [2.697338122698952, 39.78704370076233], [2.696970229524219, 39.786872275086715], [2.6965823299620717, 39.78672949331524], [2.6961781593191967, 39.78661673033387], [2.695761609516902, 39.78653507196256], [2.695336691627575, 39.78648530450407], [2.69490749726622, 39.78646790717561]]], [[[2.69490749726622, 39.78646790717561], [2.6953368351462306, 39.78645276526557], [2.695762181410247, 39.786405228374136], [2.696179439160502, 39.78632575437076], [2.696584589440128, 39.786215108738766], [2.6969737299585335, 39.78607435719937], [2.6973431126907386, 39.78590485544252], [2.697689179987853, 39.78570823606426], [2.6980085988503735, 39.785486392836155], [2.698298293033794, 39.785241462458714], [2.698555472677062, 39.7849758039751], [2.6987776611684544, 39.78469197604344], [2.6989627189902032, 39.784392712286895], [2.6991088643125, 39.784080894959594], [2.6992146901389553, 39.78375952718203], [2.6992791778389407, 39.78343170401357], [2.699301706937191, 39.78310058264108], [2.6992820610671657, 39.782769351970785], [2.699220430031673, 39.7824412019163], [2.699117407951824, 39.7821192926788], [2.6989739875230105, 39.78180672431498], [2.698791550434098, 39.78150650688581], [2.6985718540428807, 39.78122153147356], [2.6983170144368285, 39.78095454234585], [2.698029486042824, 39.780708110534555], [2.6977120379826993, 39.78048460908381], [2.697367727402536, 39.78028619020512], [2.6969998700326907, 39.78011476455915], [2.6966120082619884, 39.779971982863586], [2.6962078770332893, 39.77985922000369], [2.695791367888479, 39.779777561798284], [2.695366491508569, 39.77972779454856], [2.6949373391089995, 39.77971039746977], [2.694508043061143, 39.77972553807881], [2.6940827371183915, 39.779773070582095], [2.6936655166289873, 39.77985253727882], [2.693260399117887, 39.7799631729664], [2.6928712856164045, 39.78010391230584], [2.692501923111275, 39.78027340007597], [2.692155868474073, 39.78047000421828], [2.6918364542177886, 39.78069183154675], [2.691546756409913, 39.78093674597181], [2.6912895650507838, 39.78120238906336], [2.69106735720236, 39.78148620275482], [2.6908822731262885, 39.78178545397025], [2.690736095661315, 39.78209726093746], [2.6906302330390566, 39.782418620934095], [2.6905657053041816, 39.782746439199805], [2.6905431344704747, 39.783077558736125], [2.690562738508347, 39.78340879070741], [2.6906243292225756, 39.78373694515005], [2.690727314041573, 39.78405886169423], [2.6908707017018605, 39.784371440002445], [2.6910531117738508, 39.784671669631585], [2.6912727879379923, 39.78495665903052], [2.691527614884132, 39.78522366339419], [2.6918151386718994, 39.78547011110515], [2.692132590356479, 39.78569362850825], [2.6924769126525026, 39.785892062779], [2.692844789379379, 39.78606350266517], [2.693232677404405, 39.78620629690186], [2.69363684077578, 39.78631907012186], [2.694053386716394, 39.78640073610817], [2.694478303131194, 39.78645050826064], [2.69490749726622, 39.78646790717561]]], [[[2.6860870733127586, 39.799959534540854], [2.6856576496284443, 39.79997464185886], [2.6852322130043382, 39.800022141249414], [2.6848148600465715, 39.8001015753305], [2.6844096095552055, 39.80021217921366], [2.6840203638416216, 39.8003528878662], [2.6836508711652787, 39.800522346362534], [2.6833046896508983, 39.80071892292618], [2.6829851530329867, 39.80094072463679], [2.6826953385571732, 39.80118561565173], [2.6824380373472203, 39.8014512377665], [2.6822157275229834, 39.80173503311671], [2.6820305503282933, 39.80203426880328], [2.6818842894989015, 39.80234606320374], [2.6817783540696056, 39.80266741371701], [2.6817137647866836, 39.80299522567418], [2.6816911442571816, 39.80332634213776], [2.681710710930694, 39.80365757430177], [2.681772276972466, 39.80398573220087], [2.681875250049162, 39.80430765543202], [2.6820186390110274, 39.80462024359332], [2.6822010634165436, 39.804920486146784], [2.682420766808672, 39.80520549141675], [2.6826756336155126, 39.80547251444516], [2.682963209513195, 39.80571898343477], [2.683280725055327, 39.80594252452532], [2.68362512234171, 39.806140984664005], [2.6839930844695803, 39.80631245234932], [2.684381067483675, 39.80645527604841], [2.6847853345171764, 39.80656808011014], [2.685201991794314, 39.806649778020315], [2.6856270261473654, 39.80669958287112], [2.6860563436859293, 39.80671701494388], [2.6856268779484433, 39.80673212196588], [2.6852013996259445, 39.8067796210248], [2.684784005726057, 39.806859054741835], [2.6843787154429553, 39.80696965823207], [2.6839894314710766, 39.80711036646661], [2.6836199024381986, 39.80727982452396], [2.683273686819076, 39.80747640063187], [2.6829541186766006, 39.80769820187448], [2.6826642755599783, 39.807943092413694], [2.6824069488688145, 39.80820871404965], [2.6821846169684207, 39.80849250892266], [2.681999421315325, 39.808791744138226], [2.681853145823172, 39.80910353807851], [2.6817471996681257, 39.80942488814684], [2.6816826036999375, 39.8097526996787], [2.6816599805902306, 39.81008381574063], [2.681679548813652, 39.8104150475306], [2.681741120520722, 39.810743205086816], [2.6818441033237437, 39.81106512800952], [2.6819875059794724, 39.8113777158998], [2.68216994791467, 39.81167795822221], [2.6823896725036094, 39.81196296330329], [2.682644563970352, 39.81222998618675], [2.682932167753602, 39.81247645507666], [2.683249714138436, 39.81269999611372], [2.6835941449276053, 39.81289845624554], [2.683962142895641, 39.813069923970644], [2.684350163742026, 39.813212747755735], [2.6847544702354673, 39.81332555194882], [2.68517116822002, 39.81340725003438], [2.6855962441357475, 39.81345705510295], [2.686025603691893, 39.81347448743362], [2.686455111319329, 39.81345937911703], [2.686880630021488, 39.8134118756731], [2.6872980612390864, 39.813332434649155], [2.6877033843438523, 39.813221821210924], [2.688092695380029, 39.8130811007696], [2.688462244679774, 39.812911628715774], [2.6888084729894883, 39.812715037359546], [2.689128045758588, 39.81249322020279], [2.6894178852600685, 39.812248313695186], [2.6896752002332516, 39.8119826766502], [2.689897512763142, 39.811698867519745], [2.690082682137608, 39.81139961974617], [2.69022892545288, 39.81108781542994], [2.690334834769332, 39.81076645756645], [2.6903993906528996, 39.81043864111981], [2.6904219719723894, 39.81010752321231], [2.690402361859128, 39.80977629271694], [2.690340749772399, 39.80944813954574], [2.690237729651666, 39.80912622392994], [2.690094294174274, 39.80881364598763], [2.689911825174778, 39.80851341587202], [2.6896920803189706, 39.80822842478743], [2.689437176161636, 39.80796141715228], [2.6891495677517616, 39.80771496417649], [2.6888320249820694, 39.807491439107835], [2.68848760591088, 39.80729299438504], [2.688119627313348, 39.8071215409174], [2.6877316327455922, 39.8069787296903], [2.6873273584290316, 39.80686593587316], [2.686910697283074, 39.80678424558275], [2.6864856614519677, 39.806734445428994], [2.686056343686151, 39.80671701494388], [2.686485809246065, 39.80670190633158], [2.6869112862362075, 39.8066544025571], [2.6873286764990905, 39.806574961170874], [2.687733959801039, 39.80646434734213], [2.6881232325697795, 39.80632362648574], [2.6884927455061374, 39.8061541539963], [2.688838939706811, 39.80595756218803], [2.6891584809497675, 39.805735744567095], [2.689448291811639, 39.80549083758759], [2.6897055813075443, 39.805225200067525], [2.689927871767793, 39.80494139046326], [2.6901130226927017, 39.80464214222171], [2.690259251356052, 39.80433033744778], [2.690365149959168, 39.80400897914124], [2.690429699170983, 39.80368116227043], [2.690452277924359, 39.80335004396175], [2.690432669375136, 39.80301881309199], [2.690371062967329, 39.802690659576825], [2.690268052585516, 39.80236874365082], [2.6901246308130684, 39.80205616543509], [2.6899421793523963, 39.801755935085474], [2.689722455700252, 39.80147094380864], [2.6894675762071176, 39.801203936024855], [2.68917999568439, 39.80095748294556], [2.6888624837562, 39.80073395781956], [2.688518098183864, 39.80053551308618], [2.6881501554199816, 39.8003640596549], [2.6877621986756672, 39.80022124851082], [2.687357963808209, 39.80010845482255], [2.6869413433572507, 39.80002676470566], [2.686516349075307, 39.79997696476847], [2.6860870733127586, 39.799959534540854]]], [[[2.6860870733127586, 39.799959534540854], [2.6865164968195607, 39.799944425632944], [2.6869419321117567, 39.79989692152795], [2.6873592814337406, 39.79981747977953], [2.687764524946302, 39.79970686556029], [2.68815375946052, 39.79956614428891], [2.6885232360457643, 39.7993966713639], [2.688869396148912, 39.79920007910363], [2.68918890587637, 39.798978261018576], [2.6894786881083053, 39.79873335356724], [2.689735952135541, 39.798467715572116], [2.6899582205336072, 39.7981839054941], [2.6901433530151975, 39.797884656784596], [2.6902895670315847, 39.79757285155299], [2.6903954549249973, 39.79725149280344], [2.690459997467327, 39.7969236755085], [2.6904825736554754, 39.79659255679862], [2.6904629666697812, 39.796261325554504], [2.690401365939, 39.795933171695395], [2.6902983652928407, 39.79561125545919], [2.6901549572207335, 39.79529867697003], [2.689972523292987, 39.79499844638642], [2.6897528208373718, 39.79471345491729], [2.6894979660001352, 39.79444644698487], [2.6892104133551644, 39.79419999380204], [2.6888929322580877, 39.79397646861868], [2.6885485801733195, 39.79377802387469], [2.688180673231012, 39.79360657047974], [2.687792754297393, 39.7934637594186], [2.687388558865738, 39.79335096585914], [2.686971979096061, 39.79326927591576], [2.6865470263492712, 39.793219476195084], [2.686117792575937, 39.79320204622492], [2.6856884109307217, 39.79321715383889], [2.685263015990943, 39.793264653561], [2.684845703961486, 39.79334408800607], [2.6844404932484305, 39.793454692282104], [2.6840512857802294, 39.7935954013526], [2.683681829448152, 39.79376486028787], [2.6833356820270007, 39.79396143730719], [2.683016176923008, 39.794183239485754], [2.6827263910783303, 39.79442813097636], [2.6824691153409796, 39.79469375356989], [2.682246827585439, 39.79497754939728], [2.6820616688429118, 39.7952767855548], [2.681915422671317, 39.79558858041543], [2.6818094979641356, 39.795909931373565], [2.681744915364206, 39.79623774375605], [2.681722297414019, 39.79656886062123], [2.6817418625381264, 39.79690009315931], [2.6818034229164907, 39.79722825140128], [2.681906386270123, 39.79755017494083], [2.6820497615427255, 39.79786276337318], [2.682232168424454, 39.79816300615771], [2.682451850626903, 39.79844801161656], [2.6827066927821424, 39.79871503478995], [2.6829942408036476, 39.798961503879255], [2.6833117255134664, 39.79918504502336], [2.683656089308349, 39.799383505168954], [2.6840240156081308, 39.799554972814505], [2.684411960802687, 39.79969779642763], [2.6848161883895485, 39.79981060035805], [2.6852328049729954, 39.79989229809287], [2.685657797777385, 39.79994210272601], [2.6860870733127586, 39.799959534540854]]]]}, "properties": {"isochrone_origin_id": "ISO02", "origin_name": "EDEN NORD", "origin_access_band": "media_400_800m", "threshold_min": 30, "grid_spacing_m": 750, "reachable_grid_cells": 12}}, {"type": "Feature", "geometry": {"type": "MultiPolygon", "coordinates": [[[[2.785239150034138, 39.73594563908807], [2.785177151481187, 39.73561753097886], [2.785073797542224, 39.735295694490404], [2.784930084106446, 39.734983228978045], [2.7847473956821824, 39.73468314351164], [2.784527492045285, 39.73439832790215], [2.784272491276683, 39.73413152487803], [2.783984849353014, 39.73388530367892], [2.7836673364873237, 39.73366203532093], [2.7833230104479436, 39.73346386977121], [2.7829551871125924, 39.73329271525141], [2.782567408541208, 39.73315021986899], [2.782163408874727, 39.73303775575281], [2.78174707838782, 39.73295640584576], [2.781322426041207, 39.73290695348105], [2.7808935408935174, 39.73288987484255], [2.7804645527435308, 39.73290533438159], [2.780039592380998, 39.73295318323414], [2.7796227518279553, 39.733032960653674], [2.779218044952539, 39.733143898446016], [2.7788293688337706, 39.73328492836331], [2.77846046624859, 39.73345469238641], [2.778114889641721, 39.73365155579647], [2.7777959669247894, 39.73387362291055], [2.7775067694336313, 39.734118755329575], [2.7772500823521264, 39.73438459252354], [2.777028377887283, 39.73466857455588], [2.7768437914540054, 39.73496796672859], [2.7766981010991394, 39.735279885911], [2.7765927103633623, 39.735601328299], [2.776528634746538, 39.7359291983376], [2.7765064919075546, 39.73626033852858], [2.7765264956938123, 39.736591559836285], [2.7765884540587082, 39.7369196723987], [2.776691770888059, 39.73724151624844], [2.7768354517187683, 39.7375539917473], [2.777018113295502, 39.73785408944166], [2.777237996874143, 39.7381389190506], [2.777492985144591, 39.73840573730772], [2.7777806226105044, 39.738651974387956], [2.7780981392301465, 39.73887525866491], [2.7784424770909237, 39.73907343955969], [2.7788103198608276, 39.7392446082609], [2.7791981247330626, 39.73938711611612], [2.779602156555963, 39.73949959051718], [2.780018523819107, 39.73958094812592], [2.7804432161484827, 39.73963040531321], [2.7808721429489474, 39.739647485709774], [2.7813011728210273, 39.739632024796784], [2.781726173371615, 39.73958417149104], [2.7821430510342706, 39.739504386710216], [2.782547790514755, 39.739393438931366], [2.782936493481053, 39.73925239678612], [2.78330541612449, 39.73908261876357], [2.7836510052295127, 39.738885740120516], [2.7839699324042, 39.73866365712529], [2.784259126141406, 39.73841850878731], [2.784515801401513, 39.738152656248296], [2.784737486431803, 39.73786866003455], [2.7849220465642306, 39.737569255389026], [2.785067704762677, 39.73725732592174], [2.785173058722217, 39.73693587583204], [2.785237094356279, 39.736608000970904], [2.785259195542488, 39.73627685902182], [2.785239150034138, 39.73594563908807]]], [[[2.7765083116326923, 39.729171503992916], [2.7764463604118266, 39.72884339096928], [2.776343057077991, 39.728521546472784], [2.7761993970329453, 39.728209069935964], [2.7760167642708033, 39.72790897053497], [2.775796918031387, 39.727624138215106], [2.7755419758429367, 39.727357315865845], [2.7752543931180638, 39.72711107291301], [2.7749369394998795, 39.72688778058229], [2.774592672186348, 39.72668958907175], [2.7742249064898794, 39.726518406853096], [2.7738371839155915, 39.726375882300495], [2.773433238065424, 39.72626338782375], [2.7730169586960542, 39.72618200665808], [2.7725923542761874, 39.72613252243763], [2.7721635134031466, 39.72611541165302], [2.771734565449547, 39.72613083906502], [2.771309640818212, 39.72617865611889], [2.7708928311872025, 39.72625840237425], [2.7704881501269467, 39.72636930993689], [2.7700994944678814, 39.72651031085001], [2.7697306067898837, 39.72668004737361], [2.769385039394033, 39.72687688505364], [2.7690661201031137, 39.727098928454836], [2.768776920219788, 39.72734403940642], [2.768520224950752, 39.72760985758511], [2.7682985065816132, 39.72789382323742], [2.7681139006609086, 39.72819320182311], [2.7679681854228697, 39.7285051103424], [2.7678627646475285, 39.72882654509388], [2.767798654123769, 39.729154410596216], [2.767776471846398, 39.729485549394965], [2.767796432042404, 39.72981677246794], [2.7678583430847983, 39.730144889936305], [2.7679616093150003, 39.73046674178548], [2.7681052367571257, 39.7307792283004], [2.76828784266997, 39.73107933992144], [2.768507668845516, 39.731364186233726], [2.768762598526566, 39.731631023810024], [2.7690501767811613, 39.73187728263934], [2.7693676341379807, 39.73210059088589], [2.769711913255386, 39.732298797739965], [2.7700796983673523, 39.73246999414022], [2.770467447222634, 39.73261253116746], [2.770871425209328, 39.73272503593253], [2.771287741335768, 39.732806424804835], [2.771712385720695, 39.73285591385404], [2.7721412682309516, 39.732873026403986], [2.772570257893827, 39.73285759762605], [2.772995222703635, 39.73280977612745], [2.773412069438277, 39.732730022519426], [2.773816783101454, 39.73261910497866], [2.774205465609816, 39.7324780918455], [2.774574373351684, 39.73230834132949], [2.774919953254935, 39.73211148842243], [2.7752388770161316, 39.73188942914475], [2.775528073160822, 39.731644302277324], [2.7757847566259826, 39.73137846875511], [2.776006455579624, 39.73109448892121], [2.7761910352193353, 39.73079509786086], [2.7763367183208474, 39.73048317905325], [2.776442102339119, 39.730161736595136], [2.7765061728978186, 39.72983386626403], [2.7765283135379737, 39.72950272569996], [2.7765083116326923, 39.729171503992916]]]]}, "properties": {"isochrone_origin_id": "ISO03", "origin_name": "L´HERMITAGE", "origin_access_band": "baja_800_1200m", "threshold_min": 15, "grid_spacing_m": 750, "reachable_grid_cells": 2}}, {"type": "Feature", "geometry": {"type": "MultiPolygon", "coordinates": [[[[2.7763648886763765, 39.72176392468433], [2.77622124241223, 39.72145144784901], [2.776038627244372, 39.72115134818201], [2.7758188022430508, 39.72086651563126], [2.775563884731875, 39.72059969308848], [2.7752763298857395, 39.720353449981424], [2.774958907079246, 39.72013015753732], [2.774614673213644, 39.71993196595536], [2.774246943279278, 39.719760783708026], [2.7738592584369512, 39.719618259169806], [2.773455351925352, 39.719505764750366], [2.7730391131224605, 39.71942438368445], [2.7726145501064847, 39.71937489960525], [2.772185751076198, 39.71935778900205], [2.7717568450014496, 39.71937321663389], [2.7713319618819487, 39.71942103394389], [2.7709151929961697, 39.71950078048919], [2.770510551522322, 39.71961168837278], [2.7701219339097634, 39.7197526896347], [2.7697530823720906, 39.719922426531575], [2.769407548862431, 39.7201192646057], [2.769088660877287, 39.720341308417964], [2.7687994894178507, 39.720586419793605], [2.768542819417063, 39.72085223840515], [2.768321122917128, 39.72113620449493], [2.768136535255874, 39.721435583518435], [2.767990834491559, 39.7217474924716], [2.767885424264668, 39.72206892764884], [2.76782132026232, 39.72239679356466], [2.7677991404163236, 39.72272793276065], [2.7678190989300484, 39.723059156210766], [2.767881004192505, 39.72338727403254], [2.7679842606005827, 39.72370912620805], [2.7681278742728077, 39.724021613019055], [2.76831046260043, 39.724321724903156], [2.7685302675446564, 39.72460657144295], [2.7687851725526613, 39.7248734092091], [2.7690727229300394, 39.72511966818881], [2.7693901494739213, 39.72534297654492], [2.7697343951394315, 39.725541183466724], [2.7701021444827623, 39.72571237989223], [2.770489855597234, 39.72585491690212], [2.7708937942345346, 39.72596742160741], [2.7713100697821114, 39.72604881037812], [2.7717346727496794, 39.72609829928491], [2.772163513403036, 39.72611541165303], [2.771734565449547, 39.72613083906502], [2.771309640818212, 39.72617865611889], [2.7708928311872025, 39.72625840237425], [2.7704881501269467, 39.72636930993689], [2.7700994944678814, 39.72651031085001], [2.7697306067898837, 39.72668004737361], [2.769385039394033, 39.72687688505364], [2.7690661201031137, 39.727098928454836], [2.768776920219788, 39.72734403940642], [2.768520224950752, 39.72760985758511], [2.7682985065816132, 39.72789382323742], [2.7681139006609086, 39.72819320182311], [2.7679681854228697, 39.7285051103424], [2.7678627646475285, 39.72882654509388], [2.767798654123769, 39.729154410596216], [2.767776471846398, 39.729485549394965], [2.767796432042404, 39.72981677246794], [2.7678583430847983, 39.730144889936305], [2.7679616093150003, 39.73046674178548], [2.7681052367571257, 39.7307792283004], [2.76828784266997, 39.73107933992144], [2.768507668845516, 39.731364186233726], [2.768762598526566, 39.731631023810024], [2.7690501767811613, 39.73187728263934], [2.7693676341379807, 39.73210059088589], [2.769711913255386, 39.732298797739965], [2.7700796983673523, 39.73246999414022], [2.770467447222634, 39.73261253116746], [2.770871425209328, 39.73272503593253], [2.771287741335768, 39.732806424804835], [2.771712385720695, 39.73285591385404], [2.7721412682309516, 39.732873026403986], [2.772570257893827, 39.73285759762605], [2.772995222703635, 39.73280977612745], [2.773412069438277, 39.732730022519426], [2.773816783101454, 39.73261910497866], [2.774205465609816, 39.7324780918455], [2.774574373351684, 39.73230834132949], [2.774919953254935, 39.73211148842243], [2.7752388770161316, 39.73188942914475], [2.775528073160822, 39.731644302277324], [2.7757847566259826, 39.73137846875511], [2.776006455579624, 39.73109448892121], [2.7761910352193353, 39.73079509786086], [2.7763367183208474, 39.73048317905325], [2.776442102339119, 39.730161736595136], [2.7765061728978186, 39.72983386626403], [2.7765283135379737, 39.72950272569996], [2.7765083116326923, 39.729171503992916], [2.7764463604118266, 39.72884339096928], [2.776343057077991, 39.728521546472784], [2.7761993970329453, 39.728209069935964], [2.7760167642708033, 39.72790897053497], [2.775796918031387, 39.727624138215106], [2.7755419758429367, 39.727357315865845], [2.7752543931180638, 39.72711107291301], [2.7749369394998795, 39.72688778058229], [2.774592672186348, 39.72668958907175], [2.7742249064898794, 39.726518406853096], [2.7738371839155915, 39.726375882300495], [2.773433238065424, 39.72626338782375], [2.7730169586960542, 39.72618200665808], [2.7725923542761874, 39.72613252243763], [2.772163513403257, 39.72611541165303], [2.7725924611731094, 39.726099982655576], [2.773017384457534, 39.72605216090195], [2.7734341904344313, 39.72597240700574], [2.773838864500201, 39.72586148914647], [2.7742275089529955, 39.72572047566743], [2.7745963805477625, 39.72555072478152], [2.774941926560593, 39.72535387148404], [2.7752608190144934, 39.7251318117991], [2.7755499867365407, 39.72488668451147], [2.7758066449374197, 39.72462085056008], [2.7760283220283903, 39.72433687029211], [2.7762128834174997, 39.72403747879696], [2.7763585520561125, 39.72372555955794], [2.7764639255383186, 39.72340411667591], [2.776527989589075, 39.72307624593248], [2.776550127811891, 39.72274510497159], [2.7765301276029524, 39.722413882887054], [2.7764681821755723, 39.722085769508915], [2.7763648886763765, 39.72176392468433]]], [[[2.776550127811891, 39.72274510497159], [2.7765701282047814, 39.72307632703426], [2.77663207497986, 39.72340444030572], [2.7767353721341697, 39.723726284811775], [2.7768790253937343, 39.72403876090795], [2.777061651768429, 39.72433885913495], [2.7772814928528895, 39.724623689206815], [2.7775364317460634, 39.72489050785275], [2.777824013427017, 39.72513674524408], [2.7781414683912105, 39.72536002975151], [2.7784857393198608, 39.72555821079404], [2.7788535105256673, 39.72572937955897], [2.7792412398912236, 39.725871887393374], [2.779645192992291, 39.72598436168932], [2.780061479076892, 39.7260657191098], [2.7804860885531673, 39.72611517602746], [2.780914931624281, 39.72613225607576], [2.7813438776975246, 39.726116794739156], [2.781768795187223, 39.72606894093856], [2.7821855913272504, 39.725989155596345], [2.7825902516088346, 39.72587820719497], [2.7829788784630054, 39.72573716437194], [2.7833477288143507, 39.725567385622824], [2.783693250143725, 39.72537050621129], [2.784012114712045, 39.72514842241303], [2.784301251615142, 39.724903273245], [2.7845578763607066, 39.72463741985687], [2.784779517682388, 39.72435342278296], [2.7849640413328896, 39.72405401727447], [2.7851096706271803, 39.723742086949585], [2.7852150035383842, 39.72342063601587], [2.78527902618228, 39.72309276033237], [2.785301122561207, 39.72276161759047], [2.785281080474352, 39.72243039690106], [2.785219093538318, 39.72210228808063], [2.7851157592994245, 39.72178045093231], [2.784972073456787, 39.721467984817814], [2.784789420252682, 39.72116789881286], [2.7845695591235096, 39.72088308273372], [2.7843146077406318, 39.72061627931344], [2.784027021604953, 39.7203700577956], [2.7837095703922072, 39.72014678919946], [2.7833653112770107, 39.719948623494595], [2.7829975594926792, 39.71977746890427], [2.7826098564102635, 39.71963497353668], [2.7822059354439554, 39.71952250952067], [2.781789686110812, 39.71944115979821], [2.781365116590355, 39.71939170770078], [2.7809363151439395, 39.71937462940975], [2.780507410764661, 39.71939008937307], [2.7800825334359183, 39.71943793872265], [2.7796657743804754, 39.719517716707124], [2.7792611466819634, 39.719628655126826], [2.778872546657204, 39.7197696857278], [2.7785037163505697, 39.719939450484205], [2.778158207510899, 39.720136314670064], [2.777839347397303, 39.72035838259486], [2.777550206742758, 39.720603515851586], [2.77729357018374, 39.72086935390205], [2.777071909440583, 39.72115333680136], [2.7768873595069405, 39.72145272984305], [2.7767416980778914, 39.72176464988799], [2.7766363284152296, 39.722086093123686], [2.7765722658155165, 39.72241396398695], [2.776550127811891, 39.72274510497159]]], [[[2.7808721429489474, 39.739647485709774], [2.7804431128924167, 39.73966294503662], [2.7800181109919846, 39.73971079364058], [2.7796012296695234, 39.7397905707776], [2.779196483185621, 39.739901508256196], [2.7788077690005935, 39.740042537831606], [2.778438830257847, 39.74021230148797], [2.778093219750226, 39.740409164510076], [2.7777742657157787, 39.74063123121874], [2.777485039791923, 39.74087636321886], [2.777228327436379, 39.74114219998452], [2.777006601099616, 39.74142618158332], [2.776821996407271, 39.741725573321496], [2.7766762915821612, 39.742037492072605], [2.7765708903044763, 39.74235893403671], [2.7765068081757835, 39.74268680366294], [2.7764846629178783, 39.74301794345708], [2.776504668401658, 39.74334916438727], [2.776566632564374, 39.74367727659515], [2.7766699592362025, 39.74399912011671], [2.776813653859439, 39.74431159531692], [2.7769963330460783, 39.74461169274496], [2.777216237882541, 39.74489652212246], [2.7774712508540986, 39.74516334018518], [2.777758916226588, 39.74540957710988], [2.7780764636895365, 39.74563286127163], [2.7784208350332955, 39.74583104209255], [2.7787887136033396, 39.74600221076194], [2.7791765562480037, 39.74614471862762], [2.779580627451727, 39.74625719308126], [2.779997035324671, 39.7463385507842], [2.780421769101552, 39.74638800810633], [2.78085073778787, 39.74640508867711], [2.7812798095805653, 39.74638962797598], [2.78170485168261, 39.746341774917724], [2.7821217701272056, 39.74626199041765], [2.7825265492271805, 39.746151042950125], [2.782915290268803, 39.74601000114383], [2.783284249076581, 39.74584022348462], [2.7836298720865833, 39.74564334522585], [2.7839488305803033, 39.745421262632235], [2.7842380527489534, 39.74517611470931], [2.7844947532791253, 39.74491026259492], [2.7847164601747925, 39.74462626681128], [2.7849010385574275, 39.74432686259731], [2.7850467112152817, 39.744014933558866], [2.7851520757043335, 39.74369348389121], [2.785216117836783, 39.74336560944127], [2.785238221427868, 39.74303446788863], [2.785218174207924, 39.742703248332745], [2.7851561698435967, 39.742375140579135], [2.7850528060496336, 39.742053304420644], [2.784909078810325, 39.74174083920935], [2.784726372767091, 39.7414407540122], [2.784506447865596, 39.74115593863753], [2.784251422391656, 39.74088913581149], [2.783963752559895, 39.740642914771726], [2.7836462088521507, 39.7404196465328], [2.783301849333763, 39.74022148106061], [2.782933990204815, 39.74005032657606], [2.7825461738698603, 39.739907831186166], [2.7821421348333932, 39.739795367019866], [2.781725763749082, 39.73971401702047], [2.781301069968445, 39.73966456452205], [2.7808721429489474, 39.739647485709774]]], [[[2.7808721429489474, 39.739647485709774], [2.7813011728210273, 39.739632024796784], [2.781726173371615, 39.73958417149104], [2.7821430510342706, 39.739504386710216], [2.782547790514755, 39.739393438931366], [2.782936493481053, 39.73925239678612], [2.78330541612449, 39.73908261876357], [2.7836510052295127, 39.738885740120516], [2.7839699324042, 39.73866365712529], [2.784259126141406, 39.73841850878731], [2.784515801401513, 39.738152656248296], [2.784737486431803, 39.73786866003455], [2.7849220465642306, 39.737569255389026], [2.785067704762677, 39.73725732592174], [2.785173058722217, 39.73693587583204], [2.785237094356279, 39.736608000970904], [2.785259195542488, 39.73627685902182], [2.785239150034138, 39.73594563908807], [2.785177151481187, 39.73561753097886], [2.785073797542224, 39.735295694490404], [2.784930084106446, 39.734983228978045], [2.7847473956821824, 39.73468314351164], [2.784527492045285, 39.73439832790215], [2.784272491276683, 39.73413152487803], [2.783984849353014, 39.73388530367892], [2.7836673364873237, 39.73366203532093], [2.7833230104479436, 39.73346386977121], [2.7829551871125924, 39.73329271525141], [2.782567408541208, 39.73315021986899], [2.782163408874727, 39.73303775575281], [2.78174707838782, 39.73295640584576], [2.781322426041207, 39.73290695348105], [2.7808935408935174, 39.73288987484255], [2.7804645527435308, 39.73290533438159], [2.780039592380998, 39.73295318323414], [2.7796227518279553, 39.733032960653674], [2.779218044952539, 39.733143898446016], [2.7788293688337706, 39.73328492836331], [2.77846046624859, 39.73345469238641], [2.778114889641721, 39.73365155579647], [2.7777959669247894, 39.73387362291055], [2.7775067694336313, 39.734118755329575], [2.7772500823521264, 39.73438459252354], [2.777028377887283, 39.73466857455588], [2.7768437914540054, 39.73496796672859], [2.7766981010991394, 39.735279885911], [2.7765927103633623, 39.735601328299], [2.776528634746538, 39.7359291983376], [2.7765064919075546, 39.73626033852858], [2.7765264956938123, 39.736591559836285], [2.7765884540587082, 39.7369196723987], [2.776691770888059, 39.73724151624844], [2.7768354517187683, 39.7375539917473], [2.777018113295502, 39.73785408944166], [2.777237996874143, 39.7381389190506], [2.777492985144591, 39.73840573730772], [2.7777806226105044, 39.738651974387956], [2.7780981392301465, 39.73887525866491], [2.7784424770909237, 39.73907343955969], [2.7788103198608276, 39.7392446082609], [2.7791981247330626, 39.73938711611612], [2.779602156555963, 39.73949959051718], [2.780018523819107, 39.73958094812592], [2.7804432161484827, 39.73963040531321], [2.7808721429489474, 39.739647485709774]]], [[[2.7761556841708, 39.741724290410325], [2.775973016202325, 39.74142419154134], [2.775753127465264, 39.74113935968325], [2.7754981358973287, 39.74087253772098], [2.7752104973868037, 39.74062629507656], [2.7748929821140895, 39.74040300297258], [2.7745486478708816, 39.74020481160478], [2.7741808106140455, 39.74003362944342], [2.7737930125376757, 39.73989110486201], [2.7733889879705833, 39.73977861027054], [2.7729726274272206, 39.73969722890524], [2.7725479401576867, 39.73964774440219], [2.772119015556804, 39.73963063325461], [2.7716899838031277, 39.73964606022684], [2.7712649761061168, 39.73969387676832], [2.7708480849434105, 39.73977362244368], [2.77044332467027, 39.73988452936433], [2.77005459287968, 39.740025529579704], [2.769685632884444, 39.74019526535662], [2.7693399976819, 39.74039210224833], [2.7690210157477275, 39.740614144827234], [2.768731758987833, 39.74085925493063], [2.7684750131567006, 39.74112507224348], [2.768253251026993, 39.741409037020766], [2.7680686085688726, 39.74170841473075], [2.7679228643687024, 39.74202032238216], [2.7678174224857464, 39.74234175628208], [2.7677532989125235, 39.74266962095736], [2.7677311117699026, 39.743000758961585], [2.7677510753321313, 39.74333198128024], [2.767812997940206, 39.743660098041715], [2.767916283824556, 39.74398194923824], [2.768059938820375, 39.74429443516097], [2.768242579921419, 39.744594546255925], [2.7684624485810496, 39.74487939211315], [2.7687174276331215, 39.745146229309796], [2.7690050616703257, 39.74539248783836], [2.7693225806841704, 39.745615795865845], [2.7696669267391885, 39.745814002584545], [2.7700347834245957, 39.74598519893433], [2.770422607799667, 39.746127735996374], [2.7708266645249475, 39.74624024088112], [2.7712430618501633, 39.74632162995673], [2.7716677891117096, 39.74637111929086], [2.7720967553778935, 39.74638823220459], [2.7725258288689854, 39.746372803865754], [2.772950876771581, 39.746324982877375], [2.773367805062963, 39.74624522984579], [2.773772597961035, 39.74613431294222], [2.774161356619056, 39.745993300500906], [2.7745303366917216, 39.74582355072482], [2.7748759844101287, 39.745626698598755], [2.775194970817622, 39.74540464013569], [2.775484223836386, 39.74515951410881], [2.775740957855707, 39.74489368144504], [2.775962700556844, 39.74460970247935], [2.776147316716263, 39.744310312288704], [2.7762930287582446, 39.74399839434402], [2.776398433859348, 39.74367695273379], [2.7764625174405584, 39.74334908322744], [2.7764846629178788, 39.743017943457055], [2.7764646576182352, 39.74268672250502], [2.7764026948045757, 39.74235861019042], [2.7762993717915507, 39.74203676635013], [2.7761556841708, 39.741724290410325]]], [[[2.7674477191117792, 39.72819186930537], [2.767265124404638, 39.72789175624608], [2.7670453143124134, 39.72760690745731], [2.7667904060154056, 39.72734006598722], [2.766502854600028, 39.727093801445825], [2.766185429408065, 39.72687048526668], [2.7658411873639257, 39.72667226787754], [2.765473443536855, 39.72650105799931], [2.765085739221537, 39.72635850427248], [2.7646818078442266, 39.726245979387755], [2.764265539022349, 39.72616456687308], [2.76384094112313, 39.72611505066446], [2.7634121026811562, 39.72609790756044], [2.7629831530456515, 39.72611330263294], [2.762558222635619, 39.72616108763856], [2.7621414031847156, 39.72624080244545], [2.7617367083578452, 39.72635167946219], [2.7613480351178983, 39.72649265102602], [2.760979126213909, 39.72666235967957], [2.760633534151196, 39.7268591712371], [2.760314586989906, 39.727081190514916], [2.760025356300906, 39.72732627957454], [2.7597686275873645, 39.72759207830352], [2.7595468734567827, 39.72787602713575], [2.75936222980192, 39.72817539169298], [2.75921647522025, 39.72848728911061], [2.759111013870575, 39.72880871579426], [2.759046861932433, 39.729136576340366], [2.759024637799415, 39.72946771334234], [2.7590445561015797, 39.72979893779539], [2.759106425615415, 39.7301270598075], [2.7592096510823434, 39.730448919320466], [2.759353238919144, 39.7307614165455], [2.759535806766163, 39.7310615418199], [2.759755596782131, 39.731346404597375], [2.7600104925582682, 39.731613261292196], [2.7602980394893306, 39.73185954170929], [2.760615468405864, 39.73208287380496], [2.7609597222403264, 39.732281106539816], [2.7613274854703764, 39.73245233060321], [2.761715216055685, 39.73259489680953], [2.762119179560457, 39.732707431988494], [2.762535485132625, 39.73278885221656], [2.7629601229926717, 39.73283837326131], [2.763389003070338, 39.73285551813833], [2.7638179944163626, 39.73284012170756], [2.764242965008832, 39.73279233226461], [2.7646598215699, 39.73271261011186], [2.76506454900854, 39.732601723123025], [2.7654532491086092, 39.73246073934408], [2.7658221780888548, 39.732291016701815], [2.766167782672438, 39.73209418991954], [2.766486734318042, 39.73187215476604], [2.7667759612824714, 39.73162704978991], [2.7670326782056898, 39.73136123571521], [2.7672544129332914, 39.73107727269781], [2.7674390303181635, 39.73077789566109], [2.7675847527723727, 39.73046598794921], [2.7676901773717577, 39.730144553552165], [2.767754289349072, 39.72981668816993], [2.767776471846398, 39.72948554939497], [2.7677565118337135, 39.72915432630017], [2.767694602137442, 39.72882620872539], [2.7675913395603495, 39.72850435655829], [2.7674477191117792, 39.72819186930537]]], [[[2.767568646057441, 39.735261966348894], [2.7674250118366945, 39.734949479391936], [2.7672423995421878, 39.73464936659536], [2.7670225682169143, 39.73436451803357], [2.7667676352457584, 39.73409767675241], [2.7664800559528198, 39.73385141236005], [2.766162599948381, 39.733628096288605], [2.765818324453574, 39.73342987896468], [2.7654505448597346, 39.7332586691085], [2.765062802805907, 39.73311611536034], [2.764658832081661, 39.733003590410995], [2.764242522683199, 39.732922177789064], [2.7638178833683416, 39.73287266143152], [2.763389003070338, 39.73285551813833], [2.762960011541306, 39.73287091298326], [2.7625350396035033, 39.732918697725076], [2.762118179390328, 39.73299841223449], [2.7617134449590655, 39.73310928892297], [2.761324733653861, 39.73325026013095], [2.7609557885902056, 39.73341996840455], [2.760610162621559, 39.733616779561714], [2.7602911841345397, 39.73383879842266], [2.7600019250016756, 39.734083887052996], [2.759745171000084, 39.73434968534445], [2.7595233949808597, 39.73463363373517], [2.759338733047656, 39.734932997851224], [2.7591929639741055, 39.735244894832306], [2.7590874920587294, 39.73556632108827], [2.759023333582999, 39.735894181219685], [2.759001107003659, 39.73622531782399], [2.759021026974529, 39.73655654190024], [2.7590829022562304, 39.73688466356], [2.7591861375348317, 39.73720652274847], [2.759329739132802, 39.73751901967996], [2.7595123245581172, 39.73781914469458], [2.759732135800352, 39.738104007248474], [2.7599870562464006, 39.73837086375803], [2.760274631053498, 39.73861714402988], [2.760592090783749, 39.73884047602171], [2.7609363780728415, 39.73903870869503], [2.761304177076191, 39.73920993273978], [2.7616919454088578, 39.73935249897045], [2.76209594827139, 39.7394650342165], [2.76251229443253, 39.73954645455367], [2.7629369737216862, 39.7395959757485], [2.763365895669422, 39.73961312081508], [2.763794928923042, 39.73959772461158], [2.7642199410568353, 39.73954993543135], [2.7646368383926974, 39.7394702135743], [2.765041605446736, 39.73935932691132], [2.7654303436211323, 39.73921834348526], [2.7657993087678263, 39.739048621219574], [2.7661449472615787, 39.73885179483399], [2.7664639302344396, 39.73862976009355], [2.7667531856414906, 39.73838465554286], [2.767009927848797, 39.73811884190201], [2.7672316844585105, 39.73783487932272], [2.767416320112875, 39.73753550272415], [2.76756205704814, 39.737223595446366], [2.7676674922008386, 39.73690216147516], [2.7677316107022696, 39.73657429650646], [2.7677537956318785, 39.73624315812874], [2.767733833936421, 39.7359119354111], [2.767671918458728, 39.73558381818974], [2.767568646057441, 39.735261966348894]]], [[[2.758863169796894, 39.72172889348245], [2.758719602703622, 39.721416395227344], [2.7585370636260107, 39.72111626825728], [2.758317310901831, 39.720831402783276], [2.758062461158978, 39.720564542014216], [2.7577749689200894, 39.72031825574607], [2.757457602957228, 39.72009491562175], [2.757113419624614, 39.71989667229963], [2.7567457334263206, 39.719725434750366], [2.7563580851023097, 39.719582851880965], [2.755954207539895, 39.719470296662756], [2.7555379898385213, 39.71938885291574], [2.755113439873371, 39.71933930487668], [2.754684645717655, 39.71932212965052], [2.7542557362943207, 39.719337492618486], [2.7538308416352892, 39.71938524584622], [2.7534140531300557, 39.71946492950778], [2.7530093841455847, 39.71957577631158], [2.7526207313959237, 39.71971671888571], [2.7522518374327465, 39.71988640005185], [2.751906254617405, 39.72008318588891], [2.7515873109208546, 39.72030518146079], [2.7512980778804152, 39.72055024905726], [2.7510413410216814, 39.720816028772504], [2.7508195730303444, 39.721099961223516], [2.750634909932376, 39.72139931218983], [2.750489130512212, 39.72171119893774], [2.7503836391675764, 39.722032617975685], [2.7503194523666004, 39.72236047397378], [2.750297188838366, 39.72269160956934], [2.750317063592106, 39.72302283577122], [2.7503788858235207, 39.723350962670686], [2.7504820607292464, 39.72367283016258], [2.7506255952129113, 39.723985338381375], [2.750808107428648, 39.72428547755866], [2.751027840070974, 39.72457035701433], [2.7512826772837267, 39.72483723300218], [2.751570165025795, 39.72508353514134], [2.7518875346979255, 39.72530689117905], [2.752231729803353, 39.72550514984538], [2.752599435385582, 39.72567640157997], [2.7529871099597365, 39.725818996930705], [2.7533910196297247, 39.72593156244662], [2.7538072740622264, 39.72601301391192], [2.7542318639705003, 39.72606256679332], [2.754660699746346, 39.72607974379971], [2.7550896508673772, 39.7260643794815], [2.755514585699253, 39.72601662182491], [2.7559314113086595, 39.725936930826094], [2.756336112902738, 39.725826074058595], [2.7567247925142744, 39.725685119277244], [2.757093706559305, 39.72551542412944], [2.7574393019047463, 39.725318623073605], [2.7577582500981164, 39.72509661163069], [2.7580474794292864, 39.72485152812084], [2.758304204515206, 39.724585733061396], [2.758525953122607, 39.72430178642505], [2.758710589970432, 39.72400242297739], [2.7588563372830217, 39.723690525931794], [2.758961791896531, 39.723369099175535], [2.759025938754383, 39.723041238335114], [2.7590481606624877, 39.722710100959326], [2.759028244211051, 39.72237887610767], [2.758966381806793, 39.72205075363708], [2.758863169796894, 39.72172889348245]]], [[[2.758816081650826, 39.73524411245421], [2.7586724870445445, 39.734931614785864], [2.758489912823796, 39.73463148833476], [2.7582701176650595, 39.734346623306806], [2.7580152186050935, 39.73407976290652], [2.7577276706416085, 39.733833476926186], [2.75741024308337, 39.73361013700586], [2.757065992877759, 39.73341189380183], [2.7566982351727587, 39.73324065628353], [2.756310511396792, 39.73309807335753], [2.755906555163561, 39.73298551799564], [2.755490256329842, 39.73290407401922], [2.75506562355181, 39.73285452566708], [2.754636745699821, 39.732837350047234], [2.7542077525024595, 39.732852712544656], [2.7537827747980317, 39.732900465229534], [2.753365904775414, 39.73298014828119], [2.752961156586269, 39.73309099441395], [2.752572427707109, 39.733231936262456], [2.752203461422518, 39.73340161665546], [2.751857810790146, 39.73359840167939], [2.7515388044339413, 39.733820396406095], [2.751249514494626, 39.73406546313358], [2.7509927270457983, 39.73433124196456], [2.7507709152604733, 39.73461517352461], [2.7505862155865692, 39.73491452360193], [2.7504404071610256, 39.73522640947149], [2.750334894661213, 39.73554782765023], [2.750270694759356, 39.73587568281664], [2.750248426311094, 39.73620681761603], [2.7502683043734453, 39.73653804306498], [2.750330138110651, 39.736866169261944], [2.750433332608932, 39.737188036108535], [2.75057689458359, 39.73750054374537], [2.7507594419243206, 39.73780068240962], [2.750979216987631, 39.738085561425976], [2.7512341035090166, 39.73835243705238], [2.751521646972618, 39.73859873891137], [2.751839078242598, 39.73882209475275], [2.7521833402289366, 39.73902035330837], [2.752551117330922, 39.73919160501883], [2.7529388673747173, 39.73933420043215], [2.753342855737162, 39.73944676609668], [2.753759191326772, 39.739528217795126], [2.754183864074864, 39.739577770991886], [2.754612783575055, 39.739594948392806], [2.755041818498244, 39.739579584544465], [2.7554668364026242, 39.739531827428586], [2.7558837435544574, 39.73945213703612], [2.756288524375227, 39.739341280934845], [2.756677280134404, 39.73920032687322], [2.7570462665144215, 39.739030632491826], [2.7573919296853737, 39.73883383224178], [2.757710940541461, 39.73861182163639], [2.758000226769034, 39.73836673898784], [2.7582570024371345, 39.738100944805296], [2.758478794825474, 39.7378169990531], [2.758663468231549, 39.73751763648844], [2.7588092445278796, 39.73720574031624], [2.7589147202718016, 39.73688431441548], [2.7589788802035984, 39.73655645440446], [2.759001107003659, 39.73622531782398], [2.758981187215481, 39.735894093725946], [2.7589193132783234, 39.73556597195999], [2.758816081650826, 39.73524411245421]]]]}, "properties": {"isochrone_origin_id": "ISO03", "origin_name": "L´HERMITAGE", "origin_access_band": "baja_800_1200m", "threshold_min": 30, "grid_spacing_m": 750, "reachable_grid_cells": 10}}, {"type": "Feature", "geometry": {"type": "MultiPolygon", "coordinates": [[[[2.7979882960863804, 39.70934965477917], [2.7978849212275385, 39.709027828183864], [2.797741203911853, 39.70871537710417], [2.797558528684217, 39.70841531047093], [2.7973386551926582, 39.70813051791386], [2.7970837012271508, 39.70786374193946], [2.796796122313074, 39.70761755152707], [2.79647868805628, 39.707394317396485], [2.796134455467829, 39.70719618918543], [2.7957667395253947, 39.707025074756274], [2.795379081254767, 39.706882621830594], [2.7949752136385864, 39.706770202128666], [2.794559025680224, 39.70668889816589], [2.7941345249683245, 39.706639492833254], [2.793705799101857, 39.70662246186192], [2.7932769763463905, 39.70663796924435], [2.7928521858996507, 39.70668586565585], [2.7924355181481326, 39.70676568989202], [2.792030985296638, 39.70687667330784], [2.7916424827490434, 39.70701774721606], [2.7912737516114374, 39.707187553173796], [2.7909283426780482, 39.70738445605827], [2.7906095822462333, 39.7076065598062], [2.790320540089313, 39.70785172566554], [2.790063999895437, 39.708117592783985], [2.789842432457068, 39.70840160093654], [2.7896579718693664, 39.708701015173375], [2.789512394966949, 39.70901295215104], [2.7894071041974686, 39.70933440789382], [2.7893431140975062, 39.70966228671785], [2.7893210415017107, 39.70999343104009], [2.789341099580247, 39.710324651784916], [2.7894030957628337, 39.710652759095574], [2.7895064335702418, 39.71097459305516], [2.789650118336506, 39.71128705412072], [2.7898327667675886, 39.7115871329776], [2.790052620245239, 39.71187193952637], [2.7903075617486066, 39.712138730722806], [2.7905951362312247, 39.71238493700264], [2.79091257425754, 39.71260818703628], [2.7912568186716316, 39.712806330574836], [2.791624554041373, 39.71297745916695], [2.7920122385943933, 39.71311992454673], [2.792416138338036, 39.71323235451532], [2.7928323630342877, 39.713313666162776], [2.7932569036826886, 39.713363076302784], [2.7936856711494213, 39.71338010901944], [2.7932568065432792, 39.713395616201], [2.7928319746159276, 39.7134435123752], [2.7924152661532564, 39.71352333633989], [2.7920106937519593, 39.713634319452694], [2.79162215319664, 39.71377539302936], [2.791253385959293, 39.71394519863018], [2.79090794318171, 39.71414210113589], [2.790589151487124, 39.714364204486934], [2.7903000809499128, 39.71460936993508], [2.790043515531561, 39.71487523663208], [2.7898219262675137, 39.71515924435704], [2.7896374474632193, 39.71545865816431], [2.789491856128858, 39.71577059471463], [2.7893865548512253, 39.71609205003639], [2.7893225582682803, 39.716419928449824], [2.7893004832773007, 39.71675107237591], [2.7893205430717187, 39.717082292742774], [2.7893825450649317, 39.71741039969734], [2.7894858927219452, 39.71773223332612], [2.789629591282118, 39.71804469408928], [2.789812257318727, 39.71834477267508], [2.7900321320441015, 39.71862957898668], [2.7902870982328607, 39.71889636998203], [2.7905747006008643, 39.719142576098804], [2.79089216944403, 39.719365826008875], [2.791236447309636, 39.719563969464524], [2.7916042184433407, 39.719735098015114], [2.791991940728255, 39.71987756339513], [2.7923958798082134, 39.719989993405655], [2.7928121450662178, 39.7200713051363], [2.7932367271109984, 39.720120715399915], [2.7936655364099843, 39.72013774827942], [2.794094442695858, 39.72012223971372], [2.794519314766327, 39.7200743390787], [2.7949360602929314, 39.71999450774793], [2.795340665254634, 39.71988351464686], [2.7957292326155514, 39.71974242884363], [2.796098019873566, 39.71957260924773], [2.796443475117503, 39.719375691516284], [2.7967622712450537, 39.71915357229399], [2.7970513380114848, 39.718908390938964], [2.7973078916002194, 39.71864250891076], [2.7975294614304196, 39.718358487019444], [2.797713913943468, 39.71805906075509], [2.797859473139542, 39.717747113935644], [2.7979647376669035, 39.71742565092737], [2.7980286942998847, 39.7170977677054], [2.7980507276764626, 39.71676662203359], [2.7980306262024235, 39.71643540305085], [2.7979685840660946, 39.716107300557105], [2.797865199345147, 39.7157854742944], [2.7977214682245695, 39.715473023519486], [2.7975387753823617, 39.71517295716026], [2.7973188806363196, 39.71488816484376], [2.7970639019812067, 39.71462138907411], [2.796776295180238, 39.71437519882863], [2.796458830107852, 39.71415196482541], [2.7961145640718623, 39.713953836700966], [2.7957468123720046, 39.71378272231673], [2.7953591163783367, 39.7136402693938], [2.794955209436665, 39.71352784965241], [2.7945389809289325, 39.71344654560829], [2.794114438834116, 39.713397140153184], [2.793685671149643, 39.71338010901944], [2.7941145355705688, 39.71336460025323], [2.7945393661468896, 39.71331669938198], [2.794956070949842, 39.71323686778152], [2.7953606363507584, 39.71312587437988], [2.795749165694906, 39.71298478824801], [2.7961179168464207, 39.712814968298574], [2.796463338241949, 39.71261805019204], [2.796782103105222, 39.71239593057665], [2.7970711414926206, 39.71215074881427], [2.7973276698608553, 39.711884866368315], [2.797549217871917, 39.711600844052825], [2.797733652177226, 39.71130141736189], [2.797879196952182, 39.710989470117546], [2.797984450983773, 39.71066800669009], [2.798048401147234, 39.71034012305869], [2.7980704321426546, 39.71000897699111], [2.798050332398548, 39.7096777576301], [2.7979882960863804, 39.70934965477917]]], [[[2.7980507276764626, 39.71676662203359], [2.7980708293360936, 39.71709784099438], [2.798132872824695, 39.71742594338086], [2.7982362612075913, 39.71774776932341], [2.7983799993318343, 39.71806021935612], [2.7985627033895515, 39.718360284270524], [2.7987826142267505, 39.71864507410133], [2.799037614270096, 39.71891184596522], [2.799325247909216, 39.71915803048402], [2.799642745138668, 39.719381256537645], [2.799987048232152, 39.719579374108086], [2.800354841192174, 39.719750474994065], [2.8007425816914644, 39.71989291119653], [2.801146535198286, 39.72000531079762], [2.8015628109565722, 39.72008659117989], [2.801987399473831, 39.72013596945821], [2.802416211155098, 39.72015297002365], [2.8028451157100918, 39.72013742912637], [2.8032699819532056, 39.72008949645379], [2.8036867176121607, 39.72000963368812], [2.8040913087610417, 39.719898610057626], [2.80447985849712, 39.71975749492454], [2.8048486244881694, 39.71958764748093], [2.8051940550280072, 39.71939070365212], [2.805512823252432, 39.71916856033419], [2.8058018591856344, 39.718923357117305], [2.8060583793081824, 39.71865745567158], [2.8062799133617284, 39.71837341699403], [2.8064643281323853, 39.718073976736335], [2.806609847983969, 39.717762018851154], [2.8067150719437786, 39.717440547811215], [2.806778987176933, 39.71711265966891], [2.806800978720173, 39.716781512235386], [2.806780835382183, 39.716450294666394], [2.8067187517544445, 39.716122196748124], [2.806615326314158, 39.71580037817848], [2.8064715556383666, 39.715487938139994], [2.80628882478588, 39.71518788545711], [2.8060688939403993, 39.714903109625055], [2.8058138814441658, 39.71463635298917], [2.80552624338611, 39.714390184342456], [2.8052087499414915, 39.714166974194995], [2.8048644586911604, 39.71396887195356], [2.804496685177486, 39.71379778523035], [2.804108970980425, 39.71365536148015], [2.803705049620936, 39.71354297214226], [2.80328881061968, 39.71346169943973], [2.802864262056598, 39.713412325962565], [2.802435491991237, 39.71339532713524], [2.8020066291146035, 39.71341086664069], [2.8015818030106265, 39.71345879484506], [2.8011651044090624, 39.71353865023785], [2.8007605458117295, 39.71364966387409], [2.800372022870421, 39.71379076677565], [2.8000032768876526, 39.71396060022053], [2.7996578588007024, 39.71415752882132], [2.7993390949952133, 39.714379656267184], [2.799050055277177, 39.71462484357788], [2.7987935233114754, 39.714890729694595], [2.798571969811581, 39.71517475420938], [2.798387528738694, 39.715474182014816], [2.798241976739779, 39.715786129636804], [2.798136716022939, 39.71610759299699], [2.7980727608356086, 39.71643547633813], [2.7980507276764626, 39.71676662203359]]], [[[2.797948865398738, 39.722864938437745], [2.797845470812371, 39.72254311250765], [2.7977017258822583, 39.722230662037525], [2.79751901541955, 39.721930595952344], [2.797299099411868, 39.721645803876385], [2.7970440960588334, 39.72137902831147], [2.7967564613615776, 39.721132838232876], [2.7964389654632176, 39.72090960435703], [2.7960946659684183, 39.720711476319174], [2.795726878499085, 39.720540361979836], [2.7953391447696623, 39.720397909059656], [2.7949351984892443, 39.720285489278766], [2.79451892941847, 39.72020418515327], [2.794094345926785, 39.72015477957566], [2.7936655364099843, 39.72013774827943], [2.793236629938833, 39.720153255260115], [2.792811756516879, 39.72020115119697], [2.792395007329324, 39.72028097489015], [2.791990395364884, 39.720391957699924], [2.7916018167890195, 39.72053303094496], [2.7912330134397525, 39.72070283618885], [2.790887536806555, 39.72089973831576], [2.7905687138386477, 39.721121841269856], [2.7902796149115656, 39.721367006306785], [2.7900230242602224, 39.72163287258231], [2.789801413163127, 39.721916879879664], [2.789616916136086, 39.72221629325731], [2.789471310364902, 39.72252822938024], [2.789365998575562, 39.72284968428095], [2.7893019955074356, 39.723177562283816], [2.7892799181204504, 39.723508705813686], [2.7892999796313167, 39.72383992580257], [2.7893619874371027, 39.72416803240106], [2.7894653449470317, 39.724489865699], [2.789609057305752, 39.72480232615978], [2.789791740953813, 39.72510240447452], [2.7900116369340653, 39.725387210548924], [2.79026662781653, 39.725654001343216], [2.7905542580793132, 39.72590020729692], [2.790871757749713, 39.72612345708345], [2.7912160690781054, 39.72632160045619], [2.791583875987828, 39.7264927289653], [2.791971636017353, 39.72663519434557], [2.7923756144468883, 39.726747624398044], [2.7927919202803206, 39.72682893621191], [2.7932165437354386, 39.72687834659919], [2.7936453948806723, 39.726895379641576], [2.794074343045501, 39.72687987127641], [2.794499256624112, 39.726831970877654], [2.794916042888105, 39.72675213981662], [2.7953206874239376, 39.72664114701618], [2.7957092928144496, 39.7265000615416], [2.796078116191146, 39.72633024229928], [2.7964236052949127, 39.72613332494297], [2.796742432697292, 39.72591120611379], [2.797031527852334, 39.725666025166156], [2.7972881066700834, 39.725400143555746], [2.797509698326789, 39.725116122088636], [2.7976941690537283, 39.72481669625089], [2.7978397426757953, 39.72450474985637], [2.797945017702477, 39.72418328726728], [2.7980089808071718, 39.72385540445476], [2.7980310165657234, 39.72352425917873], [2.7980109133611806, 39.723193040574316], [2.797948865398738, 39.722864938437745]]]]}, "properties": {"isochrone_origin_id": "ISO04", "origin_name": "SON PENYAFLOR", "origin_access_band": "brecha_mas_1200m", "threshold_min": 30, "grid_spacing_m": 750, "reachable_grid_cells": 4}}]}