{
  "type": "FeatureCollection",
  "name": "tib_gtfs_stops",
  "metadata": {
    "source_id": "tib_gtfs_supply",
    "source_run_id": "20260912T231840Z",
    "source_payload_sha256": "eb239bebf5dcb013fbc75bd563b00e45c84764be096e400bc8cb88a9c005afff",
    "license": "CC-BY-4.0",
    "attribution": "Consorci de Transports de Mallorca, datos abiertos GTFS, CC-BY 4.0.",
    "crs": "EPSG:4326",
    "generated_at_utc": "2026-09-12T23:18:58.087519+00:00"
  },
  "features": [
    {
      "type": "Feature",
      "properties": {
        "stop_id": "86",
        "stop_name": "Cala Millor centre (51032)",
        "stop_code": "51032",
        "location_type": "0",
        "parent_station": null,
        "wheelchair_boarding": null,
        "zone_id": "12640",
        "source_dataset": "tib_gtfs_supply"
      },
      "geometry": {
        "type": "Point",
        "coordinates": [
          3.381568,
          39.601162
        ]
      }
    },
    {
      "type": "Feature",
      "properties": {
        "stop_id": "37649",
        "stop_name": "Argentina - Sa Feixina 1 (40134)",
        "stop_code": "40134",
        "location_type": "0",
        "parent_station": null,
        "wheelchair_boarding": null,
        "zone_id": "12376",
        "source_dataset": "tib_gtfs_supply"
      },
      "geometry": {
        "type": "Point",
        "coordinates": [
          2.63961,
          39.570217
        ]
      }
    },
    {
      "type": "Feature",
      "properties": {
        "stop_id": "37650",
        "stop_name": "Argentina - Sa Feixina 2 (40135)",
        "stop_code": "40135",
        "location_type": "0",
        "parent_station": null,
        "wheelchair_boarding": null,
        "zone_id": "12376",
        "source_dataset": "tib_gtfs_supply"
      },
      "geometry": {
        "type": "Point",
        "coordinates": [
          2.639675,
          39.570953
        ]
      }
    },
    {
      "type": "Feature",
      "properties": {
        "stop_id": "37653",
        "stop_name": "Aeroport - Sortides (40128)",
        "stop_code": "40128",
        "location_type": "0",
        "parent_station": null,
        "wheelchair_boarding": null,
        "zone_id": "12665",
        "source_dataset": "tib_gtfs_supply"
      },
      "geometry": {
        "type": "Point",
        "coordinates": [
          2.730366,
          39.547745
        ]
      }
    },
    {
      "type": "Feature",
      "properties": {
        "stop_id": "37654",
        "stop_name": "Aeroport - Arribades (40129)",
        "stop_code": "40129",
        "location_type": "0",
        "parent_station": null,
        "wheelchair_boarding": null,
        "zone_id": "12665",
        "source_dataset": "tib_gtfs_supply"
      },
      "geometry": {
        "type": "Point",
        "coordinates": [
          2.728573,
          39.547504
        ]
      }
    },
    {
      "type": "Feature",
      "properties": {
        "stop_id": "37655",
        "stop_name": "Pont d'Inca Nou 1 (36097)",
        "stop_code": "36097",
        "location_type": "0",
        "parent_station": null,
        "wheelchair_boarding": null,
        "zone_id": "12380",
        "source_dataset": "tib_gtfs_supply"
      },
      "geometry": {
        "type": "Point",
        "coordinates": [
          2.70175,
          39.60387
        ]
      }
    },
    {
      "type": "Feature",
      "properties": {
        "stop_id": "37656",
        "stop_name": "Mirador de ses Barques 2 (25002)",
        "stop_code": "25002",
        "location_type": "0",
        "parent_station": null,
        "wheelchair_boarding": null,
        "zone_id": "12667",
        "source_dataset": "tib_gtfs_supply"
      },
      "geometry": {
        "type": "Point",
        "coordinates": [
          2.725567,
          39.79061
        ]
      }
    },
    {
      "type": "Feature",
      "properties": {
        "stop_id": "37657",
        "stop_name": "Mirador de ses Barques 1 (25001)",
        "stop_code": "25001",
        "location_type": "0",
        "parent_station": null,
        "wheelchair_boarding": null,
        "zone_id": "12667",
        "source_dataset": "tib_gtfs_supply"
      },
      "geometry": {
        "type": "Point",
        "coordinates": [
          2.725059,
          39.790592
        ]
      }
    },
    {
      "type": "Feature",
      "properties": {
        "stop_id": "37658",
        "stop_name": "Menut 2 (19014)",
        "stop_code": "19014",
        "location_type": "0",
        "parent_station": null,
        "wheelchair_boarding": null,
        "zone_id": "12525",
        "source_dataset": "tib_gtfs_supply"
      },
      "geometry": {
        "type": "Point",
        "coordinates": [
          2.896426,
          39.830067
        ]
      }
    },
    {
      "type": "Feature",
      "properties": {
        "stop_id": "37659",
        "stop_name": "Menut 1 (19015)",
        "stop_code": "19015",
        "location_type": "0",
        "parent_station": null,
        "wheelchair_boarding": null,
        "zone_id": "12525",
        "source_dataset": "tib_gtfs_supply"
      },
      "geometry": {
        "type": "Point",
        "coordinates": [
          2.896392,
          39.829952
        ]
      }
    },
    {
      "type": "Feature",
      "properties": {
        "stop_id": "37660",
        "stop_name": "Vall d'en Marc 2 (42050)",
        "stop_code": "42050",
        "location_type": "0",
        "parent_station": null,
        "wheelchair_boarding": null,
        "zone_id": "12668",
        "source_dataset": "tib_gtfs_supply"
      },
      "geometry": {
        "type": "Point",
        "coordinates": [
          2.966953,
          39.868702
        ]
      }
    },
    {
      "type": "Feature",
      "properties": {
        "stop_id": "37661",
        "stop_name": "Vall d'en Marc 1 (42049)",
        "stop_code": "42049",
        "location_type": "0",
        "parent_station": null,
        "wheelchair_boarding": null,
        "zone_id": "12668",
        "source_dataset": "tib_gtfs_supply"
      },
      "geometry": {
        "type": "Point",
        "coordinates": [
          2.966903,
          39.868816
        ]
      }
    },
    {
      "type": "Feature",
      "properties": {
        "stop_id": "37662",
        "stop_name": "Fartàritx 1 (42047)",
        "stop_code": "42047",
        "location_type": "0",
        "parent_station": null,
        "wheelchair_boarding": null,
        "zone_id": "12668",
        "source_dataset": "tib_gtfs_supply"
      },
      "geometry": {
        "type": "Point",
        "coordinates": [
          2.994969,
          39.875835
        ]
      }
    },
    {
      "type": "Feature",
      "properties": {
        "stop_id": "37663",
        "stop_name": "Fartàritx 2 (42048)",
        "stop_code": "42048",
        "location_type": "0",
        "parent_station": null,
        "wheelchair_boarding": null,
        "zone_id": "12668",
        "source_dataset": "tib_gtfs_supply"
      },
      "geometry": {
        "type": "Point",
        "coordinates": [
          2.995116,
          39.8758
        ]
      }
    },
    {
      "type": "Feature",
      "properties": {
        "stop_id": "37664",
        "stop_name": "Pont Romà 1 (42045)",
        "stop_code": "42045",
        "location_type": "0",
        "parent_station": null,
        "wheelchair_boarding": null,
        "zone_id": "12529",
        "source_dataset": "tib_gtfs_supply"
      },
      "geometry": {
        "type": "Point",
        "coordinates": [
          3.012952,
          39.883102
        ]
      }
    },
    {
      "type": "Feature",
      "properties": {
        "stop_id": "37665",
        "stop_name": "Pont Romà 2 (42046)",
        "stop_code": "42046",
        "location_type": "0",
        "parent_station": null,
        "wheelchair_boarding": null,
        "zone_id": "12529",
        "source_dataset": "tib_gtfs_supply"
      },
      "geometry": {
        "type": "Point",
        "coordinates": [
          3.013012,
          39.88302
        ]
      }
    },
    {
      "type": "Feature",
      "properties": {
        "stop_id": "37670",
        "stop_name": "Estació Sa Pobla 2 (44012)",
        "stop_code": "44012",
        "location_type": "0",
        "parent_station": null,
        "wheelchair_boarding": null,
        "zone_id": "12395",
        "source_dataset": "tib_gtfs_supply"
      },
      "geometry": {
        "type": "Point",
        "coordinates": [
          3.029148,
          39.764824
        ]
      }
    },
    {
      "type": "Feature",
      "properties": {
        "stop_id": "37671",
        "stop_name": "Estació Sa Pobla 1 (44013)",
        "stop_code": "44013",
        "location_type": "0",
        "parent_station": null,
        "wheelchair_boarding": null,
        "zone_id": "12395",
        "source_dataset": "tib_gtfs_supply"
      },
      "geometry": {
        "type": "Point",
        "coordinates": [
          3.029234,
          39.765144
        ]
      }
    },
    {
      "type": "Feature",
      "properties": {
        "stop_id": "37672",
        "stop_name": "Santa Catalina Thomàs (39041)",
        "stop_code": "39041",
        "location_type": "0",
        "parent_station": null,
        "wheelchair_boarding": null,
        "zone_id": "12394",
        "source_dataset": "tib_gtfs_supply"
      },
      "geometry": {
        "type": "Point",
        "coordinates": [
          3.051304,
          39.73705
        ]
      }
    },
    {
      "type": "Feature",
      "properties": {
        "stop_id": "37673",
        "stop_name": "Bellevue (3046)",
        "stop_code": "3046",
        "location_type": "0",
        "parent_station": null,
        "wheelchair_boarding": null,
        "zone_id": "12491",
        "source_dataset": "tib_gtfs_supply"
      },
      "geometry": {
        "type": "Point",
        "coordinates": [
          3.109809,
          39.831367
        ]
      }
    },
    {
      "type": "Feature",
      "properties": {
        "stop_id": "37676",
        "stop_name": "Costitx 1 (17007)",
        "stop_code": "17007",
        "location_type": "0",
        "parent_station": null,
        "wheelchair_boarding": null,
        "zone_id": "12511",
        "source_dataset": "tib_gtfs_supply"
      },
      "geometry": {
        "type": "Point",
        "coordinates": [
          2.950532,
          39.656128
        ]
      }
    },
    {
      "type": "Feature",
      "properties": {
        "stop_id": "37678",
        "stop_name": "FAN Centre comercial 1 (40138)",
        "stop_code": "40138",
        "location_type": "0",
        "parent_station": null,
        "wheelchair_boarding": null,
        "zone_id": "12376",
        "source_dataset": "tib_gtfs_supply"
      },
      "geometry": {
        "type": "Point",
        "coordinates": [
          2.705601,
          39.55497
        ]
      }
    },
    {
      "type": "Feature",
      "properties": {
        "stop_id": "37680",
        "stop_name": "FAN Centre comercial 2 (40139)",
        "stop_code": "40139",
        "location_type": "0",
        "parent_station": null,
        "wheelchair_boarding": null,
        "zone_id": "12376",
        "source_dataset": "tib_gtfs_supply"
      },
      "geometry": {
        "type": "Point",
        "coordinates": [
          2.705789,
          39.555363
        ]
      }
    },
    {
      "type": "Feature",
      "properties": {
        "stop_id": "37682",
        "stop_name": "Son Moja (57055)",
        "stop_code": "57055",
        "location_type": "0",
        "parent_station": null,
        "wheelchair_boarding": null,
        "zone_id": "12618",
        "source_dataset": "tib_gtfs_supply"
      },
      "geometry": {
        "type": "Point",
        "coordinates": [
          3.139167,
          39.336815
        ]
      }
    },
    {
      "type": "Feature",
      "properties": {
        "stop_id": "37683",
        "stop_name": "Cala Llombards (57047)",
        "stop_code": "57047",
        "location_type": "0",
        "parent_station": null,
        "wheelchair_boarding": null,
        "zone_id": "12669",
        "source_dataset": "tib_gtfs_supply"
      },
      "geometry": {
        "type": "Point",
        "coordinates": [
          3.125808,
          39.3207
        ]
      }
    },
    {
      "type": "Feature",
      "properties": {
        "stop_id": "37685",
        "stop_name": "Sa Tanca 1 (57059)",
        "stop_code": "57059",
        "location_type": "0",
        "parent_station": null,
        "wheelchair_boarding": null,
        "zone_id": "12650",
        "source_dataset": "tib_gtfs_supply"
      },
      "geometry": {
        "type": "Point",
        "coordinates": [
          3.132145,
          39.351406
        ]
      }
    },
    {
      "type": "Feature",
      "properties": {
        "stop_id": "37686",
        "stop_name": "Sa Tanca 2 (57058)",
        "stop_code": "57058",
        "location_type": "0",
        "parent_station": null,
        "wheelchair_boarding": null,
        "zone_id": "12650",
        "source_dataset": "tib_gtfs_supply"
      },
      "geometry": {
        "type": "Point",
        "coordinates": [
          3.131689,
          39.35087
        ]
      }
    },
    {
      "type": "Feature",
      "properties": {
        "stop_id": "37689",
        "stop_name": "Ermita de la Trinitat 2 (63011)",
        "stop_code": "63011",
        "location_type": "0",
        "parent_station": null,
        "wheelchair_boarding": null,
        "zone_id": "12523",
        "source_dataset": "tib_gtfs_supply"
      },
      "geometry": {
        "type": "Point",
        "coordinates": [
          2.606635,
          39.720943
        ]
      }
    },
    {
      "type": "Feature",
      "properties": {
        "stop_id": "37690",
        "stop_name": "Margalides (11185)",
        "stop_code": "11185",
        "location_type": "0",
        "parent_station": null,
        "wheelchair_boarding": null,
        "zone_id": "12441",
        "source_dataset": "tib_gtfs_supply"
      },
      "geometry": {
        "type": "Point",
        "coordinates": [
          2.530112,
          39.493996
        ]
      }
    },
    {
      "type": "Feature",
      "properties": {
        "stop_id": "37691",
        "stop_name": "Son Ferriol 1 (40140)",
        "stop_code": "40140",
        "location_type": "0",
        "parent_station": null,
        "wheelchair_boarding": null,
        "zone_id": "12527",
        "source_dataset": "tib_gtfs_supply"
      },
      "geometry": {
        "type": "Point",
        "coordinates": [
          2.712869,
          39.57151
        ]
      }
    },
    {
      "type": "Feature",
      "properties": {
        "stop_id": "37692",
        "stop_name": "Son Ferriol 2 (40141)",
        "stop_code": "40141",
        "location_type": "0",
        "parent_station": null,
        "wheelchair_boarding": null,
        "zone_id": "12527",
        "source_dataset": "tib_gtfs_supply"
      },
      "geometry": {
        "type": "Point",
        "coordinates": [
          2.712571,
          39.571415
        ]
      }
    },
    {
      "type": "Feature",
      "properties": {
        "stop_id": "37693",
        "stop_name": "Galatzó (11186)",
        "stop_code": "11186",
        "location_type": "0",
        "parent_station": null,
        "wheelchair_boarding": null,
        "zone_id": "12447",
        "source_dataset": "tib_gtfs_supply"
      },
      "geometry": {
        "type": "Point",
        "coordinates": [
          2.497673,
          39.524185
        ]
      }
    },
    {
      "type": "Feature",
      "properties": {
        "stop_id": "37694",
        "stop_name": "Aragó-Can Capes 1 (40142)",
        "stop_code": "40142",
        "location_type": "0",
        "parent_station": null,
        "wheelchair_boarding": null,
        "zone_id": "12376",
        "source_dataset": "tib_gtfs_supply"
      },
      "geometry": {
        "type": "Point",
        "coordinates": [
          2.668557,
          39.58267
        ]
      }
    },
    {
      "type": "Feature",
      "properties": {
        "stop_id": "37695",
        "stop_name": "Aragó-Can Capes 2 (40143)",
        "stop_code": "40143",
        "location_type": "0",
        "parent_station": null,
        "wheelchair_boarding": null,
        "zone_id": "12376",
        "source_dataset": "tib_gtfs_supply"
      },
      "geometry": {
        "type": "Point",
        "coordinates": [
          2.668783,
          39.582623
        ]
      }
    },
    {
      "type": "Feature",
      "properties": {
        "stop_id": "37696",
        "stop_name": "Ronda (11184)",
        "stop_code": "11184",
        "location_type": "0",
        "parent_station": null,
        "wheelchair_boarding": null,
        "zone_id": "12453",
        "source_dataset": "tib_gtfs_supply"
      },
      "geometry": {
        "type": "Point",
        "coordinates": [
          2.457144,
          39.54111
        ]
      }
    },
    {
      "type": "Feature",
      "properties": {
        "stop_id": "37697",
        "stop_name": "Sant Joan de Déu 2 (27017)",
        "stop_code": "27017",
        "location_type": "0",
        "parent_station": null,
        "wheelchair_boarding": null,
        "zone_id": "12391",
        "source_dataset": "tib_gtfs_supply"
      },
      "geometry": {
        "type": "Point",
        "coordinates": [
          2.918359,
          39.721245
        ]
      }
    },
    {
      "type": "Feature",
      "properties": {
        "stop_id": "37698",
        "stop_name": "Sant Joan de Déu 1 (27018)",
        "stop_code": "27018",
        "location_type": "0",
        "parent_station": null,
        "wheelchair_boarding": null,
        "zone_id": "12391",
        "source_dataset": "tib_gtfs_supply"
      },
      "geometry": {
        "type": "Point",
        "coordinates": [
          2.917911,
          39.721165
        ]
      }
    },
    {
      "type": "Feature",
      "properties": {
        "stop_id": "37702",
        "stop_name": "Baladre 1 (31124)",
        "stop_code": "31124",
        "location_type": "0",
        "parent_station": null,
        "wheelchair_boarding": null,
        "zone_id": "12626",
        "source_dataset": "tib_gtfs_supply"
      },
      "geometry": {
        "type": "Point",
        "coordinates": [
          2.745613,
          39.49211
        ]
      }
    },
    {
      "type": "Feature",
      "properties": {
        "stop_id": "37703",
        "stop_name": "Cedre 1 (31125)",
        "stop_code": "31125",
        "location_type": "0",
        "parent_station": null,
        "wheelchair_boarding": null,
        "zone_id": "12626",
        "source_dataset": "tib_gtfs_supply"
      },
      "geometry": {
        "type": "Point",
        "coordinates": [
          2.741825,
          39.489063
        ]
      }
    },
    {
      "type": "Feature",
      "properties": {
        "stop_id": "37709",
        "stop_name": "Cala Blava (31127)",
        "stop_code": "31127",
        "location_type": "0",
        "parent_station": null,
        "wheelchair_boarding": null,
        "zone_id": "12671",
        "source_dataset": "tib_gtfs_supply"
      },
      "geometry": {
        "type": "Point",
        "coordinates": [
          2.738556,
          39.482376
        ]
      }
    },
    {
      "type": "Feature",
      "properties": {
        "stop_id": "37710",
        "stop_name": "Cedre 2 (31126)",
        "stop_code": "31126",
        "location_type": "0",
        "parent_station": null,
        "wheelchair_boarding": null,
        "zone_id": "12626",
        "source_dataset": "tib_gtfs_supply"
      },
      "geometry": {
        "type": "Point",
        "coordinates": [
          2.741554,
          39.488873
        ]
      }
    },
    {
      "type": "Feature",
      "properties": {
        "stop_id": "37711",
        "stop_name": "Son Ferriol - Segon Cinturó 1 (40136)",
        "stop_code": "40136",
        "location_type": "0",
        "parent_station": null,
        "wheelchair_boarding": null,
        "zone_id": "12376",
        "source_dataset": "tib_gtfs_supply"
      },
      "geometry": {
        "type": "Point",
        "coordinates": [
          2.710259,
          39.579533
        ]
      }
    },
    {
      "type": "Feature",
      "properties": {
        "stop_id": "37712",
        "stop_name": "Son Ferriol - Segon Cinturó 2 (40137)",
        "stop_code": "40137",
        "location_type": "0",
        "parent_station": null,
        "wheelchair_boarding": null,
        "zone_id": "12376",
        "source_dataset": "tib_gtfs_supply"
      },
      "geometry": {
        "type": "Point",
        "coordinates": [
          2.710598,
          39.578217
        ]
      }
    },
    {
      "type": "Feature",
      "properties": {
        "stop_id": "37713",
        "stop_name": "Pla de na Tesa centre 2 (36103)",
        "stop_code": "36103",
        "location_type": "0",
        "parent_station": null,
        "wheelchair_boarding": null,
        "zone_id": "12673",
        "source_dataset": "tib_gtfs_supply"
      },
      "geometry": {
        "type": "Point",
        "coordinates": [
          2.708187,
          39.597572
        ]
      }
    },
    {
      "type": "Feature",
      "properties": {
        "stop_id": "37714",
        "stop_name": "Pla de na Tesa centre 1 (36104)",
        "stop_code": "36104",
        "location_type": "0",
        "parent_station": null,
        "wheelchair_boarding": null,
        "zone_id": "12673",
        "source_dataset": "tib_gtfs_supply"
      },
      "geometry": {
        "type": "Point",
        "coordinates": [
          2.708214,
          39.597675
        ]
      }
    },
    {
      "type": "Feature",
      "properties": {
        "stop_id": "37715",
        "stop_name": "Pont d'Inca Nou 2 (36098)",
        "stop_code": "36098",
        "location_type": "0",
        "parent_station": null,
        "wheelchair_boarding": null,
        "zone_id": "12380",
        "source_dataset": "tib_gtfs_supply"
      },
      "geometry": {
        "type": "Point",
        "coordinates": [
          2.701992,
          39.60382
        ]
      }
    },
    {
      "type": "Feature",
      "properties": {
        "stop_id": "37716",
        "stop_name": "Pont d'Inca - Son Bonet (36099)",
        "stop_code": "36099",
        "location_type": "0",
        "parent_station": null,
        "wheelchair_boarding": null,
        "zone_id": "12379",
        "source_dataset": "tib_gtfs_supply"
      },
      "geometry": {
        "type": "Point",
        "coordinates": [
          2.696642,
          39.599895
        ]
      }
    },
    {
      "type": "Feature",
      "properties": {
        "stop_id": "37717",
        "stop_name": "Cas Miot (36100)",
        "stop_code": "36100",
        "location_type": "0",
        "parent_station": null,
        "wheelchair_boarding": null,
        "zone_id": "12672",
        "source_dataset": "tib_gtfs_supply"
      },
      "geometry": {
        "type": "Point",
        "coordinates": [
          2.706181,
          39.607174
        ]
      }
    },
    {
      "type": "Feature",
      "properties": {
        "stop_id": "37718",
        "stop_name": "Cas Capità 2 (36101)",
        "stop_code": "36101",
        "location_type": "0",
        "parent_station": null,
        "wheelchair_boarding": null,
        "zone_id": "12672",
        "source_dataset": "tib_gtfs_supply"
      },
      "geometry": {
        "type": "Point",
        "coordinates": [
          2.708757,
          39.60436
        ]
      }
    },
    {
      "type": "Feature",
      "properties": {
        "stop_id": "37719",
        "stop_name": "Cas Capità 1 (36102)",
        "stop_code": "36102",
        "location_type": "0",
        "parent_station": null,
        "wheelchair_boarding": null,
        "zone_id": "12672",
        "source_dataset": "tib_gtfs_supply"
      },
      "geometry": {
        "type": "Point",
        "coordinates": [
          2.707078,
          39.606747
        ]
      }
    },
    {
      "type": "Feature",
      "properties": {
        "stop_id": "37720",
        "stop_name": "Santa Eugènia 3 (53022)",
        "stop_code": "53022",
        "location_type": "0",
        "parent_station": null,
        "wheelchair_boarding": null,
        "zone_id": "12490",
        "source_dataset": "tib_gtfs_supply"
      },
      "geometry": {
        "type": "Point",
        "coordinates": [
          2.837395,
          39.62499
        ]
      }
    },
    {
      "type": "Feature",
      "properties": {
        "stop_id": "37721",
        "stop_name": "IES Santa Maria (56002)",
        "stop_code": "56002",
        "location_type": "0",
        "parent_station": null,
        "wheelchair_boarding": null,
        "zone_id": "12387",
        "source_dataset": "tib_gtfs_supply"
      },
      "geometry": {
        "type": "Point",
        "coordinates": [
          2.779091,
          39.642376
        ]
      }
    },
    {
      "type": "Feature",
      "properties": {
        "stop_id": "37722",
        "stop_name": "Aparcament Son Gulla (56003)",
        "stop_code": "56003",
        "location_type": "0",
        "parent_station": null,
        "wheelchair_boarding": null,
        "zone_id": "12387",
        "source_dataset": "tib_gtfs_supply"
      },
      "geometry": {
        "type": "Point",
        "coordinates": [
          2.776704,
          39.64585
        ]
      }
    },
    {
      "type": "Feature",
      "properties": {
        "stop_id": "37723",
        "stop_name": "Ses Coves 1 (53014)",
        "stop_code": "53014",
        "location_type": "0",
        "parent_station": null,
        "wheelchair_boarding": null,
        "zone_id": "12674",
        "source_dataset": "tib_gtfs_supply"
      },
      "geometry": {
        "type": "Point",
        "coordinates": [
          2.82622,
          39.63095
        ]
      }
    },
    {
      "type": "Feature",
      "properties": {
        "stop_id": "37724",
        "stop_name": "Ses Coves 2 (53009)",
        "stop_code": "53009",
        "location_type": "0",
        "parent_station": null,
        "wheelchair_boarding": null,
        "zone_id": "12674",
        "source_dataset": "tib_gtfs_supply"
      },
      "geometry": {
        "type": "Point",
        "coordinates": [
          2.82621,
          39.63084
        ]
      }
    },
    {
      "type": "Feature",
      "properties": {
        "stop_id": "37725",
        "stop_name": "Can Xaca 2 (53011)",
        "stop_code": "53011",
        "location_type": "0",
        "parent_station": null,
        "wheelchair_boarding": null,
        "zone_id": "12674",
        "source_dataset": "tib_gtfs_supply"
      },
      "geometry": {
        "type": "Point",
        "coordinates": [
          2.821019,
          39.63295
        ]
      }
    },
    {
      "type": "Feature",
      "properties": {
        "stop_id": "37726",
        "stop_name": "Can Xaca 1 (53010)",
        "stop_code": "53010",
        "location_type": "0",
        "parent_station": null,
        "wheelchair_boarding": null,
        "zone_id": "12674",
        "source_dataset": "tib_gtfs_supply"
      },
      "geometry": {
        "type": "Point",
        "coordinates": [
          2.821074,
          39.633057
        ]
      }
    },
    {
      "type": "Feature",
      "properties": {
        "stop_id": "37727",
        "stop_name": "Mossèn Bartomeu Barceló 1 (22031)",
        "stop_code": "22031",
        "location_type": "0",
        "parent_station": null,
        "wheelchair_boarding": null,
        "zone_id": "12424",
        "source_dataset": "tib_gtfs_supply"
      },
      "geometry": {
        "type": "Point",
        "coordinates": [
          3.143574,
          39.47554
        ]
      }
    },
    {
      "type": "Feature",
      "properties": {
        "stop_id": "37728",
        "stop_name": "Mossèn Bartomeu Barceló 2 (22032)",
        "stop_code": "22032",
        "location_type": "0",
        "parent_station": null,
        "wheelchair_boarding": null,
        "zone_id": "12424",
        "source_dataset": "tib_gtfs_supply"
      },
      "geometry": {
        "type": "Point",
        "coordinates": [
          3.143997,
          39.475555
        ]
      }
    },
    {
      "type": "Feature",
      "properties": {
        "stop_id": "37730",
        "stop_name": "Fornalutx (25004)",
        "stop_code": "25004",
        "location_type": "0",
        "parent_station": null,
        "wheelchair_boarding": null,
        "zone_id": "12503",
        "source_dataset": "tib_gtfs_supply"
      },
      "geometry": {
        "type": "Point",
        "coordinates": [
          2.742967,
          39.784122
        ]
      }
    },
    {
      "type": "Feature",
      "properties": {
        "stop_id": "971",
        "stop_name": "Cala Major 1 (40015)",
        "stop_code": "40015",
        "location_type": "0",
        "parent_station": null,
        "wheelchair_boarding": null,
        "zone_id": "12374",
        "source_dataset": "tib_gtfs_supply"
      },
      "geometry": {
        "type": "Point",
        "coordinates": [
          2.604933,
          39.55335
        ]
      }
    },
    {
      "type": "Feature",
      "properties": {
        "stop_id": "972",
        "stop_name": "Cala Major 2 (40014)",
        "stop_code": "40014",
        "location_type": "0",
        "parent_station": null,
        "wheelchair_boarding": null,
        "zone_id": "12374",
        "source_dataset": "tib_gtfs_supply"
      },
      "geometry": {
        "type": "Point",
        "coordinates": [
          2.604802,
          39.5533
        ]
      }
    },
    {
      "type": "Feature",
      "properties": {
        "stop_id": "975",
        "stop_name": "Port Calanova 2 (40018)",
        "stop_code": "40018",
        "location_type": "0",
        "parent_station": null,
        "wheelchair_boarding": null,
        "zone_id": "12375",
        "source_dataset": "tib_gtfs_supply"
      },
      "geometry": {
        "type": "Point",
        "coordinates": [
          2.598635,
          39.55041
        ]
      }
    },
    {
      "type": "Feature",
      "properties": {
        "stop_id": "976",
        "stop_name": "Port Calanova 1 (40019)",
        "stop_code": "40019",
        "location_type": "0",
        "parent_station": null,
        "wheelchair_boarding": null,
        "zone_id": "12375",
        "source_dataset": "tib_gtfs_supply"
      },
      "geometry": {
        "type": "Point",
        "coordinates": [
          2.598791,
          39.55033
        ]
      }
    },
    {
      "type": "Feature",
      "properties": {
        "stop_id": "977",
        "stop_name": "Instituts 1 (40021)",
        "stop_code": "40021",
        "location_type": "0",
        "parent_station": null,
        "wheelchair_boarding": null,
        "zone_id": "12376",
        "source_dataset": "tib_gtfs_supply"
      },
      "geometry": {
        "type": "Point",
        "coordinates": [
          2.645026,
          39.576096
        ]
      }
    },
    {
      "type": "Feature",
      "properties": {
        "stop_id": "978",
        "stop_name": "Instituts 2 (40022)",
        "stop_code": "40022",
        "location_type": "0",
        "parent_station": null,
        "wheelchair_boarding": null,
        "zone_id": "12376",
        "source_dataset": "tib_gtfs_supply"
      },
      "geometry": {
        "type": "Point",
        "coordinates": [
          2.645585,
          39.57644
        ]
      }
    },
    {
      "type": "Feature",
      "properties": {
        "stop_id": "979",
        "stop_name": "Son Dureta 2 (40026)",
        "stop_code": "40026",
        "location_type": "0",
        "parent_station": null,
        "wheelchair_boarding": null,
        "zone_id": "12376",
        "source_dataset": "tib_gtfs_supply"
      },
      "geometry": {
        "type": "Point",
        "coordinates": [
          2.622214,
          39.571976
        ]
      }
    },
    {
      "type": "Feature",
      "properties": {
        "stop_id": "980",
        "stop_name": "Son Dureta 1 (40027)",
        "stop_code": "40027",
        "location_type": "0",
        "parent_station": null,
        "wheelchair_boarding": null,
        "zone_id": "12376",
        "source_dataset": "tib_gtfs_supply"
      },
      "geometry": {
        "type": "Point",
        "coordinates": [
          2.622714,
          39.571762
        ]
      }
    },
    {
      "type": "Feature",
      "properties": {
        "stop_id": "981",
        "stop_name": "Andrea Doria 1 (40028)",
        "stop_code": "40028",
        "location_type": "0",
        "parent_station": null,
        "wheelchair_boarding": null,
        "zone_id": "12376",
        "source_dataset": "tib_gtfs_supply"
      },
      "geometry": {
        "type": "Point",
        "coordinates": [
          2.631944,
          39.570454
        ]
      }
    },
    {
      "type": "Feature",
      "properties": {
        "stop_id": "982",
        "stop_name": "Plaça Progrés 2 (40029)",
        "stop_code": "40029",
        "location_type": "0",
        "parent_station": null,
        "wheelchair_boarding": null,
        "zone_id": "12376",
        "source_dataset": "tib_gtfs_supply"
      },
      "geometry": {
        "type": "Point",
        "coordinates": [
          2.63629,
          39.572166
        ]
      }
    },
    {
      "type": "Feature",
      "properties": {
        "stop_id": "983",
        "stop_name": "Plaça Progrés 1 (40030)",
        "stop_code": "40030",
        "location_type": "0",
        "parent_station": null,
        "wheelchair_boarding": null,
        "zone_id": "12376",
        "source_dataset": "tib_gtfs_supply"
      },
      "geometry": {
        "type": "Point",
        "coordinates": [
          2.636585,
          39.572117
        ]
      }
    },
    {
      "type": "Feature",
      "properties": {
        "stop_id": "985",
        "stop_name": "Andrea Doria 2 (40072)",
        "stop_code": "40072",
        "location_type": "0",
        "parent_station": null,
        "wheelchair_boarding": null,
        "zone_id": "12376",
        "source_dataset": "tib_gtfs_supply"
      },
      "geometry": {
        "type": "Point",
        "coordinates": [
          2.632618,
          39.570496
        ]
      }
    },
    {
      "type": "Feature",
      "properties": {
        "stop_id": "1002",
        "stop_name": "Son Fuster Estació (204)",
        "stop_code": "204",
        "location_type": "0",
        "parent_station": null,
        "wheelchair_boarding": null,
        "zone_id": "12376",
        "source_dataset": "tib_gtfs_supply"
      },
      "geometry": {
        "type": "Point",
        "coordinates": [
          2.674708,
          39.59031
        ]
      }
    },
    {
      "type": "Feature",
      "properties": {
        "stop_id": "1004",
        "stop_name": "Verge de Lluc Estació (205)",
        "stop_code": "205",
        "location_type": "0",
        "parent_station": null,
        "wheelchair_boarding": null,
        "zone_id": "12376",
        "source_dataset": "tib_gtfs_supply"
      },
      "geometry": {
        "type": "Point",
        "coordinates": [
          2.686405,
          39.596725
        ]
      }
    },
    {
      "type": "Feature",
      "properties": {
        "stop_id": "1005",
        "stop_name": "Pont d'Inca Estació (206)",
        "stop_code": "206",
        "location_type": "0",
        "parent_station": null,
        "wheelchair_boarding": null,
        "zone_id": "12379",
        "source_dataset": "tib_gtfs_supply"
      },
      "geometry": {
        "type": "Point",
        "coordinates": [
          2.691736,
          39.598095
        ]
      }
    },
    {
      "type": "Feature",
      "properties": {
        "stop_id": "1006",
        "stop_name": "Pont d'Inca Nou Estació (207)",
        "stop_code": "207",
        "location_type": "0",
        "parent_station": null,
        "wheelchair_boarding": null,
        "zone_id": "12380",
        "source_dataset": "tib_gtfs_supply"
      },
      "geometry": {
        "type": "Point",
        "coordinates": [
          2.701453,
          39.604477
        ]
      }
    },
    {
      "type": "Feature",
      "properties": {
        "stop_id": "1007",
        "stop_name": "Polígon Marratxí Estació (208)",
        "stop_code": "208",
        "location_type": "0",
        "parent_station": null,
        "wheelchair_boarding": null,
        "zone_id": "12381",
        "source_dataset": "tib_gtfs_supply"
      },
      "geometry": {
        "type": "Point",
        "coordinates": [
          2.716893,
          39.615536
        ]
      }
    },
    {
      "type": "Feature",
      "properties": {
        "stop_id": "1008",
        "stop_name": "Marratxí Estació (209)",
        "stop_code": "209",
        "location_type": "0",
        "parent_station": null,
        "wheelchair_boarding": null,
        "zone_id": "12382",
        "source_dataset": "tib_gtfs_supply"
      },
      "geometry": {
        "type": "Point",
        "coordinates": [
          2.725684,
          39.62573
        ]
      }
    },
    {
      "type": "Feature",
      "properties": {
        "stop_id": "1009",
        "stop_name": "Es Caülls Estació (210)",
        "stop_code": "210",
        "location_type": "0",
        "parent_station": null,
        "wheelchair_boarding": null,
        "zone_id": "12383",
        "source_dataset": "tib_gtfs_supply"
      },
      "geometry": {
        "type": "Point",
        "coordinates": [
          2.736499,
          39.632
        ]
      }
    },
    {
      "type": "Feature",
      "properties": {
        "stop_id": "1010",
        "stop_name": "Santa Maria Estació (211)",
        "stop_code": "211",
        "location_type": "0",
        "parent_station": null,
        "wheelchair_boarding": null,
        "zone_id": "12387",
        "source_dataset": "tib_gtfs_supply"
      },
      "geometry": {
        "type": "Point",
        "coordinates": [
          2.774241,
          39.653206
        ]
      }
    },
    {
      "type": "Feature",
      "properties": {
        "stop_id": "1011",
        "stop_name": "Alaró / Consell Estació (212)",
        "stop_code": "212",
        "location_type": "0",
        "parent_station": null,
        "wheelchair_boarding": null,
        "zone_id": "12388",
        "source_dataset": "tib_gtfs_supply"
      },
      "geometry": {
        "type": "Point",
        "coordinates": [
          2.808254,
          39.677387
        ]
      }
    },
    {
      "type": "Feature",
      "properties": {
        "stop_id": "1012",
        "stop_name": "Binissalem Estació (213)",
        "stop_code": "213",
        "location_type": "0",
        "parent_station": null,
        "wheelchair_boarding": null,
        "zone_id": "12389",
        "source_dataset": "tib_gtfs_supply"
      },
      "geometry": {
        "type": "Point",
        "coordinates": [
          2.841443,
          39.69263
        ]
      }
    },
    {
      "type": "Feature",
      "properties": {
        "stop_id": "1013",
        "stop_name": "Lloseta Estació (214)",
        "stop_code": "214",
        "location_type": "0",
        "parent_station": null,
        "wheelchair_boarding": null,
        "zone_id": "12390",
        "source_dataset": "tib_gtfs_supply"
      },
      "geometry": {
        "type": "Point",
        "coordinates": [
          2.869052,
          39.71623
        ]
      }
    },
    {
      "type": "Feature",
      "properties": {
        "stop_id": "1014",
        "stop_name": "Inca Estació (215)",
        "stop_code": "215",
        "location_type": "0",
        "parent_station": null,
        "wheelchair_boarding": null,
        "zone_id": "12391",
        "source_dataset": "tib_gtfs_supply"
      },
      "geometry": {
        "type": "Point",
        "coordinates": [
          2.905883,
          39.71811
        ]
      }
    },
    {
      "type": "Feature",
      "properties": {
        "stop_id": "1015",
        "stop_name": "Enllaç Estació (216)",
        "stop_code": "216",
        "location_type": "0",
        "parent_station": null,
        "wheelchair_boarding": null,
        "zone_id": "12392",
        "source_dataset": "tib_gtfs_supply"
      },
      "geometry": {
        "type": "Point",
        "coordinates": [
          2.951291,
          39.690754
        ]
      }
    },
    {
      "type": "Feature",
      "properties": {
        "stop_id": "1016",
        "stop_name": "Llubí Estació (217)",
        "stop_code": "217",
        "location_type": "0",
        "parent_station": null,
        "wheelchair_boarding": null,
        "zone_id": "12393",
        "source_dataset": "tib_gtfs_supply"
      },
      "geometry": {
        "type": "Point",
        "coordinates": [
          2.993881,
          39.711308
        ]
      }
    },
    {
      "type": "Feature",
      "properties": {
        "stop_id": "1017",
        "stop_name": "Muro Estació (218)",
        "stop_code": "218",
        "location_type": "0",
        "parent_station": null,
        "wheelchair_boarding": null,
        "zone_id": "12394",
        "source_dataset": "tib_gtfs_supply"
      },
      "geometry": {
        "type": "Point",
        "coordinates": [
          3.032301,
          39.734325
        ]
      }
    },
    {
      "type": "Feature",
      "properties": {
        "stop_id": "1018",
        "stop_name": "Sa Pobla Estació (219)",
        "stop_code": "219",
        "location_type": "0",
        "parent_station": null,
        "wheelchair_boarding": null,
        "zone_id": "12395",
        "source_dataset": "tib_gtfs_supply"
      },
      "geometry": {
        "type": "Point",
        "coordinates": [
          3.02936,
          39.7643
        ]
      }
    },
    {
      "type": "Feature",
      "properties": {
        "stop_id": "1019",
        "stop_name": "Sineu Estació (220)",
        "stop_code": "220",
        "location_type": "0",
        "parent_station": null,
        "wheelchair_boarding": null,
        "zone_id": "12396",
        "source_dataset": "tib_gtfs_supply"
      },
      "geometry": {
        "type": "Point",
        "coordinates": [
          3.014528,
          39.643585
        ]
      }
    },
    {
      "type": "Feature",
      "properties": {
        "stop_id": "1020",
        "stop_name": "Petra Estació (222)",
        "stop_code": "222",
        "location_type": "0",
        "parent_station": null,
        "wheelchair_boarding": null,
        "zone_id": "12397",
        "source_dataset": "tib_gtfs_supply"
      },
      "geometry": {
        "type": "Point",
        "coordinates": [
          3.110147,
          39.617798
        ]
      }
    },
    {
      "type": "Feature",
      "properties": {
        "stop_id": "1021",
        "stop_name": "Manacor Estació (223)",
        "stop_code": "223",
        "location_type": "0",
        "parent_station": null,
        "wheelchair_boarding": null,
        "zone_id": "12398",
        "source_dataset": "tib_gtfs_supply"
      },
      "geometry": {
        "type": "Point",
        "coordinates": [
          3.202879,
          39.570545
        ]
      }
    },
    {
      "type": "Feature",
      "properties": {
        "stop_id": "1022",
        "stop_name": "Son Cladera / es Vivero Estació (224)",
        "stop_code": "224",
        "location_type": "0",
        "parent_station": null,
        "wheelchair_boarding": null,
        "zone_id": "12376",
        "source_dataset": "tib_gtfs_supply"
      },
      "geometry": {
        "type": "Point",
        "coordinates": [
          2.679425,
          39.59363
        ]
      }
    },
    {
      "type": "Feature",
      "properties": {
        "stop_id": "1024",
        "stop_name": "Jacint Verdaguer Estació (302)",
        "stop_code": "302",
        "location_type": "0",
        "parent_station": null,
        "wheelchair_boarding": null,
        "zone_id": "12376",
        "source_dataset": "tib_gtfs_supply"
      },
      "geometry": {
        "type": "Point",
        "coordinates": [
          2.660273,
          39.58032
        ]
      }
    },
    {
      "type": "Feature",
      "properties": {
        "stop_id": "1025",
        "stop_name": "Son Costa / Son Fortesa Estació (303)",
        "stop_code": "303",
        "location_type": "0",
        "parent_station": null,
        "wheelchair_boarding": null,
        "zone_id": "12376",
        "source_dataset": "tib_gtfs_supply"
      },
      "geometry": {
        "type": "Point",
        "coordinates": [
          2.665686,
          39.584072
        ]
      }
    },
    {
      "type": "Feature",
      "properties": {
        "stop_id": "1026",
        "stop_name": "Son Fuster Vell Estació (304)",
        "stop_code": "304",
        "location_type": "0",
        "parent_station": null,
        "wheelchair_boarding": null,
        "zone_id": "12384",
        "source_dataset": "tib_gtfs_supply"
      },
      "geometry": {
        "type": "Point",
        "coordinates": [
          2.671543,
          39.595455
        ]
      }
    },
    {
      "type": "Feature",
      "properties": {
        "stop_id": "1027",
        "stop_name": "Son Castelló Estació (305)",
        "stop_code": "305",
        "location_type": "0",
        "parent_station": null,
        "wheelchair_boarding": null,
        "zone_id": "12384",
        "source_dataset": "tib_gtfs_supply"
      },
      "geometry": {
        "type": "Point",
        "coordinates": [
          2.672195,
          39.602608
        ]
      }
    },
    {
      "type": "Feature",
      "properties": {
        "stop_id": "1028",
        "stop_name": "Gran Via Asima Estació (306)",
        "stop_code": "306",
        "location_type": "0",
        "parent_station": null,
        "wheelchair_boarding": null,
        "zone_id": "12384",
        "source_dataset": "tib_gtfs_supply"
      },
      "geometry": {
        "type": "Point",
        "coordinates": [
          2.66863,
          39.606476
        ]
      }
    },
    {
      "type": "Feature",
      "properties": {
        "stop_id": "1029",
        "stop_name": "Camí dels Reis Estació (307)",
        "stop_code": "307",
        "location_type": "0",
        "parent_station": null,
        "wheelchair_boarding": null,
        "zone_id": "12384",
        "source_dataset": "tib_gtfs_supply"
      },
      "geometry": {
        "type": "Point",
        "coordinates": [
          2.665381,
          39.61027
        ]
      }
    },
    {
      "type": "Feature",
      "properties": {
        "stop_id": "1030",
        "stop_name": "Son Sardina Estació (308)",
        "stop_code": "308",
        "location_type": "0",
        "parent_station": null,
        "wheelchair_boarding": null,
        "zone_id": "12385",
        "source_dataset": "tib_gtfs_supply"
      },
      "geometry": {
        "type": "Point",
        "coordinates": [
          2.661261,
          39.620686
        ]
      }
    },
    {
      "type": "Feature",
      "properties": {
        "stop_id": "1031",
        "stop_name": "UIB Estació (309)",
        "stop_code": "309",
        "location_type": "0",
        "parent_station": null,
        "wheelchair_boarding": null,
        "zone_id": "12386",
        "source_dataset": "tib_gtfs_supply"
      },
      "geometry": {
        "type": "Point",
        "coordinates": [
          2.647983,
          39.63461
        ]
      }
    },
    {
      "type": "Feature",
      "properties": {
        "stop_id": "1038",
        "stop_name": "Galilea (45004)",
        "stop_code": "45004",
        "location_type": "0",
        "parent_station": null,
        "wheelchair_boarding": null,
        "zone_id": "12399",
        "source_dataset": "tib_gtfs_supply"
      },
      "geometry": {
        "type": "Point",
        "coordinates": [
          2.506009,
          39.609165
        ]
      }
    },
    {
      "type": "Feature",
      "properties": {
        "stop_id": "1039",
        "stop_name": "Conques 1 (45007)",
        "stop_code": "45007",
        "location_type": "0",
        "parent_station": null,
        "wheelchair_boarding": null,
        "zone_id": "12400",
        "source_dataset": "tib_gtfs_supply"
      },
      "geometry": {
        "type": "Point",
        "coordinates": [
          2.517153,
          39.609207
        ]
      }
    },
    {
      "type": "Feature",
      "properties": {
        "stop_id": "1040",
        "stop_name": "Conques 2 (45008)",
        "stop_code": "45008",
        "location_type": "0",
        "parent_station": null,
        "wheelchair_boarding": null,
        "zone_id": "12400",
        "source_dataset": "tib_gtfs_supply"
      },
      "geometry": {
        "type": "Point",
        "coordinates": [
          2.517073,
          39.609272
        ]
      }
    },
    {
      "type": "Feature",
      "properties": {
        "stop_id": "1041",
        "stop_name": "Son Serralta (45015)",
        "stop_code": "45015",
        "location_type": "0",
        "parent_station": null,
        "wheelchair_boarding": null,
        "zone_id": "12401",
        "source_dataset": "tib_gtfs_supply"
      },
      "geometry": {
        "type": "Point",
        "coordinates": [
          2.543626,
          39.618473
        ]
      }
    },
    {
      "type": "Feature",
      "properties": {
        "stop_id": "1042",
        "stop_name": "Torrent d'en Faveta (45016)",
        "stop_code": "45016",
        "location_type": "0",
        "parent_station": null,
        "wheelchair_boarding": null,
        "zone_id": "12401",
        "source_dataset": "tib_gtfs_supply"
      },
      "geometry": {
        "type": "Point",
        "coordinates": [
          2.540354,
          39.6203
        ]
      }
    },
    {
      "type": "Feature",
      "properties": {
        "stop_id": "1043",
        "stop_name": "Son Pont (45017)",
        "stop_code": "45017",
        "location_type": "0",
        "parent_station": null,
        "wheelchair_boarding": null,
        "zone_id": "12401",
        "source_dataset": "tib_gtfs_supply"
      },
      "geometry": {
        "type": "Point",
        "coordinates": [
          2.547261,
          39.617596
        ]
      }
    },
    {
      "type": "Feature",
      "properties": {
        "stop_id": "1044",
        "stop_name": "Puigpunyent (45019)",
        "stop_code": "45019",
        "location_type": "0",
        "parent_station": null,
        "wheelchair_boarding": null,
        "zone_id": "12402",
        "source_dataset": "tib_gtfs_supply"
      },
      "geometry": {
        "type": "Point",
        "coordinates": [
          2.527325,
          39.62323
        ]
      }
    },
    {
      "type": "Feature",
      "properties": {
        "stop_id": "1045",
        "stop_name": "Son Sardina 1 (40063)",
        "stop_code": "40063",
        "location_type": "0",
        "parent_station": null,
        "wheelchair_boarding": null,
        "zone_id": "12385",
        "source_dataset": "tib_gtfs_supply"
      },
      "geometry": {
        "type": "Point",
        "coordinates": [
          2.660542,
          39.620533
        ]
      }
    },
    {
      "type": "Feature",
      "properties": {
        "stop_id": "1046",
        "stop_name": "Son Sardina 2 (40064)",
        "stop_code": "40064",
        "location_type": "0",
        "parent_station": null,
        "wheelchair_boarding": null,
        "zone_id": "12385",
        "source_dataset": "tib_gtfs_supply"
      },
      "geometry": {
        "type": "Point",
        "coordinates": [
          2.660857,
          39.620903
        ]
      }
    },
    {
      "type": "Feature",
      "properties": {
        "stop_id": "1047",
        "stop_name": "Alfons el Magnànim (40037)",
        "stop_code": "40037",
        "location_type": "0",
        "parent_station": null,
        "wheelchair_boarding": null,
        "zone_id": "12376",
        "source_dataset": "tib_gtfs_supply"
      },
      "geometry": {
        "type": "Point",
        "coordinates": [
          2.653136,
          39.586254
        ]
      }
    },
    {
      "type": "Feature",
      "properties": {
        "stop_id": "1048",
        "stop_name": "Son Pacs 1 (40034)",
        "stop_code": "40034",
        "location_type": "0",
        "parent_station": null,
        "wheelchair_boarding": null,
        "zone_id": "12376",
        "source_dataset": "tib_gtfs_supply"
      },
      "geometry": {
        "type": "Point",
        "coordinates": [
          2.654832,
          39.60471
        ]
      }
    },
    {
      "type": "Feature",
      "properties": {
        "stop_id": "1049",
        "stop_name": "Son Pacs 2 (40035)",
        "stop_code": "40035",
        "location_type": "0",
        "parent_station": null,
        "wheelchair_boarding": null,
        "zone_id": "12376",
        "source_dataset": "tib_gtfs_supply"
      },
      "geometry": {
        "type": "Point",
        "coordinates": [
          2.655166,
          39.605076
        ]
      }
    },
    {
      "type": "Feature",
      "properties": {
        "stop_id": "1050",
        "stop_name": "S'Escorxador (40086)",
        "stop_code": "40086",
        "location_type": "0",
        "parent_station": null,
        "wheelchair_boarding": null,
        "zone_id": "12376",
        "source_dataset": "tib_gtfs_supply"
      },
      "geometry": {
        "type": "Point",
        "coordinates": [
          2.650669,
          39.586475
        ]
      }
    },
    {
      "type": "Feature",
      "properties": {
        "stop_id": "1052",
        "stop_name": "Sa Font Seca 1 (10007)",
        "stop_code": "10007",
        "location_type": "0",
        "parent_station": null,
        "wheelchair_boarding": null,
        "zone_id": "12403",
        "source_dataset": "tib_gtfs_supply"
      },
      "geometry": {
        "type": "Point",
        "coordinates": [
          2.671736,
          39.668285
        ]
      }
    },
    {
      "type": "Feature",
      "properties": {
        "stop_id": "1053",
        "stop_name": "Sa Font Seca 2 (10008)",
        "stop_code": "10008",
        "location_type": "0",
        "parent_station": null,
        "wheelchair_boarding": null,
        "zone_id": "12403",
        "source_dataset": "tib_gtfs_supply"
      },
      "geometry": {
        "type": "Point",
        "coordinates": [
          2.672089,
          39.66844
        ]
      }
    },
    {
      "type": "Feature",
      "properties": {
        "stop_id": "1054",
        "stop_name": "Clavells 2 (10019)",
        "stop_code": "10019",
        "location_type": "0",
        "parent_station": null,
        "wheelchair_boarding": null,
        "zone_id": "12403",
        "source_dataset": "tib_gtfs_supply"
      },
      "geometry": {
        "type": "Point",
        "coordinates": [
          2.670078,
          39.663277
        ]
      }
    },
    {
      "type": "Feature",
      "properties": {
        "stop_id": "1055",
        "stop_name": "Clavells 1 (10020)",
        "stop_code": "10020",
        "location_type": "0",
        "parent_station": null,
        "wheelchair_boarding": null,
        "zone_id": "12403",
        "source_dataset": "tib_gtfs_supply"
      },
      "geometry": {
        "type": "Point",
        "coordinates": [
          2.669915,
          39.663307
        ]
      }
    },
    {
      "type": "Feature",
      "properties": {
        "stop_id": "1056",
        "stop_name": "Sa Plaça (10025)",
        "stop_code": "10025",
        "location_type": "0",
        "parent_station": null,
        "wheelchair_boarding": null,
        "zone_id": "12404",
        "source_dataset": "tib_gtfs_supply"
      },
      "geometry": {
        "type": "Point",
        "coordinates": [
          2.69953,
          39.696472
        ]
      }
    },
    {
      "type": "Feature",
      "properties": {
        "stop_id": "1057",
        "stop_name": "Raixa 2 (10026)",
        "stop_code": "10026",
        "location_type": "0",
        "parent_station": null,
        "wheelchair_boarding": null,
        "zone_id": "12405",
        "source_dataset": "tib_gtfs_supply"
      },
      "geometry": {
        "type": "Point",
        "coordinates": [
          2.679575,
          39.67575
        ]
      }
    },
    {
      "type": "Feature",
      "properties": {
        "stop_id": "1058",
        "stop_name": "Roses (10028)",
        "stop_code": "10028",
        "location_type": "0",
        "parent_station": null,
        "wheelchair_boarding": null,
        "zone_id": "12403",
        "source_dataset": "tib_gtfs_supply"
      },
      "geometry": {
        "type": "Point",
        "coordinates": [
          2.672033,
          39.657948
        ]
      }
    },
    {
      "type": "Feature",
      "properties": {
        "stop_id": "1059",
        "stop_name": "Costa de s'Estació (10030)",
        "stop_code": "10030",
        "location_type": "0",
        "parent_station": null,
        "wheelchair_boarding": null,
        "zone_id": "12404",
        "source_dataset": "tib_gtfs_supply"
      },
      "geometry": {
        "type": "Point",
        "coordinates": [
          2.694947,
          39.697582
        ]
      }
    },
    {
      "type": "Feature",
      "properties": {
        "stop_id": "1060",
        "stop_name": "Pla de sa Coma (10044)",
        "stop_code": "10044",
        "location_type": "0",
        "parent_station": null,
        "wheelchair_boarding": null,
        "zone_id": "12406",
        "source_dataset": "tib_gtfs_supply"
      },
      "geometry": {
        "type": "Point",
        "coordinates": [
          2.683494,
          39.66783
        ]
      }
    },
    {
      "type": "Feature",
      "properties": {
        "stop_id": "1061",
        "stop_name": "Es Garrigó (10045)",
        "stop_code": "10045",
        "location_type": "0",
        "parent_station": null,
        "wheelchair_boarding": null,
        "zone_id": "12404",
        "source_dataset": "tib_gtfs_supply"
      },
      "geometry": {
        "type": "Point",
        "coordinates": [
          2.701889,
          39.69147
        ]
      }
    },
    {
      "type": "Feature",
      "properties": {
        "stop_id": "1062",
        "stop_name": "Son Fuster Vell 2 (40122)",
        "stop_code": "40122",
        "location_type": "0",
        "parent_station": null,
        "wheelchair_boarding": null,
        "zone_id": "12384",
        "source_dataset": "tib_gtfs_supply"
      },
      "geometry": {
        "type": "Point",
        "coordinates": [
          2.671233,
          39.59554
        ]
      }
    },
    {
      "type": "Feature",
      "properties": {
        "stop_id": "1063",
        "stop_name": "Son Fuster Vell 1 (40123)",
        "stop_code": "40123",
        "location_type": "0",
        "parent_station": null,
        "wheelchair_boarding": null,
        "zone_id": "12384",
        "source_dataset": "tib_gtfs_supply"
      },
      "geometry": {
        "type": "Point",
        "coordinates": [
          2.670999,
          39.595634
        ]
      }
    },
    {
      "type": "Feature",
      "properties": {
        "stop_id": "1064",
        "stop_name": "Eusebi Estada 1 (40124)",
        "stop_code": "40124",
        "location_type": "0",
        "parent_station": null,
        "wheelchair_boarding": null,
        "zone_id": "12376",
        "source_dataset": "tib_gtfs_supply"
      },
      "geometry": {
        "type": "Point",
        "coordinates": [
          2.663351,
          39.586716
        ]
      }
    },
    {
      "type": "Feature",
      "properties": {
        "stop_id": "1065",
        "stop_name": "Eusebi Estada 2 (40125)",
        "stop_code": "40125",
        "location_type": "0",
        "parent_station": null,
        "wheelchair_boarding": null,
        "zone_id": "12376",
        "source_dataset": "tib_gtfs_supply"
      },
      "geometry": {
        "type": "Point",
        "coordinates": [
          2.663548,
          39.586594
        ]
      }
    },
    {
      "type": "Feature",
      "properties": {
        "stop_id": "1066",
        "stop_name": "Cas Metge (36014)",
        "stop_code": "36014",
        "location_type": "0",
        "parent_station": null,
        "wheelchair_boarding": null,
        "zone_id": "12407",
        "source_dataset": "tib_gtfs_supply"
      },
      "geometry": {
        "type": "Point",
        "coordinates": [
          2.692296,
          39.62475
        ]
      }
    },
    {
      "type": "Feature",
      "properties": {
        "stop_id": "1067",
        "stop_name": "Can Sionet (36080)",
        "stop_code": "36080",
        "location_type": "0",
        "parent_station": null,
        "wheelchair_boarding": null,
        "zone_id": "12408",
        "source_dataset": "tib_gtfs_supply"
      },
      "geometry": {
        "type": "Point",
        "coordinates": [
          2.691652,
          39.627445
        ]
      }
    },
    {
      "type": "Feature",
      "properties": {
        "stop_id": "1068",
        "stop_name": "ASPACE 2 (36081)",
        "stop_code": "36081",
        "location_type": "0",
        "parent_station": null,
        "wheelchair_boarding": null,
        "zone_id": "12408",
        "source_dataset": "tib_gtfs_supply"
      },
      "geometry": {
        "type": "Point",
        "coordinates": [
          2.698772,
          39.648
        ]
      }
    },
    {
      "type": "Feature",
      "properties": {
        "stop_id": "1069",
        "stop_name": "Es Garrovers (36082)",
        "stop_code": "36082",
        "location_type": "0",
        "parent_station": null,
        "wheelchair_boarding": null,
        "zone_id": "12407",
        "source_dataset": "tib_gtfs_supply"
      },
      "geometry": {
        "type": "Point",
        "coordinates": [
          2.69905,
          39.62839
        ]
      }
    },
    {
      "type": "Feature",
      "properties": {
        "stop_id": "1070",
        "stop_name": "Son Daviu (36083)",
        "stop_code": "36083",
        "location_type": "0",
        "parent_station": null,
        "wheelchair_boarding": null,
        "zone_id": "12409",
        "source_dataset": "tib_gtfs_supply"
      },
      "geometry": {
        "type": "Point",
        "coordinates": [
          2.70328,
          39.633404
        ]
      }
    },
    {
      "type": "Feature",
      "properties": {
        "stop_id": "1071",
        "stop_name": "Nova Cabana 2 (36086)",
        "stop_code": "36086",
        "location_type": "0",
        "parent_station": null,
        "wheelchair_boarding": null,
        "zone_id": "12410",
        "source_dataset": "tib_gtfs_supply"
      },
      "geometry": {
        "type": "Point",
        "coordinates": [
          2.685008,
          39.610275
        ]
      }
    },
    {
      "type": "Feature",
      "properties": {
        "stop_id": "1072",
        "stop_name": "Nova Cabana 1 (36087)",
        "stop_code": "36087",
        "location_type": "0",
        "parent_station": null,
        "wheelchair_boarding": null,
        "zone_id": "12410",
        "source_dataset": "tib_gtfs_supply"
      },
      "geometry": {
        "type": "Point",
        "coordinates": [
          2.684793,
          39.610172
        ]
      }
    },
    {
      "type": "Feature",
      "properties": {
        "stop_id": "1073",
        "stop_name": "Sa Cabana (36088)",
        "stop_code": "36088",
        "location_type": "0",
        "parent_station": null,
        "wheelchair_boarding": null,
        "zone_id": "12411",
        "source_dataset": "tib_gtfs_supply"
      },
      "geometry": {
        "type": "Point",
        "coordinates": [
          2.687226,
          39.60354
        ]
      }
    },
    {
      "type": "Feature",
      "properties": {
        "stop_id": "1074",
        "stop_name": "ASPACE 1 (36096)",
        "stop_code": "36096",
        "location_type": "0",
        "parent_station": null,
        "wheelchair_boarding": null,
        "zone_id": "12408",
        "source_dataset": "tib_gtfs_supply"
      },
      "geometry": {
        "type": "Point",
        "coordinates": [
          2.698623,
          39.647423
        ]
      }
    },
    {
      "type": "Feature",
      "properties": {
        "stop_id": "1075",
        "stop_name": "Hospital Joan March (10012)",
        "stop_code": "10012",
        "location_type": "0",
        "parent_station": null,
        "wheelchair_boarding": null,
        "zone_id": "12412",
        "source_dataset": "tib_gtfs_supply"
      },
      "geometry": {
        "type": "Point",
        "coordinates": [
          2.68937,
          39.67891
        ]
      }
    },
    {
      "type": "Feature",
      "properties": {
        "stop_id": "1076",
        "stop_name": "Cas Molí (10036)",
        "stop_code": "10036",
        "location_type": "0",
        "parent_station": null,
        "wheelchair_boarding": null,
        "zone_id": "12413",
        "source_dataset": "tib_gtfs_supply"
      },
      "geometry": {
        "type": "Point",
        "coordinates": [
          2.699153,
          39.650356
        ]
      }
    },
    {
      "type": "Feature",
      "properties": {
        "stop_id": "1077",
        "stop_name": "Cas Binissalemer (10037)",
        "stop_code": "10037",
        "location_type": "0",
        "parent_station": null,
        "wheelchair_boarding": null,
        "zone_id": "12414",
        "source_dataset": "tib_gtfs_supply"
      },
      "geometry": {
        "type": "Point",
        "coordinates": [
          2.702213,
          39.657497
        ]
      }
    },
    {
      "type": "Feature",
      "properties": {
        "stop_id": "1084",
        "stop_name": "Pòrtol Nou (36025)",
        "stop_code": "36025",
        "location_type": "0",
        "parent_station": null,
        "wheelchair_boarding": null,
        "zone_id": "12416",
        "source_dataset": "tib_gtfs_supply"
      },
      "geometry": {
        "type": "Point",
        "coordinates": [
          2.78094,
          39.617573
        ]
      }
    },
    {
      "type": "Feature",
      "properties": {
        "stop_id": "1085",
        "stop_name": "Carrer Major (36028)",
        "stop_code": "36028",
        "location_type": "0",
        "parent_station": null,
        "wheelchair_boarding": null,
        "zone_id": "12417",
        "source_dataset": "tib_gtfs_supply"
      },
      "geometry": {
        "type": "Point",
        "coordinates": [
          2.767056,
          39.61668
        ]
      }
    },
    {
      "type": "Feature",
      "properties": {
        "stop_id": "1086",
        "stop_name": "CEIP Costa i Llobera 1 (36029)",
        "stop_code": "36029",
        "location_type": "0",
        "parent_station": null,
        "wheelchair_boarding": null,
        "zone_id": "12417",
        "source_dataset": "tib_gtfs_supply"
      },
      "geometry": {
        "type": "Point",
        "coordinates": [
          2.760969,
          39.616856
        ]
      }
    },
    {
      "type": "Feature",
      "properties": {
        "stop_id": "1087",
        "stop_name": "CEIP Costa i Llobera 2 (36030)",
        "stop_code": "36030",
        "location_type": "0",
        "parent_station": null,
        "wheelchair_boarding": null,
        "zone_id": "12417",
        "source_dataset": "tib_gtfs_supply"
      },
      "geometry": {
        "type": "Point",
        "coordinates": [
          2.760888,
          39.616978
        ]
      }
    },
    {
      "type": "Feature",
      "properties": {
        "stop_id": "1088",
        "stop_name": "Can Domingo (36033)",
        "stop_code": "36033",
        "location_type": "0",
        "parent_station": null,
        "wheelchair_boarding": null,
        "zone_id": "12418",
        "source_dataset": "tib_gtfs_supply"
      },
      "geometry": {
        "type": "Point",
        "coordinates": [
          2.755766,
          39.617306
        ]
      }
    },
    {
      "type": "Feature",
      "properties": {
        "stop_id": "1089",
        "stop_name": "Es Campet (36034)",
        "stop_code": "36034",
        "location_type": "0",
        "parent_station": null,
        "wheelchair_boarding": null,
        "zone_id": "12418",
        "source_dataset": "tib_gtfs_supply"
      },
      "geometry": {
        "type": "Point",
        "coordinates": [
          2.749267,
          39.620193
        ]
      }
    },
    {
      "type": "Feature",
      "properties": {
        "stop_id": "1090",
        "stop_name": "Nicolau Cotoner (36035)",
        "stop_code": "36035",
        "location_type": "0",
        "parent_station": null,
        "wheelchair_boarding": null,
        "zone_id": "12418",
        "source_dataset": "tib_gtfs_supply"
      },
      "geometry": {
        "type": "Point",
        "coordinates": [
          2.746294,
          39.62206
        ]
      }
    },
    {
      "type": "Feature",
      "properties": {
        "stop_id": "1091",
        "stop_name": "Olesa 1 (36038)",
        "stop_code": "36038",
        "location_type": "0",
        "parent_station": null,
        "wheelchair_boarding": null,
        "zone_id": "12418",
        "source_dataset": "tib_gtfs_supply"
      },
      "geometry": {
        "type": "Point",
        "coordinates": [
          2.746648,
          39.62335
        ]
      }
    },
    {
      "type": "Feature",
      "properties": {
        "stop_id": "1092",
        "stop_name": "Olesa 2 (36039)",
        "stop_code": "36039",
        "location_type": "0",
        "parent_station": null,
        "wheelchair_boarding": null,
        "zone_id": "12418",
        "source_dataset": "tib_gtfs_supply"
      },
      "geometry": {
        "type": "Point",
        "coordinates": [
          2.750606,
          39.62181
        ]
      }
    },
    {
      "type": "Feature",
      "properties": {
        "stop_id": "1093",
        "stop_name": "Olesa 3 (36040)",
        "stop_code": "36040",
        "location_type": "0",
        "parent_station": null,
        "wheelchair_boarding": null,
        "zone_id": "12418",
        "source_dataset": "tib_gtfs_supply"
      },
      "geometry": {
        "type": "Point",
        "coordinates": [
          2.755729,
          39.61952
        ]
      }
    },
    {
      "type": "Feature",
      "properties": {
        "stop_id": "1094",
        "stop_name": "Sant Marçal 1 (36041)",
        "stop_code": "36041",
        "location_type": "0",
        "parent_station": null,
        "wheelchair_boarding": null,
        "zone_id": "12419",
        "source_dataset": "tib_gtfs_supply"
      },
      "geometry": {
        "type": "Point",
        "coordinates": [
          2.74267,
          39.62295
        ]
      }
    },
    {
      "type": "Feature",
      "properties": {
        "stop_id": "1095",
        "stop_name": "Sant Marçal 2 (36095)",
        "stop_code": "36095",
        "location_type": "0",
        "parent_station": null,
        "wheelchair_boarding": null,
        "zone_id": "12419",
        "source_dataset": "tib_gtfs_supply"
      },
      "geometry": {
        "type": "Point",
        "coordinates": [
          2.742806,
          39.62305
        ]
      }
    },
    {
      "type": "Feature",
      "properties": {
        "stop_id": "1096",
        "stop_name": "Estació Marratxí (36042)",
        "stop_code": "36042",
        "location_type": "0",
        "parent_station": null,
        "wheelchair_boarding": null,
        "zone_id": "12382",
        "source_dataset": "tib_gtfs_supply"
      },
      "geometry": {
        "type": "Point",
        "coordinates": [
          2.725462,
          39.623783
        ]
      }
    },
    {
      "type": "Feature",
      "properties": {
        "stop_id": "1097",
        "stop_name": "Pòrtol 2 (36044)",
        "stop_code": "36044",
        "location_type": "0",
        "parent_station": null,
        "wheelchair_boarding": null,
        "zone_id": "12417",
        "source_dataset": "tib_gtfs_supply"
      },
      "geometry": {
        "type": "Point",
        "coordinates": [
          2.771941,
          39.61764
        ]
      }
    },
    {
      "type": "Feature",
      "properties": {
        "stop_id": "1098",
        "stop_name": "Pòrtol 1 (36070)",
        "stop_code": "36070",
        "location_type": "0",
        "parent_station": null,
        "wheelchair_boarding": null,
        "zone_id": "12417",
        "source_dataset": "tib_gtfs_supply"
      },
      "geometry": {
        "type": "Point",
        "coordinates": [
          2.771639,
          39.61723
        ]
      }
    },
    {
      "type": "Feature",
      "properties": {
        "stop_id": "1099",
        "stop_name": "Constitució (36071)",
        "stop_code": "36071",
        "location_type": "0",
        "parent_station": null,
        "wheelchair_boarding": null,
        "zone_id": "12417",
        "source_dataset": "tib_gtfs_supply"
      },
      "geometry": {
        "type": "Point",
        "coordinates": [
          2.7681,
          39.616344
        ]
      }
    },
    {
      "type": "Feature",
      "properties": {
        "stop_id": "1101",
        "stop_name": "Jaume I (36073)",
        "stop_code": "36073",
        "location_type": "0",
        "parent_station": null,
        "wheelchair_boarding": null,
        "zone_id": "12418",
        "source_dataset": "tib_gtfs_supply"
      },
      "geometry": {
        "type": "Point",
        "coordinates": [
          2.753058,
          39.61851
        ]
      }
    },
    {
      "type": "Feature",
      "properties": {
        "stop_id": "1102",
        "stop_name": "Son Verí (36074)",
        "stop_code": "36074",
        "location_type": "0",
        "parent_station": null,
        "wheelchair_boarding": null,
        "zone_id": "12420",
        "source_dataset": "tib_gtfs_supply"
      },
      "geometry": {
        "type": "Point",
        "coordinates": [
          2.735942,
          39.623135
        ]
      }
    },
    {
      "type": "Feature",
      "properties": {
        "stop_id": "1103",
        "stop_name": "Major - Can Pericàs 1 (36093)",
        "stop_code": "36093",
        "location_type": "0",
        "parent_station": null,
        "wheelchair_boarding": null,
        "zone_id": "12417",
        "source_dataset": "tib_gtfs_supply"
      },
      "geometry": {
        "type": "Point",
        "coordinates": [
          2.775218,
          39.617096
        ]
      }
    },
    {
      "type": "Feature",
      "properties": {
        "stop_id": "1104",
        "stop_name": "Major - Can Pericàs 2 (36094)",
        "stop_code": "36094",
        "location_type": "0",
        "parent_station": null,
        "wheelchair_boarding": null,
        "zone_id": "12417",
        "source_dataset": "tib_gtfs_supply"
      },
      "geometry": {
        "type": "Point",
        "coordinates": [
          2.775093,
          39.617
        ]
      }
    },
    {
      "type": "Feature",
      "properties": {
        "stop_id": "1107",
        "stop_name": "Ses Escoles 2 (4016)",
        "stop_code": "4016",
        "location_type": "0",
        "parent_station": null,
        "wheelchair_boarding": null,
        "zone_id": "12421",
        "source_dataset": "tib_gtfs_supply"
      },
      "geometry": {
        "type": "Point",
        "coordinates": [
          2.895928,
          39.563046
        ]
      }
    },
    {
      "type": "Feature",
      "properties": {
        "stop_id": "1109",
        "stop_name": "Alorda (4011)",
        "stop_code": "4011",
        "location_type": "0",
        "parent_station": null,
        "wheelchair_boarding": null,
        "zone_id": "12421",
        "source_dataset": "tib_gtfs_supply"
      },
      "geometry": {
        "type": "Point",
        "coordinates": [
          2.881924,
          39.56919
        ]
      }
    },
    {
      "type": "Feature",
      "properties": {
        "stop_id": "1110",
        "stop_name": "Sa Talaieta (4004)",
        "stop_code": "4004",
        "location_type": "0",
        "parent_station": null,
        "wheelchair_boarding": null,
        "zone_id": "12421",
        "source_dataset": "tib_gtfs_supply"
      },
      "geometry": {
        "type": "Point",
        "coordinates": [
          2.884903,
          39.568104
        ]
      }
    },
    {
      "type": "Feature",
      "properties": {
        "stop_id": "1114",
        "stop_name": "Ronda d'Alcassor 2 (43004)",
        "stop_code": "43004",
        "location_type": "0",
        "parent_station": null,
        "wheelchair_boarding": null,
        "zone_id": "12423",
        "source_dataset": "tib_gtfs_supply"
      },
      "geometry": {
        "type": "Point",
        "coordinates": [
          3.029955,
          39.514202
        ]
      }
    },
    {
      "type": "Feature",
      "properties": {
        "stop_id": "1115",
        "stop_name": "Ronda de l'Estació 1 (43006)",
        "stop_code": "43006",
        "location_type": "0",
        "parent_station": null,
        "wheelchair_boarding": null,
        "zone_id": "12423",
        "source_dataset": "tib_gtfs_supply"
      },
      "geometry": {
        "type": "Point",
        "coordinates": [
          3.02344,
          39.510357
        ]
      }
    },
    {
      "type": "Feature",
      "properties": {
        "stop_id": "1116",
        "stop_name": "Ronda de l'Estació 2 (43007)",
        "stop_code": "43007",
        "location_type": "0",
        "parent_station": null,
        "wheelchair_boarding": null,
        "zone_id": "12423",
        "source_dataset": "tib_gtfs_supply"
      },
      "geometry": {
        "type": "Point",
        "coordinates": [
          3.022524,
          39.510597
        ]
      }
    },
    {
      "type": "Feature",
      "properties": {
        "stop_id": "1117",
        "stop_name": "N'Hereveta 1 (43008)",
        "stop_code": "43008",
        "location_type": "0",
        "parent_station": null,
        "wheelchair_boarding": null,
        "zone_id": "12423",
        "source_dataset": "tib_gtfs_supply"
      },
      "geometry": {
        "type": "Point",
        "coordinates": [
          3.020416,
          39.51854
        ]
      }
    },
    {
      "type": "Feature",
      "properties": {
        "stop_id": "1118",
        "stop_name": "N'Hereveta 2 (43009)",
        "stop_code": "43009",
        "location_type": "0",
        "parent_station": null,
        "wheelchair_boarding": null,
        "zone_id": "12423",
        "source_dataset": "tib_gtfs_supply"
      },
      "geometry": {
        "type": "Point",
        "coordinates": [
          3.020262,
          39.518436
        ]
      }
    },
    {
      "type": "Feature",
      "properties": {
        "stop_id": "1120",
        "stop_name": "Ronda d'Alcassor 1 (43013)",
        "stop_code": "43013",
        "location_type": "0",
        "parent_station": null,
        "wheelchair_boarding": null,
        "zone_id": "12423",
        "source_dataset": "tib_gtfs_supply"
      },
      "geometry": {
        "type": "Point",
        "coordinates": [
          3.029795,
          39.514194
        ]
      }
    },
    {
      "type": "Feature",
      "properties": {
        "stop_id": "1121",
        "stop_name": "IES Felanitx 1 (22003)",
        "stop_code": "22003",
        "location_type": "0",
        "parent_station": null,
        "wheelchair_boarding": null,
        "zone_id": "12424",
        "source_dataset": "tib_gtfs_supply"
      },
      "geometry": {
        "type": "Point",
        "coordinates": [
          3.140432,
          39.478947
        ]
      }
    },
    {
      "type": "Feature",
      "properties": {
        "stop_id": "1122",
        "stop_name": "IES Felanitx 2 (22004)",
        "stop_code": "22004",
        "location_type": "0",
        "parent_station": null,
        "wheelchair_boarding": null,
        "zone_id": "12424",
        "source_dataset": "tib_gtfs_supply"
      },
      "geometry": {
        "type": "Point",
        "coordinates": [
          3.13982,
          39.479378
        ]
      }
    },
    {
      "type": "Feature",
      "properties": {
        "stop_id": "1123",
        "stop_name": "República Argentina (22040)",
        "stop_code": "22040",
        "location_type": "0",
        "parent_station": null,
        "wheelchair_boarding": null,
        "zone_id": "12424",
        "source_dataset": "tib_gtfs_supply"
      },
      "geometry": {
        "type": "Point",
        "coordinates": [
          3.15228,
          39.474895
        ]
      }
    },
    {
      "type": "Feature",
      "properties": {
        "stop_id": "1124",
        "stop_name": "Ernest Mestre 2 (22002)",
        "stop_code": "22002",
        "location_type": "0",
        "parent_station": null,
        "wheelchair_boarding": null,
        "zone_id": "12424",
        "source_dataset": "tib_gtfs_supply"
      },
      "geometry": {
        "type": "Point",
        "coordinates": [
          3.144838,
          39.469196
        ]
      }
    },
    {
      "type": "Feature",
      "properties": {
        "stop_id": "1125",
        "stop_name": "Camp de Mar (5001)",
        "stop_code": "5001",
        "location_type": "0",
        "parent_station": null,
        "wheelchair_boarding": null,
        "zone_id": "12425",
        "source_dataset": "tib_gtfs_supply"
      },
      "geometry": {
        "type": "Point",
        "coordinates": [
          2.423281,
          39.540592
        ]
      }
    },
    {
      "type": "Feature",
      "properties": {
        "stop_id": "1126",
        "stop_name": "Camí des Prat 2 (5006)",
        "stop_code": "5006",
        "location_type": "0",
        "parent_station": null,
        "wheelchair_boarding": null,
        "zone_id": "12426",
        "source_dataset": "tib_gtfs_supply"
      },
      "geometry": {
        "type": "Point",
        "coordinates": [
          2.398895,
          39.5546
        ]
      }
    },
    {
      "type": "Feature",
      "properties": {
        "stop_id": "1127",
        "stop_name": "Camí des Prat 1 (5007)",
        "stop_code": "5007",
        "location_type": "0",
        "parent_station": null,
        "wheelchair_boarding": null,
        "zone_id": "12426",
        "source_dataset": "tib_gtfs_supply"
      },
      "geometry": {
        "type": "Point",
        "coordinates": [
          2.399253,
          39.555607
        ]
      }
    },
    {
      "type": "Feature",
      "properties": {
        "stop_id": "1128",
        "stop_name": "Camí des Rebolls 2 (5008)",
        "stop_code": "5008",
        "location_type": "0",
        "parent_station": null,
        "wheelchair_boarding": null,
        "zone_id": "12426",
        "source_dataset": "tib_gtfs_supply"
      },
      "geometry": {
        "type": "Point",
        "coordinates": [
          2.395741,
          39.54903
        ]
      }
    },
    {
      "type": "Feature",
      "properties": {
        "stop_id": "1129",
        "stop_name": "Camí des Rebolls 1 (5009)",
        "stop_code": "5009",
        "location_type": "0",
        "parent_station": null,
        "wheelchair_boarding": null,
        "zone_id": "12426",
        "source_dataset": "tib_gtfs_supply"
      },
      "geometry": {
        "type": "Point",
        "coordinates": [
          2.395968,
          39.54904
        ]
      }
    },
    {
      "type": "Feature",
      "properties": {
        "stop_id": "1130",
        "stop_name": "Llotja (5011)",
        "stop_code": "5011",
        "location_type": "0",
        "parent_station": null,
        "wheelchair_boarding": null,
        "zone_id": "12427",
        "source_dataset": "tib_gtfs_supply"
      },
      "geometry": {
        "type": "Point",
        "coordinates": [
          2.390162,
          39.545563
        ]
      }
    },
    {
      "type": "Feature",
      "properties": {
        "stop_id": "1131",
        "stop_name": "Club de vela (5012)",
        "stop_code": "5012",
        "location_type": "0",
        "parent_station": null,
        "wheelchair_boarding": null,
        "zone_id": "12427",
        "source_dataset": "tib_gtfs_supply"
      },
      "geometry": {
        "type": "Point",
        "coordinates": [
          2.386469,
          39.54846
        ]
      }
    },
    {
      "type": "Feature",
      "properties": {
        "stop_id": "1133",
        "stop_name": "Sant Elm 2 (5014)",
        "stop_code": "5014",
        "location_type": "0",
        "parent_station": null,
        "wheelchair_boarding": null,
        "zone_id": "12429",
        "source_dataset": "tib_gtfs_supply"
      },
      "geometry": {
        "type": "Point",
        "coordinates": [
          2.354306,
          39.57812
        ]
      }
    },
    {
      "type": "Feature",
      "properties": {
        "stop_id": "1134",
        "stop_name": "Sant Elm 1 (5015)",
        "stop_code": "5015",
        "location_type": "0",
        "parent_station": null,
        "wheelchair_boarding": null,
        "zone_id": "12429",
        "source_dataset": "tib_gtfs_supply"
      },
      "geometry": {
        "type": "Point",
        "coordinates": [
          2.354334,
          39.578007
        ]
      }
    },
    {
      "type": "Feature",
      "properties": {
        "stop_id": "1135",
        "stop_name": "S'Algar (5017)",
        "stop_code": "5017",
        "location_type": "0",
        "parent_station": null,
        "wheelchair_boarding": null,
        "zone_id": "12429",
        "source_dataset": "tib_gtfs_supply"
      },
      "geometry": {
        "type": "Point",
        "coordinates": [
          2.35004,
          39.58133
        ]
      }
    },
    {
      "type": "Feature",
      "properties": {
        "stop_id": "1137",
        "stop_name": "S'Aluet (5027)",
        "stop_code": "5027",
        "location_type": "0",
        "parent_station": null,
        "wheelchair_boarding": null,
        "zone_id": "12427",
        "source_dataset": "tib_gtfs_supply"
      },
      "geometry": {
        "type": "Point",
        "coordinates": [
          2.39102,
          39.546196
        ]
      }
    },
    {
      "type": "Feature",
      "properties": {
        "stop_id": "1138",
        "stop_name": "Cementeri de s'Arracó (5029)",
        "stop_code": "5029",
        "location_type": "0",
        "parent_station": null,
        "wheelchair_boarding": null,
        "zone_id": "12430",
        "source_dataset": "tib_gtfs_supply"
      },
      "geometry": {
        "type": "Point",
        "coordinates": [
          2.378945,
          39.58028
        ]
      }
    },
    {
      "type": "Feature",
      "properties": {
        "stop_id": "1139",
        "stop_name": "Supermercat (5030)",
        "stop_code": "5030",
        "location_type": "0",
        "parent_station": null,
        "wheelchair_boarding": null,
        "zone_id": "12431",
        "source_dataset": "tib_gtfs_supply"
      },
      "geometry": {
        "type": "Point",
        "coordinates": [
          2.421302,
          39.570717
        ]
      }
    },
    {
      "type": "Feature",
      "properties": {
        "stop_id": "1140",
        "stop_name": "Torrent (5031)",
        "stop_code": "5031",
        "location_type": "0",
        "parent_station": null,
        "wheelchair_boarding": null,
        "zone_id": "12431",
        "source_dataset": "tib_gtfs_supply"
      },
      "geometry": {
        "type": "Point",
        "coordinates": [
          2.420654,
          39.57046
        ]
      }
    },
    {
      "type": "Feature",
      "properties": {
        "stop_id": "1141",
        "stop_name": "Son Sampol (5035)",
        "stop_code": "5035",
        "location_type": "0",
        "parent_station": null,
        "wheelchair_boarding": null,
        "zone_id": "12431",
        "source_dataset": "tib_gtfs_supply"
      },
      "geometry": {
        "type": "Point",
        "coordinates": [
          2.423779,
          39.575523
        ]
      }
    },
    {
      "type": "Feature",
      "properties": {
        "stop_id": "1142",
        "stop_name": "Ctra. Andratx - Mar i Cel 1 (11001)",
        "stop_code": "11001",
        "location_type": "0",
        "parent_station": null,
        "wheelchair_boarding": null,
        "zone_id": "12432",
        "source_dataset": "tib_gtfs_supply"
      },
      "geometry": {
        "type": "Point",
        "coordinates": [
          2.596142,
          39.54752
        ]
      }
    },
    {
      "type": "Feature",
      "properties": {
        "stop_id": "1143",
        "stop_name": "Ctra. Andratx - Av. Mallorca 2 (11011)",
        "stop_code": "11011",
        "location_type": "0",
        "parent_station": null,
        "wheelchair_boarding": null,
        "zone_id": "12432",
        "source_dataset": "tib_gtfs_supply"
      },
      "geometry": {
        "type": "Point",
        "coordinates": [
          2.589283,
          39.543095
        ]
      }
    },
    {
      "type": "Feature",
      "properties": {
        "stop_id": "1144",
        "stop_name": "Ctra. Andratx - Av. Mallorca 1 (11012)",
        "stop_code": "11012",
        "location_type": "0",
        "parent_station": null,
        "wheelchair_boarding": null,
        "zone_id": "12432",
        "source_dataset": "tib_gtfs_supply"
      },
      "geometry": {
        "type": "Point",
        "coordinates": [
          2.589232,
          39.542946
        ]
      }
    },
    {
      "type": "Feature",
      "properties": {
        "stop_id": "1145",
        "stop_name": "Bendinat 2 (11013)",
        "stop_code": "11013",
        "location_type": "0",
        "parent_station": null,
        "wheelchair_boarding": null,
        "zone_id": "12434",
        "source_dataset": "tib_gtfs_supply"
      },
      "geometry": {
        "type": "Point",
        "coordinates": [
          2.581972,
          39.53982
        ]
      }
    },
    {
      "type": "Feature",
      "properties": {
        "stop_id": "1146",
        "stop_name": "Bendinat 1 (11014)",
        "stop_code": "11014",
        "location_type": "0",
        "parent_station": null,
        "wheelchair_boarding": null,
        "zone_id": "12434",
        "source_dataset": "tib_gtfs_supply"
      },
      "geometry": {
        "type": "Point",
        "coordinates": [
          2.582189,
          39.539783
        ]
      }
    },
    {
      "type": "Feature",
      "properties": {
        "stop_id": "1147",
        "stop_name": "Ctra. Andratx - Vaquer 2 (11015)",
        "stop_code": "11015",
        "location_type": "0",
        "parent_station": null,
        "wheelchair_boarding": null,
        "zone_id": "12435",
        "source_dataset": "tib_gtfs_supply"
      },
      "geometry": {
        "type": "Point",
        "coordinates": [
          2.575797,
          39.5378
        ]
      }
    },
    {
      "type": "Feature",
      "properties": {
        "stop_id": "1148",
        "stop_name": "Ctra. Andratx - Vaquer 1 (11016)",
        "stop_code": "11016",
        "location_type": "0",
        "parent_station": null,
        "wheelchair_boarding": null,
        "zone_id": "12435",
        "source_dataset": "tib_gtfs_supply"
      },
      "geometry": {
        "type": "Point",
        "coordinates": [
          2.575137,
          39.53727
        ]
      }
    },
    {
      "type": "Feature",
      "properties": {
        "stop_id": "1149",
        "stop_name": "Plaça de Portals 2 (11017)",
        "stop_code": "11017",
        "location_type": "0",
        "parent_station": null,
        "wheelchair_boarding": null,
        "zone_id": "12435",
        "source_dataset": "tib_gtfs_supply"
      },
      "geometry": {
        "type": "Point",
        "coordinates": [
          2.572607,
          39.535156
        ]
      }
    },
    {
      "type": "Feature",
      "properties": {
        "stop_id": "1150",
        "stop_name": "Plaça de Portals 1 (11018)",
        "stop_code": "11018",
        "location_type": "0",
        "parent_station": null,
        "wheelchair_boarding": null,
        "zone_id": "12435",
        "source_dataset": "tib_gtfs_supply"
      },
      "geometry": {
        "type": "Point",
        "coordinates": [
          2.572556,
          39.535053
        ]
      }
    },
    {
      "type": "Feature",
      "properties": {
        "stop_id": "1151",
        "stop_name": "Portals Nous 1 (11019)",
        "stop_code": "11019",
        "location_type": "0",
        "parent_station": null,
        "wheelchair_boarding": null,
        "zone_id": "41",
        "source_dataset": "tib_gtfs_supply"
      },
      "geometry": {
        "type": "Point",
        "coordinates": [
          2.563992,
          39.5334
        ]
      }
    },
    {
      "type": "Feature",
      "properties": {
        "stop_id": "1152",
        "stop_name": "Portals Nous 2 (11020)",
        "stop_code": "11020",
        "location_type": "0",
        "parent_station": null,
        "wheelchair_boarding": null,
        "zone_id": "41",
        "source_dataset": "tib_gtfs_supply"
      },
      "geometry": {
        "type": "Point",
        "coordinates": [
          2.563968,
          39.533554
        ]
      }
    },
    {
      "type": "Feature",
      "properties": {
        "stop_id": "1153",
        "stop_name": "Punta Negra 2 (11021)",
        "stop_code": "11021",
        "location_type": "0",
        "parent_station": null,
        "wheelchair_boarding": null,
        "zone_id": "12437",
        "source_dataset": "tib_gtfs_supply"
      },
      "geometry": {
        "type": "Point",
        "coordinates": [
          2.552029,
          39.529438
        ]
      }
    },
    {
      "type": "Feature",
      "properties": {
        "stop_id": "1154",
        "stop_name": "Punta Negra 1 (11022)",
        "stop_code": "11022",
        "location_type": "0",
        "parent_station": null,
        "wheelchair_boarding": null,
        "zone_id": "12437",
        "source_dataset": "tib_gtfs_supply"
      },
      "geometry": {
        "type": "Point",
        "coordinates": [
          2.552221,
          39.529346
        ]
      }
    },
    {
      "type": "Feature",
      "properties": {
        "stop_id": "1155",
        "stop_name": "Son Caliu 2 (11023)",
        "stop_code": "11023",
        "location_type": "0",
        "parent_station": null,
        "wheelchair_boarding": null,
        "zone_id": "12437",
        "source_dataset": "tib_gtfs_supply"
      },
      "geometry": {
        "type": "Point",
        "coordinates": [
          2.544591,
          39.52839
        ]
      }
    },
    {
      "type": "Feature",
      "properties": {
        "stop_id": "1156",
        "stop_name": "Son Caliu 1 (11024)",
        "stop_code": "11024",
        "location_type": "0",
        "parent_station": null,
        "wheelchair_boarding": null,
        "zone_id": "12437",
        "source_dataset": "tib_gtfs_supply"
      },
      "geometry": {
        "type": "Point",
        "coordinates": [
          2.544064,
          39.528194
        ]
      }
    },
    {
      "type": "Feature",
      "properties": {
        "stop_id": "1158",
        "stop_name": "Punta Marroig 2 (11028)",
        "stop_code": "11028",
        "location_type": "0",
        "parent_station": null,
        "wheelchair_boarding": null,
        "zone_id": "12438",
        "source_dataset": "tib_gtfs_supply"
      },
      "geometry": {
        "type": "Point",
        "coordinates": [
          2.537677,
          39.522152
        ]
      }
    },
    {
      "type": "Feature",
      "properties": {
        "stop_id": "1159",
        "stop_name": "Punta Marroig 1 (11029)",
        "stop_code": "11029",
        "location_type": "0",
        "parent_station": null,
        "wheelchair_boarding": null,
        "zone_id": "12438",
        "source_dataset": "tib_gtfs_supply"
      },
      "geometry": {
        "type": "Point",
        "coordinates": [
          2.53777,
          39.522038
        ]
      }
    },
    {
      "type": "Feature",
      "properties": {
        "stop_id": "1160",
        "stop_name": "Platja de Palmanova 2 (11030)",
        "stop_code": "11030",
        "location_type": "0",
        "parent_station": null,
        "wheelchair_boarding": null,
        "zone_id": "12438",
        "source_dataset": "tib_gtfs_supply"
      },
      "geometry": {
        "type": "Point",
        "coordinates": [
          2.535907,
          39.519535
        ]
      }
    },
    {
      "type": "Feature",
      "properties": {
        "stop_id": "1161",
        "stop_name": "Platja de Palmanova 1 (11031)",
        "stop_code": "11031",
        "location_type": "0",
        "parent_station": null,
        "wheelchair_boarding": null,
        "zone_id": "12438",
        "source_dataset": "tib_gtfs_supply"
      },
      "geometry": {
        "type": "Point",
        "coordinates": [
          2.535847,
          39.519363
        ]
      }
    },
    {
      "type": "Feature",
      "properties": {
        "stop_id": "1162",
        "stop_name": "Pinzons 2 (11032)",
        "stop_code": "11032",
        "location_type": "0",
        "parent_station": null,
        "wheelchair_boarding": null,
        "zone_id": "12438",
        "source_dataset": "tib_gtfs_supply"
      },
      "geometry": {
        "type": "Point",
        "coordinates": [
          2.533487,
          39.518085
        ]
      }
    },
    {
      "type": "Feature",
      "properties": {
        "stop_id": "1163",
        "stop_name": "Pinzons 1 (11033)",
        "stop_code": "11033",
        "location_type": "0",
        "parent_station": null,
        "wheelchair_boarding": null,
        "zone_id": "12438",
        "source_dataset": "tib_gtfs_supply"
      },
      "geometry": {
        "type": "Point",
        "coordinates": [
          2.533742,
          39.51714
        ]
      }
    },
    {
      "type": "Feature",
      "properties": {
        "stop_id": "1164",
        "stop_name": "Platja de Son Maties 2 (11035)",
        "stop_code": "11035",
        "location_type": "0",
        "parent_station": null,
        "wheelchair_boarding": null,
        "zone_id": "12438",
        "source_dataset": "tib_gtfs_supply"
      },
      "geometry": {
        "type": "Point",
        "coordinates": [
          2.536111,
          39.515305
        ]
      }
    },
    {
      "type": "Feature",
      "properties": {
        "stop_id": "1165",
        "stop_name": "Platja de Son Maties 1 (11036)",
        "stop_code": "11036",
        "location_type": "0",
        "parent_station": null,
        "wheelchair_boarding": null,
        "zone_id": "12438",
        "source_dataset": "tib_gtfs_supply"
      },
      "geometry": {
        "type": "Point",
        "coordinates": [
          2.536167,
          39.515396
        ]
      }
    },
    {
      "type": "Feature",
      "properties": {
        "stop_id": "1166",
        "stop_name": "Pere Vaquer Ramis 2 (11039)",
        "stop_code": "11039",
        "location_type": "0",
        "parent_station": null,
        "wheelchair_boarding": null,
        "zone_id": "12439",
        "source_dataset": "tib_gtfs_supply"
      },
      "geometry": {
        "type": "Point",
        "coordinates": [
          2.535148,
          39.51147
        ]
      }
    },
    {
      "type": "Feature",
      "properties": {
        "stop_id": "1167",
        "stop_name": "Pere Vaquer Ramis 1 (11040)",
        "stop_code": "11040",
        "location_type": "0",
        "parent_station": null,
        "wheelchair_boarding": null,
        "zone_id": "12439",
        "source_dataset": "tib_gtfs_supply"
      },
      "geometry": {
        "type": "Point",
        "coordinates": [
          2.535475,
          39.51155
        ]
      }
    },
    {
      "type": "Feature",
      "properties": {
        "stop_id": "1168",
        "stop_name": "Notari Alemany 1 (11043)",
        "stop_code": "11043",
        "location_type": "0",
        "parent_station": null,
        "wheelchair_boarding": null,
        "zone_id": "12439",
        "source_dataset": "tib_gtfs_supply"
      },
      "geometry": {
        "type": "Point",
        "coordinates": [
          2.532122,
          39.504574
        ]
      }
    },
    {
      "type": "Feature",
      "properties": {
        "stop_id": "1169",
        "stop_name": "Notari Alemany 2 (11044)",
        "stop_code": "11044",
        "location_type": "0",
        "parent_station": null,
        "wheelchair_boarding": null,
        "zone_id": "12439",
        "source_dataset": "tib_gtfs_supply"
      },
      "geometry": {
        "type": "Point",
        "coordinates": [
          2.531427,
          39.50388
        ]
      }
    },
    {
      "type": "Feature",
      "properties": {
        "stop_id": "1173",
        "stop_name": "Camí Porrassa 2 (11049)",
        "stop_code": "11049",
        "location_type": "0",
        "parent_station": null,
        "wheelchair_boarding": null,
        "zone_id": "12439",
        "source_dataset": "tib_gtfs_supply"
      },
      "geometry": {
        "type": "Point",
        "coordinates": [
          2.529796,
          39.505184
        ]
      }
    },
    {
      "type": "Feature",
      "properties": {
        "stop_id": "1174",
        "stop_name": "Camí Porrassa 1 (11050)",
        "stop_code": "11050",
        "location_type": "0",
        "parent_station": null,
        "wheelchair_boarding": null,
        "zone_id": "12439",
        "source_dataset": "tib_gtfs_supply"
      },
      "geometry": {
        "type": "Point",
        "coordinates": [
          2.527882,
          39.504
        ]
      }
    },
    {
      "type": "Feature",
      "properties": {
        "stop_id": "1175",
        "stop_name": "Parc aquàtic 1 (11052)",
        "stop_code": "11052",
        "location_type": "0",
        "parent_station": null,
        "wheelchair_boarding": null,
        "zone_id": "12440",
        "source_dataset": "tib_gtfs_supply"
      },
      "geometry": {
        "type": "Point",
        "coordinates": [
          2.51895,
          39.50577
        ]
      }
    },
    {
      "type": "Feature",
      "properties": {
        "stop_id": "1176",
        "stop_name": "Parc aquàtic 2 (11053)",
        "stop_code": "11053",
        "location_type": "0",
        "parent_station": null,
        "wheelchair_boarding": null,
        "zone_id": "12440",
        "source_dataset": "tib_gtfs_supply"
      },
      "geometry": {
        "type": "Point",
        "coordinates": [
          2.518513,
          39.50521
        ]
      }
    },
    {
      "type": "Feature",
      "properties": {
        "stop_id": "1181",
        "stop_name": "Av. Mallorca - Av. Balear 1 (11059)",
        "stop_code": "11059",
        "location_type": "0",
        "parent_station": null,
        "wheelchair_boarding": null,
        "zone_id": "12442",
        "source_dataset": "tib_gtfs_supply"
      },
      "geometry": {
        "type": "Point",
        "coordinates": [
          2.520176,
          39.48418
        ]
      }
    },
    {
      "type": "Feature",
      "properties": {
        "stop_id": "1182",
        "stop_name": "Sol de Mallorca (11060)",
        "stop_code": "11060",
        "location_type": "0",
        "parent_station": null,
        "wheelchair_boarding": null,
        "zone_id": "12442",
        "source_dataset": "tib_gtfs_supply"
      },
      "geometry": {
        "type": "Point",
        "coordinates": [
          2.52254,
          39.48053
        ]
      }
    },
    {
      "type": "Feature",
      "properties": {
        "stop_id": "1183",
        "stop_name": "Tudó 1 (11061)",
        "stop_code": "11061",
        "location_type": "0",
        "parent_station": null,
        "wheelchair_boarding": null,
        "zone_id": "12443",
        "source_dataset": "tib_gtfs_supply"
      },
      "geometry": {
        "type": "Point",
        "coordinates": [
          2.507793,
          39.496277
        ]
      }
    },
    {
      "type": "Feature",
      "properties": {
        "stop_id": "1184",
        "stop_name": "Tudó 2 (11062)",
        "stop_code": "11062",
        "location_type": "0",
        "parent_station": null,
        "wheelchair_boarding": null,
        "zone_id": "12443",
        "source_dataset": "tib_gtfs_supply"
      },
      "geometry": {
        "type": "Point",
        "coordinates": [
          2.507866,
          39.49636
        ]
      }
    },
    {
      "type": "Feature",
      "properties": {
        "stop_id": "1185",
        "stop_name": "Còndor (11064)",
        "stop_code": "11064",
        "location_type": "0",
        "parent_station": null,
        "wheelchair_boarding": null,
        "zone_id": "12443",
        "source_dataset": "tib_gtfs_supply"
      },
      "geometry": {
        "type": "Point",
        "coordinates": [
          2.505384,
          39.498783
        ]
      }
    },
    {
      "type": "Feature",
      "properties": {
        "stop_id": "1186",
        "stop_name": "Falcó 2 (11067)",
        "stop_code": "11067",
        "location_type": "0",
        "parent_station": null,
        "wheelchair_boarding": null,
        "zone_id": "12443",
        "source_dataset": "tib_gtfs_supply"
      },
      "geometry": {
        "type": "Point",
        "coordinates": [
          2.500947,
          39.494713
        ]
      }
    },
    {
      "type": "Feature",
      "properties": {
        "stop_id": "1187",
        "stop_name": "Falcó 1 (11068)",
        "stop_code": "11068",
        "location_type": "0",
        "parent_station": null,
        "wheelchair_boarding": null,
        "zone_id": "12443",
        "source_dataset": "tib_gtfs_supply"
      },
      "geometry": {
        "type": "Point",
        "coordinates": [
          2.500896,
          39.495087
        ]
      }
    },
    {
      "type": "Feature",
      "properties": {
        "stop_id": "1188",
        "stop_name": "Milana (11069)",
        "stop_code": "11069",
        "location_type": "0",
        "parent_station": null,
        "wheelchair_boarding": null,
        "zone_id": "12443",
        "source_dataset": "tib_gtfs_supply"
      },
      "geometry": {
        "type": "Point",
        "coordinates": [
          2.505158,
          39.499508
        ]
      }
    },
    {
      "type": "Feature",
      "properties": {
        "stop_id": "1189",
        "stop_name": "Port Adriano 2 (11070)",
        "stop_code": "11070",
        "location_type": "0",
        "parent_station": null,
        "wheelchair_boarding": null,
        "zone_id": "12444",
        "source_dataset": "tib_gtfs_supply"
      },
      "geometry": {
        "type": "Point",
        "coordinates": [
          2.4817424,
          39.492176
        ]
      }
    },
    {
      "type": "Feature",
      "properties": {
        "stop_id": "1190",
        "stop_name": "Port Adriano 1 (11071)",
        "stop_code": "11071",
        "location_type": "0",
        "parent_station": null,
        "wheelchair_boarding": null,
        "zone_id": "12444",
        "source_dataset": "tib_gtfs_supply"
      },
      "geometry": {
        "type": "Point",
        "coordinates": [
          2.481672,
          39.49194
        ]
      }
    },
    {
      "type": "Feature",
      "properties": {
        "stop_id": "1191",
        "stop_name": "Ctra. Magaluf - Santa Ponça 2 (11072)",
        "stop_code": "11072",
        "location_type": "0",
        "parent_station": null,
        "wheelchair_boarding": null,
        "zone_id": "12444",
        "source_dataset": "tib_gtfs_supply"
      },
      "geometry": {
        "type": "Point",
        "coordinates": [
          2.477118,
          39.493828
        ]
      }
    },
    {
      "type": "Feature",
      "properties": {
        "stop_id": "1192",
        "stop_name": "Ctra. Magaluf - Santa Ponça 1 (11073)",
        "stop_code": "11073",
        "location_type": "0",
        "parent_station": null,
        "wheelchair_boarding": null,
        "zone_id": "12444",
        "source_dataset": "tib_gtfs_supply"
      },
      "geometry": {
        "type": "Point",
        "coordinates": [
          2.477356,
          39.49364
        ]
      }
    },
    {
      "type": "Feature",
      "properties": {
        "stop_id": "1193",
        "stop_name": "Gran Via Penyes Roges 2 (11074)",
        "stop_code": "11074",
        "location_type": "0",
        "parent_station": null,
        "wheelchair_boarding": null,
        "zone_id": "12445",
        "source_dataset": "tib_gtfs_supply"
      },
      "geometry": {
        "type": "Point",
        "coordinates": [
          2.470214,
          39.496513
        ]
      }
    },
    {
      "type": "Feature",
      "properties": {
        "stop_id": "1194",
        "stop_name": "Gran Via Penyes Roges 1 (11075)",
        "stop_code": "11075",
        "location_type": "0",
        "parent_station": null,
        "wheelchair_boarding": null,
        "zone_id": "12445",
        "source_dataset": "tib_gtfs_supply"
      },
      "geometry": {
        "type": "Point",
        "coordinates": [
          2.469219,
          39.496616
        ]
      }
    },
    {
      "type": "Feature",
      "properties": {
        "stop_id": "1196",
        "stop_name": "Gran Via (11079)",
        "stop_code": "11079",
        "location_type": "0",
        "parent_station": null,
        "wheelchair_boarding": null,
        "zone_id": "12444",
        "source_dataset": "tib_gtfs_supply"
      },
      "geometry": {
        "type": "Point",
        "coordinates": [
          2.480914,
          39.487907
        ]
      }
    },
    {
      "type": "Feature",
      "properties": {
        "stop_id": "1197",
        "stop_name": "Malgrats 2 (11081)",
        "stop_code": "11081",
        "location_type": "0",
        "parent_station": null,
        "wheelchair_boarding": null,
        "zone_id": "12445",
        "source_dataset": "tib_gtfs_supply"
      },
      "geometry": {
        "type": "Point",
        "coordinates": [
          2.462618,
          39.504387
        ]
      }
    },
    {
      "type": "Feature",
      "properties": {
        "stop_id": "1198",
        "stop_name": "Malgrats 1 (11082)",
        "stop_code": "11082",
        "location_type": "0",
        "parent_station": null,
        "wheelchair_boarding": null,
        "zone_id": "12445",
        "source_dataset": "tib_gtfs_supply"
      },
      "geometry": {
        "type": "Point",
        "coordinates": [
          2.462123,
          39.5042
        ]
      }
    },
    {
      "type": "Feature",
      "properties": {
        "stop_id": "1199",
        "stop_name": "Club Nàutic Santa Ponça 2 (11083)",
        "stop_code": "11083",
        "location_type": "0",
        "parent_station": null,
        "wheelchair_boarding": null,
        "zone_id": "12446",
        "source_dataset": "tib_gtfs_supply"
      },
      "geometry": {
        "type": "Point",
        "coordinates": [
          2.468316,
          39.507755
        ]
      }
    },
    {
      "type": "Feature",
      "properties": {
        "stop_id": "1200",
        "stop_name": "Club Nàutic Santa Ponça 1 (11084)",
        "stop_code": "11084",
        "location_type": "0",
        "parent_station": null,
        "wheelchair_boarding": null,
        "zone_id": "12446",
        "source_dataset": "tib_gtfs_supply"
      },
      "geometry": {
        "type": "Point",
        "coordinates": [
          2.468166,
          39.50776
        ]
      }
    },
    {
      "type": "Feature",
      "properties": {
        "stop_id": "1201",
        "stop_name": "Caló d'en Pellicer 2 (11085)",
        "stop_code": "11085",
        "location_type": "0",
        "parent_station": null,
        "wheelchair_boarding": null,
        "zone_id": "12446",
        "source_dataset": "tib_gtfs_supply"
      },
      "geometry": {
        "type": "Point",
        "coordinates": [
          2.474106,
          39.511124
        ]
      }
    },
    {
      "type": "Feature",
      "properties": {
        "stop_id": "1202",
        "stop_name": "Caló d'en Pellicer 1 (11086)",
        "stop_code": "11086",
        "location_type": "0",
        "parent_station": null,
        "wheelchair_boarding": null,
        "zone_id": "12446",
        "source_dataset": "tib_gtfs_supply"
      },
      "geometry": {
        "type": "Point",
        "coordinates": [
          2.473895,
          39.51122
        ]
      }
    },
    {
      "type": "Feature",
      "properties": {
        "stop_id": "1203",
        "stop_name": "Sa Pinada (11089)",
        "stop_code": "11089",
        "location_type": "0",
        "parent_station": null,
        "wheelchair_boarding": null,
        "zone_id": "12446",
        "source_dataset": "tib_gtfs_supply"
      },
      "geometry": {
        "type": "Point",
        "coordinates": [
          2.482631,
          39.5147
        ]
      }
    },
    {
      "type": "Feature",
      "properties": {
        "stop_id": "1204",
        "stop_name": "Platja de Santa Ponça (11178)",
        "stop_code": "11178",
        "location_type": "0",
        "parent_station": null,
        "wheelchair_boarding": null,
        "zone_id": "12446",
        "source_dataset": "tib_gtfs_supply"
      },
      "geometry": {
        "type": "Point",
        "coordinates": [
          2.482392,
          39.514996
        ]
      }
    },
    {
      "type": "Feature",
      "properties": {
        "stop_id": "1205",
        "stop_name": "Santa Ponça est 1 (11090)",
        "stop_code": "11090",
        "location_type": "0",
        "parent_station": null,
        "wheelchair_boarding": null,
        "zone_id": "12446",
        "source_dataset": "tib_gtfs_supply"
      },
      "geometry": {
        "type": "Point",
        "coordinates": [
          2.488341,
          39.51758
        ]
      }
    },
    {
      "type": "Feature",
      "properties": {
        "stop_id": "1206",
        "stop_name": "Santa Ponça est 2 (11091)",
        "stop_code": "11091",
        "location_type": "0",
        "parent_station": null,
        "wheelchair_boarding": null,
        "zone_id": "12446",
        "source_dataset": "tib_gtfs_supply"
      },
      "geometry": {
        "type": "Point",
        "coordinates": [
          2.487706,
          39.51754
        ]
      }
    },
    {
      "type": "Feature",
      "properties": {
        "stop_id": "1207",
        "stop_name": "Molí de Santa Ponça 2 (11092)",
        "stop_code": "11092",
        "location_type": "0",
        "parent_station": null,
        "wheelchair_boarding": null,
        "zone_id": "12447",
        "source_dataset": "tib_gtfs_supply"
      },
      "geometry": {
        "type": "Point",
        "coordinates": [
          2.49393,
          39.5216
        ]
      }
    },
    {
      "type": "Feature",
      "properties": {
        "stop_id": "1208",
        "stop_name": "Molí de Santa Ponça 1 (11093)",
        "stop_code": "11093",
        "location_type": "0",
        "parent_station": null,
        "wheelchair_boarding": null,
        "zone_id": "12447",
        "source_dataset": "tib_gtfs_supply"
      },
      "geometry": {
        "type": "Point",
        "coordinates": [
          2.492997,
          39.521587
        ]
      }
    },
    {
      "type": "Feature",
      "properties": {
        "stop_id": "1211",
        "stop_name": "Subestació Santa Ponça 2 (11100)",
        "stop_code": "11100",
        "location_type": "0",
        "parent_station": null,
        "wheelchair_boarding": null,
        "zone_id": "12448",
        "source_dataset": "tib_gtfs_supply"
      },
      "geometry": {
        "type": "Point",
        "coordinates": [
          2.512789,
          39.53697
        ]
      }
    },
    {
      "type": "Feature",
      "properties": {
        "stop_id": "1212",
        "stop_name": "Subestació Santa Ponça 1 (11101)",
        "stop_code": "11101",
        "location_type": "0",
        "parent_station": null,
        "wheelchair_boarding": null,
        "zone_id": "12448",
        "source_dataset": "tib_gtfs_supply"
      },
      "geometry": {
        "type": "Point",
        "coordinates": [
          2.512578,
          39.536938
        ]
      }
    },
    {
      "type": "Feature",
      "properties": {
        "stop_id": "1213",
        "stop_name": "Av. de la Mar - Centre (11105)",
        "stop_code": "11105",
        "location_type": "0",
        "parent_station": null,
        "wheelchair_boarding": null,
        "zone_id": "12449",
        "source_dataset": "tib_gtfs_supply"
      },
      "geometry": {
        "type": "Point",
        "coordinates": [
          2.474451,
          39.52493
        ]
      }
    },
    {
      "type": "Feature",
      "properties": {
        "stop_id": "1214",
        "stop_name": "Av. de la Mar - Mireia (11107)",
        "stop_code": "11107",
        "location_type": "0",
        "parent_station": null,
        "wheelchair_boarding": null,
        "zone_id": "12449",
        "source_dataset": "tib_gtfs_supply"
      },
      "geometry": {
        "type": "Point",
        "coordinates": [
          2.482484,
          39.526974
        ]
      }
    },
    {
      "type": "Feature",
      "properties": {
        "stop_id": "1215",
        "stop_name": "Carrer Santa Ponça (11108)",
        "stop_code": "11108",
        "location_type": "0",
        "parent_station": null,
        "wheelchair_boarding": null,
        "zone_id": "12449",
        "source_dataset": "tib_gtfs_supply"
      },
      "geometry": {
        "type": "Point",
        "coordinates": [
          2.473184,
          39.521965
        ]
      }
    },
    {
      "type": "Feature",
      "properties": {
        "stop_id": "1216",
        "stop_name": "Es Capdellà (11118)",
        "stop_code": "11118",
        "location_type": "0",
        "parent_station": null,
        "wheelchair_boarding": null,
        "zone_id": "12450",
        "source_dataset": "tib_gtfs_supply"
      },
      "geometry": {
        "type": "Point",
        "coordinates": [
          2.471065,
          39.578045
        ]
      }
    },
    {
      "type": "Feature",
      "properties": {
        "stop_id": "1217",
        "stop_name": "Zona poliesportiva 1 (11119)",
        "stop_code": "11119",
        "location_type": "0",
        "parent_station": null,
        "wheelchair_boarding": null,
        "zone_id": "12451",
        "source_dataset": "tib_gtfs_supply"
      },
      "geometry": {
        "type": "Point",
        "coordinates": [
          2.496515,
          39.566387
        ]
      }
    },
    {
      "type": "Feature",
      "properties": {
        "stop_id": "1218",
        "stop_name": "Zona poliesportiva 2 (11120)",
        "stop_code": "11120",
        "location_type": "0",
        "parent_station": null,
        "wheelchair_boarding": null,
        "zone_id": "12451",
        "source_dataset": "tib_gtfs_supply"
      },
      "geometry": {
        "type": "Point",
        "coordinates": [
          2.496665,
          39.566452
        ]
      }
    },
    {
      "type": "Feature",
      "properties": {
        "stop_id": "1219",
        "stop_name": "Av. es Capdellà 1 (11121)",
        "stop_code": "11121",
        "location_type": "0",
        "parent_station": null,
        "wheelchair_boarding": null,
        "zone_id": "12451",
        "source_dataset": "tib_gtfs_supply"
      },
      "geometry": {
        "type": "Point",
        "coordinates": [
          2.50251,
          39.56546
        ]
      }
    },
    {
      "type": "Feature",
      "properties": {
        "stop_id": "1220",
        "stop_name": "Av. es Capdellà 2 (11122)",
        "stop_code": "11122",
        "location_type": "0",
        "parent_station": null,
        "wheelchair_boarding": null,
        "zone_id": "12451",
        "source_dataset": "tib_gtfs_supply"
      },
      "geometry": {
        "type": "Point",
        "coordinates": [
          2.503695,
          39.565346
        ]
      }
    },
    {
      "type": "Feature",
      "properties": {
        "stop_id": "1221",
        "stop_name": "Av. Palma (11123)",
        "stop_code": "11123",
        "location_type": "0",
        "parent_station": null,
        "wheelchair_boarding": null,
        "zone_id": "12451",
        "source_dataset": "tib_gtfs_supply"
      },
      "geometry": {
        "type": "Point",
        "coordinates": [
          2.504483,
          39.563602
        ]
      }
    },
    {
      "type": "Feature",
      "properties": {
        "stop_id": "1222",
        "stop_name": "Ses Quarterades 1 (11126)",
        "stop_code": "11126",
        "location_type": "0",
        "parent_station": null,
        "wheelchair_boarding": null,
        "zone_id": "12452",
        "source_dataset": "tib_gtfs_supply"
      },
      "geometry": {
        "type": "Point",
        "coordinates": [
          2.511806,
          39.554684
        ]
      }
    },
    {
      "type": "Feature",
      "properties": {
        "stop_id": "1223",
        "stop_name": "Ses Quarterades 2 (11127)",
        "stop_code": "11127",
        "location_type": "0",
        "parent_station": null,
        "wheelchair_boarding": null,
        "zone_id": "12452",
        "source_dataset": "tib_gtfs_supply"
      },
      "geometry": {
        "type": "Point",
        "coordinates": [
          2.513489,
          39.553646
        ]
      }
    },
    {
      "type": "Feature",
      "properties": {
        "stop_id": "1224",
        "stop_name": "Son Boronat 1 (11128)",
        "stop_code": "11128",
        "location_type": "0",
        "parent_station": null,
        "wheelchair_boarding": null,
        "zone_id": "12452",
        "source_dataset": "tib_gtfs_supply"
      },
      "geometry": {
        "type": "Point",
        "coordinates": [
          2.517493,
          39.545265
        ]
      }
    },
    {
      "type": "Feature",
      "properties": {
        "stop_id": "1225",
        "stop_name": "Son Boronat 2 (11129)",
        "stop_code": "11129",
        "location_type": "0",
        "parent_station": null,
        "wheelchair_boarding": null,
        "zone_id": "12452",
        "source_dataset": "tib_gtfs_supply"
      },
      "geometry": {
        "type": "Point",
        "coordinates": [
          2.517562,
          39.545994
        ]
      }
    },
    {
      "type": "Feature",
      "properties": {
        "stop_id": "1226",
        "stop_name": "Torà (11131)",
        "stop_code": "11131",
        "location_type": "0",
        "parent_station": null,
        "wheelchair_boarding": null,
        "zone_id": "12453",
        "source_dataset": "tib_gtfs_supply"
      },
      "geometry": {
        "type": "Point",
        "coordinates": [
          2.459404,
          39.535954
        ]
      }
    },
    {
      "type": "Feature",
      "properties": {
        "stop_id": "1227",
        "stop_name": "Palmira 2 (11132)",
        "stop_code": "11132",
        "location_type": "0",
        "parent_station": null,
        "wheelchair_boarding": null,
        "zone_id": "12453",
        "source_dataset": "tib_gtfs_supply"
      },
      "geometry": {
        "type": "Point",
        "coordinates": [
          2.451538,
          39.537796
        ]
      }
    },
    {
      "type": "Feature",
      "properties": {
        "stop_id": "1228",
        "stop_name": "Palmira 1 (11133)",
        "stop_code": "11133",
        "location_type": "0",
        "parent_station": null,
        "wheelchair_boarding": null,
        "zone_id": "12453",
        "source_dataset": "tib_gtfs_supply"
      },
      "geometry": {
        "type": "Point",
        "coordinates": [
          2.448539,
          39.537373
        ]
      }
    },
    {
      "type": "Feature",
      "properties": {
        "stop_id": "1229",
        "stop_name": "Bulevard - Garrovers 2 (11137)",
        "stop_code": "11137",
        "location_type": "0",
        "parent_station": null,
        "wheelchair_boarding": null,
        "zone_id": "12453",
        "source_dataset": "tib_gtfs_supply"
      },
      "geometry": {
        "type": "Point",
        "coordinates": [
          2.44112,
          39.53743
        ]
      }
    },
    {
      "type": "Feature",
      "properties": {
        "stop_id": "1230",
        "stop_name": "Bulevard - Garrovers 1 (11138)",
        "stop_code": "11138",
        "location_type": "0",
        "parent_station": null,
        "wheelchair_boarding": null,
        "zone_id": "12453",
        "source_dataset": "tib_gtfs_supply"
      },
      "geometry": {
        "type": "Point",
        "coordinates": [
          2.441149,
          39.537315
        ]
      }
    },
    {
      "type": "Feature",
      "properties": {
        "stop_id": "1231",
        "stop_name": "Ctra. Andratx - Mar i Cel 2 (11144)",
        "stop_code": "11144",
        "location_type": "0",
        "parent_station": null,
        "wheelchair_boarding": null,
        "zone_id": "12432",
        "source_dataset": "tib_gtfs_supply"
      },
      "geometry": {
        "type": "Point",
        "coordinates": [
          2.595702,
          39.54741
        ]
      }
    },
    {
      "type": "Feature",
      "properties": {
        "stop_id": "1232",
        "stop_name": "Ramon de Montcada 1 (11145)",
        "stop_code": "11145",
        "location_type": "0",
        "parent_station": null,
        "wheelchair_boarding": null,
        "zone_id": "12446",
        "source_dataset": "tib_gtfs_supply"
      },
      "geometry": {
        "type": "Point",
        "coordinates": [
          2.479761,
          39.519318
        ]
      }
    },
    {
      "type": "Feature",
      "properties": {
        "stop_id": "1233",
        "stop_name": "Ramon de Montcada 2 (11146)",
        "stop_code": "11146",
        "location_type": "0",
        "parent_station": null,
        "wheelchair_boarding": null,
        "zone_id": "12446",
        "source_dataset": "tib_gtfs_supply"
      },
      "geometry": {
        "type": "Point",
        "coordinates": [
          2.474723,
          39.51944
        ]
      }
    },
    {
      "type": "Feature",
      "properties": {
        "stop_id": "1234",
        "stop_name": "Santa Ponça oest 1 (11147)",
        "stop_code": "11147",
        "location_type": "0",
        "parent_station": null,
        "wheelchair_boarding": null,
        "zone_id": "12446",
        "source_dataset": "tib_gtfs_supply"
      },
      "geometry": {
        "type": "Point",
        "coordinates": [
          2.475647,
          39.51279
        ]
      }
    },
    {
      "type": "Feature",
      "properties": {
        "stop_id": "1235",
        "stop_name": "Santa Ponça oest 2 (11148)",
        "stop_code": "11148",
        "location_type": "0",
        "parent_station": null,
        "wheelchair_boarding": null,
        "zone_id": "12446",
        "source_dataset": "tib_gtfs_supply"
      },
      "geometry": {
        "type": "Point",
        "coordinates": [
          2.477019,
          39.51294
        ]
      }
    },
    {
      "type": "Feature",
      "properties": {
        "stop_id": "1236",
        "stop_name": "Av. Mallorca - Av. Balear 2 (11152)",
        "stop_code": "11152",
        "location_type": "0",
        "parent_station": null,
        "wheelchair_boarding": null,
        "zone_id": "12442",
        "source_dataset": "tib_gtfs_supply"
      },
      "geometry": {
        "type": "Point",
        "coordinates": [
          2.520493,
          39.483276
        ]
      }
    },
    {
      "type": "Feature",
      "properties": {
        "stop_id": "1237",
        "stop_name": "Olivera 1 (11157)",
        "stop_code": "11157",
        "location_type": "0",
        "parent_station": null,
        "wheelchair_boarding": null,
        "zone_id": "12439",
        "source_dataset": "tib_gtfs_supply"
      },
      "geometry": {
        "type": "Point",
        "coordinates": [
          2.532739,
          39.51104
        ]
      }
    },
    {
      "type": "Feature",
      "properties": {
        "stop_id": "1238",
        "stop_name": "Olivera 2 (11158)",
        "stop_code": "11158",
        "location_type": "0",
        "parent_station": null,
        "wheelchair_boarding": null,
        "zone_id": "12439",
        "source_dataset": "tib_gtfs_supply"
      },
      "geometry": {
        "type": "Point",
        "coordinates": [
          2.532668,
          39.510365
        ]
      }
    },
    {
      "type": "Feature",
      "properties": {
        "stop_id": "1239",
        "stop_name": "Av. Mallorca - Alba 2 (11159)",
        "stop_code": "11159",
        "location_type": "0",
        "parent_station": null,
        "wheelchair_boarding": null,
        "zone_id": "12442",
        "source_dataset": "tib_gtfs_supply"
      },
      "geometry": {
        "type": "Point",
        "coordinates": [
          2.52001,
          39.486893
        ]
      }
    },
    {
      "type": "Feature",
      "properties": {
        "stop_id": "1240",
        "stop_name": "Av. Mallorca - Alba 1 (11160)",
        "stop_code": "11160",
        "location_type": "0",
        "parent_station": null,
        "wheelchair_boarding": null,
        "zone_id": "12442",
        "source_dataset": "tib_gtfs_supply"
      },
      "geometry": {
        "type": "Point",
        "coordinates": [
          2.520141,
          39.48695
        ]
      }
    },
    {
      "type": "Feature",
      "properties": {
        "stop_id": "1241",
        "stop_name": "La Romana (11161)",
        "stop_code": "11161",
        "location_type": "0",
        "parent_station": null,
        "wheelchair_boarding": null,
        "zone_id": "12453",
        "source_dataset": "tib_gtfs_supply"
      },
      "geometry": {
        "type": "Point",
        "coordinates": [
          2.460962,
          39.535664
        ]
      }
    },
    {
      "type": "Feature",
      "properties": {
        "stop_id": "1243",
        "stop_name": "Santa Ponça centre 2 (11179)",
        "stop_code": "11179",
        "location_type": "0",
        "parent_station": null,
        "wheelchair_boarding": null,
        "zone_id": "12446",
        "source_dataset": "tib_gtfs_supply"
      },
      "geometry": {
        "type": "Point",
        "coordinates": [
          2.48344,
          39.515553
        ]
      }
    },
    {
      "type": "Feature",
      "properties": {
        "stop_id": "1244",
        "stop_name": "Palmanova oest 2 (11174)",
        "stop_code": "11174",
        "location_type": "0",
        "parent_station": null,
        "wheelchair_boarding": null,
        "zone_id": "12438",
        "source_dataset": "tib_gtfs_supply"
      },
      "geometry": {
        "type": "Point",
        "coordinates": [
          2.531659,
          39.522472
        ]
      }
    },
    {
      "type": "Feature",
      "properties": {
        "stop_id": "1245",
        "stop_name": "Palmanova oest 1 (11173)",
        "stop_code": "11173",
        "location_type": "0",
        "parent_station": null,
        "wheelchair_boarding": null,
        "zone_id": "12438",
        "source_dataset": "tib_gtfs_supply"
      },
      "geometry": {
        "type": "Point",
        "coordinates": [
          2.531678,
          39.52225
        ]
      }
    },
    {
      "type": "Feature",
      "properties": {
        "stop_id": "1246",
        "stop_name": "Cala Vinyes 1 (11169)",
        "stop_code": "11169",
        "location_type": "0",
        "parent_station": null,
        "wheelchair_boarding": null,
        "zone_id": "12441",
        "source_dataset": "tib_gtfs_supply"
      },
      "geometry": {
        "type": "Point",
        "coordinates": [
          2.530741,
          39.49662
        ]
      }
    },
    {
      "type": "Feature",
      "properties": {
        "stop_id": "1247",
        "stop_name": "Palmanova nord 2 (11176)",
        "stop_code": "11176",
        "location_type": "0",
        "parent_station": null,
        "wheelchair_boarding": null,
        "zone_id": "12438",
        "source_dataset": "tib_gtfs_supply"
      },
      "geometry": {
        "type": "Point",
        "coordinates": [
          2.538859,
          39.52694
        ]
      }
    },
    {
      "type": "Feature",
      "properties": {
        "stop_id": "1248",
        "stop_name": "Palmanova nord 1 (11175)",
        "stop_code": "11175",
        "location_type": "0",
        "parent_station": null,
        "wheelchair_boarding": null,
        "zone_id": "12438",
        "source_dataset": "tib_gtfs_supply"
      },
      "geometry": {
        "type": "Point",
        "coordinates": [
          2.538926,
          39.526783
        ]
      }
    },
    {
      "type": "Feature",
      "properties": {
        "stop_id": "1250",
        "stop_name": "Plaça Migdia (11170)",
        "stop_code": "11170",
        "location_type": "0",
        "parent_station": null,
        "wheelchair_boarding": null,
        "zone_id": "12444",
        "source_dataset": "tib_gtfs_supply"
      },
      "geometry": {
        "type": "Point",
        "coordinates": [
          2.48242,
          39.48518
        ]
      }
    },
    {
      "type": "Feature",
      "properties": {
        "stop_id": "1257",
        "stop_name": "Mar i Cel (11177)",
        "stop_code": "11177",
        "location_type": "0",
        "parent_station": null,
        "wheelchair_boarding": null,
        "zone_id": "12432",
        "source_dataset": "tib_gtfs_supply"
      },
      "geometry": {
        "type": "Point",
        "coordinates": [
          2.595725,
          39.54766
        ]
      }
    },
    {
      "type": "Feature",
      "properties": {
        "stop_id": "1258",
        "stop_name": "Son Bugadelles 1 (11171)",
        "stop_code": "11171",
        "location_type": "0",
        "parent_station": null,
        "wheelchair_boarding": null,
        "zone_id": "12454",
        "source_dataset": "tib_gtfs_supply"
      },
      "geometry": {
        "type": "Point",
        "coordinates": [
          2.506883,
          39.529373
        ]
      }
    },
    {
      "type": "Feature",
      "properties": {
        "stop_id": "1259",
        "stop_name": "Son Bugadelles 2 (11172)",
        "stop_code": "11172",
        "location_type": "0",
        "parent_station": null,
        "wheelchair_boarding": null,
        "zone_id": "12454",
        "source_dataset": "tib_gtfs_supply"
      },
      "geometry": {
        "type": "Point",
        "coordinates": [
          2.507751,
          39.529636
        ]
      }
    },
    {
      "type": "Feature",
      "properties": {
        "stop_id": "1260",
        "stop_name": "Av. Santa Ponça - Shakespeare (11180)",
        "stop_code": "11180",
        "location_type": "0",
        "parent_station": null,
        "wheelchair_boarding": null,
        "zone_id": "12445",
        "source_dataset": "tib_gtfs_supply"
      },
      "geometry": {
        "type": "Point",
        "coordinates": [
          2.473707,
          39.50204
        ]
      }
    },
    {
      "type": "Feature",
      "properties": {
        "stop_id": "1261",
        "stop_name": "Av. Santa Ponça - Gran Via del Port (11181)",
        "stop_code": "11181",
        "location_type": "0",
        "parent_station": null,
        "wheelchair_boarding": null,
        "zone_id": "12445",
        "source_dataset": "tib_gtfs_supply"
      },
      "geometry": {
        "type": "Point",
        "coordinates": [
          2.4771073,
          39.509087
        ]
      }
    },
    {
      "type": "Feature",
      "properties": {
        "stop_id": "1262",
        "stop_name": "Ctra. Valldemossa 2 (40046)",
        "stop_code": "40046",
        "location_type": "0",
        "parent_station": null,
        "wheelchair_boarding": null,
        "zone_id": "12376",
        "source_dataset": "tib_gtfs_supply"
      },
      "geometry": {
        "type": "Point",
        "coordinates": [
          2.648015,
          39.592796
        ]
      }
    },
    {
      "type": "Feature",
      "properties": {
        "stop_id": "1263",
        "stop_name": "Ctra. Valldemossa 1 (40047)",
        "stop_code": "40047",
        "location_type": "0",
        "parent_station": null,
        "wheelchair_boarding": null,
        "zone_id": "12376",
        "source_dataset": "tib_gtfs_supply"
      },
      "geometry": {
        "type": "Point",
        "coordinates": [
          2.647875,
          39.592693
        ]
      }
    },
    {
      "type": "Feature",
      "properties": {
        "stop_id": "1268",
        "stop_name": "UIB - Estació de metro (40059)",
        "stop_code": "40059",
        "location_type": "0",
        "parent_station": null,
        "wheelchair_boarding": null,
        "zone_id": "12386",
        "source_dataset": "tib_gtfs_supply"
      },
      "geometry": {
        "type": "Point",
        "coordinates": [
          2.647641,
          39.634426
        ]
      }
    },
    {
      "type": "Feature",
      "properties": {
        "stop_id": "1269",
        "stop_name": "Can Moreno 2 (40130)",
        "stop_code": "40130",
        "location_type": "0",
        "parent_station": null,
        "wheelchair_boarding": null,
        "zone_id": "12376",
        "source_dataset": "tib_gtfs_supply"
      },
      "geometry": {
        "type": "Point",
        "coordinates": [
          2.646264,
          39.616924
        ]
      }
    },
    {
      "type": "Feature",
      "properties": {
        "stop_id": "1270",
        "stop_name": "Can Moreno 1 (40131)",
        "stop_code": "40131",
        "location_type": "0",
        "parent_station": null,
        "wheelchair_boarding": null,
        "zone_id": "12376",
        "source_dataset": "tib_gtfs_supply"
      },
      "geometry": {
        "type": "Point",
        "coordinates": [
          2.645679,
          39.616524
        ]
      }
    },
    {
      "type": "Feature",
      "properties": {
        "stop_id": "1271",
        "stop_name": "Estellencs 1 (21002)",
        "stop_code": "21002",
        "location_type": "0",
        "parent_station": null,
        "wheelchair_boarding": null,
        "zone_id": "12455",
        "source_dataset": "tib_gtfs_supply"
      },
      "geometry": {
        "type": "Point",
        "coordinates": [
          2.480466,
          39.65252
        ]
      }
    },
    {
      "type": "Feature",
      "properties": {
        "stop_id": "1272",
        "stop_name": "Estellencs 2 (21007)",
        "stop_code": "21007",
        "location_type": "0",
        "parent_station": null,
        "wheelchair_boarding": null,
        "zone_id": "12455",
        "source_dataset": "tib_gtfs_supply"
      },
      "geometry": {
        "type": "Point",
        "coordinates": [
          2.480319,
          39.6526
        ]
      }
    },
    {
      "type": "Feature",
      "properties": {
        "stop_id": "1273",
        "stop_name": "Can Rave 2 (21006)",
        "stop_code": "21006",
        "location_type": "0",
        "parent_station": null,
        "wheelchair_boarding": null,
        "zone_id": "12456",
        "source_dataset": "tib_gtfs_supply"
      },
      "geometry": {
        "type": "Point",
        "coordinates": [
          2.487259,
          39.656227
        ]
      }
    },
    {
      "type": "Feature",
      "properties": {
        "stop_id": "1274",
        "stop_name": "Can Rave 1 (21009)",
        "stop_code": "21009",
        "location_type": "0",
        "parent_station": null,
        "wheelchair_boarding": null,
        "zone_id": "12456",
        "source_dataset": "tib_gtfs_supply"
      },
      "geometry": {
        "type": "Point",
        "coordinates": [
          2.4873881,
          39.65628
        ]
      }
    },
    {
      "type": "Feature",
      "properties": {
        "stop_id": "1275",
        "stop_name": "Banyalbufar 1 (7002)",
        "stop_code": "7002",
        "location_type": "0",
        "parent_station": null,
        "wheelchair_boarding": null,
        "zone_id": "12457",
        "source_dataset": "tib_gtfs_supply"
      },
      "geometry": {
        "type": "Point",
        "coordinates": [
          2.513128,
          39.686924
        ]
      }
    },
    {
      "type": "Feature",
      "properties": {
        "stop_id": "1276",
        "stop_name": "Banyalbufar 2 (7003)",
        "stop_code": "7003",
        "location_type": "0",
        "parent_station": null,
        "wheelchair_boarding": null,
        "zone_id": "12457",
        "source_dataset": "tib_gtfs_supply"
      },
      "geometry": {
        "type": "Point",
        "coordinates": [
          2.513794,
          39.687283
        ]
      }
    },
    {
      "type": "Feature",
      "properties": {
        "stop_id": "1277",
        "stop_name": "Torre des Verger (7004)",
        "stop_code": "7004",
        "location_type": "0",
        "parent_station": null,
        "wheelchair_boarding": null,
        "zone_id": "12458",
        "source_dataset": "tib_gtfs_supply"
      },
      "geometry": {
        "type": "Point",
        "coordinates": [
          2.500339,
          39.683273
        ]
      }
    },
    {
      "type": "Feature",
      "properties": {
        "stop_id": "1278",
        "stop_name": "Miramar 2 (7006)",
        "stop_code": "7006",
        "location_type": "0",
        "parent_station": null,
        "wheelchair_boarding": null,
        "zone_id": "12457",
        "source_dataset": "tib_gtfs_supply"
      },
      "geometry": {
        "type": "Point",
        "coordinates": [
          2.5192325,
          39.68768
        ]
      }
    },
    {
      "type": "Feature",
      "properties": {
        "stop_id": "1279",
        "stop_name": "Miramar 1 (7015)",
        "stop_code": "7015",
        "location_type": "0",
        "parent_station": null,
        "wheelchair_boarding": null,
        "zone_id": "12457",
        "source_dataset": "tib_gtfs_supply"
      },
      "geometry": {
        "type": "Point",
        "coordinates": [
          2.519199,
          39.687523
        ]
      }
    },
    {
      "type": "Feature",
      "properties": {
        "stop_id": "1280",
        "stop_name": "Ctra. Banyalbufar-Esporles 1 (7007)",
        "stop_code": "7007",
        "location_type": "0",
        "parent_station": null,
        "wheelchair_boarding": null,
        "zone_id": "12458",
        "source_dataset": "tib_gtfs_supply"
      },
      "geometry": {
        "type": "Point",
        "coordinates": [
          2.551284,
          39.68068
        ]
      }
    },
    {
      "type": "Feature",
      "properties": {
        "stop_id": "1281",
        "stop_name": "Ctra. Banyalbufar-Esporles 2 (7013)",
        "stop_code": "7013",
        "location_type": "0",
        "parent_station": null,
        "wheelchair_boarding": null,
        "zone_id": "12458",
        "source_dataset": "tib_gtfs_supply"
      },
      "geometry": {
        "type": "Point",
        "coordinates": [
          2.557613,
          39.680195
        ]
      }
    },
    {
      "type": "Feature",
      "properties": {
        "stop_id": "1282",
        "stop_name": "Planícia (7014)",
        "stop_code": "7014",
        "location_type": "0",
        "parent_station": null,
        "wheelchair_boarding": null,
        "zone_id": "12458",
        "source_dataset": "tib_gtfs_supply"
      },
      "geometry": {
        "type": "Point",
        "coordinates": [
          2.494422,
          39.672523
        ]
      }
    },
    {
      "type": "Feature",
      "properties": {
        "stop_id": "1283",
        "stop_name": "Ses Rogetes de Canet 1 (20001)",
        "stop_code": "20001",
        "location_type": "0",
        "parent_station": null,
        "wheelchair_boarding": null,
        "zone_id": "12459",
        "source_dataset": "tib_gtfs_supply"
      },
      "geometry": {
        "type": "Point",
        "coordinates": [
          2.629473,
          39.656662
        ]
      }
    },
    {
      "type": "Feature",
      "properties": {
        "stop_id": "1284",
        "stop_name": "Ses Rogetes de Canet 2 (20002)",
        "stop_code": "20002",
        "location_type": "0",
        "parent_station": null,
        "wheelchair_boarding": null,
        "zone_id": "12459",
        "source_dataset": "tib_gtfs_supply"
      },
      "geometry": {
        "type": "Point",
        "coordinates": [
          2.629287,
          39.656734
        ]
      }
    },
    {
      "type": "Feature",
      "properties": {
        "stop_id": "1285",
        "stop_name": "Ses Rotes 2 (20003)",
        "stop_code": "20003",
        "location_type": "0",
        "parent_station": null,
        "wheelchair_boarding": null,
        "zone_id": "12460",
        "source_dataset": "tib_gtfs_supply"
      },
      "geometry": {
        "type": "Point",
        "coordinates": [
          2.611562,
          39.659386
        ]
      }
    },
    {
      "type": "Feature",
      "properties": {
        "stop_id": "1286",
        "stop_name": "Ses Rotes 1 (20004)",
        "stop_code": "20004",
        "location_type": "0",
        "parent_station": null,
        "wheelchair_boarding": null,
        "zone_id": "12460",
        "source_dataset": "tib_gtfs_supply"
      },
      "geometry": {
        "type": "Point",
        "coordinates": [
          2.611552,
          39.659306
        ]
      }
    },
    {
      "type": "Feature",
      "properties": {
        "stop_id": "1287",
        "stop_name": "La Vila Nova 2 (20007)",
        "stop_code": "20007",
        "location_type": "0",
        "parent_station": null,
        "wheelchair_boarding": null,
        "zone_id": "12461",
        "source_dataset": "tib_gtfs_supply"
      },
      "geometry": {
        "type": "Point",
        "coordinates": [
          2.583111,
          39.662125
        ]
      }
    },
    {
      "type": "Feature",
      "properties": {
        "stop_id": "1288",
        "stop_name": "La Vila Nova 1 (20008)",
        "stop_code": "20008",
        "location_type": "0",
        "parent_station": null,
        "wheelchair_boarding": null,
        "zone_id": "12461",
        "source_dataset": "tib_gtfs_supply"
      },
      "geometry": {
        "type": "Point",
        "coordinates": [
          2.583076,
          39.66207
        ]
      }
    },
    {
      "type": "Feature",
      "properties": {
        "stop_id": "1289",
        "stop_name": "S'Esgleieta 1 (20010)",
        "stop_code": "20010",
        "location_type": "0",
        "parent_station": null,
        "wheelchair_boarding": null,
        "zone_id": "12463",
        "source_dataset": "tib_gtfs_supply"
      },
      "geometry": {
        "type": "Point",
        "coordinates": [
          2.641395,
          39.659184
        ]
      }
    },
    {
      "type": "Feature",
      "properties": {
        "stop_id": "1290",
        "stop_name": "S'Esgleieta 2 (20011)",
        "stop_code": "20011",
        "location_type": "0",
        "parent_station": null,
        "wheelchair_boarding": null,
        "zone_id": "12463",
        "source_dataset": "tib_gtfs_supply"
      },
      "geometry": {
        "type": "Point",
        "coordinates": [
          2.641577,
          39.659206
        ]
      }
    },
    {
      "type": "Feature",
      "properties": {
        "stop_id": "1291",
        "stop_name": "Esporles 2 (20019)",
        "stop_code": "20019",
        "location_type": "0",
        "parent_station": null,
        "wheelchair_boarding": null,
        "zone_id": "12461",
        "source_dataset": "tib_gtfs_supply"
      },
      "geometry": {
        "type": "Point",
        "coordinates": [
          2.578994,
          39.666767
        ]
      }
    },
    {
      "type": "Feature",
      "properties": {
        "stop_id": "1292",
        "stop_name": "Esporles 1 (20020)",
        "stop_code": "20020",
        "location_type": "0",
        "parent_station": null,
        "wheelchair_boarding": null,
        "zone_id": "12461",
        "source_dataset": "tib_gtfs_supply"
      },
      "geometry": {
        "type": "Point",
        "coordinates": [
          2.5789373,
          39.666615
        ]
      }
    },
    {
      "type": "Feature",
      "properties": {
        "stop_id": "1293",
        "stop_name": "IES Josep Font i Trias 2 (20016)",
        "stop_code": "20016",
        "location_type": "0",
        "parent_station": null,
        "wheelchair_boarding": null,
        "zone_id": "12461",
        "source_dataset": "tib_gtfs_supply"
      },
      "geometry": {
        "type": "Point",
        "coordinates": [
          2.588826,
          39.659622
        ]
      }
    },
    {
      "type": "Feature",
      "properties": {
        "stop_id": "1294",
        "stop_name": "IES Josep Font i Trias 1 (20017)",
        "stop_code": "20017",
        "location_type": "0",
        "parent_station": null,
        "wheelchair_boarding": null,
        "zone_id": "12461",
        "source_dataset": "tib_gtfs_supply"
      },
      "geometry": {
        "type": "Point",
        "coordinates": [
          2.589379,
          39.659428
        ]
      }
    },
    {
      "type": "Feature",
      "properties": {
        "stop_id": "1295",
        "stop_name": "La Granja (20018)",
        "stop_code": "20018",
        "location_type": "0",
        "parent_station": null,
        "wheelchair_boarding": null,
        "zone_id": "12461",
        "source_dataset": "tib_gtfs_supply"
      },
      "geometry": {
        "type": "Point",
        "coordinates": [
          2.561751,
          39.670807
        ]
      }
    },
    {
      "type": "Feature",
      "properties": {
        "stop_id": "1296",
        "stop_name": "S'Aigua Dolça 2 (40004)",
        "stop_code": "40004",
        "location_type": "0",
        "parent_station": null,
        "wheelchair_boarding": null,
        "zone_id": "12376",
        "source_dataset": "tib_gtfs_supply"
      },
      "geometry": {
        "type": "Point",
        "coordinates": [
          2.627064,
          39.562794
        ]
      }
    },
    {
      "type": "Feature",
      "properties": {
        "stop_id": "1297",
        "stop_name": "Can Barbarà 2 (40005)",
        "stop_code": "40005",
        "location_type": "0",
        "parent_station": null,
        "wheelchair_boarding": null,
        "zone_id": "12376",
        "source_dataset": "tib_gtfs_supply"
      },
      "geometry": {
        "type": "Point",
        "coordinates": [
          2.626443,
          39.559357
        ]
      }
    },
    {
      "type": "Feature",
      "properties": {
        "stop_id": "1298",
        "stop_name": "Can Barbarà 1 (40006)",
        "stop_code": "40006",
        "location_type": "0",
        "parent_station": null,
        "wheelchair_boarding": null,
        "zone_id": "12376",
        "source_dataset": "tib_gtfs_supply"
      },
      "geometry": {
        "type": "Point",
        "coordinates": [
          2.626739,
          39.5595
        ]
      }
    },
    {
      "type": "Feature",
      "properties": {
        "stop_id": "1299",
        "stop_name": "Porto Pi 2 (40007)",
        "stop_code": "40007",
        "location_type": "0",
        "parent_station": null,
        "wheelchair_boarding": null,
        "zone_id": "12376",
        "source_dataset": "tib_gtfs_supply"
      },
      "geometry": {
        "type": "Point",
        "coordinates": [
          2.624058,
          39.554764
        ]
      }
    },
    {
      "type": "Feature",
      "properties": {
        "stop_id": "1300",
        "stop_name": "Porto Pi 1 (40008)",
        "stop_code": "40008",
        "location_type": "0",
        "parent_station": null,
        "wheelchair_boarding": null,
        "zone_id": "12376",
        "source_dataset": "tib_gtfs_supply"
      },
      "geometry": {
        "type": "Point",
        "coordinates": [
          2.62389,
          39.55404
        ]
      }
    },
    {
      "type": "Feature",
      "properties": {
        "stop_id": "1301",
        "stop_name": "Mirador Cala Major (40009)",
        "stop_code": "40009",
        "location_type": "0",
        "parent_station": null,
        "wheelchair_boarding": null,
        "zone_id": "12374",
        "source_dataset": "tib_gtfs_supply"
      },
      "geometry": {
        "type": "Point",
        "coordinates": [
          2.608217,
          39.55268
        ]
      }
    },
    {
      "type": "Feature",
      "properties": {
        "stop_id": "1302",
        "stop_name": "Marivent 1 (40010)",
        "stop_code": "40010",
        "location_type": "0",
        "parent_station": null,
        "wheelchair_boarding": null,
        "zone_id": "12376",
        "source_dataset": "tib_gtfs_supply"
      },
      "geometry": {
        "type": "Point",
        "coordinates": [
          2.612127,
          39.551826
        ]
      }
    },
    {
      "type": "Feature",
      "properties": {
        "stop_id": "1303",
        "stop_name": "Marivent 2 (40012)",
        "stop_code": "40012",
        "location_type": "0",
        "parent_station": null,
        "wheelchair_boarding": null,
        "zone_id": "12376",
        "source_dataset": "tib_gtfs_supply"
      },
      "geometry": {
        "type": "Point",
        "coordinates": [
          2.611241,
          39.551575
        ]
      }
    },
    {
      "type": "Feature",
      "properties": {
        "stop_id": "1304",
        "stop_name": "S'Aigua Dolça 1 (40023)",
        "stop_code": "40023",
        "location_type": "0",
        "parent_station": null,
        "wheelchair_boarding": null,
        "zone_id": "12376",
        "source_dataset": "tib_gtfs_supply"
      },
      "geometry": {
        "type": "Point",
        "coordinates": [
          2.627447,
          39.562813
        ]
      }
    },
    {
      "type": "Feature",
      "properties": {
        "stop_id": "1305",
        "stop_name": "Marítim - Monsenyor Palmer 2 (40025)",
        "stop_code": "40025",
        "location_type": "0",
        "parent_station": null,
        "wheelchair_boarding": null,
        "zone_id": "12376",
        "source_dataset": "tib_gtfs_supply"
      },
      "geometry": {
        "type": "Point",
        "coordinates": [
          2.633962,
          39.568897
        ]
      }
    },
    {
      "type": "Feature",
      "properties": {
        "stop_id": "1306",
        "stop_name": "Marítim - Monsenyor Palmer 1 (40074)",
        "stop_code": "40074",
        "location_type": "0",
        "parent_station": null,
        "wheelchair_boarding": null,
        "zone_id": "12376",
        "source_dataset": "tib_gtfs_supply"
      },
      "geometry": {
        "type": "Point",
        "coordinates": [
          2.631333,
          39.568104
        ]
      }
    },
    {
      "type": "Feature",
      "properties": {
        "stop_id": "1316",
        "stop_name": "Alaró (1001)",
        "stop_code": "1001",
        "location_type": "0",
        "parent_station": null,
        "wheelchair_boarding": null,
        "zone_id": "12484",
        "source_dataset": "tib_gtfs_supply"
      },
      "geometry": {
        "type": "Point",
        "coordinates": [
          2.792038,
          39.704533
        ]
      }
    },
    {
      "type": "Feature",
      "properties": {
        "stop_id": "1317",
        "stop_name": "Platja dels Francesos 1 (3056)",
        "stop_code": "3056",
        "location_type": "0",
        "parent_station": null,
        "wheelchair_boarding": null,
        "zone_id": "12491",
        "source_dataset": "tib_gtfs_supply"
      },
      "geometry": {
        "type": "Point",
        "coordinates": [
          3.114038,
          39.817493
        ]
      }
    },
    {
      "type": "Feature",
      "properties": {
        "stop_id": "1318",
        "stop_name": "Platja dels Francesos 2 (3057)",
        "stop_code": "3057",
        "location_type": "0",
        "parent_station": null,
        "wheelchair_boarding": null,
        "zone_id": "12491",
        "source_dataset": "tib_gtfs_supply"
      },
      "geometry": {
        "type": "Point",
        "coordinates": [
          3.114053,
          39.818542
        ]
      }
    },
    {
      "type": "Feature",
      "properties": {
        "stop_id": "1319",
        "stop_name": "Estany dels Ponts 1 (3058)",
        "stop_code": "3058",
        "location_type": "0",
        "parent_station": null,
        "wheelchair_boarding": null,
        "zone_id": "12491",
        "source_dataset": "tib_gtfs_supply"
      },
      "geometry": {
        "type": "Point",
        "coordinates": [
          3.115266,
          39.82415
        ]
      }
    },
    {
      "type": "Feature",
      "properties": {
        "stop_id": "1320",
        "stop_name": "Estany dels Ponts 2 (3059)",
        "stop_code": "3059",
        "location_type": "0",
        "parent_station": null,
        "wheelchair_boarding": null,
        "zone_id": "12491",
        "source_dataset": "tib_gtfs_supply"
      },
      "geometry": {
        "type": "Point",
        "coordinates": [
          3.115343,
          39.82545
        ]
      }
    },
    {
      "type": "Feature",
      "properties": {
        "stop_id": "1321",
        "stop_name": "Ciutat Blanca 1 (3060)",
        "stop_code": "3060",
        "location_type": "0",
        "parent_station": null,
        "wheelchair_boarding": null,
        "zone_id": "12491",
        "source_dataset": "tib_gtfs_supply"
      },
      "geometry": {
        "type": "Point",
        "coordinates": [
          3.116817,
          39.830833
        ]
      }
    },
    {
      "type": "Feature",
      "properties": {
        "stop_id": "1322",
        "stop_name": "Ciutat Blanca 2 (3061)",
        "stop_code": "3061",
        "location_type": "0",
        "parent_station": null,
        "wheelchair_boarding": null,
        "zone_id": "12491",
        "source_dataset": "tib_gtfs_supply"
      },
      "geometry": {
        "type": "Point",
        "coordinates": [
          3.116765,
          39.83115
        ]
      }
    },
    {
      "type": "Feature",
      "properties": {
        "stop_id": "1323",
        "stop_name": "Pla del Pinar 1 (3062)",
        "stop_code": "3062",
        "location_type": "0",
        "parent_station": null,
        "wheelchair_boarding": null,
        "zone_id": "12491",
        "source_dataset": "tib_gtfs_supply"
      },
      "geometry": {
        "type": "Point",
        "coordinates": [
          3.119439,
          39.83705
        ]
      }
    },
    {
      "type": "Feature",
      "properties": {
        "stop_id": "1324",
        "stop_name": "Pla del Pinar 2 (3063)",
        "stop_code": "3063",
        "location_type": "0",
        "parent_station": null,
        "wheelchair_boarding": null,
        "zone_id": "12491",
        "source_dataset": "tib_gtfs_supply"
      },
      "geometry": {
        "type": "Point",
        "coordinates": [
          3.119472,
          39.837402
        ]
      }
    },
    {
      "type": "Feature",
      "properties": {
        "stop_id": "1325",
        "stop_name": "Entre-mar-i-estany 1 (3064)",
        "stop_code": "3064",
        "location_type": "0",
        "parent_station": null,
        "wheelchair_boarding": null,
        "zone_id": "12492",
        "source_dataset": "tib_gtfs_supply"
      },
      "geometry": {
        "type": "Point",
        "coordinates": [
          3.123843,
          39.840343
        ]
      }
    },
    {
      "type": "Feature",
      "properties": {
        "stop_id": "1326",
        "stop_name": "Entre-mar-i-estany 2 (3065)",
        "stop_code": "3065",
        "location_type": "0",
        "parent_station": null,
        "wheelchair_boarding": null,
        "zone_id": "12492",
        "source_dataset": "tib_gtfs_supply"
      },
      "geometry": {
        "type": "Point",
        "coordinates": [
          3.124283,
          39.840538
        ]
      }
    },
    {
      "type": "Feature",
      "properties": {
        "stop_id": "1327",
        "stop_name": "Cala en Poncet 1 (3024)",
        "stop_code": "3024",
        "location_type": "0",
        "parent_station": null,
        "wheelchair_boarding": null,
        "zone_id": "12493",
        "source_dataset": "tib_gtfs_supply"
      },
      "geometry": {
        "type": "Point",
        "coordinates": [
          3.158511,
          39.837967
        ]
      }
    },
    {
      "type": "Feature",
      "properties": {
        "stop_id": "1332",
        "stop_name": "Av. Tucà (3032)",
        "stop_code": "3032",
        "location_type": "0",
        "parent_station": null,
        "wheelchair_boarding": null,
        "zone_id": "12491",
        "source_dataset": "tib_gtfs_supply"
      },
      "geometry": {
        "type": "Point",
        "coordinates": [
          3.112138,
          39.83853
        ]
      }
    },
    {
      "type": "Feature",
      "properties": {
        "stop_id": "1333",
        "stop_name": "Pol·lèntia (3033)",
        "stop_code": "3033",
        "location_type": "0",
        "parent_station": null,
        "wheelchair_boarding": null,
        "zone_id": "12494",
        "source_dataset": "tib_gtfs_supply"
      },
      "geometry": {
        "type": "Point",
        "coordinates": [
          3.122748,
          39.851456
        ]
      }
    },
    {
      "type": "Feature",
      "properties": {
        "stop_id": "1334",
        "stop_name": "Centre històric (3034)",
        "stop_code": "3034",
        "location_type": "0",
        "parent_station": null,
        "wheelchair_boarding": null,
        "zone_id": "12494",
        "source_dataset": "tib_gtfs_supply"
      },
      "geometry": {
        "type": "Point",
        "coordinates": [
          3.123069,
          39.851673
        ]
      }
    },
    {
      "type": "Feature",
      "properties": {
        "stop_id": "1338",
        "stop_name": "Ses Forques 2 (3037)",
        "stop_code": "3037",
        "location_type": "0",
        "parent_station": null,
        "wheelchair_boarding": null,
        "zone_id": "12494",
        "source_dataset": "tib_gtfs_supply"
      },
      "geometry": {
        "type": "Point",
        "coordinates": [
          3.1144116,
          39.85253
        ]
      }
    },
    {
      "type": "Feature",
      "properties": {
        "stop_id": "1339",
        "stop_name": "Ses Forques 1 (3038)",
        "stop_code": "3038",
        "location_type": "0",
        "parent_station": null,
        "wheelchair_boarding": null,
        "zone_id": "12494",
        "source_dataset": "tib_gtfs_supply"
      },
      "geometry": {
        "type": "Point",
        "coordinates": [
          3.114314,
          39.852417
        ]
      }
    },
    {
      "type": "Feature",
      "properties": {
        "stop_id": "1340",
        "stop_name": "Can Capdebou (3041)",
        "stop_code": "3041",
        "location_type": "0",
        "parent_station": null,
        "wheelchair_boarding": null,
        "zone_id": "12496",
        "source_dataset": "tib_gtfs_supply"
      },
      "geometry": {
        "type": "Point",
        "coordinates": [
          3.093675,
          39.86348
        ]
      }
    },
    {
      "type": "Feature",
      "properties": {
        "stop_id": "1341",
        "stop_name": "Port d'Alcúdia 1 (3054)",
        "stop_code": "3054",
        "location_type": "0",
        "parent_station": null,
        "wheelchair_boarding": null,
        "zone_id": "12492",
        "source_dataset": "tib_gtfs_supply"
      },
      "geometry": {
        "type": "Point",
        "coordinates": [
          3.130099,
          39.841602
        ]
      }
    },
    {
      "type": "Feature",
      "properties": {
        "stop_id": "1342",
        "stop_name": "Port d'Alcúdia 2 (3055)",
        "stop_code": "3055",
        "location_type": "0",
        "parent_station": null,
        "wheelchair_boarding": null,
        "zone_id": "12492",
        "source_dataset": "tib_gtfs_supply"
      },
      "geometry": {
        "type": "Point",
        "coordinates": [
          3.129225,
          39.841564
        ]
      }
    },
    {
      "type": "Feature",
      "properties": {
        "stop_id": "1343",
        "stop_name": "Sa Marina 1 (3040)",
        "stop_code": "3040",
        "location_type": "0",
        "parent_station": null,
        "wheelchair_boarding": null,
        "zone_id": "12497",
        "source_dataset": "tib_gtfs_supply"
      },
      "geometry": {
        "type": "Point",
        "coordinates": [
          3.105549,
          39.856888
        ]
      }
    },
    {
      "type": "Feature",
      "properties": {
        "stop_id": "1344",
        "stop_name": "Sa Marina 2 (3039)",
        "stop_code": "3039",
        "location_type": "0",
        "parent_station": null,
        "wheelchair_boarding": null,
        "zone_id": "12497",
        "source_dataset": "tib_gtfs_supply"
      },
      "geometry": {
        "type": "Point",
        "coordinates": [
          3.106254,
          39.856754
        ]
      }
    },
    {
      "type": "Feature",
      "properties": {
        "stop_id": "1345",
        "stop_name": "Artà 2 (6001)",
        "stop_code": "6001",
        "location_type": "0",
        "parent_station": null,
        "wheelchair_boarding": null,
        "zone_id": "12499",
        "source_dataset": "tib_gtfs_supply"
      },
      "geometry": {
        "type": "Point",
        "coordinates": [
          3.350389,
          39.69087
        ]
      }
    },
    {
      "type": "Feature",
      "properties": {
        "stop_id": "1346",
        "stop_name": "Artà 1 (6002)",
        "stop_code": "6002",
        "location_type": "0",
        "parent_station": null,
        "wheelchair_boarding": null,
        "zone_id": "12499",
        "source_dataset": "tib_gtfs_supply"
      },
      "geometry": {
        "type": "Point",
        "coordinates": [
          3.349884,
          39.691063
        ]
      }
    },
    {
      "type": "Feature",
      "properties": {
        "stop_id": "1347",
        "stop_name": "Colònia de Sant Pere (6003)",
        "stop_code": "6003",
        "location_type": "0",
        "parent_station": null,
        "wheelchair_boarding": null,
        "zone_id": "12500",
        "source_dataset": "tib_gtfs_supply"
      },
      "geometry": {
        "type": "Point",
        "coordinates": [
          3.276579,
          39.736866
        ]
      }
    },
    {
      "type": "Feature",
      "properties": {
        "stop_id": "1348",
        "stop_name": "Montferrutx 1 (6004)",
        "stop_code": "6004",
        "location_type": "0",
        "parent_station": null,
        "wheelchair_boarding": null,
        "zone_id": "12500",
        "source_dataset": "tib_gtfs_supply"
      },
      "geometry": {
        "type": "Point",
        "coordinates": [
          3.275008,
          39.733387
        ]
      }
    },
    {
      "type": "Feature",
      "properties": {
        "stop_id": "1349",
        "stop_name": "Montferrutx 2 (6009)",
        "stop_code": "6009",
        "location_type": "0",
        "parent_station": null,
        "wheelchair_boarding": null,
        "zone_id": "12500",
        "source_dataset": "tib_gtfs_supply"
      },
      "geometry": {
        "type": "Point",
        "coordinates": [
          3.275078,
          39.73349
        ]
      }
    },
    {
      "type": "Feature",
      "properties": {
        "stop_id": "1351",
        "stop_name": "Can Penasso 2 (10015)",
        "stop_code": "10015",
        "location_type": "0",
        "parent_station": null,
        "wheelchair_boarding": null,
        "zone_id": "12405",
        "source_dataset": "tib_gtfs_supply"
      },
      "geometry": {
        "type": "Point",
        "coordinates": [
          2.687516,
          39.69584
        ]
      }
    },
    {
      "type": "Feature",
      "properties": {
        "stop_id": "1352",
        "stop_name": "Orient (10017)",
        "stop_code": "10017",
        "location_type": "0",
        "parent_station": null,
        "wheelchair_boarding": null,
        "zone_id": "12502",
        "source_dataset": "tib_gtfs_supply"
      },
      "geometry": {
        "type": "Point",
        "coordinates": [
          2.761239,
          39.733868
        ]
      }
    },
    {
      "type": "Feature",
      "properties": {
        "stop_id": "1353",
        "stop_name": "Can Penasso 1 (10029)",
        "stop_code": "10029",
        "location_type": "0",
        "parent_station": null,
        "wheelchair_boarding": null,
        "zone_id": "12405",
        "source_dataset": "tib_gtfs_supply"
      },
      "geometry": {
        "type": "Point",
        "coordinates": [
          2.686827,
          39.695076
        ]
      }
    },
    {
      "type": "Feature",
      "properties": {
        "stop_id": "1354",
        "stop_name": "Jardins d'Alfàbia (10034)",
        "stop_code": "10034",
        "location_type": "0",
        "parent_station": null,
        "wheelchair_boarding": null,
        "zone_id": "12405",
        "source_dataset": "tib_gtfs_supply"
      },
      "geometry": {
        "type": "Point",
        "coordinates": [
          2.690694,
          39.716053
        ]
      }
    },
    {
      "type": "Feature",
      "properties": {
        "stop_id": "1355",
        "stop_name": "Campanet (12002)",
        "stop_code": "12002",
        "location_type": "0",
        "parent_station": null,
        "wheelchair_boarding": null,
        "zone_id": "12508",
        "source_dataset": "tib_gtfs_supply"
      },
      "geometry": {
        "type": "Point",
        "coordinates": [
          2.966277,
          39.77451
        ]
      }
    },
    {
      "type": "Feature",
      "properties": {
        "stop_id": "1356",
        "stop_name": "Polígon de Consell (16001)",
        "stop_code": "16001",
        "location_type": "0",
        "parent_station": null,
        "wheelchair_boarding": null,
        "zone_id": "12388",
        "source_dataset": "tib_gtfs_supply"
      },
      "geometry": {
        "type": "Point",
        "coordinates": [
          2.804445,
          39.664585
        ]
      }
    },
    {
      "type": "Feature",
      "properties": {
        "stop_id": "1357",
        "stop_name": "Carrer Palma 2 (16003)",
        "stop_code": "16003",
        "location_type": "0",
        "parent_station": null,
        "wheelchair_boarding": null,
        "zone_id": "12388",
        "source_dataset": "tib_gtfs_supply"
      },
      "geometry": {
        "type": "Point",
        "coordinates": [
          2.809641,
          39.667255
        ]
      }
    },
    {
      "type": "Feature",
      "properties": {
        "stop_id": "1358",
        "stop_name": "Carrer Alcúdia 2 (16005)",
        "stop_code": "16005",
        "location_type": "0",
        "parent_station": null,
        "wheelchair_boarding": null,
        "zone_id": "12388",
        "source_dataset": "tib_gtfs_supply"
      },
      "geometry": {
        "type": "Point",
        "coordinates": [
          2.815269,
          39.669754
        ]
      }
    },
    {
      "type": "Feature",
      "properties": {
        "stop_id": "1359",
        "stop_name": "Carrer Alcúdia 1 (16006)",
        "stop_code": "16006",
        "location_type": "0",
        "parent_station": null,
        "wheelchair_boarding": null,
        "zone_id": "12388",
        "source_dataset": "tib_gtfs_supply"
      },
      "geometry": {
        "type": "Point",
        "coordinates": [
          2.815024,
          39.669563
        ]
      }
    },
    {
      "type": "Feature",
      "properties": {
        "stop_id": "1360",
        "stop_name": "Estació Alaró/Consell (16008)",
        "stop_code": "16008",
        "location_type": "0",
        "parent_station": null,
        "wheelchair_boarding": null,
        "zone_id": "12388",
        "source_dataset": "tib_gtfs_supply"
      },
      "geometry": {
        "type": "Point",
        "coordinates": [
          2.809047,
          39.6781
        ]
      }
    },
    {
      "type": "Feature",
      "properties": {
        "stop_id": "1361",
        "stop_name": "Carrer Palma 1 (16010)",
        "stop_code": "16010",
        "location_type": "0",
        "parent_station": null,
        "wheelchair_boarding": null,
        "zone_id": "12388",
        "source_dataset": "tib_gtfs_supply"
      },
      "geometry": {
        "type": "Point",
        "coordinates": [
          2.808984,
          39.66684
        ]
      }
    },
    {
      "type": "Feature",
      "properties": {
        "stop_id": "1362",
        "stop_name": "Camí dels Horts (17002)",
        "stop_code": "17002",
        "location_type": "0",
        "parent_station": null,
        "wheelchair_boarding": null,
        "zone_id": "12509",
        "source_dataset": "tib_gtfs_supply"
      },
      "geometry": {
        "type": "Point",
        "coordinates": [
          2.943288,
          39.65112
        ]
      }
    },
    {
      "type": "Feature",
      "properties": {
        "stop_id": "1363",
        "stop_name": "Camí de s'Estepar (17003)",
        "stop_code": "17003",
        "location_type": "0",
        "parent_station": null,
        "wheelchair_boarding": null,
        "zone_id": "12510",
        "source_dataset": "tib_gtfs_supply"
      },
      "geometry": {
        "type": "Point",
        "coordinates": [
          2.960216,
          39.66483
        ]
      }
    },
    {
      "type": "Feature",
      "properties": {
        "stop_id": "1364",
        "stop_name": "Camí de Son Ganxó (17004)",
        "stop_code": "17004",
        "location_type": "0",
        "parent_station": null,
        "wheelchair_boarding": null,
        "zone_id": "12510",
        "source_dataset": "tib_gtfs_supply"
      },
      "geometry": {
        "type": "Point",
        "coordinates": [
          2.962466,
          39.665993
        ]
      }
    },
    {
      "type": "Feature",
      "properties": {
        "stop_id": "1366",
        "stop_name": "Costitx 2 (17006)",
        "stop_code": "17006",
        "location_type": "0",
        "parent_station": null,
        "wheelchair_boarding": null,
        "zone_id": "12511",
        "source_dataset": "tib_gtfs_supply"
      },
      "geometry": {
        "type": "Point",
        "coordinates": [
          2.949527,
          39.655327
        ]
      }
    },
    {
      "type": "Feature",
      "properties": {
        "stop_id": "1367",
        "stop_name": "Es Clot 2 (18001)",
        "stop_code": "18001",
        "location_type": "0",
        "parent_station": null,
        "wheelchair_boarding": null,
        "zone_id": "12518",
        "source_dataset": "tib_gtfs_supply"
      },
      "geometry": {
        "type": "Point",
        "coordinates": [
          2.64179,
          39.747448
        ]
      }
    },
    {
      "type": "Feature",
      "properties": {
        "stop_id": "1368",
        "stop_name": "Deià 1 (18002)",
        "stop_code": "18002",
        "location_type": "0",
        "parent_station": null,
        "wheelchair_boarding": null,
        "zone_id": "12518",
        "source_dataset": "tib_gtfs_supply"
      },
      "geometry": {
        "type": "Point",
        "coordinates": [
          2.64884,
          39.748653
        ]
      }
    },
    {
      "type": "Feature",
      "properties": {
        "stop_id": "1369",
        "stop_name": "S'Empeltada 1 (18003)",
        "stop_code": "18003",
        "location_type": "0",
        "parent_station": null,
        "wheelchair_boarding": null,
        "zone_id": "12519",
        "source_dataset": "tib_gtfs_supply"
      },
      "geometry": {
        "type": "Point",
        "coordinates": [
          2.647589,
          39.754417
        ]
      }
    },
    {
      "type": "Feature",
      "properties": {
        "stop_id": "1370",
        "stop_name": "S'Empeltada 2 (18004)",
        "stop_code": "18004",
        "location_type": "0",
        "parent_station": null,
        "wheelchair_boarding": null,
        "zone_id": "12519",
        "source_dataset": "tib_gtfs_supply"
      },
      "geometry": {
        "type": "Point",
        "coordinates": [
          2.647776,
          39.75444
        ]
      }
    },
    {
      "type": "Feature",
      "properties": {
        "stop_id": "1371",
        "stop_name": "Llucalcari 1 (18005)",
        "stop_code": "18005",
        "location_type": "0",
        "parent_station": null,
        "wheelchair_boarding": null,
        "zone_id": "12520",
        "source_dataset": "tib_gtfs_supply"
      },
      "geometry": {
        "type": "Point",
        "coordinates": [
          2.654488,
          39.76396
        ]
      }
    },
    {
      "type": "Feature",
      "properties": {
        "stop_id": "1372",
        "stop_name": "Llucalcari 2 (18006)",
        "stop_code": "18006",
        "location_type": "0",
        "parent_station": null,
        "wheelchair_boarding": null,
        "zone_id": "12520",
        "source_dataset": "tib_gtfs_supply"
      },
      "geometry": {
        "type": "Point",
        "coordinates": [
          2.654635,
          39.763947
        ]
      }
    },
    {
      "type": "Feature",
      "properties": {
        "stop_id": "1373",
        "stop_name": "Son Gallard 2 (18007)",
        "stop_code": "18007",
        "location_type": "0",
        "parent_station": null,
        "wheelchair_boarding": null,
        "zone_id": "12521",
        "source_dataset": "tib_gtfs_supply"
      },
      "geometry": {
        "type": "Point",
        "coordinates": [
          2.62249,
          39.740013
        ]
      }
    },
    {
      "type": "Feature",
      "properties": {
        "stop_id": "1374",
        "stop_name": "Son Gallard 1 (18008)",
        "stop_code": "18008",
        "location_type": "0",
        "parent_station": null,
        "wheelchair_boarding": null,
        "zone_id": "12521",
        "source_dataset": "tib_gtfs_supply"
      },
      "geometry": {
        "type": "Point",
        "coordinates": [
          2.621851,
          39.739372
        ]
      }
    },
    {
      "type": "Feature",
      "properties": {
        "stop_id": "1375",
        "stop_name": "Sa Foradada (18009)",
        "stop_code": "18009",
        "location_type": "0",
        "parent_station": null,
        "wheelchair_boarding": null,
        "zone_id": "12521",
        "source_dataset": "tib_gtfs_supply"
      },
      "geometry": {
        "type": "Point",
        "coordinates": [
          2.631002,
          39.74937
        ]
      }
    },
    {
      "type": "Feature",
      "properties": {
        "stop_id": "1376",
        "stop_name": "Deià 2 (18010)",
        "stop_code": "18010",
        "location_type": "0",
        "parent_station": null,
        "wheelchair_boarding": null,
        "zone_id": "12518",
        "source_dataset": "tib_gtfs_supply"
      },
      "geometry": {
        "type": "Point",
        "coordinates": [
          2.648958,
          39.748634
        ]
      }
    },
    {
      "type": "Feature",
      "properties": {
        "stop_id": "1377",
        "stop_name": "Es Clot 1 (18011)",
        "stop_code": "18011",
        "location_type": "0",
        "parent_station": null,
        "wheelchair_boarding": null,
        "zone_id": "12518",
        "source_dataset": "tib_gtfs_supply"
      },
      "geometry": {
        "type": "Point",
        "coordinates": [
          2.642027,
          39.747414
        ]
      }
    },
    {
      "type": "Feature",
      "properties": {
        "stop_id": "1378",
        "stop_name": "Coll de sa Batalla 2 (19002)",
        "stop_code": "19002",
        "location_type": "0",
        "parent_station": null,
        "wheelchair_boarding": null,
        "zone_id": "12524",
        "source_dataset": "tib_gtfs_supply"
      },
      "geometry": {
        "type": "Point",
        "coordinates": [
          2.889815,
          39.81222
        ]
      }
    },
    {
      "type": "Feature",
      "properties": {
        "stop_id": "1379",
        "stop_name": "Coll de sa Batalla 1 (19003)",
        "stop_code": "19003",
        "location_type": "0",
        "parent_station": null,
        "wheelchair_boarding": null,
        "zone_id": "12524",
        "source_dataset": "tib_gtfs_supply"
      },
      "geometry": {
        "type": "Point",
        "coordinates": [
          2.889695,
          39.812187
        ]
      }
    },
    {
      "type": "Feature",
      "properties": {
        "stop_id": "1380",
        "stop_name": "Escorca 1 (19006)",
        "stop_code": "19006",
        "location_type": "0",
        "parent_station": null,
        "wheelchair_boarding": null,
        "zone_id": "12525",
        "source_dataset": "tib_gtfs_supply"
      },
      "geometry": {
        "type": "Point",
        "coordinates": [
          2.847721,
          39.82601
        ]
      }
    },
    {
      "type": "Feature",
      "properties": {
        "stop_id": "1381",
        "stop_name": "Escorca 2 (19007)",
        "stop_code": "19007",
        "location_type": "0",
        "parent_station": null,
        "wheelchair_boarding": null,
        "zone_id": "12525",
        "source_dataset": "tib_gtfs_supply"
      },
      "geometry": {
        "type": "Point",
        "coordinates": [
          2.847803,
          39.82578
        ]
      }
    },
    {
      "type": "Feature",
      "properties": {
        "stop_id": "1382",
        "stop_name": "Lluc (19011)",
        "stop_code": "19011",
        "location_type": "0",
        "parent_station": null,
        "wheelchair_boarding": null,
        "zone_id": "12526",
        "source_dataset": "tib_gtfs_supply"
      },
      "geometry": {
        "type": "Point",
        "coordinates": [
          2.88451,
          39.82131
        ]
      }
    },
    {
      "type": "Feature",
      "properties": {
        "stop_id": "1383",
        "stop_name": "Cúber 2 (19012)",
        "stop_code": "19012",
        "location_type": "0",
        "parent_station": null,
        "wheelchair_boarding": null,
        "zone_id": "12525",
        "source_dataset": "tib_gtfs_supply"
      },
      "geometry": {
        "type": "Point",
        "coordinates": [
          2.799267,
          39.787327
        ]
      }
    },
    {
      "type": "Feature",
      "properties": {
        "stop_id": "1384",
        "stop_name": "Cúber 1 (19013)",
        "stop_code": "19013",
        "location_type": "0",
        "parent_station": null,
        "wheelchair_boarding": null,
        "zone_id": "12525",
        "source_dataset": "tib_gtfs_supply"
      },
      "geometry": {
        "type": "Point",
        "coordinates": [
          2.799256,
          39.7875
        ]
      }
    },
    {
      "type": "Feature",
      "properties": {
        "stop_id": "1386",
        "stop_name": "Estació d'autobusos (27001)",
        "stop_code": "27001",
        "location_type": "0",
        "parent_station": null,
        "wheelchair_boarding": null,
        "zone_id": "12391",
        "source_dataset": "tib_gtfs_supply"
      },
      "geometry": {
        "type": "Point",
        "coordinates": [
          2.904787,
          39.718678
        ]
      }
    },
    {
      "type": "Feature",
      "properties": {
        "stop_id": "1387",
        "stop_name": "Gran Via de Colom 1 (27003)",
        "stop_code": "27003",
        "location_type": "0",
        "parent_station": null,
        "wheelchair_boarding": null,
        "zone_id": "12391",
        "source_dataset": "tib_gtfs_supply"
      },
      "geometry": {
        "type": "Point",
        "coordinates": [
          2.912301,
          39.71744
        ]
      }
    },
    {
      "type": "Feature",
      "properties": {
        "stop_id": "1388",
        "stop_name": "Gran Via de Colom 2 (27004)",
        "stop_code": "27004",
        "location_type": "0",
        "parent_station": null,
        "wheelchair_boarding": null,
        "zone_id": "12391",
        "source_dataset": "tib_gtfs_supply"
      },
      "geometry": {
        "type": "Point",
        "coordinates": [
          2.912069,
          39.717747
        ]
      }
    },
    {
      "type": "Feature",
      "properties": {
        "stop_id": "1389",
        "stop_name": "Hospital d'Inca 2 (27005)",
        "stop_code": "27005",
        "location_type": "0",
        "parent_station": null,
        "wheelchair_boarding": null,
        "zone_id": "12391",
        "source_dataset": "tib_gtfs_supply"
      },
      "geometry": {
        "type": "Point",
        "coordinates": [
          2.922799,
          39.716637
        ]
      }
    },
    {
      "type": "Feature",
      "properties": {
        "stop_id": "1390",
        "stop_name": "Inca nord 1 (27012)",
        "stop_code": "27012",
        "location_type": "0",
        "parent_station": null,
        "wheelchair_boarding": null,
        "zone_id": "12391",
        "source_dataset": "tib_gtfs_supply"
      },
      "geometry": {
        "type": "Point",
        "coordinates": [
          2.922321,
          39.726574
        ]
      }
    },
    {
      "type": "Feature",
      "properties": {
        "stop_id": "1391",
        "stop_name": "Inca Llevant 2 (27013)",
        "stop_code": "27013",
        "location_type": "0",
        "parent_station": null,
        "wheelchair_boarding": null,
        "zone_id": "12391",
        "source_dataset": "tib_gtfs_supply"
      },
      "geometry": {
        "type": "Point",
        "coordinates": [
          2.916249,
          39.716114
        ]
      }
    },
    {
      "type": "Feature",
      "properties": {
        "stop_id": "1392",
        "stop_name": "Inca Llevant 1 (27014)",
        "stop_code": "27014",
        "location_type": "0",
        "parent_station": null,
        "wheelchair_boarding": null,
        "zone_id": "12391",
        "source_dataset": "tib_gtfs_supply"
      },
      "geometry": {
        "type": "Point",
        "coordinates": [
          2.91617,
          39.716007
        ]
      }
    },
    {
      "type": "Feature",
      "properties": {
        "stop_id": "1394",
        "stop_name": "Mandrava 1 (27015)",
        "stop_code": "27015",
        "location_type": "0",
        "parent_station": null,
        "wheelchair_boarding": null,
        "zone_id": "12391",
        "source_dataset": "tib_gtfs_supply"
      },
      "geometry": {
        "type": "Point",
        "coordinates": [
          2.903277,
          39.723602
        ]
      }
    },
    {
      "type": "Feature",
      "properties": {
        "stop_id": "1395",
        "stop_name": "Mandrava 2 (27016)",
        "stop_code": "27016",
        "location_type": "0",
        "parent_station": null,
        "wheelchair_boarding": null,
        "zone_id": "12391",
        "source_dataset": "tib_gtfs_supply"
      },
      "geometry": {
        "type": "Point",
        "coordinates": [
          2.903445,
          39.72362
        ]
      }
    },
    {
      "type": "Feature",
      "properties": {
        "stop_id": "1396",
        "stop_name": "Lloseta (29004)",
        "stop_code": "29004",
        "location_type": "0",
        "parent_station": null,
        "wheelchair_boarding": null,
        "zone_id": "12390",
        "source_dataset": "tib_gtfs_supply"
      },
      "geometry": {
        "type": "Point",
        "coordinates": [
          2.872869,
          39.720364
        ]
      }
    },
    {
      "type": "Feature",
      "properties": {
        "stop_id": "1397",
        "stop_name": "Llubí 1 (30001)",
        "stop_code": "30001",
        "location_type": "0",
        "parent_station": null,
        "wheelchair_boarding": null,
        "zone_id": "12393",
        "source_dataset": "tib_gtfs_supply"
      },
      "geometry": {
        "type": "Point",
        "coordinates": [
          3.00833,
          39.70095
        ]
      }
    },
    {
      "type": "Feature",
      "properties": {
        "stop_id": "1398",
        "stop_name": "Llubí 2 (30002)",
        "stop_code": "30002",
        "location_type": "0",
        "parent_station": null,
        "wheelchair_boarding": null,
        "zone_id": "12393",
        "source_dataset": "tib_gtfs_supply"
      },
      "geometry": {
        "type": "Point",
        "coordinates": [
          3.008409,
          39.70087
        ]
      }
    },
    {
      "type": "Feature",
      "properties": {
        "stop_id": "1399",
        "stop_name": "Mancor de la Vall (34002)",
        "stop_code": "34002",
        "location_type": "0",
        "parent_station": null,
        "wheelchair_boarding": null,
        "zone_id": "12512",
        "source_dataset": "tib_gtfs_supply"
      },
      "geometry": {
        "type": "Point",
        "coordinates": [
          2.872909,
          39.74947
        ]
      }
    },
    {
      "type": "Feature",
      "properties": {
        "stop_id": "1400",
        "stop_name": "Els Pins 2 (39004)",
        "stop_code": "39004",
        "location_type": "0",
        "parent_station": null,
        "wheelchair_boarding": null,
        "zone_id": "12498",
        "source_dataset": "tib_gtfs_supply"
      },
      "geometry": {
        "type": "Point",
        "coordinates": [
          3.124843,
          39.788677
        ]
      }
    },
    {
      "type": "Feature",
      "properties": {
        "stop_id": "1401",
        "stop_name": "Els Pins 1 (39005)",
        "stop_code": "39005",
        "location_type": "0",
        "parent_station": null,
        "wheelchair_boarding": null,
        "zone_id": "12498",
        "source_dataset": "tib_gtfs_supply"
      },
      "geometry": {
        "type": "Point",
        "coordinates": [
          3.124734,
          39.789127
        ]
      }
    },
    {
      "type": "Feature",
      "properties": {
        "stop_id": "1402",
        "stop_name": "S'Albufera 1 (39006)",
        "stop_code": "39006",
        "location_type": "0",
        "parent_station": null,
        "wheelchair_boarding": null,
        "zone_id": "12498",
        "source_dataset": "tib_gtfs_supply"
      },
      "geometry": {
        "type": "Point",
        "coordinates": [
          3.119302,
          39.799824
        ]
      }
    },
    {
      "type": "Feature",
      "properties": {
        "stop_id": "1403",
        "stop_name": "S'Albufera 2 (39007)",
        "stop_code": "39007",
        "location_type": "0",
        "parent_station": null,
        "wheelchair_boarding": null,
        "zone_id": "12498",
        "source_dataset": "tib_gtfs_supply"
      },
      "geometry": {
        "type": "Point",
        "coordinates": [
          3.119251,
          39.799446
        ]
      }
    },
    {
      "type": "Feature",
      "properties": {
        "stop_id": "1404",
        "stop_name": "Las Gaviotas 2 (39012)",
        "stop_code": "39012",
        "location_type": "0",
        "parent_station": null,
        "wheelchair_boarding": null,
        "zone_id": "12498",
        "source_dataset": "tib_gtfs_supply"
      },
      "geometry": {
        "type": "Point",
        "coordinates": [
          3.114982,
          39.812702
        ]
      }
    },
    {
      "type": "Feature",
      "properties": {
        "stop_id": "1405",
        "stop_name": "Las Gaviotas 1 (39013)",
        "stop_code": "39013",
        "location_type": "0",
        "parent_station": null,
        "wheelchair_boarding": null,
        "zone_id": "12498",
        "source_dataset": "tib_gtfs_supply"
      },
      "geometry": {
        "type": "Point",
        "coordinates": [
          3.115157,
          39.812656
        ]
      }
    },
    {
      "type": "Feature",
      "properties": {
        "stop_id": "1406",
        "stop_name": "Ses Fotges 1 (39020)",
        "stop_code": "39020",
        "location_type": "0",
        "parent_station": null,
        "wheelchair_boarding": null,
        "zone_id": "12498",
        "source_dataset": "tib_gtfs_supply"
      },
      "geometry": {
        "type": "Point",
        "coordinates": [
          3.116647,
          39.808033
        ]
      }
    },
    {
      "type": "Feature",
      "properties": {
        "stop_id": "1407",
        "stop_name": "Los Troncos 2 (39038)",
        "stop_code": "39038",
        "location_type": "0",
        "parent_station": null,
        "wheelchair_boarding": null,
        "zone_id": "12498",
        "source_dataset": "tib_gtfs_supply"
      },
      "geometry": {
        "type": "Point",
        "coordinates": [
          3.117541,
          39.80463
        ]
      }
    },
    {
      "type": "Feature",
      "properties": {
        "stop_id": "1408",
        "stop_name": "Los Troncos 1 (39039)",
        "stop_code": "39039",
        "location_type": "0",
        "parent_station": null,
        "wheelchair_boarding": null,
        "zone_id": "12498",
        "source_dataset": "tib_gtfs_supply"
      },
      "geometry": {
        "type": "Point",
        "coordinates": [
          3.118063,
          39.803616
        ]
      }
    },
    {
      "type": "Feature",
      "properties": {
        "stop_id": "1409",
        "stop_name": "Ses Fotges 2 (39040)",
        "stop_code": "39040",
        "location_type": "0",
        "parent_station": null,
        "wheelchair_boarding": null,
        "zone_id": "12498",
        "source_dataset": "tib_gtfs_supply"
      },
      "geometry": {
        "type": "Point",
        "coordinates": [
          3.116237,
          39.8087
        ]
      }
    },
    {
      "type": "Feature",
      "properties": {
        "stop_id": "1410",
        "stop_name": "Casetes des Capellans 1 (39023)",
        "stop_code": "39023",
        "location_type": "0",
        "parent_station": null,
        "wheelchair_boarding": null,
        "zone_id": "12498",
        "source_dataset": "tib_gtfs_supply"
      },
      "geometry": {
        "type": "Point",
        "coordinates": [
          3.139979,
          39.77362
        ]
      }
    },
    {
      "type": "Feature",
      "properties": {
        "stop_id": "1411",
        "stop_name": "Casetes des Capellans 2 (39024)",
        "stop_code": "39024",
        "location_type": "0",
        "parent_station": null,
        "wheelchair_boarding": null,
        "zone_id": "12498",
        "source_dataset": "tib_gtfs_supply"
      },
      "geometry": {
        "type": "Point",
        "coordinates": [
          3.139932,
          39.77342
        ]
      }
    },
    {
      "type": "Feature",
      "properties": {
        "stop_id": "1415",
        "stop_name": "Sa Creu Vermella 2 (40067)",
        "stop_code": "40067",
        "location_type": "0",
        "parent_station": null,
        "wheelchair_boarding": null,
        "zone_id": "12527",
        "source_dataset": "tib_gtfs_supply"
      },
      "geometry": {
        "type": "Point",
        "coordinates": [
          2.716506,
          39.57881
        ]
      }
    },
    {
      "type": "Feature",
      "properties": {
        "stop_id": "1416",
        "stop_name": "Sa Creu Vermella 1 (40068)",
        "stop_code": "40068",
        "location_type": "0",
        "parent_station": null,
        "wheelchair_boarding": null,
        "zone_id": "12527",
        "source_dataset": "tib_gtfs_supply"
      },
      "geometry": {
        "type": "Point",
        "coordinates": [
          2.716789,
          39.578926
        ]
      }
    },
    {
      "type": "Feature",
      "properties": {
        "stop_id": "1417",
        "stop_name": "S'Hostalot 1 (40069)",
        "stop_code": "40069",
        "location_type": "0",
        "parent_station": null,
        "wheelchair_boarding": null,
        "zone_id": "12528",
        "source_dataset": "tib_gtfs_supply"
      },
      "geometry": {
        "type": "Point",
        "coordinates": [
          2.732031,
          39.586025
        ]
      }
    },
    {
      "type": "Feature",
      "properties": {
        "stop_id": "1418",
        "stop_name": "S'Hostalot 2 (40070)",
        "stop_code": "40070",
        "location_type": "0",
        "parent_station": null,
        "wheelchair_boarding": null,
        "zone_id": "12528",
        "source_dataset": "tib_gtfs_supply"
      },
      "geometry": {
        "type": "Point",
        "coordinates": [
          2.73229,
          39.585964
        ]
      }
    },
    {
      "type": "Feature",
      "properties": {
        "stop_id": "1419",
        "stop_name": "Hospital Son Llàtzer (40127)",
        "stop_code": "40127",
        "location_type": "0",
        "parent_station": null,
        "wheelchair_boarding": null,
        "zone_id": "12376",
        "source_dataset": "tib_gtfs_supply"
      },
      "geometry": {
        "type": "Point",
        "coordinates": [
          2.70107,
          39.57497
        ]
      }
    },
    {
      "type": "Feature",
      "properties": {
        "stop_id": "1420",
        "stop_name": "Pollença 1 (42001)",
        "stop_code": "42001",
        "location_type": "0",
        "parent_station": null,
        "wheelchair_boarding": null,
        "zone_id": "12529",
        "source_dataset": "tib_gtfs_supply"
      },
      "geometry": {
        "type": "Point",
        "coordinates": [
          3.017009,
          39.87433
        ]
      }
    },
    {
      "type": "Feature",
      "properties": {
        "stop_id": "1421",
        "stop_name": "Pollença 2 (42002)",
        "stop_code": "42002",
        "location_type": "0",
        "parent_station": null,
        "wheelchair_boarding": null,
        "zone_id": "12529",
        "source_dataset": "tib_gtfs_supply"
      },
      "geometry": {
        "type": "Point",
        "coordinates": [
          3.017226,
          39.874317
        ]
      }
    },
    {
      "type": "Feature",
      "properties": {
        "stop_id": "1422",
        "stop_name": "Poliesportiu (42004)",
        "stop_code": "42004",
        "location_type": "0",
        "parent_station": null,
        "wheelchair_boarding": null,
        "zone_id": "12529",
        "source_dataset": "tib_gtfs_supply"
      },
      "geometry": {
        "type": "Point",
        "coordinates": [
          3.023257,
          39.8786
        ]
      }
    },
    {
      "type": "Feature",
      "properties": {
        "stop_id": "1423",
        "stop_name": "CEIP Joan Mas (42005)",
        "stop_code": "42005",
        "location_type": "0",
        "parent_station": null,
        "wheelchair_boarding": null,
        "zone_id": "12529",
        "source_dataset": "tib_gtfs_supply"
      },
      "geometry": {
        "type": "Point",
        "coordinates": [
          3.0235,
          39.87933
        ]
      }
    },
    {
      "type": "Feature",
      "properties": {
        "stop_id": "1424",
        "stop_name": "La Font 1 (42009)",
        "stop_code": "42009",
        "location_type": "0",
        "parent_station": null,
        "wheelchair_boarding": null,
        "zone_id": "12529",
        "source_dataset": "tib_gtfs_supply"
      },
      "geometry": {
        "type": "Point",
        "coordinates": [
          3.022561,
          39.884857
        ]
      }
    },
    {
      "type": "Feature",
      "properties": {
        "stop_id": "1425",
        "stop_name": "Temporal (42010)",
        "stop_code": "42010",
        "location_type": "0",
        "parent_station": null,
        "wheelchair_boarding": null,
        "zone_id": "12531",
        "source_dataset": "tib_gtfs_supply"
      },
      "geometry": {
        "type": "Point",
        "coordinates": [
          3.054125,
          39.91863
        ]
      }
    },
    {
      "type": "Feature",
      "properties": {
        "stop_id": "1426",
        "stop_name": "El Vilar 1 (42011)",
        "stop_code": "42011",
        "location_type": "0",
        "parent_station": null,
        "wheelchair_boarding": null,
        "zone_id": "12532",
        "source_dataset": "tib_gtfs_supply"
      },
      "geometry": {
        "type": "Point",
        "coordinates": [
          3.057466,
          39.899174
        ]
      }
    },
    {
      "type": "Feature",
      "properties": {
        "stop_id": "1427",
        "stop_name": "El Vilar 2 (42012)",
        "stop_code": "42012",
        "location_type": "0",
        "parent_station": null,
        "wheelchair_boarding": null,
        "zone_id": "12532",
        "source_dataset": "tib_gtfs_supply"
      },
      "geometry": {
        "type": "Point",
        "coordinates": [
          3.057195,
          39.89897
        ]
      }
    },
    {
      "type": "Feature",
      "properties": {
        "stop_id": "1428",
        "stop_name": "Gotmar - Las Palmeras 1 (42013)",
        "stop_code": "42013",
        "location_type": "0",
        "parent_station": null,
        "wheelchair_boarding": null,
        "zone_id": "12533",
        "source_dataset": "tib_gtfs_supply"
      },
      "geometry": {
        "type": "Point",
        "coordinates": [
          3.068918,
          39.90261
        ]
      }
    },
    {
      "type": "Feature",
      "properties": {
        "stop_id": "1429",
        "stop_name": "Gotmar - Las Palmeras 2 (42014)",
        "stop_code": "42014",
        "location_type": "0",
        "parent_station": null,
        "wheelchair_boarding": null,
        "zone_id": "12533",
        "source_dataset": "tib_gtfs_supply"
      },
      "geometry": {
        "type": "Point",
        "coordinates": [
          3.06868,
          39.902428
        ]
      }
    },
    {
      "type": "Feature",
      "properties": {
        "stop_id": "1430",
        "stop_name": "Club del Sol 1 (42023)",
        "stop_code": "42023",
        "location_type": "0",
        "parent_station": null,
        "wheelchair_boarding": null,
        "zone_id": "12534",
        "source_dataset": "tib_gtfs_supply"
      },
      "geometry": {
        "type": "Point",
        "coordinates": [
          3.081128,
          39.880016
        ]
      }
    },
    {
      "type": "Feature",
      "properties": {
        "stop_id": "1431",
        "stop_name": "Club del Sol 2 (42024)",
        "stop_code": "42024",
        "location_type": "0",
        "parent_station": null,
        "wheelchair_boarding": null,
        "zone_id": "12534",
        "source_dataset": "tib_gtfs_supply"
      },
      "geometry": {
        "type": "Point",
        "coordinates": [
          3.081286,
          39.880276
        ]
      }
    },
    {
      "type": "Feature",
      "properties": {
        "stop_id": "1432",
        "stop_name": "La Font 2 (42033)",
        "stop_code": "42033",
        "location_type": "0",
        "parent_station": null,
        "wheelchair_boarding": null,
        "zone_id": "12529",
        "source_dataset": "tib_gtfs_supply"
      },
      "geometry": {
        "type": "Point",
        "coordinates": [
          3.023055,
          39.884693
        ]
      }
    },
    {
      "type": "Feature",
      "properties": {
        "stop_id": "1433",
        "stop_name": "Llenaire 2 (42040)",
        "stop_code": "42040",
        "location_type": "0",
        "parent_station": null,
        "wheelchair_boarding": null,
        "zone_id": "12533",
        "source_dataset": "tib_gtfs_supply"
      },
      "geometry": {
        "type": "Point",
        "coordinates": [
          3.074594,
          39.89024
        ]
      }
    },
    {
      "type": "Feature",
      "properties": {
        "stop_id": "1434",
        "stop_name": "Gotmar 1 (42041)",
        "stop_code": "42041",
        "location_type": "0",
        "parent_station": null,
        "wheelchair_boarding": null,
        "zone_id": "12533",
        "source_dataset": "tib_gtfs_supply"
      },
      "geometry": {
        "type": "Point",
        "coordinates": [
          3.073782,
          39.89909
        ]
      }
    },
    {
      "type": "Feature",
      "properties": {
        "stop_id": "1435",
        "stop_name": "Gotmar 2 (42042)",
        "stop_code": "42042",
        "location_type": "0",
        "parent_station": null,
        "wheelchair_boarding": null,
        "zone_id": "12533",
        "source_dataset": "tib_gtfs_supply"
      },
      "geometry": {
        "type": "Point",
        "coordinates": [
          3.073492,
          39.89893
        ]
      }
    },
    {
      "type": "Feature",
      "properties": {
        "stop_id": "1436",
        "stop_name": "Polígon de Pollença 1 (42043)",
        "stop_code": "42043",
        "location_type": "0",
        "parent_station": null,
        "wheelchair_boarding": null,
        "zone_id": "12529",
        "source_dataset": "tib_gtfs_supply"
      },
      "geometry": {
        "type": "Point",
        "coordinates": [
          3.031005,
          39.889072
        ]
      }
    },
    {
      "type": "Feature",
      "properties": {
        "stop_id": "1437",
        "stop_name": "Polígon de Pollença 2 (42044)",
        "stop_code": "42044",
        "location_type": "0",
        "parent_station": null,
        "wheelchair_boarding": null,
        "zone_id": "12529",
        "source_dataset": "tib_gtfs_supply"
      },
      "geometry": {
        "type": "Point",
        "coordinates": [
          3.031066,
          39.88884
        ]
      }
    },
    {
      "type": "Feature",
      "properties": {
        "stop_id": "1438",
        "stop_name": "Port de Pollença centre (42051)",
        "stop_code": "42051",
        "location_type": "0",
        "parent_station": null,
        "wheelchair_boarding": null,
        "zone_id": "12533",
        "source_dataset": "tib_gtfs_supply"
      },
      "geometry": {
        "type": "Point",
        "coordinates": [
          3.0794957,
          39.909157
        ]
      }
    },
    {
      "type": "Feature",
      "properties": {
        "stop_id": "1439",
        "stop_name": "Crestatx 1 (44008)",
        "stop_code": "44008",
        "location_type": "0",
        "parent_station": null,
        "wheelchair_boarding": null,
        "zone_id": "12530",
        "source_dataset": "tib_gtfs_supply"
      },
      "geometry": {
        "type": "Point",
        "coordinates": [
          3.021557,
          39.803593
        ]
      }
    },
    {
      "type": "Feature",
      "properties": {
        "stop_id": "1440",
        "stop_name": "Crestatx 2 (44009)",
        "stop_code": "44009",
        "location_type": "0",
        "parent_station": null,
        "wheelchair_boarding": null,
        "zone_id": "12530",
        "source_dataset": "tib_gtfs_supply"
      },
      "geometry": {
        "type": "Point",
        "coordinates": [
          3.021488,
          39.80302
        ]
      }
    },
    {
      "type": "Feature",
      "properties": {
        "stop_id": "1441",
        "stop_name": "Ronda nord 2 (44010)",
        "stop_code": "44010",
        "location_type": "0",
        "parent_station": null,
        "wheelchair_boarding": null,
        "zone_id": "12395",
        "source_dataset": "tib_gtfs_supply"
      },
      "geometry": {
        "type": "Point",
        "coordinates": [
          3.022925,
          39.775963
        ]
      }
    },
    {
      "type": "Feature",
      "properties": {
        "stop_id": "1442",
        "stop_name": "Ronda nord 1 (44011)",
        "stop_code": "44011",
        "location_type": "0",
        "parent_station": null,
        "wheelchair_boarding": null,
        "zone_id": "12395",
        "source_dataset": "tib_gtfs_supply"
      },
      "geometry": {
        "type": "Point",
        "coordinates": [
          3.022225,
          39.776066
        ]
      }
    },
    {
      "type": "Feature",
      "properties": {
        "stop_id": "1443",
        "stop_name": "Biniali (47005)",
        "stop_code": "47005",
        "location_type": "0",
        "parent_station": null,
        "wheelchair_boarding": null,
        "zone_id": "12485",
        "source_dataset": "tib_gtfs_supply"
      },
      "geometry": {
        "type": "Point",
        "coordinates": [
          2.860952,
          39.639236
        ]
      }
    },
    {
      "type": "Feature",
      "properties": {
        "stop_id": "1444",
        "stop_name": "Camí de ses Ànimes (47011)",
        "stop_code": "47011",
        "location_type": "0",
        "parent_station": null,
        "wheelchair_boarding": null,
        "zone_id": "12509",
        "source_dataset": "tib_gtfs_supply"
      },
      "geometry": {
        "type": "Point",
        "coordinates": [
          2.91847,
          39.651314
        ]
      }
    },
    {
      "type": "Feature",
      "properties": {
        "stop_id": "1445",
        "stop_name": "Sencelles 1 (47015)",
        "stop_code": "47015",
        "location_type": "0",
        "parent_station": null,
        "wheelchair_boarding": null,
        "zone_id": "12513",
        "source_dataset": "tib_gtfs_supply"
      },
      "geometry": {
        "type": "Point",
        "coordinates": [
          2.898113,
          39.647625
        ]
      }
    },
    {
      "type": "Feature",
      "properties": {
        "stop_id": "1446",
        "stop_name": "Camí d'Establiments (47017)",
        "stop_code": "47017",
        "location_type": "0",
        "parent_station": null,
        "wheelchair_boarding": null,
        "zone_id": "12509",
        "source_dataset": "tib_gtfs_supply"
      },
      "geometry": {
        "type": "Point",
        "coordinates": [
          2.910661,
          39.650486
        ]
      }
    },
    {
      "type": "Feature",
      "properties": {
        "stop_id": "1447",
        "stop_name": "Sencelles 2 (47018)",
        "stop_code": "47018",
        "location_type": "0",
        "parent_station": null,
        "wheelchair_boarding": null,
        "zone_id": "12513",
        "source_dataset": "tib_gtfs_supply"
      },
      "geometry": {
        "type": "Point",
        "coordinates": [
          2.896543,
          39.64492
        ]
      }
    },
    {
      "type": "Feature",
      "properties": {
        "stop_id": "1448",
        "stop_name": "Natura Parc 1 (53004)",
        "stop_code": "53004",
        "location_type": "0",
        "parent_station": null,
        "wheelchair_boarding": null,
        "zone_id": "12486",
        "source_dataset": "tib_gtfs_supply"
      },
      "geometry": {
        "type": "Point",
        "coordinates": [
          2.834212,
          39.61251
        ]
      }
    },
    {
      "type": "Feature",
      "properties": {
        "stop_id": "1449",
        "stop_name": "Natura Parc 2 (53005)",
        "stop_code": "53005",
        "location_type": "0",
        "parent_station": null,
        "wheelchair_boarding": null,
        "zone_id": "12486",
        "source_dataset": "tib_gtfs_supply"
      },
      "geometry": {
        "type": "Point",
        "coordinates": [
          2.834439,
          39.612362
        ]
      }
    },
    {
      "type": "Feature",
      "properties": {
        "stop_id": "1450",
        "stop_name": "Ses Olleries 1 (53006)",
        "stop_code": "53006",
        "location_type": "0",
        "parent_station": null,
        "wheelchair_boarding": null,
        "zone_id": "12487",
        "source_dataset": "tib_gtfs_supply"
      },
      "geometry": {
        "type": "Point",
        "coordinates": [
          2.825572,
          39.61112
        ]
      }
    },
    {
      "type": "Feature",
      "properties": {
        "stop_id": "1451",
        "stop_name": "Ses Olleries 2 (53007)",
        "stop_code": "53007",
        "location_type": "0",
        "parent_station": null,
        "wheelchair_boarding": null,
        "zone_id": "12487",
        "source_dataset": "tib_gtfs_supply"
      },
      "geometry": {
        "type": "Point",
        "coordinates": [
          2.825171,
          39.6107
        ]
      }
    },
    {
      "type": "Feature",
      "properties": {
        "stop_id": "1452",
        "stop_name": "Ses Alqueries 2 (53008)",
        "stop_code": "53008",
        "location_type": "0",
        "parent_station": null,
        "wheelchair_boarding": null,
        "zone_id": "12488",
        "source_dataset": "tib_gtfs_supply"
      },
      "geometry": {
        "type": "Point",
        "coordinates": [
          2.843176,
          39.63334
        ]
      }
    },
    {
      "type": "Feature",
      "properties": {
        "stop_id": "1453",
        "stop_name": "Camps de vinyes 1 (53017)",
        "stop_code": "53017",
        "location_type": "0",
        "parent_station": null,
        "wheelchair_boarding": null,
        "zone_id": "12489",
        "source_dataset": "tib_gtfs_supply"
      },
      "geometry": {
        "type": "Point",
        "coordinates": [
          2.852382,
          39.6368
        ]
      }
    },
    {
      "type": "Feature",
      "properties": {
        "stop_id": "1454",
        "stop_name": "Camps de vinyes 2 (53018)",
        "stop_code": "53018",
        "location_type": "0",
        "parent_station": null,
        "wheelchair_boarding": null,
        "zone_id": "12489",
        "source_dataset": "tib_gtfs_supply"
      },
      "geometry": {
        "type": "Point",
        "coordinates": [
          2.852551,
          39.63672
        ]
      }
    },
    {
      "type": "Feature",
      "properties": {
        "stop_id": "1455",
        "stop_name": "Santa Eugènia 1 (53019)",
        "stop_code": "53019",
        "location_type": "0",
        "parent_station": null,
        "wheelchair_boarding": null,
        "zone_id": "12490",
        "source_dataset": "tib_gtfs_supply"
      },
      "geometry": {
        "type": "Point",
        "coordinates": [
          2.840792,
          39.62313
        ]
      }
    },
    {
      "type": "Feature",
      "properties": {
        "stop_id": "1456",
        "stop_name": "Santa Eugènia 2 (53020)",
        "stop_code": "53020",
        "location_type": "0",
        "parent_station": null,
        "wheelchair_boarding": null,
        "zone_id": "12490",
        "source_dataset": "tib_gtfs_supply"
      },
      "geometry": {
        "type": "Point",
        "coordinates": [
          2.839089,
          39.624058
        ]
      }
    },
    {
      "type": "Feature",
      "properties": {
        "stop_id": "1457",
        "stop_name": "Ses Alqueries 1 (53021)",
        "stop_code": "53021",
        "location_type": "0",
        "parent_station": null,
        "wheelchair_boarding": null,
        "zone_id": "12488",
        "source_dataset": "tib_gtfs_supply"
      },
      "geometry": {
        "type": "Point",
        "coordinates": [
          2.8429816,
          39.633305
        ]
      }
    },
    {
      "type": "Feature",
      "properties": {
        "stop_id": "1458",
        "stop_name": "Santa Margalida (55002)",
        "stop_code": "55002",
        "location_type": "0",
        "parent_station": null,
        "wheelchair_boarding": null,
        "zone_id": "12535",
        "source_dataset": "tib_gtfs_supply"
      },
      "geometry": {
        "type": "Point",
        "coordinates": [
          3.102108,
          39.70154
        ]
      }
    },
    {
      "type": "Feature",
      "properties": {
        "stop_id": "1464",
        "stop_name": "Can Picafort centre 1 (55017)",
        "stop_code": "55017",
        "location_type": "0",
        "parent_station": null,
        "wheelchair_boarding": null,
        "zone_id": "12537",
        "source_dataset": "tib_gtfs_supply"
      },
      "geometry": {
        "type": "Point",
        "coordinates": [
          3.148443,
          39.765743
        ]
      }
    },
    {
      "type": "Feature",
      "properties": {
        "stop_id": "1465",
        "stop_name": "Can Picafort sud 1 (55037)",
        "stop_code": "55037",
        "location_type": "0",
        "parent_station": null,
        "wheelchair_boarding": null,
        "zone_id": "12537",
        "source_dataset": "tib_gtfs_supply"
      },
      "geometry": {
        "type": "Point",
        "coordinates": [
          3.1519063,
          39.76243
        ]
      }
    },
    {
      "type": "Feature",
      "properties": {
        "stop_id": "1466",
        "stop_name": "Platja de Can Picafort 1 (55034)",
        "stop_code": "55034",
        "location_type": "0",
        "parent_station": null,
        "wheelchair_boarding": null,
        "zone_id": "12537",
        "source_dataset": "tib_gtfs_supply"
      },
      "geometry": {
        "type": "Point",
        "coordinates": [
          3.143845,
          39.770123
        ]
      }
    },
    {
      "type": "Feature",
      "properties": {
        "stop_id": "1467",
        "stop_name": "Platja de Can Picafort 2 (55035)",
        "stop_code": "55035",
        "location_type": "0",
        "parent_station": null,
        "wheelchair_boarding": null,
        "zone_id": "12537",
        "source_dataset": "tib_gtfs_supply"
      },
      "geometry": {
        "type": "Point",
        "coordinates": [
          3.143579,
          39.770016
        ]
      }
    },
    {
      "type": "Feature",
      "properties": {
        "stop_id": "1468",
        "stop_name": "Can Picafort centre 2 (55036)",
        "stop_code": "55036",
        "location_type": "0",
        "parent_station": null,
        "wheelchair_boarding": null,
        "zone_id": "12537",
        "source_dataset": "tib_gtfs_supply"
      },
      "geometry": {
        "type": "Point",
        "coordinates": [
          3.1491365,
          39.7647
        ]
      }
    },
    {
      "type": "Feature",
      "properties": {
        "stop_id": "1469",
        "stop_name": "Can Picafort sud 2 (55038)",
        "stop_code": "55038",
        "location_type": "0",
        "parent_station": null,
        "wheelchair_boarding": null,
        "zone_id": "12537",
        "source_dataset": "tib_gtfs_supply"
      },
      "geometry": {
        "type": "Point",
        "coordinates": [
          3.1516683,
          39.762302
        ]
      }
    },
    {
      "type": "Feature",
      "properties": {
        "stop_id": "1471",
        "stop_name": "Camarata 2 (58001)",
        "stop_code": "58001",
        "location_type": "0",
        "parent_station": null,
        "wheelchair_boarding": null,
        "zone_id": "12514",
        "source_dataset": "tib_gtfs_supply"
      },
      "geometry": {
        "type": "Point",
        "coordinates": [
          2.904271,
          39.755463
        ]
      }
    },
    {
      "type": "Feature",
      "properties": {
        "stop_id": "1472",
        "stop_name": "Selva 2 (58002)",
        "stop_code": "58002",
        "location_type": "0",
        "parent_station": null,
        "wheelchair_boarding": null,
        "zone_id": "12514",
        "source_dataset": "tib_gtfs_supply"
      },
      "geometry": {
        "type": "Point",
        "coordinates": [
          2.90163,
          39.75168
        ]
      }
    },
    {
      "type": "Feature",
      "properties": {
        "stop_id": "1473",
        "stop_name": "Caimari 1 (58004)",
        "stop_code": "58004",
        "location_type": "0",
        "parent_station": null,
        "wheelchair_boarding": null,
        "zone_id": "12515",
        "source_dataset": "tib_gtfs_supply"
      },
      "geometry": {
        "type": "Point",
        "coordinates": [
          2.902215,
          39.768566
        ]
      }
    },
    {
      "type": "Feature",
      "properties": {
        "stop_id": "1474",
        "stop_name": "Biniamar (58006)",
        "stop_code": "58006",
        "location_type": "0",
        "parent_station": null,
        "wheelchair_boarding": null,
        "zone_id": "12516",
        "source_dataset": "tib_gtfs_supply"
      },
      "geometry": {
        "type": "Point",
        "coordinates": [
          2.87324,
          39.73187
        ]
      }
    },
    {
      "type": "Feature",
      "properties": {
        "stop_id": "1475",
        "stop_name": "Caimari 2 (58007)",
        "stop_code": "58007",
        "location_type": "0",
        "parent_station": null,
        "wheelchair_boarding": null,
        "zone_id": "12515",
        "source_dataset": "tib_gtfs_supply"
      },
      "geometry": {
        "type": "Point",
        "coordinates": [
          2.902373,
          39.76871
        ]
      }
    },
    {
      "type": "Feature",
      "properties": {
        "stop_id": "1476",
        "stop_name": "Camarata 1 (58010)",
        "stop_code": "58010",
        "location_type": "0",
        "parent_station": null,
        "wheelchair_boarding": null,
        "zone_id": "12514",
        "source_dataset": "tib_gtfs_supply"
      },
      "geometry": {
        "type": "Point",
        "coordinates": [
          2.904269,
          39.755684
        ]
      }
    },
    {
      "type": "Feature",
      "properties": {
        "stop_id": "1477",
        "stop_name": "Selva 1 (58011)",
        "stop_code": "58011",
        "location_type": "0",
        "parent_station": null,
        "wheelchair_boarding": null,
        "zone_id": "12514",
        "source_dataset": "tib_gtfs_supply"
      },
      "geometry": {
        "type": "Point",
        "coordinates": [
          2.901689,
          39.751797
        ]
      }
    },
    {
      "type": "Feature",
      "properties": {
        "stop_id": "1478",
        "stop_name": "Moscari (58012)",
        "stop_code": "58012",
        "location_type": "0",
        "parent_station": null,
        "wheelchair_boarding": null,
        "zone_id": "12517",
        "source_dataset": "tib_gtfs_supply"
      },
      "geometry": {
        "type": "Point",
        "coordinates": [
          2.931925,
          39.76503
        ]
      }
    },
    {
      "type": "Feature",
      "properties": {
        "stop_id": "1480",
        "stop_name": "Sóller nord 1 (61004)",
        "stop_code": "61004",
        "location_type": "0",
        "parent_station": null,
        "wheelchair_boarding": null,
        "zone_id": "12505",
        "source_dataset": "tib_gtfs_supply"
      },
      "geometry": {
        "type": "Point",
        "coordinates": [
          2.705228,
          39.776966
        ]
      }
    },
    {
      "type": "Feature",
      "properties": {
        "stop_id": "1481",
        "stop_name": "Sóller nord 2 (61005)",
        "stop_code": "61005",
        "location_type": "0",
        "parent_station": null,
        "wheelchair_boarding": null,
        "zone_id": "12505",
        "source_dataset": "tib_gtfs_supply"
      },
      "geometry": {
        "type": "Point",
        "coordinates": [
          2.705718,
          39.776608
        ]
      }
    },
    {
      "type": "Feature",
      "properties": {
        "stop_id": "1484",
        "stop_name": "Sóller centre 1 (61009)",
        "stop_code": "61009",
        "location_type": "0",
        "parent_station": null,
        "wheelchair_boarding": null,
        "zone_id": "12505",
        "source_dataset": "tib_gtfs_supply"
      },
      "geometry": {
        "type": "Point",
        "coordinates": [
          2.709785,
          39.76741
        ]
      }
    },
    {
      "type": "Feature",
      "properties": {
        "stop_id": "1485",
        "stop_name": "Sóller sud 2 (61010)",
        "stop_code": "61010",
        "location_type": "0",
        "parent_station": null,
        "wheelchair_boarding": null,
        "zone_id": "12505",
        "source_dataset": "tib_gtfs_supply"
      },
      "geometry": {
        "type": "Point",
        "coordinates": [
          2.710638,
          39.761658
        ]
      }
    },
    {
      "type": "Feature",
      "properties": {
        "stop_id": "1486",
        "stop_name": "Sóller sud 1 (61011)",
        "stop_code": "61011",
        "location_type": "0",
        "parent_station": null,
        "wheelchair_boarding": null,
        "zone_id": "12505",
        "source_dataset": "tib_gtfs_supply"
      },
      "geometry": {
        "type": "Point",
        "coordinates": [
          2.71036,
          39.761814
        ]
      }
    },
    {
      "type": "Feature",
      "properties": {
        "stop_id": "1487",
        "stop_name": "Can Bleda (61013)",
        "stop_code": "61013",
        "location_type": "0",
        "parent_station": null,
        "wheelchair_boarding": null,
        "zone_id": "12507",
        "source_dataset": "tib_gtfs_supply"
      },
      "geometry": {
        "type": "Point",
        "coordinates": [
          2.676629,
          39.773117
        ]
      }
    },
    {
      "type": "Feature",
      "properties": {
        "stop_id": "1488",
        "stop_name": "Can Poma 2 (61019)",
        "stop_code": "61019",
        "location_type": "0",
        "parent_station": null,
        "wheelchair_boarding": null,
        "zone_id": "12507",
        "source_dataset": "tib_gtfs_supply"
      },
      "geometry": {
        "type": "Point",
        "coordinates": [
          2.669683,
          39.77291
        ]
      }
    },
    {
      "type": "Feature",
      "properties": {
        "stop_id": "1489",
        "stop_name": "Can Poma 1 (61020)",
        "stop_code": "61020",
        "location_type": "0",
        "parent_station": null,
        "wheelchair_boarding": null,
        "zone_id": "12507",
        "source_dataset": "tib_gtfs_supply"
      },
      "geometry": {
        "type": "Point",
        "coordinates": [
          2.668653,
          39.772095
        ]
      }
    },
    {
      "type": "Feature",
      "properties": {
        "stop_id": "1490",
        "stop_name": "Port de Sóller (61027)",
        "stop_code": "61027",
        "location_type": "0",
        "parent_station": null,
        "wheelchair_boarding": null,
        "zone_id": "12504",
        "source_dataset": "tib_gtfs_supply"
      },
      "geometry": {
        "type": "Point",
        "coordinates": [
          2.700449,
          39.79863
        ]
      }
    },
    {
      "type": "Feature",
      "properties": {
        "stop_id": "1491",
        "stop_name": "Sóller centre 2 (61031)",
        "stop_code": "61031",
        "location_type": "0",
        "parent_station": null,
        "wheelchair_boarding": null,
        "zone_id": "12505",
        "source_dataset": "tib_gtfs_supply"
      },
      "geometry": {
        "type": "Point",
        "coordinates": [
          2.7078998,
          39.767044
        ]
      }
    },
    {
      "type": "Feature",
      "properties": {
        "stop_id": "1494",
        "stop_name": "Valldemossa 2 (63001)",
        "stop_code": "63001",
        "location_type": "0",
        "parent_station": null,
        "wheelchair_boarding": null,
        "zone_id": "12522",
        "source_dataset": "tib_gtfs_supply"
      },
      "geometry": {
        "type": "Point",
        "coordinates": [
          2.620207,
          39.71005
        ]
      }
    },
    {
      "type": "Feature",
      "properties": {
        "stop_id": "1495",
        "stop_name": "Valldemossa 1 (63002)",
        "stop_code": "63002",
        "location_type": "0",
        "parent_station": null,
        "wheelchair_boarding": null,
        "zone_id": "12522",
        "source_dataset": "tib_gtfs_supply"
      },
      "geometry": {
        "type": "Point",
        "coordinates": [
          2.620452,
          39.709984
        ]
      }
    },
    {
      "type": "Feature",
      "properties": {
        "stop_id": "1496",
        "stop_name": "Ermita de la Trinitat 1 (63003)",
        "stop_code": "63003",
        "location_type": "0",
        "parent_station": null,
        "wheelchair_boarding": null,
        "zone_id": "12523",
        "source_dataset": "tib_gtfs_supply"
      },
      "geometry": {
        "type": "Point",
        "coordinates": [
          2.605905,
          39.723602
        ]
      }
    },
    {
      "type": "Feature",
      "properties": {
        "stop_id": "1497",
        "stop_name": "Ca Madò Pilla 2 (63004)",
        "stop_code": "63004",
        "location_type": "0",
        "parent_station": null,
        "wheelchair_boarding": null,
        "zone_id": "12523",
        "source_dataset": "tib_gtfs_supply"
      },
      "geometry": {
        "type": "Point",
        "coordinates": [
          2.611773,
          39.734024
        ]
      }
    },
    {
      "type": "Feature",
      "properties": {
        "stop_id": "1498",
        "stop_name": "Ca Madò Pilla 1 (63005)",
        "stop_code": "63005",
        "location_type": "0",
        "parent_station": null,
        "wheelchair_boarding": null,
        "zone_id": "12523",
        "source_dataset": "tib_gtfs_supply"
      },
      "geometry": {
        "type": "Point",
        "coordinates": [
          2.61255,
          39.735046
        ]
      }
    },
    {
      "type": "Feature",
      "properties": {
        "stop_id": "1522",
        "stop_name": "S'Hostal 2 (4008)",
        "stop_code": "4008",
        "location_type": "0",
        "parent_station": null,
        "wheelchair_boarding": null,
        "zone_id": "12421",
        "source_dataset": "tib_gtfs_supply"
      },
      "geometry": {
        "type": "Point",
        "coordinates": [
          2.896124,
          39.567253
        ]
      }
    },
    {
      "type": "Feature",
      "properties": {
        "stop_id": "1523",
        "stop_name": "Ses Malloles 1 (4009)",
        "stop_code": "4009",
        "location_type": "0",
        "parent_station": null,
        "wheelchair_boarding": null,
        "zone_id": "12594",
        "source_dataset": "tib_gtfs_supply"
      },
      "geometry": {
        "type": "Point",
        "coordinates": [
          2.850471,
          39.57011
        ]
      }
    },
    {
      "type": "Feature",
      "properties": {
        "stop_id": "1524",
        "stop_name": "Ses Malloles 2 (4010)",
        "stop_code": "4010",
        "location_type": "0",
        "parent_station": null,
        "wheelchair_boarding": null,
        "zone_id": "12594",
        "source_dataset": "tib_gtfs_supply"
      },
      "geometry": {
        "type": "Point",
        "coordinates": [
          2.850621,
          39.56896
        ]
      }
    },
    {
      "type": "Feature",
      "properties": {
        "stop_id": "1525",
        "stop_name": "S'Hostal 1 (4015)",
        "stop_code": "4015",
        "location_type": "0",
        "parent_station": null,
        "wheelchair_boarding": null,
        "zone_id": "12421",
        "source_dataset": "tib_gtfs_supply"
      },
      "geometry": {
        "type": "Point",
        "coordinates": [
          2.895478,
          39.56746
        ]
      }
    },
    {
      "type": "Feature",
      "properties": {
        "stop_id": "1526",
        "stop_name": "Pina 1 (4017)",
        "stop_code": "4017",
        "location_type": "0",
        "parent_station": null,
        "wheelchair_boarding": null,
        "zone_id": "12595",
        "source_dataset": "tib_gtfs_supply"
      },
      "geometry": {
        "type": "Point",
        "coordinates": [
          2.9236565,
          39.597553
        ]
      }
    },
    {
      "type": "Feature",
      "properties": {
        "stop_id": "1527",
        "stop_name": "Pina 2 (4018)",
        "stop_code": "4018",
        "location_type": "0",
        "parent_station": null,
        "wheelchair_boarding": null,
        "zone_id": "12595",
        "source_dataset": "tib_gtfs_supply"
      },
      "geometry": {
        "type": "Point",
        "coordinates": [
          2.924219,
          39.5978
        ]
      }
    },
    {
      "type": "Feature",
      "properties": {
        "stop_id": "1528",
        "stop_name": "Av. Miramar 2 (13003)",
        "stop_code": "13003",
        "location_type": "0",
        "parent_station": null,
        "wheelchair_boarding": null,
        "zone_id": "12597",
        "source_dataset": "tib_gtfs_supply"
      },
      "geometry": {
        "type": "Point",
        "coordinates": [
          2.9397554,
          39.364143
        ]
      }
    },
    {
      "type": "Feature",
      "properties": {
        "stop_id": "1529",
        "stop_name": "Av. Miramar 1 (13004)",
        "stop_code": "13004",
        "location_type": "0",
        "parent_station": null,
        "wheelchair_boarding": null,
        "zone_id": "12597",
        "source_dataset": "tib_gtfs_supply"
      },
      "geometry": {
        "type": "Point",
        "coordinates": [
          2.9393668,
          39.36432
        ]
      }
    },
    {
      "type": "Feature",
      "properties": {
        "stop_id": "1530",
        "stop_name": "Club Nàutic sa Ràpita 2 (13005)",
        "stop_code": "13005",
        "location_type": "0",
        "parent_station": null,
        "wheelchair_boarding": null,
        "zone_id": "12597",
        "source_dataset": "tib_gtfs_supply"
      },
      "geometry": {
        "type": "Point",
        "coordinates": [
          2.954064,
          39.36375
        ]
      }
    },
    {
      "type": "Feature",
      "properties": {
        "stop_id": "1531",
        "stop_name": "Club Nàutic sa Ràpita 1 (13006)",
        "stop_code": "13006",
        "location_type": "0",
        "parent_station": null,
        "wheelchair_boarding": null,
        "zone_id": "12597",
        "source_dataset": "tib_gtfs_supply"
      },
      "geometry": {
        "type": "Point",
        "coordinates": [
          2.954373,
          39.364
        ]
      }
    },
    {
      "type": "Feature",
      "properties": {
        "stop_id": "1532",
        "stop_name": "La Verge 1 (13007)",
        "stop_code": "13007",
        "location_type": "0",
        "parent_station": null,
        "wheelchair_boarding": null,
        "zone_id": "12601",
        "source_dataset": "tib_gtfs_supply"
      },
      "geometry": {
        "type": "Point",
        "coordinates": [
          3.023176,
          39.43264
        ]
      }
    },
    {
      "type": "Feature",
      "properties": {
        "stop_id": "1533",
        "stop_name": "La Verge 2 (13008)",
        "stop_code": "13008",
        "location_type": "0",
        "parent_station": null,
        "wheelchair_boarding": null,
        "zone_id": "12601",
        "source_dataset": "tib_gtfs_supply"
      },
      "geometry": {
        "type": "Point",
        "coordinates": [
          3.022758,
          39.432964
        ]
      }
    },
    {
      "type": "Feature",
      "properties": {
        "stop_id": "1534",
        "stop_name": "Campos oest 1 (13009)",
        "stop_code": "13009",
        "location_type": "0",
        "parent_station": null,
        "wheelchair_boarding": null,
        "zone_id": "12601",
        "source_dataset": "tib_gtfs_supply"
      },
      "geometry": {
        "type": "Point",
        "coordinates": [
          3.013838,
          39.437023
        ]
      }
    },
    {
      "type": "Feature",
      "properties": {
        "stop_id": "1535",
        "stop_name": "Campos oest 2 (13010)",
        "stop_code": "13010",
        "location_type": "0",
        "parent_station": null,
        "wheelchair_boarding": null,
        "zone_id": "12601",
        "source_dataset": "tib_gtfs_supply"
      },
      "geometry": {
        "type": "Point",
        "coordinates": [
          3.014845,
          39.436695
        ]
      }
    },
    {
      "type": "Feature",
      "properties": {
        "stop_id": "1536",
        "stop_name": "Capdepera oest (14003)",
        "stop_code": "14003",
        "location_type": "0",
        "parent_station": null,
        "wheelchair_boarding": null,
        "zone_id": "12602",
        "source_dataset": "tib_gtfs_supply"
      },
      "geometry": {
        "type": "Point",
        "coordinates": [
          3.427087,
          39.70033
        ]
      }
    },
    {
      "type": "Feature",
      "properties": {
        "stop_id": "1537",
        "stop_name": "Son Moll (14011)",
        "stop_code": "14011",
        "location_type": "0",
        "parent_station": null,
        "wheelchair_boarding": null,
        "zone_id": "12603",
        "source_dataset": "tib_gtfs_supply"
      },
      "geometry": {
        "type": "Point",
        "coordinates": [
          3.455955,
          39.70619
        ]
      }
    },
    {
      "type": "Feature",
      "properties": {
        "stop_id": "1538",
        "stop_name": "Cala Mesquida (14018)",
        "stop_code": "14018",
        "location_type": "0",
        "parent_station": null,
        "wheelchair_boarding": null,
        "zone_id": "12604",
        "source_dataset": "tib_gtfs_supply"
      },
      "geometry": {
        "type": "Point",
        "coordinates": [
          3.42873,
          39.74272
        ]
      }
    },
    {
      "type": "Feature",
      "properties": {
        "stop_id": "1539",
        "stop_name": "Capdepera est 2 (14027)",
        "stop_code": "14027",
        "location_type": "0",
        "parent_station": null,
        "wheelchair_boarding": null,
        "zone_id": "12602",
        "source_dataset": "tib_gtfs_supply"
      },
      "geometry": {
        "type": "Point",
        "coordinates": [
          3.445015,
          39.70371
        ]
      }
    },
    {
      "type": "Feature",
      "properties": {
        "stop_id": "1540",
        "stop_name": "Capdepera est 1 (14028)",
        "stop_code": "14028",
        "location_type": "0",
        "parent_station": null,
        "wheelchair_boarding": null,
        "zone_id": "12602",
        "source_dataset": "tib_gtfs_supply"
      },
      "geometry": {
        "type": "Point",
        "coordinates": [
          3.444775,
          39.70385
        ]
      }
    },
    {
      "type": "Feature",
      "properties": {
        "stop_id": "1541",
        "stop_name": "Cala Rajada centre (14032)",
        "stop_code": "14032",
        "location_type": "0",
        "parent_station": null,
        "wheelchair_boarding": null,
        "zone_id": "12603",
        "source_dataset": "tib_gtfs_supply"
      },
      "geometry": {
        "type": "Point",
        "coordinates": [
          3.459087,
          39.71138
        ]
      }
    },
    {
      "type": "Feature",
      "properties": {
        "stop_id": "1542",
        "stop_name": "Capdepera centre 1 (14033)",
        "stop_code": "14033",
        "location_type": "0",
        "parent_station": null,
        "wheelchair_boarding": null,
        "zone_id": "12602",
        "source_dataset": "tib_gtfs_supply"
      },
      "geometry": {
        "type": "Point",
        "coordinates": [
          3.432717,
          39.70173
        ]
      }
    },
    {
      "type": "Feature",
      "properties": {
        "stop_id": "1543",
        "stop_name": "Magallanes (14034)",
        "stop_code": "14034",
        "location_type": "0",
        "parent_station": null,
        "wheelchair_boarding": null,
        "zone_id": "12603",
        "source_dataset": "tib_gtfs_supply"
      },
      "geometry": {
        "type": "Point",
        "coordinates": [
          3.457259,
          39.709473
        ]
      }
    },
    {
      "type": "Feature",
      "properties": {
        "stop_id": "1544",
        "stop_name": "Canyamel - Coves d'Artà (14035)",
        "stop_code": "14035",
        "location_type": "0",
        "parent_station": null,
        "wheelchair_boarding": null,
        "zone_id": "12605",
        "source_dataset": "tib_gtfs_supply"
      },
      "geometry": {
        "type": "Point",
        "coordinates": [
          3.44276,
          39.65818
        ]
      }
    },
    {
      "type": "Feature",
      "properties": {
        "stop_id": "1545",
        "stop_name": "Cala Agulla 1 (14036)",
        "stop_code": "14036",
        "location_type": "0",
        "parent_station": null,
        "wheelchair_boarding": null,
        "zone_id": "12603",
        "source_dataset": "tib_gtfs_supply"
      },
      "geometry": {
        "type": "Point",
        "coordinates": [
          3.457174,
          39.715015
        ]
      }
    },
    {
      "type": "Feature",
      "properties": {
        "stop_id": "1547",
        "stop_name": "Es Corso (22010)",
        "stop_code": "22010",
        "location_type": "0",
        "parent_station": null,
        "wheelchair_boarding": null,
        "zone_id": "12606",
        "source_dataset": "tib_gtfs_supply"
      },
      "geometry": {
        "type": "Point",
        "coordinates": [
          3.25961,
          39.415123
        ]
      }
    },
    {
      "type": "Feature",
      "properties": {
        "stop_id": "1548",
        "stop_name": "S'Horta 2 (22017)",
        "stop_code": "22017",
        "location_type": "0",
        "parent_station": null,
        "wheelchair_boarding": null,
        "zone_id": "12610",
        "source_dataset": "tib_gtfs_supply"
      },
      "geometry": {
        "type": "Point",
        "coordinates": [
          3.210989,
          39.410385
        ]
      }
    },
    {
      "type": "Feature",
      "properties": {
        "stop_id": "1549",
        "stop_name": "Moll (22037)",
        "stop_code": "22037",
        "location_type": "0",
        "parent_station": null,
        "wheelchair_boarding": null,
        "zone_id": "12606",
        "source_dataset": "tib_gtfs_supply"
      },
      "geometry": {
        "type": "Point",
        "coordinates": [
          3.261583,
          39.42136
        ]
      }
    },
    {
      "type": "Feature",
      "properties": {
        "stop_id": "1550",
        "stop_name": "S'Horta 3 (22038)",
        "stop_code": "22038",
        "location_type": "0",
        "parent_station": null,
        "wheelchair_boarding": null,
        "zone_id": "12610",
        "source_dataset": "tib_gtfs_supply"
      },
      "geometry": {
        "type": "Point",
        "coordinates": [
          3.211133,
          39.410355
        ]
      }
    },
    {
      "type": "Feature",
      "properties": {
        "stop_id": "1551",
        "stop_name": "Ronda Nadal Batle (22035)",
        "stop_code": "22035",
        "location_type": "0",
        "parent_station": null,
        "wheelchair_boarding": null,
        "zone_id": "12606",
        "source_dataset": "tib_gtfs_supply"
      },
      "geometry": {
        "type": "Point",
        "coordinates": [
          3.259934,
          39.42371
        ]
      }
    },
    {
      "type": "Feature",
      "properties": {
        "stop_id": "1552",
        "stop_name": "Gravina (22036)",
        "stop_code": "22036",
        "location_type": "0",
        "parent_station": null,
        "wheelchair_boarding": null,
        "zone_id": "12606",
        "source_dataset": "tib_gtfs_supply"
      },
      "geometry": {
        "type": "Point",
        "coordinates": [
          3.257138,
          39.417812
        ]
      }
    },
    {
      "type": "Feature",
      "properties": {
        "stop_id": "1553",
        "stop_name": "Polígon de Felanitx 2 (22024)",
        "stop_code": "22024",
        "location_type": "0",
        "parent_station": null,
        "wheelchair_boarding": null,
        "zone_id": "12424",
        "source_dataset": "tib_gtfs_supply"
      },
      "geometry": {
        "type": "Point",
        "coordinates": [
          3.139507,
          39.46589
        ]
      }
    },
    {
      "type": "Feature",
      "properties": {
        "stop_id": "1554",
        "stop_name": "Polígon de Felanitx 1 (22025)",
        "stop_code": "22025",
        "location_type": "0",
        "parent_station": null,
        "wheelchair_boarding": null,
        "zone_id": "12424",
        "source_dataset": "tib_gtfs_supply"
      },
      "geometry": {
        "type": "Point",
        "coordinates": [
          3.138482,
          39.465805
        ]
      }
    },
    {
      "type": "Feature",
      "properties": {
        "stop_id": "1555",
        "stop_name": "S'Horta 1 (22034)",
        "stop_code": "22034",
        "location_type": "0",
        "parent_station": null,
        "wheelchair_boarding": null,
        "zone_id": "12610",
        "source_dataset": "tib_gtfs_supply"
      },
      "geometry": {
        "type": "Point",
        "coordinates": [
          3.207165,
          39.407898
        ]
      }
    },
    {
      "type": "Feature",
      "properties": {
        "stop_id": "1556",
        "stop_name": "Ernest Mestre 1 (22039)",
        "stop_code": "22039",
        "location_type": "0",
        "parent_station": null,
        "wheelchair_boarding": null,
        "zone_id": "12424",
        "source_dataset": "tib_gtfs_supply"
      },
      "geometry": {
        "type": "Point",
        "coordinates": [
          3.144517,
          39.46951
        ]
      }
    },
    {
      "type": "Feature",
      "properties": {
        "stop_id": "1557",
        "stop_name": "Cas Concos (22044)",
        "stop_code": "22044",
        "location_type": "0",
        "parent_station": null,
        "wheelchair_boarding": null,
        "zone_id": "12620",
        "source_dataset": "tib_gtfs_supply"
      },
      "geometry": {
        "type": "Point",
        "coordinates": [
          3.140303,
          39.41848
        ]
      }
    },
    {
      "type": "Feature",
      "properties": {
        "stop_id": "1558",
        "stop_name": "Es Carritxó 2 (22043)",
        "stop_code": "22043",
        "location_type": "0",
        "parent_station": null,
        "wheelchair_boarding": null,
        "zone_id": "12621",
        "source_dataset": "tib_gtfs_supply"
      },
      "geometry": {
        "type": "Point",
        "coordinates": [
          3.165325,
          39.4247
        ]
      }
    },
    {
      "type": "Feature",
      "properties": {
        "stop_id": "1559",
        "stop_name": "Es Carritxó 1 (22042)",
        "stop_code": "22042",
        "location_type": "0",
        "parent_station": null,
        "wheelchair_boarding": null,
        "zone_id": "12621",
        "source_dataset": "tib_gtfs_supply"
      },
      "geometry": {
        "type": "Point",
        "coordinates": [
          3.165434,
          39.4247
        ]
      }
    },
    {
      "type": "Feature",
      "properties": {
        "stop_id": "1560",
        "stop_name": "Cristòfol Colom (22041)",
        "stop_code": "22041",
        "location_type": "0",
        "parent_station": null,
        "wheelchair_boarding": null,
        "zone_id": "12606",
        "source_dataset": "tib_gtfs_supply"
      },
      "geometry": {
        "type": "Point",
        "coordinates": [
          3.260507,
          39.423706
        ]
      }
    },
    {
      "type": "Feature",
      "properties": {
        "stop_id": "1561",
        "stop_name": "Cala Ferrera-Cala Serena (22020)",
        "stop_code": "22020",
        "location_type": "0",
        "parent_station": null,
        "wheelchair_boarding": null,
        "zone_id": "12611",
        "source_dataset": "tib_gtfs_supply"
      },
      "geometry": {
        "type": "Point",
        "coordinates": [
          3.238393,
          39.383602
        ]
      }
    },
    {
      "type": "Feature",
      "properties": {
        "stop_id": "1562",
        "stop_name": "Lloret 1 (28001)",
        "stop_code": "28001",
        "location_type": "0",
        "parent_station": null,
        "wheelchair_boarding": null,
        "zone_id": "12623",
        "source_dataset": "tib_gtfs_supply"
      },
      "geometry": {
        "type": "Point",
        "coordinates": [
          2.97533,
          39.61744
        ]
      }
    },
    {
      "type": "Feature",
      "properties": {
        "stop_id": "1563",
        "stop_name": "Sa Comuna 1 (28002)",
        "stop_code": "28002",
        "location_type": "0",
        "parent_station": null,
        "wheelchair_boarding": null,
        "zone_id": "12623",
        "source_dataset": "tib_gtfs_supply"
      },
      "geometry": {
        "type": "Point",
        "coordinates": [
          2.967813,
          39.61205
        ]
      }
    },
    {
      "type": "Feature",
      "properties": {
        "stop_id": "1564",
        "stop_name": "Sa Comuna 2 (28003)",
        "stop_code": "28003",
        "location_type": "0",
        "parent_station": null,
        "wheelchair_boarding": null,
        "zone_id": "12623",
        "source_dataset": "tib_gtfs_supply"
      },
      "geometry": {
        "type": "Point",
        "coordinates": [
          2.967964,
          39.611916
        ]
      }
    },
    {
      "type": "Feature",
      "properties": {
        "stop_id": "1565",
        "stop_name": "Av. Europa 1 (31121)",
        "stop_code": "31121",
        "location_type": "0",
        "parent_station": null,
        "wheelchair_boarding": null,
        "zone_id": "12625",
        "source_dataset": "tib_gtfs_supply"
      },
      "geometry": {
        "type": "Point",
        "coordinates": [
          2.756033,
          39.49567
        ]
      }
    },
    {
      "type": "Feature",
      "properties": {
        "stop_id": "1566",
        "stop_name": "S'Arenal (31122)",
        "stop_code": "31122",
        "location_type": "0",
        "parent_station": null,
        "wheelchair_boarding": null,
        "zone_id": "12625",
        "source_dataset": "tib_gtfs_supply"
      },
      "geometry": {
        "type": "Point",
        "coordinates": [
          2.754463,
          39.498383
        ]
      }
    },
    {
      "type": "Feature",
      "properties": {
        "stop_id": "1568",
        "stop_name": "Cala Pi (31050)",
        "stop_code": "31050",
        "location_type": "0",
        "parent_station": null,
        "wheelchair_boarding": null,
        "zone_id": "12598",
        "source_dataset": "tib_gtfs_supply"
      },
      "geometry": {
        "type": "Point",
        "coordinates": [
          2.837857,
          39.36413
        ]
      }
    },
    {
      "type": "Feature",
      "properties": {
        "stop_id": "1569",
        "stop_name": "S'Estanyol 2 (31051)",
        "stop_code": "31051",
        "location_type": "0",
        "parent_station": null,
        "wheelchair_boarding": null,
        "zone_id": "12599",
        "source_dataset": "tib_gtfs_supply"
      },
      "geometry": {
        "type": "Point",
        "coordinates": [
          2.917321,
          39.36172
        ]
      }
    },
    {
      "type": "Feature",
      "properties": {
        "stop_id": "1570",
        "stop_name": "S'Estanyol 1 (31052)",
        "stop_code": "31052",
        "location_type": "0",
        "parent_station": null,
        "wheelchair_boarding": null,
        "zone_id": "12599",
        "source_dataset": "tib_gtfs_supply"
      },
      "geometry": {
        "type": "Point",
        "coordinates": [
          2.917359,
          39.36191
        ]
      }
    },
    {
      "type": "Feature",
      "properties": {
        "stop_id": "1571",
        "stop_name": "Son Bieló 2 (31053)",
        "stop_code": "31053",
        "location_type": "0",
        "parent_station": null,
        "wheelchair_boarding": null,
        "zone_id": "12600",
        "source_dataset": "tib_gtfs_supply"
      },
      "geometry": {
        "type": "Point",
        "coordinates": [
          2.926595,
          39.363056
        ]
      }
    },
    {
      "type": "Feature",
      "properties": {
        "stop_id": "1572",
        "stop_name": "Son Bieló 1 (31054)",
        "stop_code": "31054",
        "location_type": "0",
        "parent_station": null,
        "wheelchair_boarding": null,
        "zone_id": "12600",
        "source_dataset": "tib_gtfs_supply"
      },
      "geometry": {
        "type": "Point",
        "coordinates": [
          2.926621,
          39.363163
        ]
      }
    },
    {
      "type": "Feature",
      "properties": {
        "stop_id": "1573",
        "stop_name": "Llucmajor est 2 (31055)",
        "stop_code": "31055",
        "location_type": "0",
        "parent_station": null,
        "wheelchair_boarding": null,
        "zone_id": "12627",
        "source_dataset": "tib_gtfs_supply"
      },
      "geometry": {
        "type": "Point",
        "coordinates": [
          2.898624,
          39.48856
        ]
      }
    },
    {
      "type": "Feature",
      "properties": {
        "stop_id": "1574",
        "stop_name": "Llucmajor est 1 (31056)",
        "stop_code": "31056",
        "location_type": "0",
        "parent_station": null,
        "wheelchair_boarding": null,
        "zone_id": "12627",
        "source_dataset": "tib_gtfs_supply"
      },
      "geometry": {
        "type": "Point",
        "coordinates": [
          2.898646,
          39.488796
        ]
      }
    },
    {
      "type": "Feature",
      "properties": {
        "stop_id": "1575",
        "stop_name": "Llucmajor centre 1 (31057)",
        "stop_code": "31057",
        "location_type": "0",
        "parent_station": null,
        "wheelchair_boarding": null,
        "zone_id": "12627",
        "source_dataset": "tib_gtfs_supply"
      },
      "geometry": {
        "type": "Point",
        "coordinates": [
          2.890716,
          39.486034
        ]
      }
    },
    {
      "type": "Feature",
      "properties": {
        "stop_id": "1576",
        "stop_name": "Llucmajor centre 2 (31058)",
        "stop_code": "31058",
        "location_type": "0",
        "parent_station": null,
        "wheelchair_boarding": null,
        "zone_id": "12627",
        "source_dataset": "tib_gtfs_supply"
      },
      "geometry": {
        "type": "Point",
        "coordinates": [
          2.890553,
          39.485897
        ]
      }
    },
    {
      "type": "Feature",
      "properties": {
        "stop_id": "1577",
        "stop_name": "Polígon Son Noguera (31061)",
        "stop_code": "31061",
        "location_type": "0",
        "parent_station": null,
        "wheelchair_boarding": null,
        "zone_id": "12627",
        "source_dataset": "tib_gtfs_supply"
      },
      "geometry": {
        "type": "Point",
        "coordinates": [
          2.850642,
          39.482407
        ]
      }
    },
    {
      "type": "Feature",
      "properties": {
        "stop_id": "1578",
        "stop_name": "Llucmajor oest 2 (31062)",
        "stop_code": "31062",
        "location_type": "0",
        "parent_station": null,
        "wheelchair_boarding": null,
        "zone_id": "12627",
        "source_dataset": "tib_gtfs_supply"
      },
      "geometry": {
        "type": "Point",
        "coordinates": [
          2.88346,
          39.486897
        ]
      }
    },
    {
      "type": "Feature",
      "properties": {
        "stop_id": "1579",
        "stop_name": "Llucmajor oest 1 (31063)",
        "stop_code": "31063",
        "location_type": "0",
        "parent_station": null,
        "wheelchair_boarding": null,
        "zone_id": "12627",
        "source_dataset": "tib_gtfs_supply"
      },
      "geometry": {
        "type": "Point",
        "coordinates": [
          2.88342,
          39.48705
        ]
      }
    },
    {
      "type": "Feature",
      "properties": {
        "stop_id": "1580",
        "stop_name": "Badia Gran 1 (31112)",
        "stop_code": "31112",
        "location_type": "0",
        "parent_station": null,
        "wheelchair_boarding": null,
        "zone_id": "12628",
        "source_dataset": "tib_gtfs_supply"
      },
      "geometry": {
        "type": "Point",
        "coordinates": [
          2.753421,
          39.427673
        ]
      }
    },
    {
      "type": "Feature",
      "properties": {
        "stop_id": "1581",
        "stop_name": "Badia Gran 2 (31111)",
        "stop_code": "31111",
        "location_type": "0",
        "parent_station": null,
        "wheelchair_boarding": null,
        "zone_id": "12628",
        "source_dataset": "tib_gtfs_supply"
      },
      "geometry": {
        "type": "Point",
        "coordinates": [
          2.7533226,
          39.427345
        ]
      }
    },
    {
      "type": "Feature",
      "properties": {
        "stop_id": "1582",
        "stop_name": "Badia Blava 1 (31114)",
        "stop_code": "31114",
        "location_type": "0",
        "parent_station": null,
        "wheelchair_boarding": null,
        "zone_id": "12629",
        "source_dataset": "tib_gtfs_supply"
      },
      "geometry": {
        "type": "Point",
        "coordinates": [
          2.752863,
          39.43424
        ]
      }
    },
    {
      "type": "Feature",
      "properties": {
        "stop_id": "1583",
        "stop_name": "Badia Blava 2 (31113)",
        "stop_code": "31113",
        "location_type": "0",
        "parent_station": null,
        "wheelchair_boarding": null,
        "zone_id": "12629",
        "source_dataset": "tib_gtfs_supply"
      },
      "geometry": {
        "type": "Point",
        "coordinates": [
          2.7526958,
          39.434246
        ]
      }
    },
    {
      "type": "Feature",
      "properties": {
        "stop_id": "1584",
        "stop_name": "Sa Torre 1 (31079)",
        "stop_code": "31079",
        "location_type": "0",
        "parent_station": null,
        "wheelchair_boarding": null,
        "zone_id": "12630",
        "source_dataset": "tib_gtfs_supply"
      },
      "geometry": {
        "type": "Point",
        "coordinates": [
          2.757795,
          39.442654
        ]
      }
    },
    {
      "type": "Feature",
      "properties": {
        "stop_id": "1585",
        "stop_name": "Sa Torre 2 (31115)",
        "stop_code": "31115",
        "location_type": "0",
        "parent_station": null,
        "wheelchair_boarding": null,
        "zone_id": "12630",
        "source_dataset": "tib_gtfs_supply"
      },
      "geometry": {
        "type": "Point",
        "coordinates": [
          2.758062,
          39.442474
        ]
      }
    },
    {
      "type": "Feature",
      "properties": {
        "stop_id": "1586",
        "stop_name": "Mirador de sa Torre 1 (31116)",
        "stop_code": "31116",
        "location_type": "0",
        "parent_station": null,
        "wheelchair_boarding": null,
        "zone_id": "12630",
        "source_dataset": "tib_gtfs_supply"
      },
      "geometry": {
        "type": "Point",
        "coordinates": [
          2.7517784,
          39.440933
        ]
      }
    },
    {
      "type": "Feature",
      "properties": {
        "stop_id": "1587",
        "stop_name": "Mirador de sa Torre 2 (31117)",
        "stop_code": "31117",
        "location_type": "0",
        "parent_station": null,
        "wheelchair_boarding": null,
        "zone_id": "12630",
        "source_dataset": "tib_gtfs_supply"
      },
      "geometry": {
        "type": "Point",
        "coordinates": [
          2.7518115,
          39.440697
        ]
      }
    },
    {
      "type": "Feature",
      "properties": {
        "stop_id": "1588",
        "stop_name": "Santa Maria 1 (31083)",
        "stop_code": "31083",
        "location_type": "0",
        "parent_station": null,
        "wheelchair_boarding": null,
        "zone_id": "12630",
        "source_dataset": "tib_gtfs_supply"
      },
      "geometry": {
        "type": "Point",
        "coordinates": [
          2.749892,
          39.444763
        ]
      }
    },
    {
      "type": "Feature",
      "properties": {
        "stop_id": "1589",
        "stop_name": "Santa Maria 2 (31118)",
        "stop_code": "31118",
        "location_type": "0",
        "parent_station": null,
        "wheelchair_boarding": null,
        "zone_id": "12630",
        "source_dataset": "tib_gtfs_supply"
      },
      "geometry": {
        "type": "Point",
        "coordinates": [
          2.7494256,
          39.44472
        ]
      }
    },
    {
      "type": "Feature",
      "properties": {
        "stop_id": "1590",
        "stop_name": "Maioris Decima 1 (31120)",
        "stop_code": "31120",
        "location_type": "0",
        "parent_station": null,
        "wheelchair_boarding": null,
        "zone_id": "12631",
        "source_dataset": "tib_gtfs_supply"
      },
      "geometry": {
        "type": "Point",
        "coordinates": [
          2.752429,
          39.453026
        ]
      }
    },
    {
      "type": "Feature",
      "properties": {
        "stop_id": "1591",
        "stop_name": "Maioris Decima 2 (31119)",
        "stop_code": "31119",
        "location_type": "0",
        "parent_station": null,
        "wheelchair_boarding": null,
        "zone_id": "12631",
        "source_dataset": "tib_gtfs_supply"
      },
      "geometry": {
        "type": "Point",
        "coordinates": [
          2.7522793,
          39.453003
        ]
      }
    },
    {
      "type": "Feature",
      "properties": {
        "stop_id": "1592",
        "stop_name": "Puigderrós 1 (31095)",
        "stop_code": "31095",
        "location_type": "0",
        "parent_station": null,
        "wheelchair_boarding": null,
        "zone_id": "12632",
        "source_dataset": "tib_gtfs_supply"
      },
      "geometry": {
        "type": "Point",
        "coordinates": [
          2.7530913,
          39.448483
        ]
      }
    },
    {
      "type": "Feature",
      "properties": {
        "stop_id": "1593",
        "stop_name": "Puigderrós 2 (31096)",
        "stop_code": "31096",
        "location_type": "0",
        "parent_station": null,
        "wheelchair_boarding": null,
        "zone_id": "12632",
        "source_dataset": "tib_gtfs_supply"
      },
      "geometry": {
        "type": "Point",
        "coordinates": [
          2.752895,
          39.448444
        ]
      }
    },
    {
      "type": "Feature",
      "properties": {
        "stop_id": "1594",
        "stop_name": "Baladre 2 (31100)",
        "stop_code": "31100",
        "location_type": "0",
        "parent_station": null,
        "wheelchair_boarding": null,
        "zone_id": "12626",
        "source_dataset": "tib_gtfs_supply"
      },
      "geometry": {
        "type": "Point",
        "coordinates": [
          2.745757,
          39.49215
        ]
      }
    },
    {
      "type": "Feature",
      "properties": {
        "stop_id": "1596",
        "stop_name": "Tolleric 1 (31110)",
        "stop_code": "31110",
        "location_type": "0",
        "parent_station": null,
        "wheelchair_boarding": null,
        "zone_id": "12633",
        "source_dataset": "tib_gtfs_supply"
      },
      "geometry": {
        "type": "Point",
        "coordinates": [
          2.7483754,
          39.419
        ]
      }
    },
    {
      "type": "Feature",
      "properties": {
        "stop_id": "1597",
        "stop_name": "Tolleric 2 (31109)",
        "stop_code": "31109",
        "location_type": "0",
        "parent_station": null,
        "wheelchair_boarding": null,
        "zone_id": "12633",
        "source_dataset": "tib_gtfs_supply"
      },
      "geometry": {
        "type": "Point",
        "coordinates": [
          2.748214,
          39.41911
        ]
      }
    },
    {
      "type": "Feature",
      "properties": {
        "stop_id": "1598",
        "stop_name": "Les Palmeres (31108)",
        "stop_code": "31108",
        "location_type": "0",
        "parent_station": null,
        "wheelchair_boarding": null,
        "zone_id": "12634",
        "source_dataset": "tib_gtfs_supply"
      },
      "geometry": {
        "type": "Point",
        "coordinates": [
          2.753076,
          39.47273
        ]
      }
    },
    {
      "type": "Feature",
      "properties": {
        "stop_id": "1599",
        "stop_name": "Sa Mora (33004)",
        "stop_code": "33004",
        "location_type": "0",
        "parent_station": null,
        "wheelchair_boarding": null,
        "zone_id": "12398",
        "source_dataset": "tib_gtfs_supply"
      },
      "geometry": {
        "type": "Point",
        "coordinates": [
          3.203656,
          39.57063
        ]
      }
    },
    {
      "type": "Feature",
      "properties": {
        "stop_id": "1600",
        "stop_name": "Rambla Rei en Jaume (33008)",
        "stop_code": "33008",
        "location_type": "0",
        "parent_station": null,
        "wheelchair_boarding": null,
        "zone_id": "12398",
        "source_dataset": "tib_gtfs_supply"
      },
      "geometry": {
        "type": "Point",
        "coordinates": [
          3.215789,
          39.564274
        ]
      }
    },
    {
      "type": "Feature",
      "properties": {
        "stop_id": "1601",
        "stop_name": "Av. Parc 1 (33080)",
        "stop_code": "33080",
        "location_type": "0",
        "parent_station": null,
        "wheelchair_boarding": null,
        "zone_id": "12398",
        "source_dataset": "tib_gtfs_supply"
      },
      "geometry": {
        "type": "Point",
        "coordinates": [
          3.21814,
          39.57202
        ]
      }
    },
    {
      "type": "Feature",
      "properties": {
        "stop_id": "1602",
        "stop_name": "Av. Parc 2 (33081)",
        "stop_code": "33081",
        "location_type": "0",
        "parent_station": null,
        "wheelchair_boarding": null,
        "zone_id": "12398",
        "source_dataset": "tib_gtfs_supply"
      },
      "geometry": {
        "type": "Point",
        "coordinates": [
          3.21855,
          39.57069
        ]
      }
    },
    {
      "type": "Feature",
      "properties": {
        "stop_id": "1604",
        "stop_name": "Platja de Portocristo (33011)",
        "stop_code": "33011",
        "location_type": "0",
        "parent_station": null,
        "wheelchair_boarding": null,
        "zone_id": "12635",
        "source_dataset": "tib_gtfs_supply"
      },
      "geometry": {
        "type": "Point",
        "coordinates": [
          3.334397,
          39.540253
        ]
      }
    },
    {
      "type": "Feature",
      "properties": {
        "stop_id": "1606",
        "stop_name": "Coves del Drac 2 (33017)",
        "stop_code": "33017",
        "location_type": "0",
        "parent_station": null,
        "wheelchair_boarding": null,
        "zone_id": "12635",
        "source_dataset": "tib_gtfs_supply"
      },
      "geometry": {
        "type": "Point",
        "coordinates": [
          3.330072,
          39.536774
        ]
      }
    },
    {
      "type": "Feature",
      "properties": {
        "stop_id": "1607",
        "stop_name": "Coves del Drac 1 (33018)",
        "stop_code": "33018",
        "location_type": "0",
        "parent_station": null,
        "wheelchair_boarding": null,
        "zone_id": "12635",
        "source_dataset": "tib_gtfs_supply"
      },
      "geometry": {
        "type": "Point",
        "coordinates": [
          3.331594,
          39.53587
        ]
      }
    },
    {
      "type": "Feature",
      "properties": {
        "stop_id": "1608",
        "stop_name": "Carrer Cala Antena (33025)",
        "stop_code": "33025",
        "location_type": "0",
        "parent_station": null,
        "wheelchair_boarding": null,
        "zone_id": "12607",
        "source_dataset": "tib_gtfs_supply"
      },
      "geometry": {
        "type": "Point",
        "coordinates": [
          3.274836,
          39.46825
        ]
      }
    },
    {
      "type": "Feature",
      "properties": {
        "stop_id": "1609",
        "stop_name": "Platja de Cala Antena 2 (33069)",
        "stop_code": "33069",
        "location_type": "0",
        "parent_station": null,
        "wheelchair_boarding": null,
        "zone_id": "12607",
        "source_dataset": "tib_gtfs_supply"
      },
      "geometry": {
        "type": "Point",
        "coordinates": [
          3.274242,
          39.47018
        ]
      }
    },
    {
      "type": "Feature",
      "properties": {
        "stop_id": "1610",
        "stop_name": "Platja de Cala Antena 1 (33070)",
        "stop_code": "33070",
        "location_type": "0",
        "parent_station": null,
        "wheelchair_boarding": null,
        "zone_id": "12607",
        "source_dataset": "tib_gtfs_supply"
      },
      "geometry": {
        "type": "Point",
        "coordinates": [
          3.274426,
          39.470543
        ]
      }
    },
    {
      "type": "Feature",
      "properties": {
        "stop_id": "1611",
        "stop_name": "Passeig Manacor (33071)",
        "stop_code": "33071",
        "location_type": "0",
        "parent_station": null,
        "wheelchair_boarding": null,
        "zone_id": "12607",
        "source_dataset": "tib_gtfs_supply"
      },
      "geometry": {
        "type": "Point",
        "coordinates": [
          3.278552,
          39.465866
        ]
      }
    },
    {
      "type": "Feature",
      "properties": {
        "stop_id": "1612",
        "stop_name": "Cala Domingos (33072)",
        "stop_code": "33072",
        "location_type": "0",
        "parent_station": null,
        "wheelchair_boarding": null,
        "zone_id": "12607",
        "source_dataset": "tib_gtfs_supply"
      },
      "geometry": {
        "type": "Point",
        "coordinates": [
          3.277824,
          39.462337
        ]
      }
    },
    {
      "type": "Feature",
      "properties": {
        "stop_id": "1613",
        "stop_name": "Via Europa (33033)",
        "stop_code": "33033",
        "location_type": "0",
        "parent_station": null,
        "wheelchair_boarding": null,
        "zone_id": "12608",
        "source_dataset": "tib_gtfs_supply"
      },
      "geometry": {
        "type": "Point",
        "coordinates": [
          3.271336,
          39.454224
        ]
      }
    },
    {
      "type": "Feature",
      "properties": {
        "stop_id": "1614",
        "stop_name": "Platja de Cala Murada (33075)",
        "stop_code": "33075",
        "location_type": "0",
        "parent_station": null,
        "wheelchair_boarding": null,
        "zone_id": "12608",
        "source_dataset": "tib_gtfs_supply"
      },
      "geometry": {
        "type": "Point",
        "coordinates": [
          3.275829,
          39.451836
        ]
      }
    },
    {
      "type": "Feature",
      "properties": {
        "stop_id": "1615",
        "stop_name": "Occitània - Lorena (33076)",
        "stop_code": "33076",
        "location_type": "0",
        "parent_station": null,
        "wheelchair_boarding": null,
        "zone_id": "12608",
        "source_dataset": "tib_gtfs_supply"
      },
      "geometry": {
        "type": "Point",
        "coordinates": [
          3.267504,
          39.449
        ]
      }
    },
    {
      "type": "Feature",
      "properties": {
        "stop_id": "1616",
        "stop_name": "Occitània - Baviera (33077)",
        "stop_code": "33077",
        "location_type": "0",
        "parent_station": null,
        "wheelchair_boarding": null,
        "zone_id": "12608",
        "source_dataset": "tib_gtfs_supply"
      },
      "geometry": {
        "type": "Point",
        "coordinates": [
          3.262178,
          39.45187
        ]
      }
    },
    {
      "type": "Feature",
      "properties": {
        "stop_id": "1617",
        "stop_name": "Son Macià 2 (33034)",
        "stop_code": "33034",
        "location_type": "0",
        "parent_station": null,
        "wheelchair_boarding": null,
        "zone_id": "12622",
        "source_dataset": "tib_gtfs_supply"
      },
      "geometry": {
        "type": "Point",
        "coordinates": [
          3.21561,
          39.514156
        ]
      }
    },
    {
      "type": "Feature",
      "properties": {
        "stop_id": "1618",
        "stop_name": "Son Macià 1 (33065)",
        "stop_code": "33065",
        "location_type": "0",
        "parent_station": null,
        "wheelchair_boarding": null,
        "zone_id": "12622",
        "source_dataset": "tib_gtfs_supply"
      },
      "geometry": {
        "type": "Point",
        "coordinates": [
          3.215559,
          39.51419
        ]
      }
    },
    {
      "type": "Feature",
      "properties": {
        "stop_id": "1619",
        "stop_name": "Platja de Cala Mendia 1 (33039)",
        "stop_code": "33039",
        "location_type": "0",
        "parent_station": null,
        "wheelchair_boarding": null,
        "zone_id": "12675",
        "source_dataset": "tib_gtfs_supply"
      },
      "geometry": {
        "type": "Point",
        "coordinates": [
          3.311084,
          39.522354
        ]
      }
    },
    {
      "type": "Feature",
      "properties": {
        "stop_id": "1620",
        "stop_name": "Platja de Cala Mendia 2 (33066)",
        "stop_code": "33066",
        "location_type": "0",
        "parent_station": null,
        "wheelchair_boarding": null,
        "zone_id": "12675",
        "source_dataset": "tib_gtfs_supply"
      },
      "geometry": {
        "type": "Point",
        "coordinates": [
          3.312074,
          39.522903
        ]
      }
    },
    {
      "type": "Feature",
      "properties": {
        "stop_id": "1621",
        "stop_name": "Punta Reina (33041)",
        "stop_code": "33041",
        "location_type": "0",
        "parent_station": null,
        "wheelchair_boarding": null,
        "zone_id": "12675",
        "source_dataset": "tib_gtfs_supply"
      },
      "geometry": {
        "type": "Point",
        "coordinates": [
          3.314193,
          39.519016
        ]
      }
    },
    {
      "type": "Feature",
      "properties": {
        "stop_id": "1625",
        "stop_name": "Estació de tren 1 (33044)",
        "stop_code": "33044",
        "location_type": "0",
        "parent_station": null,
        "wheelchair_boarding": null,
        "zone_id": "12398",
        "source_dataset": "tib_gtfs_supply"
      },
      "geometry": {
        "type": "Point",
        "coordinates": [
          3.203392,
          39.57079
        ]
      }
    },
    {
      "type": "Feature",
      "properties": {
        "stop_id": "1626",
        "stop_name": "Dinosaurland - Coves Hams (33046)",
        "stop_code": "33046",
        "location_type": "0",
        "parent_station": null,
        "wheelchair_boarding": null,
        "zone_id": "12635",
        "source_dataset": "tib_gtfs_supply"
      },
      "geometry": {
        "type": "Point",
        "coordinates": [
          3.321977,
          39.548195
        ]
      }
    },
    {
      "type": "Feature",
      "properties": {
        "stop_id": "1627",
        "stop_name": "Cala Anguila - Cala Magrana 2 (33050)",
        "stop_code": "33050",
        "location_type": "0",
        "parent_station": null,
        "wheelchair_boarding": null,
        "zone_id": "12636",
        "source_dataset": "tib_gtfs_supply"
      },
      "geometry": {
        "type": "Point",
        "coordinates": [
          3.319256,
          39.52831
        ]
      }
    },
    {
      "type": "Feature",
      "properties": {
        "stop_id": "1628",
        "stop_name": "Cala Anguila - Cala Magrana 1 (33051)",
        "stop_code": "33051",
        "location_type": "0",
        "parent_station": null,
        "wheelchair_boarding": null,
        "zone_id": "12636",
        "source_dataset": "tib_gtfs_supply"
      },
      "geometry": {
        "type": "Point",
        "coordinates": [
          3.319633,
          39.528366
        ]
      }
    },
    {
      "type": "Feature",
      "properties": {
        "stop_id": "1629",
        "stop_name": "Ctra. Son Servera 1 (33053)",
        "stop_code": "33053",
        "location_type": "0",
        "parent_station": null,
        "wheelchair_boarding": null,
        "zone_id": "12635",
        "source_dataset": "tib_gtfs_supply"
      },
      "geometry": {
        "type": "Point",
        "coordinates": [
          3.338496,
          39.54525
        ]
      }
    },
    {
      "type": "Feature",
      "properties": {
        "stop_id": "1632",
        "stop_name": "Molí - Hospital 2 (33059)",
        "stop_code": "33059",
        "location_type": "0",
        "parent_station": null,
        "wheelchair_boarding": null,
        "zone_id": "12398",
        "source_dataset": "tib_gtfs_supply"
      },
      "geometry": {
        "type": "Point",
        "coordinates": [
          3.207242,
          39.57565
        ]
      }
    },
    {
      "type": "Feature",
      "properties": {
        "stop_id": "1633",
        "stop_name": "Molí - Hospital 1 (33060)",
        "stop_code": "33060",
        "location_type": "0",
        "parent_station": null,
        "wheelchair_boarding": null,
        "zone_id": "12398",
        "source_dataset": "tib_gtfs_supply"
      },
      "geometry": {
        "type": "Point",
        "coordinates": [
          3.20743,
          39.575817
        ]
      }
    },
    {
      "type": "Feature",
      "properties": {
        "stop_id": "1635",
        "stop_name": "Alcanada - Espalmador (33073)",
        "stop_code": "33073",
        "location_type": "0",
        "parent_station": null,
        "wheelchair_boarding": null,
        "zone_id": "12607",
        "source_dataset": "tib_gtfs_supply"
      },
      "geometry": {
        "type": "Point",
        "coordinates": [
          3.270664,
          39.46711
        ]
      }
    },
    {
      "type": "Feature",
      "properties": {
        "stop_id": "1636",
        "stop_name": "Mossèn Alcover (33063)",
        "stop_code": "33063",
        "location_type": "0",
        "parent_station": null,
        "wheelchair_boarding": null,
        "zone_id": "12398",
        "source_dataset": "tib_gtfs_supply"
      },
      "geometry": {
        "type": "Point",
        "coordinates": [
          3.208095,
          39.562943
        ]
      }
    },
    {
      "type": "Feature",
      "properties": {
        "stop_id": "1638",
        "stop_name": "Mestral 1 (33078)",
        "stop_code": "33078",
        "location_type": "0",
        "parent_station": null,
        "wheelchair_boarding": null,
        "zone_id": "12635",
        "source_dataset": "tib_gtfs_supply"
      },
      "geometry": {
        "type": "Point",
        "coordinates": [
          3.331616,
          39.545532
        ]
      }
    },
    {
      "type": "Feature",
      "properties": {
        "stop_id": "1639",
        "stop_name": "Mestral 2 (33079)",
        "stop_code": "33079",
        "location_type": "0",
        "parent_station": null,
        "wheelchair_boarding": null,
        "zone_id": "12635",
        "source_dataset": "tib_gtfs_supply"
      },
      "geometry": {
        "type": "Point",
        "coordinates": [
          3.332182,
          39.54565
        ]
      }
    },
    {
      "type": "Feature",
      "properties": {
        "stop_id": "1640",
        "stop_name": "Ctra. Son Servera 2 (33054)",
        "stop_code": "33054",
        "location_type": "0",
        "parent_station": null,
        "wheelchair_boarding": null,
        "zone_id": "12635",
        "source_dataset": "tib_gtfs_supply"
      },
      "geometry": {
        "type": "Point",
        "coordinates": [
          3.338761,
          39.54554
        ]
      }
    },
    {
      "type": "Feature",
      "properties": {
        "stop_id": "1641",
        "stop_name": "S'Illot 1 (33067)",
        "stop_code": "33067",
        "location_type": "0",
        "parent_station": null,
        "wheelchair_boarding": null,
        "zone_id": "12638",
        "source_dataset": "tib_gtfs_supply"
      },
      "geometry": {
        "type": "Point",
        "coordinates": [
          3.370815,
          39.5644
        ]
      }
    },
    {
      "type": "Feature",
      "properties": {
        "stop_id": "1642",
        "stop_name": "S'Illot 2 (33068)",
        "stop_code": "33068",
        "location_type": "0",
        "parent_station": null,
        "wheelchair_boarding": null,
        "zone_id": "12638",
        "source_dataset": "tib_gtfs_supply"
      },
      "geometry": {
        "type": "Point",
        "coordinates": [
          3.37084,
          39.564537
        ]
      }
    },
    {
      "type": "Feature",
      "properties": {
        "stop_id": "1644",
        "stop_name": "Montuïri 1 (38003)",
        "stop_code": "38003",
        "location_type": "0",
        "parent_station": null,
        "wheelchair_boarding": null,
        "zone_id": "12422",
        "source_dataset": "tib_gtfs_supply"
      },
      "geometry": {
        "type": "Point",
        "coordinates": [
          2.977531,
          39.56295
        ]
      }
    },
    {
      "type": "Feature",
      "properties": {
        "stop_id": "1645",
        "stop_name": "Montuïri 2 (38010)",
        "stop_code": "38010",
        "location_type": "0",
        "parent_station": null,
        "wheelchair_boarding": null,
        "zone_id": "12422",
        "source_dataset": "tib_gtfs_supply"
      },
      "geometry": {
        "type": "Point",
        "coordinates": [
          2.977627,
          39.56274
        ]
      }
    },
    {
      "type": "Feature",
      "properties": {
        "stop_id": "1646",
        "stop_name": "Porta des Camp 2 (40002)",
        "stop_code": "40002",
        "location_type": "0",
        "parent_station": null,
        "wheelchair_boarding": null,
        "zone_id": "12376",
        "source_dataset": "tib_gtfs_supply"
      },
      "geometry": {
        "type": "Point",
        "coordinates": [
          2.65652,
          39.566387
        ]
      }
    },
    {
      "type": "Feature",
      "properties": {
        "stop_id": "1649",
        "stop_name": "Porta des Camp 1 (40108)",
        "stop_code": "40108",
        "location_type": "0",
        "parent_station": null,
        "wheelchair_boarding": null,
        "zone_id": "12376",
        "source_dataset": "tib_gtfs_supply"
      },
      "geometry": {
        "type": "Point",
        "coordinates": [
          2.656928,
          39.566414
        ]
      }
    },
    {
      "type": "Feature",
      "properties": {
        "stop_id": "1650",
        "stop_name": "Son Gual (40109)",
        "stop_code": "40109",
        "location_type": "0",
        "parent_station": null,
        "wheelchair_boarding": null,
        "zone_id": "12596",
        "source_dataset": "tib_gtfs_supply"
      },
      "geometry": {
        "type": "Point",
        "coordinates": [
          2.835065,
          39.568005
        ]
      }
    },
    {
      "type": "Feature",
      "properties": {
        "stop_id": "1652",
        "stop_name": "Ariany (41005)",
        "stop_code": "41005",
        "location_type": "0",
        "parent_station": null,
        "wheelchair_boarding": null,
        "zone_id": "12648",
        "source_dataset": "tib_gtfs_supply"
      },
      "geometry": {
        "type": "Point",
        "coordinates": [
          3.111932,
          39.64895
        ]
      }
    },
    {
      "type": "Feature",
      "properties": {
        "stop_id": "1656",
        "stop_name": "Savines 2 (51001)",
        "stop_code": "51001",
        "location_type": "0",
        "parent_station": null,
        "wheelchair_boarding": null,
        "zone_id": "12639",
        "source_dataset": "tib_gtfs_supply"
      },
      "geometry": {
        "type": "Point",
        "coordinates": [
          3.373322,
          39.571552
        ]
      }
    },
    {
      "type": "Feature",
      "properties": {
        "stop_id": "1657",
        "stop_name": "Savines 1 (51002)",
        "stop_code": "51002",
        "location_type": "0",
        "parent_station": null,
        "wheelchair_boarding": null,
        "zone_id": "12639",
        "source_dataset": "tib_gtfs_supply"
      },
      "geometry": {
        "type": "Point",
        "coordinates": [
          3.373289,
          39.571747
        ]
      }
    },
    {
      "type": "Feature",
      "properties": {
        "stop_id": "1660",
        "stop_name": "Palmeres 2 (51005)",
        "stop_code": "51005",
        "location_type": "0",
        "parent_station": null,
        "wheelchair_boarding": null,
        "zone_id": "12639",
        "source_dataset": "tib_gtfs_supply"
      },
      "geometry": {
        "type": "Point",
        "coordinates": [
          3.376129,
          39.578773
        ]
      }
    },
    {
      "type": "Feature",
      "properties": {
        "stop_id": "1661",
        "stop_name": "Palmeres 1 (51006)",
        "stop_code": "51006",
        "location_type": "0",
        "parent_station": null,
        "wheelchair_boarding": null,
        "zone_id": "12639",
        "source_dataset": "tib_gtfs_supply"
      },
      "geometry": {
        "type": "Point",
        "coordinates": [
          3.376511,
          39.577778
        ]
      }
    },
    {
      "type": "Feature",
      "properties": {
        "stop_id": "1664",
        "stop_name": "Cala Nau (51013)",
        "stop_code": "51013",
        "location_type": "0",
        "parent_station": null,
        "wheelchair_boarding": null,
        "zone_id": "12640",
        "source_dataset": "tib_gtfs_supply"
      },
      "geometry": {
        "type": "Point",
        "coordinates": [
          3.383375,
          39.590286
        ]
      }
    },
    {
      "type": "Feature",
      "properties": {
        "stop_id": "1665",
        "stop_name": "Estanyol (51014)",
        "stop_code": "51014",
        "location_type": "0",
        "parent_station": null,
        "wheelchair_boarding": null,
        "zone_id": "12640",
        "source_dataset": "tib_gtfs_supply"
      },
      "geometry": {
        "type": "Point",
        "coordinates": [
          3.381725,
          39.590336
        ]
      }
    },
    {
      "type": "Feature",
      "properties": {
        "stop_id": "1667",
        "stop_name": "Av. Llevant 1 (51016)",
        "stop_code": "51016",
        "location_type": "0",
        "parent_station": null,
        "wheelchair_boarding": null,
        "zone_id": "12640",
        "source_dataset": "tib_gtfs_supply"
      },
      "geometry": {
        "type": "Point",
        "coordinates": [
          3.380234,
          39.595367
        ]
      }
    },
    {
      "type": "Feature",
      "properties": {
        "stop_id": "1668",
        "stop_name": "Av. Llevant 2 (51017)",
        "stop_code": "51017",
        "location_type": "0",
        "parent_station": null,
        "wheelchair_boarding": null,
        "zone_id": "12640",
        "source_dataset": "tib_gtfs_supply"
      },
      "geometry": {
        "type": "Point",
        "coordinates": [
          3.380225,
          39.595554
        ]
      }
    },
    {
      "type": "Feature",
      "properties": {
        "stop_id": "1670",
        "stop_name": "Bon Temps 1 (51019)",
        "stop_code": "51019",
        "location_type": "0",
        "parent_station": null,
        "wheelchair_boarding": null,
        "zone_id": "12640",
        "source_dataset": "tib_gtfs_supply"
      },
      "geometry": {
        "type": "Point",
        "coordinates": [
          3.381039,
          39.597733
        ]
      }
    },
    {
      "type": "Feature",
      "properties": {
        "stop_id": "1671",
        "stop_name": "Bon Temps 2 (51020)",
        "stop_code": "51020",
        "location_type": "0",
        "parent_station": null,
        "wheelchair_boarding": null,
        "zone_id": "12640",
        "source_dataset": "tib_gtfs_supply"
      },
      "geometry": {
        "type": "Point",
        "coordinates": [
          3.381395,
          39.598053
        ]
      }
    },
    {
      "type": "Feature",
      "properties": {
        "stop_id": "1676",
        "stop_name": "Sant Llorenç nord 2 (51025)",
        "stop_code": "51025",
        "location_type": "0",
        "parent_station": null,
        "wheelchair_boarding": null,
        "zone_id": "12641",
        "source_dataset": "tib_gtfs_supply"
      },
      "geometry": {
        "type": "Point",
        "coordinates": [
          3.288369,
          39.614414
        ]
      }
    },
    {
      "type": "Feature",
      "properties": {
        "stop_id": "1678",
        "stop_name": "Sant Llorenç nord 1 (51027)",
        "stop_code": "51027",
        "location_type": "0",
        "parent_station": null,
        "wheelchair_boarding": null,
        "zone_id": "12641",
        "source_dataset": "tib_gtfs_supply"
      },
      "geometry": {
        "type": "Point",
        "coordinates": [
          3.288822,
          39.6148
        ]
      }
    },
    {
      "type": "Feature",
      "properties": {
        "stop_id": "1679",
        "stop_name": "Sant Llorenç 2 (51028)",
        "stop_code": "51028",
        "location_type": "0",
        "parent_station": null,
        "wheelchair_boarding": null,
        "zone_id": "12641",
        "source_dataset": "tib_gtfs_supply"
      },
      "geometry": {
        "type": "Point",
        "coordinates": [
          3.28528,
          39.608498
        ]
      }
    },
    {
      "type": "Feature",
      "properties": {
        "stop_id": "1680",
        "stop_name": "Son Carrió (51029)",
        "stop_code": "51029",
        "location_type": "0",
        "parent_station": null,
        "wheelchair_boarding": null,
        "zone_id": "12642",
        "source_dataset": "tib_gtfs_supply"
      },
      "geometry": {
        "type": "Point",
        "coordinates": [
          3.321966,
          39.58635
        ]
      }
    },
    {
      "type": "Feature",
      "properties": {
        "stop_id": "1681",
        "stop_name": "S'Alqueria Blanca 2 (57001)",
        "stop_code": "57001",
        "location_type": "0",
        "parent_station": null,
        "wheelchair_boarding": null,
        "zone_id": "12612",
        "source_dataset": "tib_gtfs_supply"
      },
      "geometry": {
        "type": "Point",
        "coordinates": [
          3.164725,
          39.387447
        ]
      }
    },
    {
      "type": "Feature",
      "properties": {
        "stop_id": "1682",
        "stop_name": "S'Alqueria Blanca 1 (57002)",
        "stop_code": "57002",
        "location_type": "0",
        "parent_station": null,
        "wheelchair_boarding": null,
        "zone_id": "12612",
        "source_dataset": "tib_gtfs_supply"
      },
      "geometry": {
        "type": "Point",
        "coordinates": [
          3.164762,
          39.38752
        ]
      }
    },
    {
      "type": "Feature",
      "properties": {
        "stop_id": "1685",
        "stop_name": "Marina de Cala d'Or 1 (57009)",
        "stop_code": "57009",
        "location_type": "0",
        "parent_station": null,
        "wheelchair_boarding": null,
        "zone_id": "12611",
        "source_dataset": "tib_gtfs_supply"
      },
      "geometry": {
        "type": "Point",
        "coordinates": [
          3.219357,
          39.370525
        ]
      }
    },
    {
      "type": "Feature",
      "properties": {
        "stop_id": "1686",
        "stop_name": "Marina de Cala d'Or 2 (57010)",
        "stop_code": "57010",
        "location_type": "0",
        "parent_station": null,
        "wheelchair_boarding": null,
        "zone_id": "12611",
        "source_dataset": "tib_gtfs_supply"
      },
      "geometry": {
        "type": "Point",
        "coordinates": [
          3.219687,
          39.37057
        ]
      }
    },
    {
      "type": "Feature",
      "properties": {
        "stop_id": "1687",
        "stop_name": "Cala Egos (57048)",
        "stop_code": "57048",
        "location_type": "0",
        "parent_station": null,
        "wheelchair_boarding": null,
        "zone_id": "12611",
        "source_dataset": "tib_gtfs_supply"
      },
      "geometry": {
        "type": "Point",
        "coordinates": [
          3.224149,
          39.363506
        ]
      }
    },
    {
      "type": "Feature",
      "properties": {
        "stop_id": "1688",
        "stop_name": "Cala Esmeralda (57017)",
        "stop_code": "57017",
        "location_type": "0",
        "parent_station": null,
        "wheelchair_boarding": null,
        "zone_id": "12611",
        "source_dataset": "tib_gtfs_supply"
      },
      "geometry": {
        "type": "Point",
        "coordinates": [
          3.237003,
          39.378197
        ]
      }
    },
    {
      "type": "Feature",
      "properties": {
        "stop_id": "1689",
        "stop_name": "Av. Calonge 1 (57049)",
        "stop_code": "57049",
        "location_type": "0",
        "parent_station": null,
        "wheelchair_boarding": null,
        "zone_id": "12611",
        "source_dataset": "tib_gtfs_supply"
      },
      "geometry": {
        "type": "Point",
        "coordinates": [
          3.226837,
          39.37538
        ]
      }
    },
    {
      "type": "Feature",
      "properties": {
        "stop_id": "1690",
        "stop_name": "Av. Calonge 2 (57050)",
        "stop_code": "57050",
        "location_type": "0",
        "parent_station": null,
        "wheelchair_boarding": null,
        "zone_id": "12611",
        "source_dataset": "tib_gtfs_supply"
      },
      "geometry": {
        "type": "Point",
        "coordinates": [
          3.227126,
          39.375618
        ]
      }
    },
    {
      "type": "Feature",
      "properties": {
        "stop_id": "1691",
        "stop_name": "Sa Barca Trencada (57023)",
        "stop_code": "57023",
        "location_type": "0",
        "parent_station": null,
        "wheelchair_boarding": null,
        "zone_id": "12614",
        "source_dataset": "tib_gtfs_supply"
      },
      "geometry": {
        "type": "Point",
        "coordinates": [
          3.200505,
          39.35375
        ]
      }
    },
    {
      "type": "Feature",
      "properties": {
        "stop_id": "1692",
        "stop_name": "Cala Mondragó (57024)",
        "stop_code": "57024",
        "location_type": "0",
        "parent_station": null,
        "wheelchair_boarding": null,
        "zone_id": "12615",
        "source_dataset": "tib_gtfs_supply"
      },
      "geometry": {
        "type": "Point",
        "coordinates": [
          3.189061,
          39.352573
        ]
      }
    },
    {
      "type": "Feature",
      "properties": {
        "stop_id": "1693",
        "stop_name": "Cala Santanyí (57028)",
        "stop_code": "57028",
        "location_type": "0",
        "parent_station": null,
        "wheelchair_boarding": null,
        "zone_id": "12616",
        "source_dataset": "tib_gtfs_supply"
      },
      "geometry": {
        "type": "Point",
        "coordinates": [
          3.145362,
          39.3312
        ]
      }
    },
    {
      "type": "Feature",
      "properties": {
        "stop_id": "1694",
        "stop_name": "Cala Figuera (57029)",
        "stop_code": "57029",
        "location_type": "0",
        "parent_station": null,
        "wheelchair_boarding": null,
        "zone_id": "12617",
        "source_dataset": "tib_gtfs_supply"
      },
      "geometry": {
        "type": "Point",
        "coordinates": [
          3.168131,
          39.330013
        ]
      }
    },
    {
      "type": "Feature",
      "properties": {
        "stop_id": "1695",
        "stop_name": "Es Llombards 1 (57030)",
        "stop_code": "57030",
        "location_type": "0",
        "parent_station": null,
        "wheelchair_boarding": null,
        "zone_id": "12649",
        "source_dataset": "tib_gtfs_supply"
      },
      "geometry": {
        "type": "Point",
        "coordinates": [
          3.097269,
          39.340984
        ]
      }
    },
    {
      "type": "Feature",
      "properties": {
        "stop_id": "1696",
        "stop_name": "Es Llombards 2 (57031)",
        "stop_code": "57031",
        "location_type": "0",
        "parent_station": null,
        "wheelchair_boarding": null,
        "zone_id": "12649",
        "source_dataset": "tib_gtfs_supply"
      },
      "geometry": {
        "type": "Point",
        "coordinates": [
          3.097439,
          39.340916
        ]
      }
    },
    {
      "type": "Feature",
      "properties": {
        "stop_id": "1698",
        "stop_name": "Na Ravandella 2 (57041)",
        "stop_code": "57041",
        "location_type": "0",
        "parent_station": null,
        "wheelchair_boarding": null,
        "zone_id": "12650",
        "source_dataset": "tib_gtfs_supply"
      },
      "geometry": {
        "type": "Point",
        "coordinates": [
          3.127479,
          39.35909
        ]
      }
    },
    {
      "type": "Feature",
      "properties": {
        "stop_id": "1699",
        "stop_name": "Na Ravandella 1 (57042)",
        "stop_code": "57042",
        "location_type": "0",
        "parent_station": null,
        "wheelchair_boarding": null,
        "zone_id": "12650",
        "source_dataset": "tib_gtfs_supply"
      },
      "geometry": {
        "type": "Point",
        "coordinates": [
          3.127532,
          39.35859
        ]
      }
    },
    {
      "type": "Feature",
      "properties": {
        "stop_id": "1700",
        "stop_name": "Cas Canonge 2 (57056)",
        "stop_code": "57056",
        "location_type": "0",
        "parent_station": null,
        "wheelchair_boarding": null,
        "zone_id": "12650",
        "source_dataset": "tib_gtfs_supply"
      },
      "geometry": {
        "type": "Point",
        "coordinates": [
          3.123042,
          39.351307
        ]
      }
    },
    {
      "type": "Feature",
      "properties": {
        "stop_id": "1701",
        "stop_name": "Cas Canonge 1 (57057)",
        "stop_code": "57057",
        "location_type": "0",
        "parent_station": null,
        "wheelchair_boarding": null,
        "zone_id": "12650",
        "source_dataset": "tib_gtfs_supply"
      },
      "geometry": {
        "type": "Point",
        "coordinates": [
          3.122853,
          39.351646
        ]
      }
    },
    {
      "type": "Feature",
      "properties": {
        "stop_id": "1703",
        "stop_name": "Portopetro 1 (57051)",
        "stop_code": "57051",
        "location_type": "0",
        "parent_station": null,
        "wheelchair_boarding": null,
        "zone_id": "12619",
        "source_dataset": "tib_gtfs_supply"
      },
      "geometry": {
        "type": "Point",
        "coordinates": [
          3.209858,
          39.364708
        ]
      }
    },
    {
      "type": "Feature",
      "properties": {
        "stop_id": "1704",
        "stop_name": "Portopetro 2 (57052)",
        "stop_code": "57052",
        "location_type": "0",
        "parent_station": null,
        "wheelchair_boarding": null,
        "zone_id": "12619",
        "source_dataset": "tib_gtfs_supply"
      },
      "geometry": {
        "type": "Point",
        "coordinates": [
          3.209755,
          39.36463
        ]
      }
    },
    {
      "type": "Feature",
      "properties": {
        "stop_id": "1705",
        "stop_name": "Ses Creus 2 (59001)",
        "stop_code": "59001",
        "location_type": "0",
        "parent_station": null,
        "wheelchair_boarding": null,
        "zone_id": "12651",
        "source_dataset": "tib_gtfs_supply"
      },
      "geometry": {
        "type": "Point",
        "coordinates": [
          3.057809,
          39.340782
        ]
      }
    },
    {
      "type": "Feature",
      "properties": {
        "stop_id": "1706",
        "stop_name": "Ses Creus 1 (59002)",
        "stop_code": "59002",
        "location_type": "0",
        "parent_station": null,
        "wheelchair_boarding": null,
        "zone_id": "12651",
        "source_dataset": "tib_gtfs_supply"
      },
      "geometry": {
        "type": "Point",
        "coordinates": [
          3.057731,
          39.34087
        ]
      }
    },
    {
      "type": "Feature",
      "properties": {
        "stop_id": "1708",
        "stop_name": "Primavera (59006)",
        "stop_code": "59006",
        "location_type": "0",
        "parent_station": null,
        "wheelchair_boarding": null,
        "zone_id": "12652",
        "source_dataset": "tib_gtfs_supply"
      },
      "geometry": {
        "type": "Point",
        "coordinates": [
          2.989877,
          39.321636
        ]
      }
    },
    {
      "type": "Feature",
      "properties": {
        "stop_id": "1709",
        "stop_name": "Plaça Constitució (59008)",
        "stop_code": "59008",
        "location_type": "0",
        "parent_station": null,
        "wheelchair_boarding": null,
        "zone_id": "12652",
        "source_dataset": "tib_gtfs_supply"
      },
      "geometry": {
        "type": "Point",
        "coordinates": [
          2.99287,
          39.31685
        ]
      }
    },
    {
      "type": "Feature",
      "properties": {
        "stop_id": "1711",
        "stop_name": "Maria Antònia Salvà 1 (59011)",
        "stop_code": "59011",
        "location_type": "0",
        "parent_station": null,
        "wheelchair_boarding": null,
        "zone_id": "12651",
        "source_dataset": "tib_gtfs_supply"
      },
      "geometry": {
        "type": "Point",
        "coordinates": [
          3.050183,
          39.338726
        ]
      }
    },
    {
      "type": "Feature",
      "properties": {
        "stop_id": "1712",
        "stop_name": "Maria Antònia Salvà 2 (59012)",
        "stop_code": "59012",
        "location_type": "0",
        "parent_station": null,
        "wheelchair_boarding": null,
        "zone_id": "12651",
        "source_dataset": "tib_gtfs_supply"
      },
      "geometry": {
        "type": "Point",
        "coordinates": [
          3.050319,
          39.338673
        ]
      }
    },
    {
      "type": "Feature",
      "properties": {
        "stop_id": "1713",
        "stop_name": "Estació Sineu (60005)",
        "stop_code": "60005",
        "location_type": "0",
        "parent_station": null,
        "wheelchair_boarding": null,
        "zone_id": "12396",
        "source_dataset": "tib_gtfs_supply"
      },
      "geometry": {
        "type": "Point",
        "coordinates": [
          3.014603,
          39.64316
        ]
      }
    },
    {
      "type": "Feature",
      "properties": {
        "stop_id": "1714",
        "stop_name": "Plaça Mallorca 1 (62004)",
        "stop_code": "62004",
        "location_type": "0",
        "parent_station": null,
        "wheelchair_boarding": null,
        "zone_id": "12640",
        "source_dataset": "tib_gtfs_supply"
      },
      "geometry": {
        "type": "Point",
        "coordinates": [
          3.381456,
          39.601604
        ]
      }
    },
    {
      "type": "Feature",
      "properties": {
        "stop_id": "1715",
        "stop_name": "Na Llambies (62005)",
        "stop_code": "62005",
        "location_type": "0",
        "parent_station": null,
        "wheelchair_boarding": null,
        "zone_id": "12640",
        "source_dataset": "tib_gtfs_supply"
      },
      "geometry": {
        "type": "Point",
        "coordinates": [
          3.387334,
          39.60631
        ]
      }
    },
    {
      "type": "Feature",
      "properties": {
        "stop_id": "1716",
        "stop_name": "Platja de Cala Bona 2 (62006)",
        "stop_code": "62006",
        "location_type": "0",
        "parent_station": null,
        "wheelchair_boarding": null,
        "zone_id": "12643",
        "source_dataset": "tib_gtfs_supply"
      },
      "geometry": {
        "type": "Point",
        "coordinates": [
          3.389453,
          39.609104
        ]
      }
    },
    {
      "type": "Feature",
      "properties": {
        "stop_id": "1719",
        "stop_name": "Port esportiu 2 (62009)",
        "stop_code": "62009",
        "location_type": "0",
        "parent_station": null,
        "wheelchair_boarding": null,
        "zone_id": "12643",
        "source_dataset": "tib_gtfs_supply"
      },
      "geometry": {
        "type": "Point",
        "coordinates": [
          3.390158,
          39.614525
        ]
      }
    },
    {
      "type": "Feature",
      "properties": {
        "stop_id": "1720",
        "stop_name": "Port esportiu 1 (62010)",
        "stop_code": "62010",
        "location_type": "0",
        "parent_station": null,
        "wheelchair_boarding": null,
        "zone_id": "12643",
        "source_dataset": "tib_gtfs_supply"
      },
      "geometry": {
        "type": "Point",
        "coordinates": [
          3.390048,
          39.614517
        ]
      }
    },
    {
      "type": "Feature",
      "properties": {
        "stop_id": "1723",
        "stop_name": "Sa Marjal 1 (62017)",
        "stop_code": "62017",
        "location_type": "0",
        "parent_station": null,
        "wheelchair_boarding": null,
        "zone_id": "12644",
        "source_dataset": "tib_gtfs_supply"
      },
      "geometry": {
        "type": "Point",
        "coordinates": [
          3.403432,
          39.63609
        ]
      }
    },
    {
      "type": "Feature",
      "properties": {
        "stop_id": "1724",
        "stop_name": "Sa Marjal 2 (62018)",
        "stop_code": "62018",
        "location_type": "0",
        "parent_station": null,
        "wheelchair_boarding": null,
        "zone_id": "12644",
        "source_dataset": "tib_gtfs_supply"
      },
      "geometry": {
        "type": "Point",
        "coordinates": [
          3.403524,
          39.635963
        ]
      }
    },
    {
      "type": "Feature",
      "properties": {
        "stop_id": "1725",
        "stop_name": "Costa dels Pins (62019)",
        "stop_code": "62019",
        "location_type": "0",
        "parent_station": null,
        "wheelchair_boarding": null,
        "zone_id": "12644",
        "source_dataset": "tib_gtfs_supply"
      },
      "geometry": {
        "type": "Point",
        "coordinates": [
          3.413347,
          39.638195
        ]
      }
    },
    {
      "type": "Feature",
      "properties": {
        "stop_id": "1726",
        "stop_name": "Son Servera sud 1 (62020)",
        "stop_code": "62020",
        "location_type": "0",
        "parent_station": null,
        "wheelchair_boarding": null,
        "zone_id": "12645",
        "source_dataset": "tib_gtfs_supply"
      },
      "geometry": {
        "type": "Point",
        "coordinates": [
          3.363718,
          39.619183
        ]
      }
    },
    {
      "type": "Feature",
      "properties": {
        "stop_id": "1727",
        "stop_name": "Son Servera sud 2 (62021)",
        "stop_code": "62021",
        "location_type": "0",
        "parent_station": null,
        "wheelchair_boarding": null,
        "zone_id": "12645",
        "source_dataset": "tib_gtfs_supply"
      },
      "geometry": {
        "type": "Point",
        "coordinates": [
          3.362128,
          39.620018
        ]
      }
    },
    {
      "type": "Feature",
      "properties": {
        "stop_id": "1728",
        "stop_name": "Platja de Cala Bona 1 (62024)",
        "stop_code": "62024",
        "location_type": "0",
        "parent_station": null,
        "wheelchair_boarding": null,
        "zone_id": "12643",
        "source_dataset": "tib_gtfs_supply"
      },
      "geometry": {
        "type": "Point",
        "coordinates": [
          3.38821,
          39.610756
        ]
      }
    },
    {
      "type": "Feature",
      "properties": {
        "stop_id": "1729",
        "stop_name": "Davant s'Hort (62025)",
        "stop_code": "62025",
        "location_type": "0",
        "parent_station": null,
        "wheelchair_boarding": null,
        "zone_id": "12640",
        "source_dataset": "tib_gtfs_supply"
      },
      "geometry": {
        "type": "Point",
        "coordinates": [
          3.384825,
          39.60712
        ]
      }
    },
    {
      "type": "Feature",
      "properties": {
        "stop_id": "1730",
        "stop_name": "Port Nou 1 (62026)",
        "stop_code": "62026",
        "location_type": "0",
        "parent_station": null,
        "wheelchair_boarding": null,
        "zone_id": "12646",
        "source_dataset": "tib_gtfs_supply"
      },
      "geometry": {
        "type": "Point",
        "coordinates": [
          3.396846,
          39.62969
        ]
      }
    },
    {
      "type": "Feature",
      "properties": {
        "stop_id": "1731",
        "stop_name": "Port Nou 2 (62027)",
        "stop_code": "62027",
        "location_type": "0",
        "parent_station": null,
        "wheelchair_boarding": null,
        "zone_id": "12646",
        "source_dataset": "tib_gtfs_supply"
      },
      "geometry": {
        "type": "Point",
        "coordinates": [
          3.397287,
          39.630337
        ]
      }
    },
    {
      "type": "Feature",
      "properties": {
        "stop_id": "1732",
        "stop_name": "Cala Bona nord 1 (62028)",
        "stop_code": "62028",
        "location_type": "0",
        "parent_station": null,
        "wheelchair_boarding": null,
        "zone_id": "12643",
        "source_dataset": "tib_gtfs_supply"
      },
      "geometry": {
        "type": "Point",
        "coordinates": [
          3.391427,
          39.62215
        ]
      }
    },
    {
      "type": "Feature",
      "properties": {
        "stop_id": "1733",
        "stop_name": "Cala Bona nord 2 (62029)",
        "stop_code": "62029",
        "location_type": "0",
        "parent_station": null,
        "wheelchair_boarding": null,
        "zone_id": "12643",
        "source_dataset": "tib_gtfs_supply"
      },
      "geometry": {
        "type": "Point",
        "coordinates": [
          3.391454,
          39.621925
        ]
      }
    },
    {
      "type": "Feature",
      "properties": {
        "stop_id": "1734",
        "stop_name": "Son Servera nord 1 (62031)",
        "stop_code": "62031",
        "location_type": "0",
        "parent_station": null,
        "wheelchair_boarding": null,
        "zone_id": "12645",
        "source_dataset": "tib_gtfs_supply"
      },
      "geometry": {
        "type": "Point",
        "coordinates": [
          3.360131,
          39.62334
        ]
      }
    },
    {
      "type": "Feature",
      "properties": {
        "stop_id": "1735",
        "stop_name": "Son Servera nord 2 (62034)",
        "stop_code": "62034",
        "location_type": "0",
        "parent_station": null,
        "wheelchair_boarding": null,
        "zone_id": "12645",
        "source_dataset": "tib_gtfs_supply"
      },
      "geometry": {
        "type": "Point",
        "coordinates": [
          3.359076,
          39.62354
        ]
      }
    },
    {
      "type": "Feature",
      "properties": {
        "stop_id": "1736",
        "stop_name": "Plaça Mallorca 2 (62041)",
        "stop_code": "62041",
        "location_type": "0",
        "parent_station": null,
        "wheelchair_boarding": null,
        "zone_id": "12640",
        "source_dataset": "tib_gtfs_supply"
      },
      "geometry": {
        "type": "Point",
        "coordinates": [
          3.382145,
          39.602055
        ]
      }
    },
    {
      "type": "Feature",
      "properties": {
        "stop_id": "1739",
        "stop_name": "Vilafranca 2 (65001)",
        "stop_code": "65001",
        "location_type": "0",
        "parent_station": null,
        "wheelchair_boarding": null,
        "zone_id": "12653",
        "source_dataset": "tib_gtfs_supply"
      },
      "geometry": {
        "type": "Point",
        "coordinates": [
          3.087814,
          39.569023
        ]
      }
    },
    {
      "type": "Feature",
      "properties": {
        "stop_id": "1740",
        "stop_name": "Vilafranca 1 (65002)",
        "stop_code": "65002",
        "location_type": "0",
        "parent_station": null,
        "wheelchair_boarding": null,
        "zone_id": "12653",
        "source_dataset": "tib_gtfs_supply"
      },
      "geometry": {
        "type": "Point",
        "coordinates": [
          3.08779,
          39.5692
        ]
      }
    },
    {
      "type": "Feature",
      "properties": {
        "stop_id": "1741",
        "stop_name": "Búger (9001)",
        "stop_code": "9001",
        "location_type": "0",
        "parent_station": null,
        "wheelchair_boarding": null,
        "zone_id": "12654",
        "source_dataset": "tib_gtfs_supply"
      },
      "geometry": {
        "type": "Point",
        "coordinates": [
          2.983419,
          39.758156
        ]
      }
    },
    {
      "type": "Feature",
      "properties": {
        "stop_id": "1742",
        "stop_name": "Menestralia (9002)",
        "stop_code": "9002",
        "location_type": "0",
        "parent_station": null,
        "wheelchair_boarding": null,
        "zone_id": "132",
        "source_dataset": "tib_gtfs_supply"
      },
      "geometry": {
        "type": "Point",
        "coordinates": [
          2.968999,
          39.763588
        ]
      }
    },
    {
      "type": "Feature",
      "properties": {
        "stop_id": "1743",
        "stop_name": "Cala Barques (42034)",
        "stop_code": "42034",
        "location_type": "0",
        "parent_station": null,
        "wheelchair_boarding": null,
        "zone_id": "12531",
        "source_dataset": "tib_gtfs_supply"
      },
      "geometry": {
        "type": "Point",
        "coordinates": [
          3.053903,
          39.920376
        ]
      }
    },
    {
      "type": "Feature",
      "properties": {
        "stop_id": "1744",
        "stop_name": "Talaiot de sa Nineta 2 (55041)",
        "stop_code": "55041",
        "location_type": "0",
        "parent_station": null,
        "wheelchair_boarding": null,
        "zone_id": "12536",
        "source_dataset": "tib_gtfs_supply"
      },
      "geometry": {
        "type": "Point",
        "coordinates": [
          3.218969,
          39.735905
        ]
      }
    },
    {
      "type": "Feature",
      "properties": {
        "stop_id": "1745",
        "stop_name": "Talaiot de sa Nineta 1 (55042)",
        "stop_code": "55042",
        "location_type": "0",
        "parent_station": null,
        "wheelchair_boarding": null,
        "zone_id": "12536",
        "source_dataset": "tib_gtfs_supply"
      },
      "geometry": {
        "type": "Point",
        "coordinates": [
          3.218887,
          39.73617
        ]
      }
    },
    {
      "type": "Feature",
      "properties": {
        "stop_id": "1746",
        "stop_name": "Son Maixella 1 (63009)",
        "stop_code": "63009",
        "location_type": "0",
        "parent_station": null,
        "wheelchair_boarding": null,
        "zone_id": "12655",
        "source_dataset": "tib_gtfs_supply"
      },
      "geometry": {
        "type": "Point",
        "coordinates": [
          2.641181,
          39.668083
        ]
      }
    },
    {
      "type": "Feature",
      "properties": {
        "stop_id": "1747",
        "stop_name": "Son Maixella 2 (63010)",
        "stop_code": "63010",
        "location_type": "0",
        "parent_station": null,
        "wheelchair_boarding": null,
        "zone_id": "12655",
        "source_dataset": "tib_gtfs_supply"
      },
      "geometry": {
        "type": "Point",
        "coordinates": [
          2.641298,
          39.66808
        ]
      }
    },
    {
      "type": "Feature",
      "properties": {
        "stop_id": "1753",
        "stop_name": "Puig de sa Morisca (11182)",
        "stop_code": "11182",
        "location_type": "0",
        "parent_station": null,
        "wheelchair_boarding": null,
        "zone_id": "12445",
        "source_dataset": "tib_gtfs_supply"
      },
      "geometry": {
        "type": "Point",
        "coordinates": [
          2.483707,
          39.509724
        ]
      }
    },
    {
      "type": "Feature",
      "properties": {
        "stop_id": "1755",
        "stop_name": "Calonge 1 (57053)",
        "stop_code": "57053",
        "location_type": "0",
        "parent_station": null,
        "wheelchair_boarding": null,
        "zone_id": "12613",
        "source_dataset": "tib_gtfs_supply"
      },
      "geometry": {
        "type": "Point",
        "coordinates": [
          3.203045,
          39.402138
        ]
      }
    },
    {
      "type": "Feature",
      "properties": {
        "stop_id": "1756",
        "stop_name": "Calonge 2 (57054)",
        "stop_code": "57054",
        "location_type": "0",
        "parent_station": null,
        "wheelchair_boarding": null,
        "zone_id": "12613",
        "source_dataset": "tib_gtfs_supply"
      },
      "geometry": {
        "type": "Point",
        "coordinates": [
          3.203154,
          39.401806
        ]
      }
    },
    {
      "type": "Feature",
      "properties": {
        "stop_id": "1759",
        "stop_name": "Cala Agulla 2 (14014)",
        "stop_code": "14014",
        "location_type": "0",
        "parent_station": null,
        "wheelchair_boarding": null,
        "zone_id": "12603",
        "source_dataset": "tib_gtfs_supply"
      },
      "geometry": {
        "type": "Point",
        "coordinates": [
          3.457264,
          39.71526
        ]
      }
    },
    {
      "type": "Feature",
      "properties": {
        "stop_id": "1760",
        "stop_name": "Cala Provençals (14040)",
        "stop_code": "14040",
        "location_type": "0",
        "parent_station": null,
        "wheelchair_boarding": null,
        "zone_id": "26",
        "source_dataset": "tib_gtfs_supply"
      },
      "geometry": {
        "type": "Point",
        "coordinates": [
          3.45089,
          39.674583
        ]
      }
    },
    {
      "type": "Feature",
      "properties": {
        "stop_id": "1761",
        "stop_name": "Sa Font de sa Cala 1 (14039)",
        "stop_code": "14039",
        "location_type": "0",
        "parent_station": null,
        "wheelchair_boarding": null,
        "zone_id": "12660",
        "source_dataset": "tib_gtfs_supply"
      },
      "geometry": {
        "type": "Point",
        "coordinates": [
          3.451404,
          39.682346
        ]
      }
    },
    {
      "type": "Feature",
      "properties": {
        "stop_id": "1762",
        "stop_name": "Sa Pedruscada 1 (14041)",
        "stop_code": "14041",
        "location_type": "0",
        "parent_station": null,
        "wheelchair_boarding": null,
        "zone_id": "23",
        "source_dataset": "tib_gtfs_supply"
      },
      "geometry": {
        "type": "Point",
        "coordinates": [
          3.454314,
          39.70021
        ]
      }
    },
    {
      "type": "Feature",
      "properties": {
        "stop_id": "1763",
        "stop_name": "N'Aguait 1 (14010)",
        "stop_code": "14010",
        "location_type": "0",
        "parent_station": null,
        "wheelchair_boarding": null,
        "zone_id": "23",
        "source_dataset": "tib_gtfs_supply"
      },
      "geometry": {
        "type": "Point",
        "coordinates": [
          3.454261,
          39.695126
        ]
      }
    },
    {
      "type": "Feature",
      "properties": {
        "stop_id": "1764",
        "stop_name": "N'Aguait 2 (14037)",
        "stop_code": "14037",
        "location_type": "0",
        "parent_station": null,
        "wheelchair_boarding": null,
        "zone_id": "23",
        "source_dataset": "tib_gtfs_supply"
      },
      "geometry": {
        "type": "Point",
        "coordinates": [
          3.454161,
          39.695026
        ]
      }
    },
    {
      "type": "Feature",
      "properties": {
        "stop_id": "1765",
        "stop_name": "Sa Pedruscada 2 (14042)",
        "stop_code": "14042",
        "location_type": "0",
        "parent_station": null,
        "wheelchair_boarding": null,
        "zone_id": "23",
        "source_dataset": "tib_gtfs_supply"
      },
      "geometry": {
        "type": "Point",
        "coordinates": [
          3.454199,
          39.699924
        ]
      }
    },
    {
      "type": "Feature",
      "properties": {
        "stop_id": "1766",
        "stop_name": "Sa Font de sa Cala 2 (14038)",
        "stop_code": "14038",
        "location_type": "0",
        "parent_station": null,
        "wheelchair_boarding": null,
        "zone_id": "12660",
        "source_dataset": "tib_gtfs_supply"
      },
      "geometry": {
        "type": "Point",
        "coordinates": [
          3.450958,
          39.682198
        ]
      }
    },
    {
      "type": "Feature",
      "properties": {
        "stop_id": "1767",
        "stop_name": "Na Taconera 1 (14005)",
        "stop_code": "14005",
        "location_type": "0",
        "parent_station": null,
        "wheelchair_boarding": null,
        "zone_id": "12660",
        "source_dataset": "tib_gtfs_supply"
      },
      "geometry": {
        "type": "Point",
        "coordinates": [
          3.450367,
          39.686897
        ]
      }
    },
    {
      "type": "Feature",
      "properties": {
        "stop_id": "1768",
        "stop_name": "Na Taconera 2 (14006)",
        "stop_code": "14006",
        "location_type": "0",
        "parent_station": null,
        "wheelchair_boarding": null,
        "zone_id": "12660",
        "source_dataset": "tib_gtfs_supply"
      },
      "geometry": {
        "type": "Point",
        "coordinates": [
          3.450243,
          39.68686
        ]
      }
    },
    {
      "type": "Feature",
      "properties": {
        "stop_id": "1778",
        "stop_name": "Talaia (11183)",
        "stop_code": "11183",
        "location_type": "0",
        "parent_station": null,
        "wheelchair_boarding": null,
        "zone_id": "12453",
        "source_dataset": "tib_gtfs_supply"
      },
      "geometry": {
        "type": "Point",
        "coordinates": [
          2.447133,
          39.54187
        ]
      }
    },
    {
      "type": "Feature",
      "properties": {
        "stop_id": "1781",
        "stop_name": "Can Singala 2 (42055)",
        "stop_code": "42055",
        "location_type": "0",
        "parent_station": null,
        "wheelchair_boarding": null,
        "zone_id": "12533",
        "source_dataset": "tib_gtfs_supply"
      },
      "geometry": {
        "type": "Point",
        "coordinates": [
          3.098743,
          39.91296
        ]
      }
    },
    {
      "type": "Feature",
      "properties": {
        "stop_id": "1782",
        "stop_name": "Can Singala 1 (42056)",
        "stop_code": "42056",
        "location_type": "0",
        "parent_station": null,
        "wheelchair_boarding": null,
        "zone_id": "12533",
        "source_dataset": "tib_gtfs_supply"
      },
      "geometry": {
        "type": "Point",
        "coordinates": [
          3.098686,
          39.913147
        ]
      }
    },
    {
      "type": "Feature",
      "properties": {
        "stop_id": "1783",
        "stop_name": "Mirador del Colomer 2 (42036)",
        "stop_code": "42036",
        "location_type": "0",
        "parent_station": null,
        "wheelchair_boarding": null,
        "zone_id": "12661",
        "source_dataset": "tib_gtfs_supply"
      },
      "geometry": {
        "type": "Point",
        "coordinates": [
          3.11057,
          39.928738
        ]
      }
    },
    {
      "type": "Feature",
      "properties": {
        "stop_id": "1784",
        "stop_name": "Mirador del Colomer 1 (42037)",
        "stop_code": "42037",
        "location_type": "0",
        "parent_station": null,
        "wheelchair_boarding": null,
        "zone_id": "12661",
        "source_dataset": "tib_gtfs_supply"
      },
      "geometry": {
        "type": "Point",
        "coordinates": [
          3.110256,
          39.928745
        ]
      }
    },
    {
      "type": "Feature",
      "properties": {
        "stop_id": "1785",
        "stop_name": "Platja de Formentor 2 (42025)",
        "stop_code": "42025",
        "location_type": "0",
        "parent_station": null,
        "wheelchair_boarding": null,
        "zone_id": "12661",
        "source_dataset": "tib_gtfs_supply"
      },
      "geometry": {
        "type": "Point",
        "coordinates": [
          3.133918,
          39.92921
        ]
      }
    },
    {
      "type": "Feature",
      "properties": {
        "stop_id": "1786",
        "stop_name": "Cala Murta - Cala Figuera 2 (42054)",
        "stop_code": "42054",
        "location_type": "0",
        "parent_station": null,
        "wheelchair_boarding": null,
        "zone_id": "152",
        "source_dataset": "tib_gtfs_supply"
      },
      "geometry": {
        "type": "Point",
        "coordinates": [
          3.169231,
          39.949226
        ]
      }
    },
    {
      "type": "Feature",
      "properties": {
        "stop_id": "1787",
        "stop_name": "Cala Murta - Cala Figuera 1 (42053)",
        "stop_code": "42053",
        "location_type": "0",
        "parent_station": null,
        "wheelchair_boarding": null,
        "zone_id": "152",
        "source_dataset": "tib_gtfs_supply"
      },
      "geometry": {
        "type": "Point",
        "coordinates": [
          3.169078,
          39.949337
        ]
      }
    },
    {
      "type": "Feature",
      "properties": {
        "stop_id": "1788",
        "stop_name": "Far de Formentor (42052)",
        "stop_code": "42052",
        "location_type": "0",
        "parent_station": null,
        "wheelchair_boarding": null,
        "zone_id": "152",
        "source_dataset": "tib_gtfs_supply"
      },
      "geometry": {
        "type": "Point",
        "coordinates": [
          3.21229,
          39.961094
        ]
      }
    },
    {
      "type": "Feature",
      "properties": {
        "stop_id": "1795",
        "stop_name": "Molí - Hospital 3 (33084)",
        "stop_code": "33084",
        "location_type": "0",
        "parent_station": null,
        "wheelchair_boarding": null,
        "zone_id": "12398",
        "source_dataset": "tib_gtfs_supply"
      },
      "geometry": {
        "type": "Point",
        "coordinates": [
          3.207639,
          39.57558
        ]
      }
    },
    {
      "type": "Feature",
      "properties": {
        "stop_id": "1799",
        "stop_name": "Dolors Nouvilas (11187)",
        "stop_code": "11187",
        "location_type": "0",
        "parent_station": null,
        "wheelchair_boarding": null,
        "zone_id": "12436",
        "source_dataset": "tib_gtfs_supply"
      },
      "geometry": {
        "type": "Point",
        "coordinates": [
          2.561373,
          39.53955
        ]
      }
    },
    {
      "type": "Feature",
      "properties": {
        "stop_id": "1800",
        "stop_name": "Santa Ponça centre 1 (11188)",
        "stop_code": "11188",
        "location_type": "0",
        "parent_station": null,
        "wheelchair_boarding": null,
        "zone_id": "12446",
        "source_dataset": "tib_gtfs_supply"
      },
      "geometry": {
        "type": "Point",
        "coordinates": [
          2.483407,
          39.515316
        ]
      }
    },
    {
      "type": "Feature",
      "properties": {
        "stop_id": "1806",
        "stop_name": "Raixa 1 (10046)",
        "stop_code": "10046",
        "location_type": "0",
        "parent_station": null,
        "wheelchair_boarding": null,
        "zone_id": "12405",
        "source_dataset": "tib_gtfs_supply"
      },
      "geometry": {
        "type": "Point",
        "coordinates": [
          2.67927,
          39.67572
        ]
      }
    },
    {
      "type": "Feature",
      "properties": {
        "stop_id": "1807",
        "stop_name": "Llenaire 1 (42059)",
        "stop_code": "42059",
        "location_type": "0",
        "parent_station": null,
        "wheelchair_boarding": null,
        "zone_id": "12533",
        "source_dataset": "tib_gtfs_supply"
      },
      "geometry": {
        "type": "Point",
        "coordinates": [
          3.073865,
          39.891468
        ]
      }
    },
    {
      "type": "Feature",
      "properties": {
        "stop_id": "1810",
        "stop_name": "Hospital Son Espases (40144)",
        "stop_code": "40144",
        "location_type": "0",
        "parent_station": null,
        "wheelchair_boarding": null,
        "zone_id": "12376",
        "source_dataset": "tib_gtfs_supply"
      },
      "geometry": {
        "type": "Point",
        "coordinates": [
          2.646513,
          39.605183
        ]
      }
    },
    {
      "type": "Feature",
      "properties": {
        "stop_id": "1812",
        "stop_name": "Pla de na Tesa sud 2 (36105)",
        "stop_code": "36105",
        "location_type": "0",
        "parent_station": null,
        "wheelchair_boarding": null,
        "zone_id": "12673",
        "source_dataset": "tib_gtfs_supply"
      },
      "geometry": {
        "type": "Point",
        "coordinates": [
          2.711651,
          39.592808
        ]
      }
    },
    {
      "type": "Feature",
      "properties": {
        "stop_id": "1813",
        "stop_name": "Pla de na Tesa sud 1 (36106)",
        "stop_code": "36106",
        "location_type": "0",
        "parent_station": null,
        "wheelchair_boarding": null,
        "zone_id": "12673",
        "source_dataset": "tib_gtfs_supply"
      },
      "geometry": {
        "type": "Point",
        "coordinates": [
          2.710844,
          39.594067
        ]
      }
    },
    {
      "type": "Feature",
      "properties": {
        "stop_id": "1814",
        "stop_name": "Polígon Can Valero 1 (40145)",
        "stop_code": "40145",
        "location_type": "0",
        "parent_station": null,
        "wheelchair_boarding": null,
        "zone_id": "12376",
        "source_dataset": "tib_gtfs_supply"
      },
      "geometry": {
        "type": "Point",
        "coordinates": [
          2.627409,
          39.597816
        ]
      }
    },
    {
      "type": "Feature",
      "properties": {
        "stop_id": "1815",
        "stop_name": "Polígon Can Valero 2 (40146)",
        "stop_code": "40146",
        "location_type": "0",
        "parent_station": null,
        "wheelchair_boarding": null,
        "zone_id": "12376",
        "source_dataset": "tib_gtfs_supply"
      },
      "geometry": {
        "type": "Point",
        "coordinates": [
          2.627619,
          39.597855
        ]
      }
    },
    {
      "type": "Feature",
      "properties": {
        "stop_id": "1817",
        "stop_name": "TIRME - Can Garriga (36107)",
        "stop_code": "36107",
        "location_type": "0",
        "parent_station": null,
        "wheelchair_boarding": null,
        "zone_id": "79",
        "source_dataset": "tib_gtfs_supply"
      },
      "geometry": {
        "type": "Point",
        "coordinates": [
          2.676337,
          39.637154
        ]
      }
    },
    {
      "type": "Feature",
      "properties": {
        "stop_id": "1818",
        "stop_name": "Cala Vinyes 2 (11189)",
        "stop_code": "11189",
        "location_type": "0",
        "parent_station": null,
        "wheelchair_boarding": null,
        "zone_id": "12441",
        "source_dataset": "tib_gtfs_supply"
      },
      "geometry": {
        "type": "Point",
        "coordinates": [
          2.529319,
          39.49746
        ]
      }
    },
    {
      "type": "Feature",
      "properties": {
        "stop_id": "1820",
        "stop_name": "Mare Selva 1 (51030)",
        "stop_code": "51030",
        "location_type": "0",
        "parent_station": null,
        "wheelchair_boarding": null,
        "zone_id": "12639",
        "source_dataset": "tib_gtfs_supply"
      },
      "geometry": {
        "type": "Point",
        "coordinates": [
          3.375396,
          39.58639
        ]
      }
    },
    {
      "type": "Feature",
      "properties": {
        "stop_id": "1821",
        "stop_name": "Mare Selva 2 (51031)",
        "stop_code": "51031",
        "location_type": "0",
        "parent_station": null,
        "wheelchair_boarding": null,
        "zone_id": "12639",
        "source_dataset": "tib_gtfs_supply"
      },
      "geometry": {
        "type": "Point",
        "coordinates": [
          3.375763,
          39.5867
        ]
      }
    },
    {
      "type": "Feature",
      "properties": {
        "stop_id": "1822",
        "stop_name": "Son Caulelles (36108)",
        "stop_code": "36108",
        "location_type": "0",
        "parent_station": null,
        "wheelchair_boarding": null,
        "zone_id": "12417",
        "source_dataset": "tib_gtfs_supply"
      },
      "geometry": {
        "type": "Point",
        "coordinates": [
          2.762862,
          39.614994
        ]
      }
    },
    {
      "type": "Feature",
      "properties": {
        "stop_id": "1823",
        "stop_name": "Dragonera 1 (31128)",
        "stop_code": "31128",
        "location_type": "0",
        "parent_station": null,
        "wheelchair_boarding": null,
        "zone_id": "12625",
        "source_dataset": "tib_gtfs_supply"
      },
      "geometry": {
        "type": "Point",
        "coordinates": [
          2.758365,
          39.49925
        ]
      }
    },
    {
      "type": "Feature",
      "properties": {
        "stop_id": "1824",
        "stop_name": "Dragonera 2 (31129)",
        "stop_code": "31129",
        "location_type": "0",
        "parent_station": null,
        "wheelchair_boarding": null,
        "zone_id": "12625",
        "source_dataset": "tib_gtfs_supply"
      },
      "geometry": {
        "type": "Point",
        "coordinates": [
          2.7585,
          39.50089
        ]
      }
    },
    {
      "type": "Feature",
      "properties": {
        "stop_id": "1825",
        "stop_name": "Av. Europa 2 (31130)",
        "stop_code": "31130",
        "location_type": "0",
        "parent_station": null,
        "wheelchair_boarding": null,
        "zone_id": "12625",
        "source_dataset": "tib_gtfs_supply"
      },
      "geometry": {
        "type": "Point",
        "coordinates": [
          2.755552,
          39.496513
        ]
      }
    },
    {
      "type": "Feature",
      "properties": {
        "stop_id": "1826",
        "stop_name": "Son Bauló (55043)",
        "stop_code": "55043",
        "location_type": "0",
        "parent_station": null,
        "wheelchair_boarding": null,
        "zone_id": "12537",
        "source_dataset": "tib_gtfs_supply"
      },
      "geometry": {
        "type": "Point",
        "coordinates": [
          3.160529,
          39.75813
        ]
      }
    },
    {
      "type": "Feature",
      "properties": {
        "stop_id": "1827",
        "stop_name": "S'Arracó (5036)",
        "stop_code": "5036",
        "location_type": "0",
        "parent_station": null,
        "wheelchair_boarding": null,
        "zone_id": "12428",
        "source_dataset": "tib_gtfs_supply"
      },
      "geometry": {
        "type": "Point",
        "coordinates": [
          2.389804,
          39.57799
        ]
      }
    },
    {
      "type": "Feature",
      "properties": {
        "stop_id": "1828",
        "stop_name": "Escorball (13026)",
        "stop_code": "13026",
        "location_type": "0",
        "parent_station": null,
        "wheelchair_boarding": null,
        "zone_id": "12597",
        "source_dataset": "tib_gtfs_supply"
      },
      "geometry": {
        "type": "Point",
        "coordinates": [
          2.942208,
          39.36476
        ]
      }
    },
    {
      "type": "Feature",
      "properties": {
        "stop_id": "1831",
        "stop_name": "Son Amar 1 (10047)",
        "stop_code": "10047",
        "location_type": "0",
        "parent_station": null,
        "wheelchair_boarding": null,
        "zone_id": "12403",
        "source_dataset": "tib_gtfs_supply"
      },
      "geometry": {
        "type": "Point",
        "coordinates": [
          2.67281,
          39.65822
        ]
      }
    },
    {
      "type": "Feature",
      "properties": {
        "stop_id": "1832",
        "stop_name": "Son Amar 2 (10048)",
        "stop_code": "10048",
        "location_type": "0",
        "parent_station": null,
        "wheelchair_boarding": null,
        "zone_id": "12403",
        "source_dataset": "tib_gtfs_supply"
      },
      "geometry": {
        "type": "Point",
        "coordinates": [
          2.672973,
          39.65814
        ]
      }
    },
    {
      "type": "Feature",
      "properties": {
        "stop_id": "1833",
        "stop_name": "Sant Llorenç sud 1 (51033)",
        "stop_code": "51033",
        "location_type": "0",
        "parent_station": null,
        "wheelchair_boarding": null,
        "zone_id": "12641",
        "source_dataset": "tib_gtfs_supply"
      },
      "geometry": {
        "type": "Point",
        "coordinates": [
          3.282605,
          39.61023
        ]
      }
    },
    {
      "type": "Feature",
      "properties": {
        "stop_id": "1834",
        "stop_name": "Sant Llorenç sud 2 (51034)",
        "stop_code": "51034",
        "location_type": "0",
        "parent_station": null,
        "wheelchair_boarding": null,
        "zone_id": "12641",
        "source_dataset": "tib_gtfs_supply"
      },
      "geometry": {
        "type": "Point",
        "coordinates": [
          3.282375,
          39.60991
        ]
      }
    },
    {
      "type": "Feature",
      "properties": {
        "stop_id": "1835",
        "stop_name": "Randa (4019)",
        "stop_code": "4019",
        "location_type": "0",
        "parent_station": null,
        "wheelchair_boarding": null,
        "zone_id": "115",
        "source_dataset": "tib_gtfs_supply"
      },
      "geometry": {
        "type": "Point",
        "coordinates": [
          2.9142902,
          39.526447
        ]
      }
    },
    {
      "type": "Feature",
      "properties": {
        "stop_id": "1836",
        "stop_name": "Platja d'Alcanada (3066)",
        "stop_code": "3066",
        "location_type": "0",
        "parent_station": null,
        "wheelchair_boarding": null,
        "zone_id": "12493",
        "source_dataset": "tib_gtfs_supply"
      },
      "geometry": {
        "type": "Point",
        "coordinates": [
          3.165028,
          39.8392
        ]
      }
    },
    {
      "type": "Feature",
      "properties": {
        "stop_id": "1837",
        "stop_name": "Ses Pedreres 2 (3070)",
        "stop_code": "3070",
        "location_type": "0",
        "parent_station": null,
        "wheelchair_boarding": null,
        "zone_id": "12493",
        "source_dataset": "tib_gtfs_supply"
      },
      "geometry": {
        "type": "Point",
        "coordinates": [
          3.150549,
          39.83649
        ]
      }
    },
    {
      "type": "Feature",
      "properties": {
        "stop_id": "1838",
        "stop_name": "Ses Pedreres 1 (3068)",
        "stop_code": "3068",
        "location_type": "0",
        "parent_station": null,
        "wheelchair_boarding": null,
        "zone_id": "12493",
        "source_dataset": "tib_gtfs_supply"
      },
      "geometry": {
        "type": "Point",
        "coordinates": [
          3.150162,
          39.83656
        ]
      }
    },
    {
      "type": "Feature",
      "properties": {
        "stop_id": "1839",
        "stop_name": "Estació marítima (3069)",
        "stop_code": "3069",
        "location_type": "0",
        "parent_station": null,
        "wheelchair_boarding": null,
        "zone_id": "12492",
        "source_dataset": "tib_gtfs_supply"
      },
      "geometry": {
        "type": "Point",
        "coordinates": [
          3.139534,
          39.83846
        ]
      }
    },
    {
      "type": "Feature",
      "properties": {
        "stop_id": "1840",
        "stop_name": "Cala en Poncet 2 (3067)",
        "stop_code": "3067",
        "location_type": "0",
        "parent_station": null,
        "wheelchair_boarding": null,
        "zone_id": "12493",
        "source_dataset": "tib_gtfs_supply"
      },
      "geometry": {
        "type": "Point",
        "coordinates": [
          3.158303,
          39.837875
        ]
      }
    },
    {
      "type": "Feature",
      "properties": {
        "stop_id": "1841",
        "stop_name": "Marquès del Palmer (59013)",
        "stop_code": "59013",
        "location_type": "0",
        "parent_station": null,
        "wheelchair_boarding": null,
        "zone_id": "12652",
        "source_dataset": "tib_gtfs_supply"
      },
      "geometry": {
        "type": "Point",
        "coordinates": [
          2.998326,
          39.31938
        ]
      }
    },
    {
      "type": "Feature",
      "properties": {
        "stop_id": "1842",
        "stop_name": "Sant Joan 2 (49005)",
        "stop_code": "49005",
        "location_type": "0",
        "parent_station": null,
        "wheelchair_boarding": null,
        "zone_id": "12624",
        "source_dataset": "tib_gtfs_supply"
      },
      "geometry": {
        "type": "Point",
        "coordinates": [
          3.038095,
          39.59346
        ]
      }
    },
    {
      "type": "Feature",
      "properties": {
        "stop_id": "1843",
        "stop_name": "Sant Joan 1 (49004)",
        "stop_code": "49004",
        "location_type": "0",
        "parent_station": null,
        "wheelchair_boarding": null,
        "zone_id": "12624",
        "source_dataset": "tib_gtfs_supply"
      },
      "geometry": {
        "type": "Point",
        "coordinates": [
          3.037665,
          39.593132
        ]
      }
    },
    {
      "type": "Feature",
      "properties": {
        "stop_id": "1844",
        "stop_name": "Lloret 2 (28004)",
        "stop_code": "28004",
        "location_type": "0",
        "parent_station": null,
        "wheelchair_boarding": null,
        "zone_id": "12623",
        "source_dataset": "tib_gtfs_supply"
      },
      "geometry": {
        "type": "Point",
        "coordinates": [
          2.975368,
          39.617306
        ]
      }
    },
    {
      "type": "Feature",
      "properties": {
        "stop_id": "1845",
        "stop_name": "Ses Escoles 1 (4020)",
        "stop_code": "4020",
        "location_type": "0",
        "parent_station": null,
        "wheelchair_boarding": null,
        "zone_id": "12421",
        "source_dataset": "tib_gtfs_supply"
      },
      "geometry": {
        "type": "Point",
        "coordinates": [
          2.896522,
          39.563076
        ]
      }
    },
    {
      "type": "Feature",
      "properties": {
        "stop_id": "1846",
        "stop_name": "El Dorado (31131)",
        "stop_code": "31131",
        "location_type": "0",
        "parent_station": null,
        "wheelchair_boarding": null,
        "zone_id": "12633",
        "source_dataset": "tib_gtfs_supply"
      },
      "geometry": {
        "type": "Point",
        "coordinates": [
          2.744441,
          39.4179
        ]
      }
    },
    {
      "type": "Feature",
      "properties": {
        "stop_id": "1847",
        "stop_name": "Santa Anna (39042)",
        "stop_code": "39042",
        "location_type": "0",
        "parent_station": null,
        "wheelchair_boarding": null,
        "zone_id": "12394",
        "source_dataset": "tib_gtfs_supply"
      },
      "geometry": {
        "type": "Point",
        "coordinates": [
          3.050847,
          39.733185
        ]
      }
    },
    {
      "type": "Feature",
      "properties": {
        "stop_id": "1849",
        "stop_name": "Constància / Hospital d'Inca Estació (225)",
        "stop_code": "225",
        "location_type": "0",
        "parent_station": null,
        "wheelchair_boarding": null,
        "zone_id": "12391",
        "source_dataset": "tib_gtfs_supply"
      },
      "geometry": {
        "type": "Point",
        "coordinates": [
          2.914743,
          39.7148
        ]
      }
    },
    {
      "type": "Feature",
      "properties": {
        "stop_id": "1851",
        "stop_name": "Maria de la Salut 2 (35003)",
        "stop_code": "35003",
        "location_type": "0",
        "parent_station": null,
        "wheelchair_boarding": null,
        "zone_id": "12647",
        "source_dataset": "tib_gtfs_supply"
      },
      "geometry": {
        "type": "Point",
        "coordinates": [
          3.075683,
          39.668034
        ]
      }
    },
    {
      "type": "Feature",
      "properties": {
        "stop_id": "1855",
        "stop_name": "Joan Miró (33085)",
        "stop_code": "33085",
        "location_type": "0",
        "parent_station": null,
        "wheelchair_boarding": null,
        "zone_id": "12398",
        "source_dataset": "tib_gtfs_supply"
      },
      "geometry": {
        "type": "Point",
        "coordinates": [
          3.207303,
          39.561947
        ]
      }
    },
    {
      "type": "Feature",
      "properties": {
        "stop_id": "1856",
        "stop_name": "Hospital d'Inca 1 (27019)",
        "stop_code": "27019",
        "location_type": "0",
        "parent_station": null,
        "wheelchair_boarding": null,
        "zone_id": "12391",
        "source_dataset": "tib_gtfs_supply"
      },
      "geometry": {
        "type": "Point",
        "coordinates": [
          2.921939,
          39.716755
        ]
      }
    },
    {
      "type": "Feature",
      "properties": {
        "stop_id": "1859",
        "stop_name": "Canet 1 (20021)",
        "stop_code": "20021",
        "location_type": "0",
        "parent_station": null,
        "wheelchair_boarding": null,
        "zone_id": "12463",
        "source_dataset": "tib_gtfs_supply"
      },
      "geometry": {
        "type": "Point",
        "coordinates": [
          2.640761,
          39.65469
        ]
      }
    },
    {
      "type": "Feature",
      "properties": {
        "stop_id": "1860",
        "stop_name": "Canet 2 (20022)",
        "stop_code": "20022",
        "location_type": "0",
        "parent_station": null,
        "wheelchair_boarding": null,
        "zone_id": "12463",
        "source_dataset": "tib_gtfs_supply"
      },
      "geometry": {
        "type": "Point",
        "coordinates": [
          2.640868,
          39.65474
        ]
      }
    },
    {
      "type": "Feature",
      "properties": {
        "stop_id": "1861",
        "stop_name": "Capdepera centre 2 (14043)",
        "stop_code": "14043",
        "location_type": "0",
        "parent_station": null,
        "wheelchair_boarding": null,
        "zone_id": "12602",
        "source_dataset": "tib_gtfs_supply"
      },
      "geometry": {
        "type": "Point",
        "coordinates": [
          3.429786,
          39.70311
        ]
      }
    },
    {
      "type": "Feature",
      "properties": {
        "stop_id": "1863",
        "stop_name": "Inca nord 2 (27020)",
        "stop_code": "27020",
        "location_type": "0",
        "parent_station": null,
        "wheelchair_boarding": null,
        "zone_id": "12391",
        "source_dataset": "tib_gtfs_supply"
      },
      "geometry": {
        "type": "Point",
        "coordinates": [
          2.922775,
          39.726566
        ]
      }
    },
    {
      "type": "Feature",
      "properties": {
        "stop_id": "1866",
        "stop_name": "Cala Tropicana (33086)",
        "stop_code": "33086",
        "location_type": "0",
        "parent_station": null,
        "wheelchair_boarding": null,
        "zone_id": "139",
        "source_dataset": "tib_gtfs_supply"
      },
      "geometry": {
        "type": "Point",
        "coordinates": [
          3.2693923,
          39.46
        ]
      }
    },
    {
      "type": "Feature",
      "properties": {
        "stop_id": "1868",
        "stop_name": "Campos sud 2 (13028)",
        "stop_code": "13028",
        "location_type": "0",
        "parent_station": null,
        "wheelchair_boarding": null,
        "zone_id": "12601",
        "source_dataset": "tib_gtfs_supply"
      },
      "geometry": {
        "type": "Point",
        "coordinates": [
          3.017786,
          39.427116
        ]
      }
    },
    {
      "type": "Feature",
      "properties": {
        "stop_id": "1869",
        "stop_name": "Campos sud 1 (13027)",
        "stop_code": "13027",
        "location_type": "0",
        "parent_station": null,
        "wheelchair_boarding": null,
        "zone_id": "12601",
        "source_dataset": "tib_gtfs_supply"
      },
      "geometry": {
        "type": "Point",
        "coordinates": [
          3.0182,
          39.427185
        ]
      }
    },
    {
      "type": "Feature",
      "properties": {
        "stop_id": "1870",
        "stop_name": "Vapor Santueri 1 (22046)",
        "stop_code": "22046",
        "location_type": "0",
        "parent_station": null,
        "wheelchair_boarding": null,
        "zone_id": "12606",
        "source_dataset": "tib_gtfs_supply"
      },
      "geometry": {
        "type": "Point",
        "coordinates": [
          3.246466,
          39.417706
        ]
      }
    },
    {
      "type": "Feature",
      "properties": {
        "stop_id": "1871",
        "stop_name": "Vapor Santueri 2 (22047)",
        "stop_code": "22047",
        "location_type": "0",
        "parent_station": null,
        "wheelchair_boarding": null,
        "zone_id": "12606",
        "source_dataset": "tib_gtfs_supply"
      },
      "geometry": {
        "type": "Point",
        "coordinates": [
          3.246226,
          39.418007
        ]
      }
    },
    {
      "type": "Feature",
      "properties": {
        "stop_id": "1874",
        "stop_name": "Urb. sa Coma 1 (10049)",
        "stop_code": "10049",
        "location_type": "0",
        "parent_station": null,
        "wheelchair_boarding": null,
        "zone_id": "12415",
        "source_dataset": "tib_gtfs_supply"
      },
      "geometry": {
        "type": "Point",
        "coordinates": [
          2.68741,
          39.674522
        ]
      }
    },
    {
      "type": "Feature",
      "properties": {
        "stop_id": "1875",
        "stop_name": "Urb. sa Coma 2 (10050)",
        "stop_code": "10050",
        "location_type": "0",
        "parent_station": null,
        "wheelchair_boarding": null,
        "zone_id": "12415",
        "source_dataset": "tib_gtfs_supply"
      },
      "geometry": {
        "type": "Point",
        "coordinates": [
          2.68733,
          39.67445
        ]
      }
    },
    {
      "type": "Feature",
      "properties": {
        "stop_id": "1876",
        "stop_name": "Costa d'en Blanes sud (11190)",
        "stop_code": "11190",
        "location_type": "0",
        "parent_station": null,
        "wheelchair_boarding": null,
        "zone_id": "12436",
        "source_dataset": "tib_gtfs_supply"
      },
      "geometry": {
        "type": "Point",
        "coordinates": [
          2.566412,
          39.537533
        ]
      }
    },
    {
      "type": "Feature",
      "properties": {
        "stop_id": "1877",
        "stop_name": "Roada (59014)",
        "stop_code": "59014",
        "location_type": "0",
        "parent_station": null,
        "wheelchair_boarding": null,
        "zone_id": "12652",
        "source_dataset": "tib_gtfs_supply"
      },
      "geometry": {
        "type": "Point",
        "coordinates": [
          2.996935,
          39.318977
        ]
      }
    },
    {
      "type": "Feature",
      "properties": {
        "stop_id": "1878",
        "stop_name": "Av. Badia de Palma 1 (11191)",
        "stop_code": "11191",
        "location_type": "0",
        "parent_station": null,
        "wheelchair_boarding": null,
        "zone_id": "12441",
        "source_dataset": "tib_gtfs_supply"
      },
      "geometry": {
        "type": "Point",
        "coordinates": [
          2.533575,
          39.501183
        ]
      }
    },
    {
      "type": "Feature",
      "properties": {
        "stop_id": "1879",
        "stop_name": "Av. Badia de Palma 2 (11192)",
        "stop_code": "11192",
        "location_type": "0",
        "parent_station": null,
        "wheelchair_boarding": null,
        "zone_id": "12441",
        "source_dataset": "tib_gtfs_supply"
      },
      "geometry": {
        "type": "Point",
        "coordinates": [
          2.533767,
          39.501286
        ]
      }
    },
    {
      "type": "Feature",
      "properties": {
        "stop_id": "1880",
        "stop_name": "IES Sineu 1 (60006)",
        "stop_code": "60006",
        "location_type": "0",
        "parent_station": null,
        "wheelchair_boarding": null,
        "zone_id": "12396",
        "source_dataset": "tib_gtfs_supply"
      },
      "geometry": {
        "type": "Point",
        "coordinates": [
          3.004648,
          39.639084
        ]
      }
    },
    {
      "type": "Feature",
      "properties": {
        "stop_id": "1881",
        "stop_name": "IES Sineu 2 (60007)",
        "stop_code": "60007",
        "location_type": "0",
        "parent_station": null,
        "wheelchair_boarding": null,
        "zone_id": "12396",
        "source_dataset": "tib_gtfs_supply"
      },
      "geometry": {
        "type": "Point",
        "coordinates": [
          3.004618,
          39.639324
        ]
      }
    },
    {
      "type": "Feature",
      "properties": {
        "stop_id": "1882",
        "stop_name": "Mercat d'Artà (6010)",
        "stop_code": "6010",
        "location_type": "0",
        "parent_station": null,
        "wheelchair_boarding": null,
        "zone_id": "12499",
        "source_dataset": "tib_gtfs_supply"
      },
      "geometry": {
        "type": "Point",
        "coordinates": [
          3.353994,
          39.690975
        ]
      }
    },
    {
      "type": "Feature",
      "properties": {
        "stop_id": "1885",
        "stop_name": "Es Mal Pas (3071)",
        "stop_code": "3071",
        "location_type": "0",
        "parent_station": null,
        "wheelchair_boarding": null,
        "zone_id": "160",
        "source_dataset": "tib_gtfs_supply"
      },
      "geometry": {
        "type": "Point",
        "coordinates": [
          3.141651,
          39.862286
        ]
      }
    },
    {
      "type": "Feature",
      "properties": {
        "stop_id": "1886",
        "stop_name": "Son Angelats 2 (61032)",
        "stop_code": "61032",
        "location_type": "0",
        "parent_station": null,
        "wheelchair_boarding": null,
        "zone_id": "12505",
        "source_dataset": "tib_gtfs_supply"
      },
      "geometry": {
        "type": "Point",
        "coordinates": [
          2.706126,
          39.77152
        ]
      }
    },
    {
      "type": "Feature",
      "properties": {
        "stop_id": "1887",
        "stop_name": "Son Angelats 1 (61033)",
        "stop_code": "61033",
        "location_type": "0",
        "parent_station": null,
        "wheelchair_boarding": null,
        "zone_id": "12505",
        "source_dataset": "tib_gtfs_supply"
      },
      "geometry": {
        "type": "Point",
        "coordinates": [
          2.705949,
          39.771446
        ]
      }
    },
    {
      "type": "Feature",
      "properties": {
        "stop_id": "1888",
        "stop_name": "Platja de Formentor 1 (42060)",
        "stop_code": "42060",
        "location_type": "0",
        "parent_station": null,
        "wheelchair_boarding": null,
        "zone_id": "12661",
        "source_dataset": "tib_gtfs_supply"
      },
      "geometry": {
        "type": "Point",
        "coordinates": [
          3.133966,
          39.92994
        ]
      }
    },
    {
      "type": "Feature",
      "properties": {
        "stop_id": "1889",
        "stop_name": "Platges d'Illetes 1 (11193)",
        "stop_code": "11193",
        "location_type": "0",
        "parent_station": null,
        "wheelchair_boarding": null,
        "zone_id": "163",
        "source_dataset": "tib_gtfs_supply"
      },
      "geometry": {
        "type": "Point",
        "coordinates": [
          2.588896,
          39.53941
        ]
      }
    },
    {
      "type": "Feature",
      "properties": {
        "stop_id": "1890",
        "stop_name": "Platges d'Illetes 2 (11194)",
        "stop_code": "11194",
        "location_type": "0",
        "parent_station": null,
        "wheelchair_boarding": null,
        "zone_id": "163",
        "source_dataset": "tib_gtfs_supply"
      },
      "geometry": {
        "type": "Point",
        "coordinates": [
          2.590872,
          39.538708
        ]
      }
    },
    {
      "type": "Feature",
      "properties": {
        "stop_id": "1891",
        "stop_name": "Illetes 1 (11195)",
        "stop_code": "11195",
        "location_type": "0",
        "parent_station": null,
        "wheelchair_boarding": null,
        "zone_id": "163",
        "source_dataset": "tib_gtfs_supply"
      },
      "geometry": {
        "type": "Point",
        "coordinates": [
          2.593697,
          39.543472
        ]
      }
    },
    {
      "type": "Feature",
      "properties": {
        "stop_id": "1892",
        "stop_name": "Illetes 2 (11196)",
        "stop_code": "11196",
        "location_type": "0",
        "parent_station": null,
        "wheelchair_boarding": null,
        "zone_id": "163",
        "source_dataset": "tib_gtfs_supply"
      },
      "geometry": {
        "type": "Point",
        "coordinates": [
          2.59377,
          39.54186
        ]
      }
    },
    {
      "type": "Feature",
      "properties": {
        "stop_id": "1893",
        "stop_name": "ParcBit Estació (310)",
        "stop_code": "310",
        "location_type": "0",
        "parent_station": null,
        "wheelchair_boarding": null,
        "zone_id": "166",
        "source_dataset": "tib_gtfs_supply"
      },
      "geometry": {
        "type": "Point",
        "coordinates": [
          2.636338,
          39.63434
        ]
      }
    },
    {
      "type": "Feature",
      "properties": {
        "stop_id": "1895",
        "stop_name": "Estació de tren 2 (33089)",
        "stop_code": "33089",
        "location_type": "0",
        "parent_station": null,
        "wheelchair_boarding": null,
        "zone_id": "12398",
        "source_dataset": "tib_gtfs_supply"
      },
      "geometry": {
        "type": "Point",
        "coordinates": [
          3.203574,
          39.570465
        ]
      }
    },
    {
      "type": "Feature",
      "properties": {
        "stop_id": "1896",
        "stop_name": "Estació de tren 3 (33090)",
        "stop_code": "33090",
        "location_type": "0",
        "parent_station": null,
        "wheelchair_boarding": null,
        "zone_id": "12398",
        "source_dataset": "tib_gtfs_supply"
      },
      "geometry": {
        "type": "Point",
        "coordinates": [
          3.203745,
          39.570175
        ]
      }
    },
    {
      "type": "Feature",
      "properties": {
        "stop_id": "1897",
        "stop_name": "IES Bendinat (11197)",
        "stop_code": "11197",
        "location_type": "0",
        "parent_station": null,
        "wheelchair_boarding": null,
        "zone_id": "12434",
        "source_dataset": "tib_gtfs_supply"
      },
      "geometry": {
        "type": "Point",
        "coordinates": [
          2.585982,
          39.53972
        ]
      }
    },
    {
      "type": "Feature",
      "properties": {
        "stop_id": "1898",
        "stop_name": "Cas Saboners 1 (11198)",
        "stop_code": "11198",
        "location_type": "0",
        "parent_station": null,
        "wheelchair_boarding": null,
        "zone_id": "12438",
        "source_dataset": "tib_gtfs_supply"
      },
      "geometry": {
        "type": "Point",
        "coordinates": [
          2.531758,
          39.517204
        ]
      }
    },
    {
      "type": "Feature",
      "properties": {
        "stop_id": "1899",
        "stop_name": "Cas Saboners 2 (11199)",
        "stop_code": "11199",
        "location_type": "0",
        "parent_station": null,
        "wheelchair_boarding": null,
        "zone_id": "12438",
        "source_dataset": "tib_gtfs_supply"
      },
      "geometry": {
        "type": "Point",
        "coordinates": [
          2.530704,
          39.518925
        ]
      }
    },
    {
      "type": "Feature",
      "properties": {
        "stop_id": "1900",
        "stop_name": "CEIP Cas Saboners (11200)",
        "stop_code": "11200",
        "location_type": "0",
        "parent_station": null,
        "wheelchair_boarding": null,
        "zone_id": "12438",
        "source_dataset": "tib_gtfs_supply"
      },
      "geometry": {
        "type": "Point",
        "coordinates": [
          2.533045,
          39.513885
        ]
      }
    },
    {
      "type": "Feature",
      "properties": {
        "stop_id": "1902",
        "stop_name": "Av. Santa Ponça - Av. Golf (11201)",
        "stop_code": "11201",
        "location_type": "0",
        "parent_station": null,
        "wheelchair_boarding": null,
        "zone_id": "12446",
        "source_dataset": "tib_gtfs_supply"
      },
      "geometry": {
        "type": "Point",
        "coordinates": [
          2.486893,
          39.509884
        ]
      }
    },
    {
      "type": "Feature",
      "properties": {
        "stop_id": "1904",
        "stop_name": "Son Serra centre (55044)",
        "stop_code": "55044",
        "location_type": "0",
        "parent_station": null,
        "wheelchair_boarding": null,
        "zone_id": "12536",
        "source_dataset": "tib_gtfs_supply"
      },
      "geometry": {
        "type": "Point",
        "coordinates": [
          3.22933,
          39.734303
        ]
      }
    },
    {
      "type": "Feature",
      "properties": {
        "stop_id": "40036_STATION",
        "stop_name": "Estació Intermodal",
        "stop_code": "40036",
        "location_type": "1",
        "parent_station": null,
        "wheelchair_boarding": "1",
        "zone_id": "12376",
        "source_dataset": "tib_gtfs_supply"
      },
      "geometry": {
        "type": "Point",
        "coordinates": [
          2.65419,
          39.57638
        ]
      }
    },
    {
      "type": "Feature",
      "properties": {
        "stop_id": "984",
        "stop_name": "Estació Intermodal (bus)",
        "stop_code": "40036",
        "location_type": "0",
        "parent_station": "40036_STATION",
        "wheelchair_boarding": "1",
        "zone_id": "12376",
        "source_dataset": "tib_gtfs_supply"
      },
      "geometry": {
        "type": "Point",
        "coordinates": [
          2.656165,
          39.577045
        ]
      }
    },
    {
      "type": "Feature",
      "properties": {
        "stop_id": "1023",
        "stop_name": "Estació Intermodal (tren i metro)",
        "stop_code": "301",
        "location_type": "0",
        "parent_station": "40036_STATION",
        "wheelchair_boarding": "1",
        "zone_id": "12376",
        "source_dataset": "tib_gtfs_supply"
      },
      "geometry": {
        "type": "Point",
        "coordinates": [
          2.655008,
          39.576885
        ]
      }
    },
    {
      "type": "Feature",
      "properties": {
        "stop_id": "40036_ELEVATOR_1_ENTRANCE",
        "stop_name": "Ascensor Plaça Espanya planta 0",
        "stop_code": null,
        "location_type": "2",
        "parent_station": "40036_STATION",
        "wheelchair_boarding": "1",
        "zone_id": null,
        "source_dataset": "tib_gtfs_supply"
      },
      "geometry": {
        "type": "Point",
        "coordinates": [
          2.654432,
          39.576387
        ]
      }
    },
    {
      "type": "Feature",
      "properties": {
        "stop_id": "40036_ELEVATOR_1_L-1",
        "stop_name": "Ascensor Plaça Espanya planta -1",
        "stop_code": null,
        "location_type": "3",
        "parent_station": "40036_STATION",
        "wheelchair_boarding": "1",
        "zone_id": null,
        "source_dataset": "tib_gtfs_supply"
      },
      "geometry": {
        "type": "Point",
        "coordinates": [
          2.654432,
          39.576387
        ]
      }
    },
    {
      "type": "Feature",
      "properties": {
        "stop_id": "40036_STAIR_1_ENTRANCE",
        "stop_name": "Escala exterior planta 0",
        "stop_code": null,
        "location_type": "2",
        "parent_station": "40036_STATION",
        "wheelchair_boarding": "2",
        "zone_id": null,
        "source_dataset": "tib_gtfs_supply"
      },
      "geometry": {
        "type": "Point",
        "coordinates": [
          2.654077,
          39.576337
        ]
      }
    },
    {
      "type": "Feature",
      "properties": {
        "stop_id": "40036_STAIR_1_L-1",
        "stop_name": "Escala exterior planta -1",
        "stop_code": null,
        "location_type": "3",
        "parent_station": "40036_STATION",
        "wheelchair_boarding": "2",
        "zone_id": null,
        "source_dataset": "tib_gtfs_supply"
      },
      "geometry": {
        "type": "Point",
        "coordinates": [
          2.65425,
          39.576459
        ]
      }
    },
    {
      "type": "Feature",
      "properties": {
        "stop_id": "40036_FARE_GATE_1_L-1",
        "stop_name": "Tornos tarifarios",
        "stop_code": null,
        "location_type": "3",
        "parent_station": "40036_STATION",
        "wheelchair_boarding": "1",
        "zone_id": null,
        "source_dataset": "tib_gtfs_supply"
      },
      "geometry": {
        "type": "Point",
        "coordinates": [
          2.6545,
          39.5765
        ]
      }
    },
    {
      "type": "Feature",
      "properties": {
        "stop_id": "40036_ELEVATOR_2_L-1",
        "stop_name": "Ascensor tren-metro planta -1",
        "stop_code": null,
        "location_type": "3",
        "parent_station": "40036_STATION",
        "wheelchair_boarding": "1",
        "zone_id": null,
        "source_dataset": "tib_gtfs_supply"
      },
      "geometry": {
        "type": "Point",
        "coordinates": [
          2.654623,
          39.576463
        ]
      }
    },
    {
      "type": "Feature",
      "properties": {
        "stop_id": "40036_ELEVATOR_2_L-2",
        "stop_name": "Ascensor tren-metro planta -2",
        "stop_code": null,
        "location_type": "3",
        "parent_station": "40036_STATION",
        "wheelchair_boarding": "1",
        "zone_id": null,
        "source_dataset": "tib_gtfs_supply"
      },
      "geometry": {
        "type": "Point",
        "coordinates": [
          2.654623,
          39.576463
        ]
      }
    },
    {
      "type": "Feature",
      "properties": {
        "stop_id": "40036_STAIR_2_L-1",
        "stop_name": "Escala tren-metro planta -1",
        "stop_code": null,
        "location_type": "3",
        "parent_station": "40036_STATION",
        "wheelchair_boarding": "2",
        "zone_id": null,
        "source_dataset": "tib_gtfs_supply"
      },
      "geometry": {
        "type": "Point",
        "coordinates": [
          2.65452,
          39.576553
        ]
      }
    },
    {
      "type": "Feature",
      "properties": {
        "stop_id": "40036_STAIR_2_L-2",
        "stop_name": "Escala tren-metro planta -2",
        "stop_code": null,
        "location_type": "3",
        "parent_station": "40036_STATION",
        "wheelchair_boarding": "2",
        "zone_id": null,
        "source_dataset": "tib_gtfs_supply"
      },
      "geometry": {
        "type": "Point",
        "coordinates": [
          2.654726,
          39.576676
        ]
      }
    },
    {
      "type": "Feature",
      "properties": {
        "stop_id": "40036_STAIR_3_L-1",
        "stop_name": "Escala bus planta -1",
        "stop_code": null,
        "location_type": "3",
        "parent_station": "40036_STATION",
        "wheelchair_boarding": "2",
        "zone_id": null,
        "source_dataset": "tib_gtfs_supply"
      },
      "geometry": {
        "type": "Point",
        "coordinates": [
          2.655247,
          39.576536
        ]
      }
    },
    {
      "type": "Feature",
      "properties": {
        "stop_id": "40036_STAIR_3_L-2",
        "stop_name": "Escala bus planta -2",
        "stop_code": null,
        "location_type": "3",
        "parent_station": "40036_STATION",
        "wheelchair_boarding": "2",
        "zone_id": null,
        "source_dataset": "tib_gtfs_supply"
      },
      "geometry": {
        "type": "Point",
        "coordinates": [
          2.655396,
          39.576626
        ]
      }
    },
    {
      "type": "Feature",
      "properties": {
        "stop_id": "40036_ELEVATOR_3_ENTRANCE",
        "stop_name": "Ascensor Parc sud planta 0",
        "stop_code": null,
        "location_type": "2",
        "parent_station": "40036_STATION",
        "wheelchair_boarding": "1",
        "zone_id": null,
        "source_dataset": "tib_gtfs_supply"
      },
      "geometry": {
        "type": "Point",
        "coordinates": [
          2.655412,
          39.576426
        ]
      }
    },
    {
      "type": "Feature",
      "properties": {
        "stop_id": "40036_ELEVATOR_3_L-1",
        "stop_name": "Ascensor Parc sud planta -1",
        "stop_code": null,
        "location_type": "3",
        "parent_station": "40036_STATION",
        "wheelchair_boarding": "1",
        "zone_id": null,
        "source_dataset": "tib_gtfs_supply"
      },
      "geometry": {
        "type": "Point",
        "coordinates": [
          2.655412,
          39.576426
        ]
      }
    },
    {
      "type": "Feature",
      "properties": {
        "stop_id": "40036_ELEVATOR_3_L-2",
        "stop_name": "Ascensor Parc sud planta -2",
        "stop_code": null,
        "location_type": "3",
        "parent_station": "40036_STATION",
        "wheelchair_boarding": "1",
        "zone_id": null,
        "source_dataset": "tib_gtfs_supply"
      },
      "geometry": {
        "type": "Point",
        "coordinates": [
          2.655412,
          39.576426
        ]
      }
    },
    {
      "type": "Feature",
      "properties": {
        "stop_id": "40036_ELEVATOR_5_ENTRANCE",
        "stop_name": "Ascensor Parc nord planta 0",
        "stop_code": null,
        "location_type": "2",
        "parent_station": "40036_STATION",
        "wheelchair_boarding": "1",
        "zone_id": null,
        "source_dataset": "tib_gtfs_supply"
      },
      "geometry": {
        "type": "Point",
        "coordinates": [
          2.656912,
          39.577464
        ]
      }
    },
    {
      "type": "Feature",
      "properties": {
        "stop_id": "40036_ELEVATOR_5_L-2",
        "stop_name": "Ascensor Parc nord planta -2",
        "stop_code": null,
        "location_type": "3",
        "parent_station": "40036_STATION",
        "wheelchair_boarding": "1",
        "zone_id": null,
        "source_dataset": "tib_gtfs_supply"
      },
      "geometry": {
        "type": "Point",
        "coordinates": [
          2.656912,
          39.577464
        ]
      }
    }
  ]
}